Price,Close,High,Low,Open,Volume
Ticker,AAPL,AAPL,AAPL,AAPL,AAPL
Date,,,,,
2014-01-02,17.11013412475586,17.230774265385122,17.075798618458943,17.189014597940286,234684800
2014-01-03,16.73428726196289,17.127757697811,16.717273154669126,17.10177479854735,392467600
2014-01-06,16.825542449951172,16.914320123952447,16.50600130490388,16.625095119800914,412610800
2014-01-07,16.705217361450195,16.88834170312951,16.639638927117886,16.837611590234594,317209200
2014-01-08,16.811006546020508,16.875965464131422,16.663455091835864,16.66716551959907,258529600
2014-01-09,16.596324920654297,16.916174954158592,16.560132564116415,16.91431808868714,279148800
2014-01-10,16.485586166381836,16.72872159028717,16.428978193318883,16.69871602749191,304976000
2014-01-13,16.571887969970703,16.781305716149877,16.390927842974133,16.39185627569099,378492800
2014-01-14,16.90163803100586,16.91215476246521,16.631589645090926,16.648912680919196,332561600
2014-01-15,17.240982055664062,17.328832977138266,17.06466235862879,17.122198781455968,391638800
2014-01-16,17.14476776123047,17.225194463251835,17.065267839667445,17.16487443673581,229278000
2014-01-17,16.724693298339844,17.077332435276144,16.70087454505423,17.059082624792985,426739600
2014-01-21,16.984546661376953,17.01547901499235,16.71697288171562,16.73460485192162,328526800
2014-01-22,17.06001853942871,17.238811252872043,16.945565233136684,17.041458141972107,379985200
2014-01-23,17.20447540283203,17.214374281272015,16.85276455134417,17.011452229299667,403239200
2014-01-24,16.89173698425293,17.187148728100794,16.850904119329808,17.137036492611944,429354800
2014-01-27,17.028785705566406,17.161799501024305,16.88185366743956,17.015485317230777,554878800
2014-01-28,15.667712211608887,15.930643758625065,15.53067584047744,15.737620568556597,1065523200
2014-01-29,15.489838600158691,15.694617455866492,15.423951275504221,15.588825702582563,502810000
2014-01-30,15.459836959838867,15.667710092742956,15.364563563608145,15.545213130135961,678501600
2014-01-31,15.48520278930664,15.513970991793325,15.267123492541842,15.31754466562649,464797200
2014-02-03,15.5139741897583,15.705761695198294,15.444994257379546,15.547382911408297,401464000
2014-02-04,15.738551139831543,15.759277336336327,15.552023631369979,15.647607642494668,376681200
2014-02-05,15.856098175048828,15.939308581288426,15.659980718551227,15.669570672852899,328344800
2014-02-06,15.948522567749023,15.979330965301152,15.802264943681019,15.872282669286195,257765200
2014-02-07,16.171642303466797,16.272777545112508,16.10007069362842,16.2245440701592,370280400
2014-02-10,16.461347579956055,16.554703397872327,16.1193559062589,16.13989372086725,345559200
2014-02-11,16.678247451782227,16.73394784998315,16.477220134465725,16.511762823826214,282256800
2014-02-12,16.677000045776367,16.790272140240553,16.59360401050087,16.70905320000523,308100800
2014-02-13,16.941814422607422,16.954883636503983,16.62347170522086,16.63778568529348,307398000
2014-02-14,16.928123474121094,16.990051018347934,16.841616363592156,16.88082401255761,272924400
2014-02-18,16.9903621673584,17.152176818112974,16.97853605527967,16.99067294349088,260251600
2014-02-19,16.722124099731445,17.0183719216426,16.62814670834687,16.951777735284615,313768000
2014-02-20,16.528564453125,16.71060781215197,16.461659501028414,16.585822049493018,305858000
2014-02-21,16.344966888427734,16.6349908553478,16.32473984688135,16.579599573223,278784800
2014-02-24,16.41653823852539,16.490290242210826,16.256902327353,16.279618901745184,288909600
2014-02-25,16.24570083618164,16.479399547458954,16.212715350219856,16.473488152176504,231952000
2014-02-26,16.099136352539062,16.33719263556893,16.044679043753835,16.293938229570603,276217200
2014-02-27,16.42027473449707,16.454815761458217,16.05867751325927,16.09259698786844,301882000
2014-02-28,16.375774383544922,16.578355564127506,16.24756509408559,16.464149482520614,371968800
2014-03-03,16.423072814941406,16.513005112828868,16.269035876361826,16.288018149091076,238781200
2014-03-04,16.531362533569336,16.574929354642386,16.4233819639565,16.523895597575393,259140000
2014-03-05,16.566219329833984,16.640591223896582,16.465705675953625,16.521409395316102,200062800
2014-03-06,16.5161190032959,16.630946649481157,16.433655290039866,16.57960044059848,185488800
2014-03-07,16.5064640045166,16.554386662621496,16.36985384988765,16.526691035720468,220729600
2014-03-10,16.521404266357422,16.59639935137426,16.44111767864383,16.44174089268632,178584000
2014-03-11,16.68229103088379,16.76475474332135,16.573376442848556,16.662376426568205,279224400
2014-03-12,16.698469161987305,16.721496508563398,16.555013579102752,16.633121421317664,199326400
2014-03-13,16.513002395629883,16.793378926941763,16.466635268856987,16.72429689376271,257742800
2014-03-14,16.327537536621094,16.520471321145305,16.274946577629358,16.4551219234688,237199200
2014-03-17,16.39133071899414,16.491842692188126,16.363635083523278,16.421205111026797,199544800
2014-03-18,16.536344528198242,16.55408203587263,16.34341070069568,16.36519328413878,209647200
2014-03-19,16.53199005126953,16.68695934323866,16.461661567038774,16.563109217279763,224756000
2014-03-20,16.45233726501465,16.57587835641642,16.41032761022021,16.489367850034412,208398400
2014-03-21,16.582088470458984,16.60947333430082,16.378574958118694,16.55283728776205,374046400
2014-03-24,16.77875328063965,16.819518126242517,16.65023325108253,16.754791947364662,355700800
2014-03-25,16.959245681762695,16.9828962477465,16.79120551042406,16.850643532517424,282293200
2014-03-26,16.797119140625,17.084032042132304,16.76849116904603,17.006858170298297,299768000
2014-03-27,16.72492027282715,16.85064001437756,16.652103932989593,16.804583658656504,222031600
2014-03-28,16.706249237060547,16.77097542822125,16.625030306508396,16.751682379894433,200564000
2014-03-31,16.70252227783203,16.82917439427391,16.677314503131008,16.780006935510077,168669200
2014-04-01,16.85530662536621,16.86215367135132,16.703448452080956,16.73425517330085,200760000
2014-04-02,16.883316040039062,16.912256447803085,16.81205523008652,16.87802619750358,180420800
2014-04-03,16.766315460205078,16.88176468180162,16.7305296582727,16.847223646768764,162344000
2014-04-04,16.549406051635742,16.803954873415204,16.510819968836735,16.79804348154183,275251200
2014-04-07,16.289573669433594,16.520784465054323,16.240407887989388,16.43116294342298,289850400
2014-04-08,16.288639068603516,16.372036746410053,16.141136759135595,16.343096346240213,243888400
2014-04-09,16.502731323242188,16.508021163569907,16.244448180077715,16.263741223233392,206169600
2014-04-10,16.28989028930664,16.562487561589617,16.28024293145944,16.513941658045333,239652000
2014-04-11,16.169458389282227,16.269659597946106,16.092595305662165,16.150474454056454,271717600
2014-04-14,16.23387336730957,16.248808902741715,16.094773625445207,16.240718751803282,205674000
2014-04-15,16.118112564086914,16.232627758976903,15.911797085689923,16.189996583472333,266490000
2014-04-16,16.150789260864258,16.215515465335734,15.999241828210922,16.120914860998305,214765600
2014-04-17,16.335323333740234,16.423078567524982,16.156703441839035,16.181598779353152,284334400
2014-04-21,16.529184341430664,16.5593678452182,16.30481896708664,16.347762571197965,182548800
2014-04-22,16.545673370361328,16.549718444238305,16.383857120051804,16.440180702124355,202563200
2014-04-23,16.32940673828125,16.527942836980518,16.32007015873367,16.46352741810117,394940000
2014-04-24,17.668123245239258,17.73751773358524,17.44904931937817,17.681815677212686,759911600
2014-04-25,17.79788589477539,17.799439775382663,17.549560816594127,17.56729666027411,390275200
2014-04-28,18.487163543701172,18.538820530415748,17.816870806912046,17.82465184515796,669485600
2014-04-29,18.43238639831543,18.545969235799713,18.344632874755803,18.476263991047304,337377600
2014-04-30,18.362682342529297,18.65332945011792,18.353658202541382,18.442034945870528,456640800
2014-05-01,18.40593910217285,18.5092513828688,18.24661233710697,18.422119402419867,244048000
2014-05-02,18.44017219543457,18.490586074656008,18.350863098500966,18.432705257595707,191514400
2014-05-05,18.700944900512695,18.7021913290356,18.35988715664778,18.36424467076385,287067200
2014-05-06,18.497114181518555,18.808297418584335,18.497114181518555,18.72707850230544,374564400
2014-05-07,18.43238639831543,18.58673408210379,18.289241610239728,18.523252668302856,282864400
2014-05-08,18.3995304107666,18.600427075105877,18.349775848071456,18.40766574635709,230297200
2014-05-09,18.322864532470703,18.345081284762674,18.15983026990144,18.291571566721704,291597600
2014-05-12,18.550987243652344,18.576959155225385,18.381069342025103,18.38388696270023,213208800
2014-05-13,18.58008575439453,18.60449343282618,18.484333454263076,18.525011804191514,159737200
2014-05-14,18.583524703979492,18.693986765481654,18.516872787145537,18.538464512078335,166404000
2014-05-15,18.425506591796875,18.668960075286474,18.401098908179247,18.60950593270648,230846000
2014-05-16,18.69743537902832,18.698060402844366,18.318485444783647,18.419558814822313,276256400
2014-05-19,18.918981552124023,19.004721770632962,18.691798801040825,18.70807114306639,317755200
2014-05-20,18.92274284362793,18.975625883375194,18.798199307598182,18.91648424851184,234836000
2014-05-21,18.972803115844727,18.985006118545968,18.83981177758644,18.89519823547805,196859600
2014-05-22,19.00284767150879,19.08358270506476,18.90365270873197,18.981882633298074,200760000
2014-05-23,19.217512130737305,19.23628791313253,18.977813824645,19.00222150616545,232209600
2014-05-27,19.577375411987305,19.584571542451254,19.264452363949097,19.27227518947203,348866000
2014-05-28,19.526676177978516,19.708797053634743,19.51947837833775,19.589572947720733,315481600
2014-05-29,19.882476806640625,19.9291029256968,19.644342677293288,19.646846115513583,376474000
2014-05-30,19.808000564575195,20.157534326556487,19.679701872034013,19.963835404320413,564020800
2014-06-02,19.671873092651367,19.86525944440503,19.479425947673533,19.838035817397415,369350800
2014-06-03,19.9500675201416,19.987619092604117,19.65936286587249,19.665933973256674,292709200
2014-06-04,20.177875518798828,20.273943705621612,19.90531995374509,19.9469391957149,335482000
2014-06-05,20.257041931152344,20.32025290111798,20.108717416866973,20.22105626553607,303805600
2014-06-06,20.201343536376953,20.379398483976708,20.166923768949744,20.33684003586536,349938400
2014-06-09,20.52459144592285,20.56401975802744,20.09745279077887,20.305545638938884,301660000
2014-06-10,20.64506721496582,20.820304528236036,20.4961160000422,20.750209937165327,251108000
2014-06-11,20.559635162353516,20.75677668054344,20.47420744966897,20.618776782217232,182724000
2014-06-12,20.215736389160156,20.616590590496042,20.1303086637852,20.599066526012265,218996000
2014-06-13,19.994503021240234,20.248596985272542,19.906884355326092,20.196024783011826,218100000
2014-06-16,20.19601821899414,20.31649405436796,20.031733900495208,20.04487778238195,142244000
2014-06-17,20.16973876953125,20.305546103408165,20.10840620956272,20.220118370425293,118904000
2014-06-18,20.19163703918457,20.215732205066043,20.00982866796488,20.211350354258634,134056000
2014-06-19,20.121543884277344,20.21792455459216,20.007639151871373,20.21573362903413,142112000
2014-06-20,19.9134464263916,20.27268125940801,19.911255501345384,20.11934825870979,403592000
2014-06-23,19.89592742919922,20.06897378577167,19.845546167437995,20.00325938715904,174776000
2014-06-24,19.775453567504883,20.095260218966754,19.755740248660558,19.878405355745453,156144000
2014-06-25,19.792978286743164,19.867453055313167,19.63745597191745,19.760121083061833,147476000
2014-06-26,19.9112606048584,19.944117804228753,19.67031059478677,19.79516661544485,130516000
2014-06-27,20.14783477783203,20.152214958805168,19.882787871316282,19.893740830529538,256116000
2014-06-30,20.35591697692871,20.531154205481315,20.17191771982987,20.174108644762946,197929200
2014-07-01,20.485164642333984,20.605640513521692,20.399736905014336,20.485164642333984,152892000
2014-07-02,20.476398468017578,20.603443739261163,20.390969083759266,20.561826181089355,113860000
2014-07-03,20.596878051757812,20.612211192209497,20.415069621268575,20.518021423381445,91567200
2014-07-07,21.021820068359375,21.02620024786512,20.612203930337436,20.620965960535305,225872000
2014-07-08,20.886018753051758,21.20363619704942,20.572783161350333,21.087540507816968,260888000
2014-07-09,20.89478302001953,21.017448158434732,20.756784739302432,20.905735980743962,145744000
2014-07-10,20.81810760498047,20.929821401787486,20.48515713992053,20.53772932146877,158744000
2014-07-11,20.857540130615234,21.00430040699693,20.778683513505456,20.88820640713718,136072000
2014-07-14,21.126962661743164,21.223343329911085,20.95172705829463,20.997726466869363,171240000
2014-07-15,20.879444122314453,21.214583905380074,20.815920644234733,21.20363261886153,181911600
2014-07-16,20.761157989501953,21.269344113369712,20.75239595808516,21.240868764655094,213585200
2014-07-17,20.390972137451172,20.87068296053011,20.277069060026523,20.815921512094132,229192000
2014-07-18,20.684490203857422,20.752393851461253,20.375634894717855,20.50706368144151,199952000
2014-07-21,20.577163696289062,20.809351717515217,20.528973351237546,20.80716079150736,156316000
2014-07-22,20.74802017211914,20.785257560136927,20.616593015405968,20.739258138846665,220788000
2014-07-23,21.289060592651367,21.440201049411705,20.846587166644802,20.901348613444554,371672000
2014-07-24,21.254011154174805,21.317534629088566,21.12039309852631,21.256202079844005,182916000
2014-07-25,21.39419937133789,21.431436750137543,21.168582501780925,21.214581911684004,173876000
2014-07-28,21.689912796020508,21.73810313588963,21.367916897342347,21.427058523699277,221272000
2014-07-29,21.549720764160156,21.781910400747233,21.521245417651976,21.75781523401474,172572000
2014-07-30,21.499345779418945,21.6198199676885,21.394203059240013,21.562869262478966,132040000
2014-07-31,20.940780639648438,21.346015083671375,20.88163900192733,21.282493264750826,227372000
2014-08-01,21.056873321533203,21.164206972747305,20.767732916326462,20.787447908438267,194044000
2014-08-04,20.938589096069336,21.155445660755667,20.846590252910456,21.109446239176226,159832000
2014-08-05,20.83563995361328,20.95830508364747,20.66916465486184,20.888210484886926,223732000
2014-08-06,20.80059242248535,20.914497193269828,20.745830963389345,20.754592997387157,154232000
2014-08-07,20.798381805419922,21.12197925331642,20.71472932489661,20.897442008725132,186844000
2014-08-08,20.855621337890625,20.87323256791423,20.534223947706884,20.74995731674768,167460000
2014-08-11,21.13079261779785,21.150605673426636,20.87763661931574,20.97229489076559,146340000
2014-08-12,21.12638282775879,21.326705056729732,21.04713399358379,21.141792229987324,135180000
2014-08-13,21.405963897705078,21.405963897705078,21.141802113298052,21.166017139476992,127664000
2014-08-14,21.463191986083984,21.478601390073518,21.30909794618865,21.425769387752126,112464000
2014-08-15,21.568857192993164,21.615085403938917,21.32230505511677,21.55124596610934,195804000
2014-08-18,21.8286190032959,21.874847218672077,21.56885926011128,21.681127063382345,190288000
2014-08-19,22.130205154418945,22.163225790860647,21.863841598254716,21.883654651919475,277596000
2014-08-20,22.139019012451172,22.253488691303627,22.002534448107895,22.110402012613047,210796000
2014-08-21,22.141216278076172,22.220465146926085,22.037752383772137,22.13901445408045,133912000
2014-08-22,22.304115295410156,22.337135936327723,22.055362935563686,22.07737613634221,176736000
2014-08-25,22.352540969848633,22.491225619158733,22.29530531542733,22.40757480077317,161080000
2014-08-26,22.209453582763672,22.343736270076786,22.202849791502256,22.326125040380145,132608000
2014-08-27,22.482419967651367,22.579280047358814,22.167626388101404,22.238069624388846,209476000
2014-08-28,22.50884437561035,22.62551586746812,22.356950414022045,22.363554207221572,273840000
2014-08-29,22.563873291015625,22.651927766587765,22.49783201446166,22.643122151080608,178380000
2014-09-02,22.73997688293457,22.83683527168742,22.61229800742055,22.68714320234316,214256000
2014-09-03,21.780193328857422,22.717968764972913,21.700944463904065,22.695955564596876,501684000
2014-09-04,21.599679946899414,22.033345151532632,21.527034882354506,21.760377802954018,342872000
2014-09-05,21.786800384521484,21.87925684764985,21.641510217177096,21.74937777032664,233828000
2014-09-08,21.652511596679688,21.861639492277316,21.5842701805477,21.859439348175798,185426800
2014-09-09,21.571062088012695,22.69155187268627,21.163812033742108,21.811010488533906,759385200
2014-09-10,22.23366928100586,22.25788430270156,21.520431251558165,21.57546508641214,403478400
2014-09-11,22.328325271606445,22.330527095036327,21.929880885256264,22.10378798723486,249412400
2014-09-12,22.378957748413086,22.495629200914873,22.25127885795862,22.279895845336664,250504400
2014-09-15,22.372352600097656,22.684946039763165,22.330528030173518,22.63211235222859,245266000
2014-09-16,22.202852249145508,22.2909067278762,21.769185326983912,21.96950930808373,267632400
2014-09-17,22.361352920532227,22.40978297418858,22.143417679078635,22.293109808789314,243706000
2014-09-18,22.407569885253906,22.530845102042385,22.356938032930714,22.438388689451024,149197600
2014-09-19,22.22486114501953,22.530849097740795,22.123599101913857,22.517641516313713,283609600
2014-09-22,22.246877670288086,22.484624248554432,22.14121364405821,22.409779036599886,211153600
2014-09-23,22.59468650817871,22.66072776837233,22.132402725320414,22.145610305559533,253608800
2014-09-24,22.39876937866211,22.640917900909958,22.27769427778856,22.489025668313165,240687200
2014-09-25,21.54465103149414,22.169834727350445,21.511630387389115,22.125808321543563,400368000
2014-09-26,22.17863655090332,22.17863655090332,21.661318813407448,21.689935804337203,249482000
2014-09-29,22.03775405883789,22.11039914072192,21.711952942191164,21.71635659051733,199065200
2014-09-30,22.17863655090332,22.35254367924438,22.130206505099554,22.19184413448637,221056400
2014-10-01,21.833023071289062,22.165427904688674,21.72735736919206,22.143413027106423,205965200
2014-10-02,21.991518020629883,22.061961253340943,21.582066205653355,21.85283169908997,191031200
2014-10-03,21.92988395690918,22.059763005977832,21.80220505207939,21.890259527117156,173878400
2014-10-06,21.92988395690918,22.156623096469318,21.885855879640587,22.002527345278374,148204800
2014-10-07,21.738365173339844,22.039951198592288,21.733963205449022,21.888057274118513,168376800
2014-10-08,22.18964385986328,22.25788528064072,21.641505631394743,21.740567546183968,229618800
2014-10-09,22.238073348999023,22.537457573238722,22.14781872465444,22.35254467682571,309506000
2014-10-10,22.174230575561523,22.460405471640026,22.079572324824223,22.16542496159769,265326400
2014-10-13,21.971708297729492,22.40537519710047,21.971708297729492,22.306314963421556,214333600
2014-10-14,21.738365173339844,22.128003992403777,21.69874074432492,22.09938700236498,254754400
2014-10-15,21.472000122070312,21.82641813496269,20.952480612967168,21.56665838041112,403734400
2014-10-16,21.190231323242188,21.511628763976848,21.003116593434285,21.03393541107325,288618000
2014-10-17,21.50061798095703,21.79339838250896,21.311301456607612,21.463195376713372,272718800
2014-10-20,21.9606990814209,22.004725471792778,21.621690501160188,21.64370369634613,310069200
2014-10-21,22.557273864746094,22.67834732252701,22.29311038690638,22.67834732252701,378495600
2014-10-22,22.671741485595703,22.918293706785697,22.5858888249,22.63872084390514,273052400
2014-10-23,23.0767879486084,23.125217991820485,22.81262453458775,22.91168644465775,284298800
2014-10-24,23.162643432617188,23.22207924233775,23.01074949294307,23.153837816454967,188215600
2014-10-27,23.138423919677734,23.219874593753907,23.048167631147443,23.08118826547558,136750800
2014-10-28,23.49724578857422,23.49724578857422,23.191257799458626,23.202265238289865,192243600
2014-10-29,23.629323959350586,23.635929429594817,23.413592290682494,23.477431733716696,210751600
2014-10-30,23.550079345703125,23.631528346393623,23.312332776094383,23.545675698395915,162619200
2014-10-31,23.774614334106445,23.783419948362685,23.600707231418912,23.776816157545305,178557200
2014-11-03,24.082799911499023,24.28092199893481,23.776812007375543,23.82304021452741,209130400
2014-11-04,23.906696319580078,24.102616627424347,23.7129778352788,24.07399963936257,166297600
2014-11-05,23.963930130004883,24.06079020444703,23.803230613725788,24.01676213447372,149743600
2014-11-06,24.032470703125,24.052369670628885,23.833491148778272,24.010362051173367,139874000
2014-11-07,24.10100555419922,24.169542869445934,23.999304423362183,24.043521719628117,134766000
2014-11-10,24.06121063232422,24.171755565832886,24.02583544394617,24.103216560045873,108782000
2014-11-11,24.253555297851562,24.264610464803315,23.966139511704206,24.032465453069754,109769200
2014-11-12,24.59625244140625,24.636048692602955,24.180604018626756,24.182813703239464,187769600
2014-11-13,24.9433650970459,25.082651141582748,24.673635120542134,24.71785411730306,238091600
2014-11-14,25.244049072265625,25.24626044393452,24.58741168953898,25.016326707057633,176254400
2014-11-17,25.20203399658203,25.92941987670985,25.049483132158237,25.2639388907577,186986800
2014-11-18,25.529247283935547,25.57788732469698,25.179924888268733,25.19098005636245,176896000
2014-11-19,25.352380752563477,25.58894689978137,25.16003360146897,25.522620935769627,167476800
2014-11-20,25.714969635009766,25.836569773192124,25.39217853439571,25.40544507742254,173582000
2014-11-21,25.75033950805664,25.993538047337907,25.65305941763134,25.980273193836997,228717200
2014-11-24,26.227888107299805,26.25884055113191,25.78349872651811,25.83434844705014,189803200
2014-11-25,26.00016212463379,26.47550556822544,25.966998314749453,26.325164425293696,275361600
2014-11-26,26.3096981048584,26.331806757506065,26.05102332663833,26.075343350585385,163073200
2014-11-28,26.294225692749023,26.398138230723664,26.099667159738036,26.369395460009297,99257600
2014-12-01,25.44080352783203,26.364958970538947,24.60066160290526,26.26767891758622,335256000
2014-12-02,25.343534469604492,25.59115576328124,24.927886067472656,25.0937034914248,237395600
2014-12-03,25.63094711303711,25.723804447872546,25.449653498309086,25.59115087142453,172253600
2014-12-04,25.533666610717773,25.9117300563424,25.489449314899648,25.595571499575833,168178000
2014-12-05,25.425336837768555,25.664114318985703,25.345744344029505,25.64421535215996,153275600
2014-12-08,24.850507736206055,25.34796006403,24.678057865778914,25.22635993140458,230659600
2014-12-09,25.230775833129883,25.27057207603631,24.176176239500464,24.361892601991055,240832000
2014-12-10,24.751012802124023,25.39217382802734,24.660366823283695,25.29489542229406,178261200
2014-12-11,24.678054809570312,25.160030850532696,24.61614822176628,24.819552208129725,165606800
2014-12-12,24.26019287109375,24.733325071482163,24.227029052288938,24.421587536211593,224112400
2014-12-15,23.92856216430664,24.67363409587713,23.512912045926626,24.474652835672035,268872400
2014-12-16,23.601346969604492,24.355264342879106,23.493013390239717,23.51733341433129,243162800
2014-12-17,24.189449310302734,24.28451635798088,23.61682553200901,23.683153183691054,213647200
2014-12-18,24.90577507019043,24.90577507019043,24.46580668569096,24.733325235400784,236024800
2014-12-19,24.713430404663086,25.036221477833767,24.686900694429614,24.819554305943537,353719200
2014-12-22,24.969894409179688,25.091492844854134,24.755436931455634,24.797444553173737,180670000
2014-12-23,24.881458282470703,25.056119511037437,24.86377068512118,25.0340108577416,104113600
2014-12-24,24.76427459716797,24.919036817620086,24.76427459716797,24.89029574433089,57918400
2014-12-26,25.20203399658203,25.319211358669097,24.7642769953216,24.784174274114413,134884000
2014-12-29,25.184345245361328,25.374480961669917,25.137914893189947,25.15781385651792,110395600
2014-12-30,24.877038955688477,25.18656520467863,24.78639295869401,25.12466029223707,119526000
2014-12-31,24.403894424438477,25.01189144688022,24.366309558787822,24.943354140484143,165613600
2015-01-02,24.171762466430664,24.638262353957003,23.734003662580175,24.627207182737358,212818400
2015-01-05,23.490800857543945,24.02141693191781,23.305086159243192,23.94182443642263,257142000
2015-01-06,23.49300765991211,23.75168237657432,23.132630129065518,23.554912547306653,263188400
2015-01-07,23.82243537902832,23.921925153694303,23.590290322431727,23.70083526618592,160423600
2015-01-08,24.73775291442871,24.79523677034415,24.032475475672797,24.149654559172593,237458000
2015-01-09,24.76427459716797,25.03842553916101,24.36631219203154,24.910193021196864,214798000
2015-01-12,24.154075622558594,24.901359002541184,24.05458582559967,24.894726574314905,198603200
2015-01-13,24.368528366088867,24.93894069695725,24.078901144962483,24.636046935190233,268367600
2015-01-14,24.27567481994629,24.428225723573778,23.988257238231522,24.107646002015397,195826400
2015-01-15,23.616825103759766,24.33315596973811,23.581451593811096,24.31989111435514,240056000
2015-01-16,23.433319091796875,23.784852925871537,23.258657860459195,23.66325280064209,314053200
2015-01-20,24.036897659301758,24.09217014226123,23.546077740736447,23.842337439743723,199599600
2015-01-21,24.220399856567383,24.554244399862444,23.937403360229293,24.08774456365367,194303600
2015-01-22,24.850507736206055,24.865983963378177,24.257986673815576,24.377375434907194,215185600
2015-01-23,24.978734970092773,25.14897343268383,24.658153637343272,24.828393786716223,185859200
2015-01-26,25.00527000427246,25.283843780112186,24.938944039308314,25.146767420334676,222460000
2015-01-27,24.129743576049805,24.868184475117868,24.10542356014513,24.85491793849072,382274800
2015-01-28,25.493873596191406,26.115137307785997,25.493873596191406,26.006802051792118,585908400
2015-01-29,26.28759002685547,26.351706301682732,25.54914886745016,25.717177667453264,337745600
2015-01-30,25.902896881103516,26.530791469560956,25.834357856128523,26.1770479206566,334982000
2015-02-02,26.227888107299805,26.347276827844368,25.664110005973548,26.099657277187507,250956400
2015-02-03,26.232311248779297,26.329589636542504,26.002377600534224,26.19914743365883,207662800
2015-02-04,26.433507919311523,26.643544336500607,26.157145544153845,26.199153164948076,280598800
2015-02-05,26.622173309326172,26.686542614611152,26.469018696977805,26.639929015987743,168984800
2015-02-06,26.398000717163086,26.690991155246085,26.291457969933123,26.639939034118505,174826400
2015-02-09,26.573345184326172,26.59997959492544,26.287013416310145,26.31364952034854,155559200
2015-02-10,27.08384895324707,27.112705146544453,26.671000483027065,26.67321888755873,248034000
2015-02-11,27.718669891357422,27.727548592488432,27.190399874855444,27.250328990690907,294247200
2015-02-12,28.069368362426758,28.29577098667342,27.87182193753955,27.980583052789616,297898000
2015-02-13,28.206989288330078,28.251381102112592,27.889582908811555,28.251381102112592,217088800
2015-02-17,28.373455047607422,28.60651625360095,28.171468443287857,28.297986948228658,252609600
2015-02-18,28.571012496948242,28.584329704686837,28.28911918125875,28.329072497913977,179566800
2015-02-19,28.511075973510742,28.639814600703073,28.484441563359987,28.517734576048433,149449600
2015-02-20,28.744136810302734,28.744136810302734,28.422291940381538,28.548808773659513,195793600
2015-02-23,29.5210018157959,29.5210018157959,28.779648146956642,28.859554753512104,283896400
2015-02-24,29.33677101135254,29.65417901545406,29.114808603712547,29.50768301356105,276912400
2015-02-25,28.586545944213867,29.210263350033415,28.444490094301624,29.201382954294676,298846800
2015-02-26,28.948335647583008,29.04821804967619,28.102659449982003,28.586535853706835,365150000
2015-02-27,28.513296127319336,28.98163700453715,28.464464120263223,28.855116789834128,248059200
2015-03-02,28.653133392333984,28.917269263881828,28.47778453766857,28.688648199086956,192386800
2015-03-03,28.71306037902832,28.74857518104854,28.43116714166947,28.624276760855707,151265200
2015-03-04,28.53104591369629,28.757448514052495,28.482217300754268,28.655347704886218,126665200
2015-03-05,28.05827522277832,28.577666563390302,27.91399928590638,28.53993335182909,226068400
2015-03-06,28.100448608398438,28.715283910547633,28.024982180791078,28.499980041819516,291368400
2015-03-09,28.220308303833008,28.75967886717688,27.75862595975019,28.402317461518063,354114000
2015-03-10,27.636545181274414,28.238063218815654,27.478952044658584,28.058274175841376,275426400
2015-03-11,27.1326847076416,27.694249337787312,27.103830203784526,27.689810834670382,275756000
2015-03-12,27.62322425842285,27.723108369874826,26.997290261725283,27.148224784716703,193450800
2015-03-13,27.432334899902344,27.83408803493527,27.208154073139987,27.612125613115115,207309200
2015-03-16,27.734207153320312,27.734207153320312,27.27252654927481,27.496707402099535,143497200
2015-03-17,28.19810676574707,28.260255973996387,27.889579129481607,27.94506973590977,204092400
2015-03-18,28.51551628112793,28.668670913843595,28.049395473856592,28.18923120800626,261083600
2015-03-19,28.30021095275879,28.688645220737833,28.278015047562075,28.57766400131525,183238000
2015-03-20,27.94507598876953,28.499980483775065,27.780824231152863,28.466687467219813,274780400
2015-03-23,28.235837936401367,28.3778937431427,28.082683331798854,28.2158621323778,150838800
2015-03-24,28.120426177978516,28.420073483673672,28.09156997275746,28.240286116320142,131369200
2015-03-25,27.385726928710938,28.149278311362963,27.385726928710938,28.08712909527531,206620800
2015-03-26,27.576614379882812,27.718670212747906,27.21259609648612,27.248110901421946,190291600
2015-03-27,27.356868743896484,27.678713581155,27.281402332626065,27.649859075687882,158184800
2015-03-30,28.049388885498047,28.05604748649749,27.52333739183868,27.534436189130226,188398800
2015-03-31,27.61878776550293,28.07602987133525,27.603250461715593,27.987244552505132,168362400
2015-04-01,27.578834533691406,27.77194247567807,27.323577376381895,27.70535306300981,162485600
2015-04-02,27.816333770751953,27.86960428383157,27.565516815456306,27.751964457954504,128880400
2015-04-06,28.266916275024414,28.302431078124016,27.596590454190107,27.62766506018275,148776000
2015-04-07,27.969484329223633,28.437823465920474,27.96282572773791,28.331282455271303,140049200
2015-04-08,27.878480911254883,28.056051532897612,27.738645189782524,27.933971518838366,149316800
2015-04-09,28.091564178466797,28.096004375326153,27.669836922529743,27.93397105873809,129936000
2015-04-10,28.211429595947266,28.23584560312036,27.803019464032342,27.956172416780813,160752000
2015-04-13,28.155935287475586,28.537712650185725,28.1026647758263,28.493317452506428,145460400
2015-04-14,28.033857345581055,28.253599690907617,27.947292127923955,28.189230378955582,102098400
2015-04-15,28.14038848876953,28.218074978176983,27.969478212073145,28.058263497155284,115881600
2015-04-16,28.0049991607666,28.21142428673899,27.99168195697449,28.02941516334476,113476000
2015-04-17,27.689815521240234,27.998343189969706,27.625446207797804,27.867386157870317,207828000
2015-04-20,28.322412490844727,28.437832236886248,27.783043589441288,27.871828921325186,188217200
2015-04-21,28.169254302978516,28.45558436268727,28.115982097667967,28.4333901506331,129740400
2015-04-22,28.548812866210938,28.604303485768572,28.038300182344283,28.18701463633331,150618000
2015-04-23,28.78187370300293,28.948345559115147,28.442271387484293,28.47778619630576,183083600
2015-04-24,28.917268753051758,28.994956968091703,28.68420749481025,28.96388235945139,178103600
2015-04-27,29.443317413330078,29.5498618270703,29.110373740867793,29.367850993756058,387816800
2015-04-28,28.979413986206055,29.862823499138404,28.759673350630607,29.845069485394777,475696000
2015-04-29,28.553251266479492,29.20803985866045,28.477784841483107,28.890635160475313,253544400
2015-04-30,27.778594970703125,28.553243280125844,27.65207646920177,28.553243280125844,332781600
2015-05-01,28.622055053710938,28.88397248578845,27.811893528132792,27.98946245844296,234050400
2015-05-04,28.56656837463379,28.981640484449706,28.468904348794748,28.74413902280673,203953200
2015-05-05,27.922870635986328,28.511069642048692,27.918430439654504,28.44448024458113,197085600
2015-05-06,27.74752426147461,28.133738421260357,27.381285907835494,28.09156501703216,288564000
2015-05-07,27.919151306152344,28.10192070708128,27.64276698239626,27.809934179606117,175763600
2015-05-08,28.44516944885254,28.44516944885254,28.10860569937123,28.235652694796116,222201600
2015-05-11,28.15541648864746,28.43179913893094,28.00162210800377,28.39390831197934,168143200
2015-05-12,28.055116653442383,28.280233941837672,27.82108187580879,27.994935504673595,192640000
2015-05-13,28.086315155029297,28.349324915305054,28.055110751311194,28.117519558747397,138776800
2015-05-14,28.741615295410156,28.741615295410156,28.34264437932672,28.398366783312017,180814000
2015-05-15,28.701494216918945,28.861974998052265,28.576676587376436,28.768361775895382,152832000
2015-05-18,29.017995834350586,29.136127043210262,28.610107482598703,28.614566226619402,203531600
2015-05-19,28.991247177124023,29.171787179520763,28.89540289621937,29.1294376182623,178532800
2015-05-20,28.989011764526367,29.194069724264395,28.8285310306402,28.97563893687324,145819600
2015-05-21,29.285470962524414,29.33896570286655,28.937763652865918,28.991258393208053,158921600
2015-05-22,29.541776657104492,29.637620923041904,29.28768273025839,29.332263356847495,182384000
2015-05-26,28.89095115661621,29.624259903389834,28.77950634777134,29.55516466607012,282790400
2015-05-27,29.430339813232422,29.47937579485799,28.986791708108267,29.051428192419124,183332800
2015-05-28,29.37238311767578,29.41027393110588,29.220819863955384,29.390214688882498,122933200
2015-05-29,29.03805923461914,29.298839680217583,28.953360091236068,29.24980369205114,203538000
2015-06-01,29.096006393432617,29.285463910625356,28.986792667943565,29.03805632278588,128451200
2015-06-02,28.966733932495117,29.122755972398,28.824084724437427,28.944443612069538,134670400
2015-06-03,29.00238609313965,29.18515714992286,28.953350121857543,29.12274835029554,123934000
2015-06-04,28.83300018310547,29.104925780306708,28.732700538471533,28.88203616955327,153800400
2015-06-05,28.674747467041016,28.906554570065015,28.610110975463048,28.864204999261077,142507200
2015-06-08,28.48529052734375,28.799565668194397,28.26908735110113,28.730467037838547,210699200
2015-06-09,28.400592803955078,28.54770075816988,27.99939253889353,28.240112017725373,224301600
2015-06-10,28.726009368896484,28.828536668303414,28.49643167937827,28.512033881528776,156349200
2015-06-11,28.6613712310791,29.015764858843063,28.63685324042105,28.792875271415387,141563600
2015-06-12,28.34486961364746,28.603422362151573,28.331496782005065,28.572217954644202,147544800
2015-06-15,28.28915023803711,28.36047484860761,28.01945400117639,28.106380817168155,175955600
2015-06-16,28.440719604492188,28.49644201817674,28.16656628145154,28.313672569311937,125976400
2015-06-17,28.373844146728516,28.503118810431552,28.249024825876823,28.46745736198288,131672400
2015-06-18,28.50311851501465,28.598961101213874,28.35601227835567,28.358241650270774,141628800
2015-06-19,28.217824935913086,28.48975053845911,28.17324769309133,28.4652325447533,218867600
2015-06-22,28.442941665649414,28.543241304293367,28.32481045108704,28.416194301771778,136157200
2015-06-23,28.31365966796875,28.442936016934265,28.28022589488976,28.41396098720572,121075600
2015-06-24,28.55438804626465,28.93107203097419,28.33372780871592,28.353787057350907,221123600
2015-06-25,28.418420791625977,28.797332388642655,28.418420791625977,28.72155074944432,127752400
2015-06-26,28.251256942749023,28.527639572001984,28.197763914622286,28.4563149676621,176267200
2015-06-29,27.756441116333008,28.18884747671424,27.745297656841196,27.963728508622573,196645600
2015-06-30,27.957046508789062,28.11084089847764,27.829999487028523,27.988250921115306,177482800
2015-07-01,28.217824935913086,28.293608289325444,28.081862134640076,28.284692500658533,120955200
2015-07-02,28.182153701782227,28.23787608622864,28.032816419076546,28.179924330260945,108844000
2015-07-06,28.084091186523438,28.1353565456451,27.827767791940705,27.847828741340585,112241600
2015-07-07,28.01499366760254,28.117522676977106,27.587044353914475,28.059570906282733,187787200
2015-07-08,27.319570541381836,27.78095181595303,27.312884127339274,27.74529037422196,243046400
2015-07-09,26.762353897094727,27.651682914753206,26.57289807936976,27.604876303351464,314380000
2015-07-10,27.477827072143555,27.604874064361603,27.016445710876685,27.179155852039294,245418000
2015-07-13,28.00830078125,28.030589395440884,27.709627909452944,27.86787928087415,165762000
2015-07-14,27.997159957885742,28.166556512881268,27.87011296676723,28.093002544204097,127072400
2015-07-15,28.266857147216797,28.34041111850831,27.990474537515073,28.021678943424334,134596800
2015-07-16,28.64353370666504,28.656909935993607,28.384982723216837,28.471909508217827,144889600
2015-07-17,28.89095115661621,28.89095115661621,28.598966301606755,28.77059225951504,184658800
2015-07-20,29.437036514282227,29.6376358307372,29.131675393467233,29.191856548814133,235600800
2015-07-21,29.142812728881836,29.626482711746768,29.0469718415007,29.61088220960279,307025600
2015-07-22,27.910232543945312,27.97264135217095,27.190298476456775,27.190298476456775,461802400
2015-07-23,27.89686393737793,28.327039244992637,27.874573616340435,28.12866763145066,203998000
2015-07-24,27.749752044677734,28.02613464110773,27.616018639986606,27.93252142787519,168649200
2015-07-27,27.364152908325195,27.551381039244013,27.21927604215904,27.435477505696046,177822000
2015-07-28,27.500120162963867,27.61825308767303,27.315123074389323,27.500120162963867,134472400
2015-07-29,27.413192749023438,27.52686692664547,27.252711957207104,27.448855902988303,148046800
2015-07-30,27.275001525878906,27.31957876659184,27.12789357060331,27.26385636544431,134513200
2015-07-31,27.036514282226562,27.335185586563238,26.94958745779944,27.326269796812632,171540000
2015-08-03,26.39904022216797,27.31957349946473,26.19398053309023,27.081081736554253,279904000
2015-08-04,25.55206298828125,26.234104603576604,25.2422465878358,26.171695789172148,496554400
2015-08-05,25.721460342407227,26.176155333337917,24.98592397756085,25.175379798653793,397250400
2015-08-06,25.777433395385742,26.084174951835017,25.55129714288187,25.96550902150507,211612000
2015-08-07,25.86475372314453,26.028200378207167,25.636378006922328,25.654290296722888,154681600
2015-08-10,26.805126190185547,26.86557802792801,26.090889495255514,26.090889495255514,219806400
2015-08-11,25.410236358642578,26.460320707941776,25.374413492449477,26.377477660792525,388331200
2015-08-12,25.802061080932617,25.84236287679192,24.545990436229246,25.195296388091382,404870000
2015-08-13,25.78191566467285,26.061788822760462,25.645337426869283,25.981185216574417,194143200
2015-08-14,25.963268280029297,26.041632408633568,25.526666914798433,25.596074898960804,171718000
2015-08-17,26.231952667236328,26.341662468940665,25.860280286468257,25.981185697987623,163538800
2015-08-18,26.08417510986328,26.29464024535976,25.97446532375149,26.068502283275883,138242800
2015-08-19,25.750568389892578,26.088653913711482,25.676681470828807,25.99461694847219,193146000
2015-08-20,25.222166061401367,25.602792823510995,24.99378863756761,25.542340980854984,274006400
2015-08-21,23.679500579833984,25.054236927891914,23.654871613646495,24.725105932667855,513102000
2015-08-24,23.088420867919922,24.360164798126117,20.598668185344266,21.241257688255896,648825200
2015-08-25,23.22722053527832,24.87735242910452,23.173485395269054,24.87735242910452,414406400
2015-08-26,24.55942153930664,24.604200546045004,23.5205328674482,23.977284202450257,387098400
2015-08-27,25.282615661621094,25.354263106070857,24.6333097354271,25.128126873775873,338464400
2015-08-28,25.365455627441406,25.369932844833052,24.973633339602248,25.114688748268883,212657600
2015-08-31,25.24679183959961,25.643091378068043,25.076628524882036,25.08334520563764,224917200
2015-09-01,24.11834144592285,25.049758115006753,24.03773786680285,24.662414750878053,307383600
2015-09-02,25.152753829956055,25.152753829956055,24.434039931094258,24.68032961985265,247555200
2015-09-03,24.711671829223633,25.251266189902623,24.637784932882873,25.186335436288882,212935600
2015-09-04,24.465391159057617,24.729591487792273,24.29522950938527,24.39822262625333,199985200
2015-09-08,25.146038055419922,25.202012676117203,24.700480552968315,25.020655451685165,219374400
2015-09-09,24.66242027282715,25.528906380060143,24.577337749033934,25.47069399960268,340043200
2015-09-10,25.204246520996094,25.363214203355902,24.60643811517623,24.689279442087834,251571200
2015-09-11,25.571443557739258,25.571443557739258,25.022893000162675,25.029609680818837,199662000
2015-09-14,25.817731857299805,26.171491847516478,25.716978229754055,26.102083868905392,233453600
2015-09-15,26.03491973876953,26.090894368998466,25.618468353209426,25.95655559809105,173364800
2015-09-16,26.064023971557617,26.09313016022468,25.84684216352134,26.028199393312086,148694000
2015-09-17,25.506511688232422,26.081930651613842,25.46173268033264,25.896096231441064,256450400
2015-09-18,25.40128517150879,25.59160027079234,25.047526825406674,25.123651498552046,297141200
2015-09-21,25.795339584350586,25.831164155409084,25.448298020321634,25.450535774855613,200888000
2015-09-22,25.39008331298828,25.564723822017353,25.193051593501515,25.385604387612933,201384800
2015-09-23,25.5960750579834,25.685634794748932,25.367699352030687,25.4415845547681,143026800
2015-09-24,25.748329162597656,25.86027841982634,25.159476684530407,25.356506762297254,200878000
2015-09-25,25.68340301513672,26.126722905236278,25.528912465703318,26.070748266538427,224607600
2015-09-28,25.175146102905273,25.6520492591599,25.175146102905273,25.49084207726823,208436000
2015-09-29,24.41836929321289,25.414718619874495,24.149691782770407,25.262467575101102,293461600
2015-09-30,24.69600486755371,24.973638525143357,24.34448429608788,24.666896969730384,265892000
2015-10-01,24.534799575805664,24.543755721351502,24.026548992392478,24.420610855358852,255716400
2015-10-02,24.713912963867188,24.854970095848202,24.080281580207117,24.183274673339884,232079200
2015-10-05,24.803476333618164,24.935577341025226,24.42061009161065,24.6019673356642,208258800
2015-10-06,24.922143936157227,25.018420368941634,24.577340007306336,24.769892872875147,192787200
2015-10-07,24.803476333618164,25.025135377262504,24.49673647226439,25.018418695365714,187062400
2015-10-08,24.516883850097656,24.671374349752824,24.228054602494883,24.671374349752824,247918400
2015-10-09,25.103496551513672,25.139319417702776,24.51464249435338,24.6288311899875,211064400
2015-10-12,24.987075805664062,25.24455945885989,24.95125292884764,25.240082239836674,121868800
2015-10-13,25.029613494873047,25.17738561645559,24.781086023465594,24.812431676777347,132197200
2015-10-14,24.675857543945312,24.969164080623525,24.53032315333488,24.91766837374016,177849600
2015-10-15,25.0452880859375,25.099023251370365,24.738546504680105,24.83706239814878,150694000
2015-10-16,24.8616886138916,25.07663095999206,24.747499905328574,25.027373018721345,156930400
2015-10-19,25.016176223754883,25.020653441438615,24.653460095822826,24.807950583162174,119036800
2015-10-20,25.472932815551758,25.562492561490735,24.812432892145672,24.928859366119294,195871200
2015-10-21,25.470693588256836,25.878188785928117,25.457258516805933,25.524428749430527,167180800
2015-10-22,25.860275268554688,25.860275268554688,25.546817044869623,25.598314448531912,166616400
2015-10-23,26.661827087402344,26.695412195601318,26.046106367189562,26.128947698109524,237467600
2015-10-26,25.81101417541504,26.449124444276887,25.730410593220945,26.437930546211405,265335200
2015-10-27,25.64756965637207,26.093127120076367,25.52218535533133,25.83788300855051,279537600
2015-10-28,26.70436668395996,26.71108507218095,25.98565288317512,26.180445144554206,342205600
2015-10-29,26.986488342285156,27.02231292542602,26.480477208786336,26.57675364071474,204909200
2015-10-30,26.755868911743164,27.14097457859815,26.74467330422836,27.089477175523875,197461200
2015-11-02,27.132022857666016,27.172324659796047,26.780502247835816,27.04694203459602,128813200
2015-11-03,27.4432315826416,27.649217736421765,27.0245408870195,27.044692634785783,182076000
2015-11-04,27.315614700317383,27.72310986768225,27.230533892435876,27.5686193690615,179544400
2015-11-05,27.189695358276367,27.58769302350806,27.023301736159723,27.39881233945184,158210800
2015-11-06,27.22117042541504,27.389813067334636,27.12223457537694,27.232413954418345,132169200
2015-11-09,27.110994338989258,27.389816393813046,26.994069514554077,27.198688386196107,135485600
2015-11-10,26.256534576416016,26.548849178276132,26.09688641296129,26.28576706591504,236511600
2015-11-11,26.108131408691406,26.402693360504724,25.90575988184487,26.16659467545191,180872000
2015-11-12,26.02044105529785,26.26778330516697,26.00470114072951,26.141863988620223,130102400
2015-11-13,25.260427474975586,25.986716136195962,25.244687558009065,25.90351845193162,183249600
2015-11-16,25.674163818359375,25.687654684920247,24.959118726755754,25.044563740844946,152426800
2015-11-17,25.563976287841797,25.86978174661462,25.48077863424922,25.840549257652057,110467600
2015-11-18,26.373464584350586,26.418435275716188,25.970970549197364,26.029433820390178,186698800
2015-11-19,26.708498001098633,26.92660943341436,26.254287891164125,26.452161313671542,173183200
2015-11-20,26.825424194335938,26.964834350174375,26.724237577607514,26.802937135826262,137148400
2015-11-23,26.47690200805664,26.92211945907281,26.38470984852701,26.81868376747103,129930000
2015-11-24,26.730985641479492,26.83666865100473,26.3352387624564,26.382458502037952,171212800
2015-11-25,26.539859771728516,26.80968908245708,26.515125375357012,26.805190983741163,85553200
2015-11-27,26.490386962890625,26.62530245556195,26.443167226664364,26.598319013923334,52185600
2015-11-30,26.60056495666504,26.850156187230574,26.476893007998676,26.530858169452383,156721200
2015-12-01,26.384708404541016,26.715248329315557,26.27677805085262,26.701757463985018,139409600
2015-12-02,26.1463623046875,26.557850878778513,26.101391607031257,26.38471009020546,133546400
2015-12-03,25.903512954711914,26.26103630068144,25.68315416394497,26.20707112760899,166278000
2015-12-04,26.764713287353516,26.814182073839056,25.88327475795129,25.92374906366475,231108000
2015-12-07,26.596065521240234,26.9513397236083,26.490382536882013,26.753466331217695,128336800
2015-12-08,26.584829330444336,26.668025277025105,26.27677479127488,26.42517943806766,137238000
2015-12-09,25.997955322265625,26.46340903533202,25.876532390745435,26.45216550415493,185445600
2015-12-10,26.12162208557129,26.29476283556294,25.973217443957356,26.092391310160515,116850800
2015-12-11,25.449304580688477,25.94623813495721,25.375101390301033,25.901267440158662,187544800
2015-12-14,25.291900634765625,25.336871321031932,24.68703512601002,25.224442889844447,257274800
2015-12-15,24.844438552856445,25.363859161593496,24.812958723905354,25.170482089167063,213292400
2015-12-16,25.035566329956055,25.181723657519896,24.464431315727747,24.974855722010272,224954000
2015-12-17,24.504899978637695,25.240181114630843,24.504899978637695,25.188463284911673,179091200
2015-12-18,23.841571807861328,24.626321743127676,23.792103025803446,24.48916064131487,385813200
2015-12-21,24.133882522583008,24.14287700110405,23.738134045264047,24.122638995551366,190362400
2015-12-22,24.111404418945312,24.221583811726266,23.936014608439336,24.149629677488637,131157600
2015-12-23,24.42171287536621,24.47567806169107,24.10466376022268,24.120403677714197,130629600
2015-12-24,24.291296005249023,24.509407520974303,24.273307037544956,24.509407520974303,54281600
2015-12-28,24.01920509338379,24.21483114151767,23.875296867924853,24.1923440874286,106816800
2015-12-29,24.45094108581543,24.60609291012418,24.028210692327598,24.050696041301666,123724800
2015-12-30,24.13163948059082,24.441941346956686,24.10015965569233,24.414959620199003,100855200
2015-12-31,23.668437957763672,24.066433919018245,23.569500372029918,24.06193753581308,163649200
2016-01-04,23.68867301940918,23.69317111790165,22.935402780981335,23.072565621128955,270597600
2016-01-05,23.09505844116211,23.801109167046178,23.027602381641916,23.77862381387278,223164000
2016-01-06,22.643085479736328,23.018597745768474,22.456455586733096,22.611605656072086,273829600
2016-01-07,21.687440872192383,22.51491408684658,21.682944490358615,22.18887236497139,324377600
2016-01-08,21.8021240234375,22.285566683920138,21.757153331285508,22.15964737347701,283192000
2016-01-11,22.1551513671875,22.2743252566143,21.88757109170476,22.254088957891458,198957600
2016-01-12,22.476696014404297,22.640842309858193,22.224855663255948,22.609362480404904,196616800
2016-01-13,21.898807525634766,22.75326420443945,21.878571233470993,22.557638135915223,249758400
2016-01-14,22.377748489379883,22.59361253194095,21.527790040560323,22.02697242238039,252680400
2016-01-15,21.840349197387695,21.97076660584606,21.442353255290477,21.631232220212024,319335600
2016-01-19,21.734664916992188,22.18212958816844,21.473830135870465,22.12816442209976,212350800
2016-01-20,21.763900756835938,22.078700777297136,21.006132344467737,21.383892025916754,289337600
2016-01-21,21.65371322631836,22.00898571082292,21.347907802944253,21.82460318045219,208646000
2016-01-22,22.80497932434082,22.813973803418175,22.119167021026993,22.17762856174758,263202000
2016-01-25,22.359773635864258,22.829723795434656,22.30805578720919,22.82747474579168,207178000
2016-01-26,22.48343849182129,22.683560973693744,22.051713702760832,22.469947628263718,300308000
2016-01-27,21.00613021850586,21.72792062838977,20.988141255609346,21.595255886952298,533478800
2016-01-28,21.156784057617188,21.253472589399497,20.774528029001694,21.08932801960842,222715200
2016-01-29,21.887571334838867,21.887571334838867,21.21524963773195,21.31418722953494,257666000
2016-02-01,21.682950973510742,21.74591063113724,21.45134864058955,21.6919454553891,163774000
2016-02-02,21.24448013305664,21.595256339276258,21.19950772487338,21.455844447191097,149428800
2016-02-03,21.664955139160156,21.775134505065417,21.154530891968424,21.361398763000754,183857200
2016-02-04,21.839033126831055,22.00407006002564,21.52026552275693,21.671736666003714,185886800
2016-02-05,21.255760192871094,21.911383881383404,21.181156088787205,21.820952730410887,185672400
2016-02-08,21.479578018188477,21.63556998812339,21.03420601561399,21.054552119367372,216085600
2016-02-09,21.475053787231445,21.689827972531706,21.23541271872883,21.316800576867575,177324800
2016-02-10,21.312278747558594,21.78251933732667,21.2738460702259,21.685306155065295,169374400
2016-02-11,21.183420181274414,21.414019752181236,20.93247450255111,21.20376801392201,200298800
2016-02-12,21.248977661132812,21.364277419045337,21.027423157507165,21.294194097976302,161405600
2016-02-16,21.848085403442383,21.89556137572281,21.38914927990064,21.48183997106786,196231600
2016-02-17,22.182676315307617,22.203022417805666,21.737304340212145,21.85486362369464,179452800
2016-02-18,21.762178421020508,22.356760471773796,21.72374400969727,22.345455928767354,156084000
2016-02-19,21.712440490722656,21.87521624570744,21.658182480671407,21.70339720157561,141496800
2016-02-22,21.90234375,21.906866256857242,21.685309991289156,21.77347990186447,137123200
2016-02-23,21.407228469848633,21.816427226503656,21.375577832584174,21.793819874861953,127770400
2016-02-24,21.72599983215332,21.789301117570563,21.09750603432402,21.24671768551952,145022800
2016-02-25,21.875207901000977,21.875207901000977,21.533831196456354,21.714693460741945,110330800
2016-02-26,21.90911865234375,22.16006248687138,21.8345128428416,21.974679451788347,115964400
2016-02-29,21.859386444091797,22.207545243210323,21.85034315679682,21.897819121472434,140865200
2016-03-01,22.727510452270508,22.781768425249492,22.024411156173738,22.076409602033085,201628400
2016-03-02,22.777265548706055,22.808916201556467,22.526319854798327,22.723007533081233,132678400
2016-03-03,22.946823120117188,22.994299098903202,22.709441501355908,22.738832625007632,147822800
2016-03-04,23.28819465637207,23.455491170685054,22.917428476094212,23.143505499426116,184220400
2016-03-07,23.03046989440918,23.247503657219692,22.824738949293295,23.148029202453237,143315600
2016-03-08,22.84055519104004,23.00559213219759,22.698127325942952,22.78403595054956,126247600
2016-03-09,22.86090660095215,22.964901812789783,22.668739773273074,22.903860057578832,108806800
2016-03-10,22.872217178344727,23.11411957869778,22.641619321631918,22.926476918020487,134054400
2016-03-11,23.118635177612305,23.123155958818757,22.946816169645622,23.114112671575178,109632800
2016-03-14,23.17741584777832,23.265587474386763,23.010119332204216,23.039510449350633,100304400
2016-03-15,23.64313507080078,23.778780937290975,23.478098087936687,23.502966698023478,160270800
2016-03-16,23.957378387451172,24.03424373446791,23.645391044116028,23.649913549723195,153214000
2016-03-17,23.91895294189453,24.07042415372728,23.72904732010859,23.855649918078527,137682800
2016-03-18,23.946075439453125,24.07720051348592,23.781040195265838,24.041027365546956,176820800
2016-03-21,23.943809509277344,24.337182901365633,23.76972929981994,23.94833028914564,142010800
2016-03-22,24.1269474029541,24.255811275699784,23.785570512938538,23.794613803549097,129777600
2016-03-23,23.99355125427246,24.206064185024427,23.941554510469715,24.072679583692445,102814000
2016-03-24,23.88955307006836,24.02067812697964,23.713213308967866,23.844338365879146,104532000
2016-03-28,23.781036376953125,24.007113340780556,23.751645267764133,23.96415816570763,77645600
2016-03-29,24.343976974487305,24.368845588138758,23.71096054035557,23.71322179382325,124760400
2016-03-30,24.768997192382812,24.96342356311957,24.55196346512961,24.563268005803202,182404400
2016-03-31,24.640127182006836,24.84585804181008,24.615258578627756,24.80516412035616,103553600
2016-04-01,24.866207122802734,24.868468375607605,24.46152911225637,24.59265417765071,103496000
2016-04-04,25.12167739868164,25.36357972486646,24.92951056470371,24.963422460395734,149424800
2016-04-05,24.825515747070312,25.033507905725035,24.737345851757283,24.757693679430663,106314800
2016-04-06,25.08550453186035,25.090027037913124,24.68760851591967,24.920469282378427,105616400
2016-04-07,24.53839874267578,24.963422898290155,24.443446812937044,24.85716642817889,127207600
2016-04-08,24.565532684326172,24.816476618930338,24.454753689736293,24.62205194591371,94326800
2016-04-11,24.646915435791016,25.006378786836184,24.60396197579208,24.63561261993056,117630000
2016-04-12,24.967945098876953,24.981509167293467,24.5655283041007,24.719259012369672,108929200
2016-04-13,25.329675674438477,25.397497761998142,25.049340584563215,25.049340584563215,133029200
2016-04-14,25.343238830566406,25.408801386885166,25.16916024814367,25.234722804462425,101895600
2016-04-15,24.834556579589844,25.388446230465966,24.80742844514777,25.345491051158653,187756000
2016-04-18,24.298751831054688,24.631083505346027,24.176670068632646,24.617519440020338,243286000
2016-04-19,24.169893264770508,24.41631637059203,24.016160833443923,24.389186509241224,129539600
2016-04-20,24.21963119506836,24.436664933233505,23.977728846035568,24.108853935186644,122444000
2016-04-21,23.957378387451172,24.17441208617142,23.85564270925603,24.17441208617142,126210000
2016-04-22,23.89181900024414,24.072681302070844,23.652177916429892,23.740347814241954,134732400
2016-04-25,23.75617218017578,23.885036004470937,23.627308355880622,23.73808560575489,112126400
2016-04-26,23.591135025024414,23.805909213746393,23.49166231613834,23.49166231613834,224064800
2016-04-27,22.114856719970703,22.316065154282096,21.631051976252184,21.70339656246717,458408400
2016-04-28,21.43888282775879,22.128416659063998,21.30775775071809,22.067376626555074,328970800
2016-04-29,21.192459106445312,21.414015342196215,20.914385341232986,21.2489783607375,274126000
2016-05-02,21.16985321044922,21.269327656813207,20.889518172769012,21.24445904522221,192640400
2016-05-03,21.518009185791016,21.644611755356102,21.178893681743983,21.29645296422147,227325200
2016-05-04,21.294189453125,21.68078084844939,21.21054035683375,21.522525941262998,164102000
2016-05-05,21.207763671875,21.396550491732608,21.080390268275877,21.38062881628272,143562000
2016-05-06,21.0894832611084,21.25552330073232,20.891598143338758,21.237328344361668,174799600
2016-05-09,21.105409622192383,21.328313071417906,21.059917882827285,21.153174647026425,131745600
2016-05-10,21.248703002929688,21.28282137090078,20.950739509002165,21.228233023346398,134747200
2016-05-11,21.041717529296875,21.282817612473057,21.030344163537556,21.262347636504654,114876400
2016-05-12,20.54814910888672,21.103136224499814,20.35026566725906,21.089489569306885,305258800
2016-05-13,20.589088439941406,20.850660291471097,20.470813392773838,20.470813392773838,177571200
2016-05-16,21.353330612182617,21.46933236491437,20.846110358379693,21.01442543613503,245039200
2016-05-17,21.264625549316406,21.53984405433573,21.15544884972697,21.505727420296754,187667600
2016-05-18,21.508007049560547,21.65585220355567,21.35561358812947,21.4170270181785,168249600
2016-05-19,21.426116943359375,21.526197029031923,21.282821876872852,21.526197029031923,121768400
2016-05-20,21.658123016357422,21.70588804415121,21.498904521712273,21.526199567022662,128104000
2016-05-23,21.933340072631836,22.106205210629504,21.760474934634164,21.805966673755872,152074400
2016-05-24,22.2677001953125,22.310915184552552,22.026598281485057,22.113031730630478,140560800
2016-05-25,22.658910751342773,22.686204051643767,22.315455594789317,22.44282895707906,152675200
2016-05-26,22.83860206604004,22.91138710164205,22.436008482138195,22.67256028167776,225324800
2016-05-27,22.824960708618164,22.85225575612499,22.57476218013658,22.617978904855892,145364800
2016-05-31,22.713499069213867,22.836324126466405,22.476947299912524,22.654360693055555,169228800
2016-06-01,22.395071029663086,22.640721222061373,22.365502699874064,22.522444432240363,116693200
2016-06-02,22.22675132751465,22.254044630798784,21.978826165580465,22.199456288898414,160766400
2016-06-03,22.27224349975586,22.35185186766778,22.165340090560306,22.242675173197796,114019600
2016-06-06,22.43372917175293,23.17522777319384,22.18808080815361,22.288159128386,93170000
2016-06-07,22.524717330932617,22.715779152130132,22.508795657110518,22.57475737303988,89638000
2016-06-08,22.50425148010254,22.64527154973399,22.445113079913398,22.5224464425716,83392400
2016-06-09,22.665735244750977,22.743068580032585,22.395065100601336,22.40416344628129,106405600
2016-06-10,22.47922134399414,22.597496355843333,22.39961299608297,22.410984625594946,126851600
2016-06-13,22.140323638916016,22.545192340893063,22.08573528288135,22.44738726302582,152082000
2016-06-14,22.167617797851562,22.39962133855026,22.006126021848438,22.135774446827423,127727600
2016-06-15,22.09483528137207,22.38370222993058,22.069815254793532,22.24950374779727,117780800
2016-06-16,22.18808364868164,22.23357364230803,21.851451795717487,21.937883477740435,125307200
2016-06-17,21.683137893676758,21.983376379491627,21.67631456780198,21.976553053616854,244032800
2016-06-20,21.630828857421875,21.965185801011977,21.614907180838184,21.835537367306898,137647600
2016-06-21,21.815065383911133,21.915143740976294,21.53529682349623,21.594435217670487,142185600
2016-06-22,21.733179092407227,22.037965899988716,21.68768735858985,21.892395822437525,116876400
2016-06-23,21.8582763671875,21.901493078328414,21.664941280256883,21.821884717278408,128960800
2016-06-24,21.244157791137695,21.530749694370524,21.073567661768816,21.13270605917647,301245600
2016-06-27,20.934812545776367,21.16454098104903,20.811987493313712,21.15316761615492,181958400
2016-06-28,21.28736114501953,21.30328454764539,20.957554435924585,21.130419491784988,161779600
2016-06-29,21.47160530090332,21.50572366431587,21.296465178540526,21.373800251297773,146124000
2016-06-30,21.744558334350586,21.783225020128462,21.448869770049832,21.48071312720018,143345600
2016-07-01,21.81051254272461,21.942435968436794,21.683139158082344,21.719530809980615,104106000
2016-07-05,21.605804443359375,21.699061198215826,21.485254382950593,21.696786177642384,110820800
2016-07-06,21.7286319732666,21.758202038057313,21.464786822974684,21.517100154734123,123796400
2016-07-07,21.821889877319336,21.949263285118278,21.749104824958152,21.76729978654905,100558400
2016-07-08,21.990196228027344,22.037961236929736,21.846901201320176,21.946979523878202,115648400
2016-07-11,22.058441162109375,22.210834590412393,22.001577787190417,22.006126093637636,95179600
2016-07-12,22.158517837524414,22.222204534939202,22.09028283400815,22.101654466928018,96670000
2016-07-13,22.03342056274414,22.215382316531976,22.026595500252867,22.15624565760046,103568800
2016-07-14,22.470130920410156,22.51562092515798,22.135774005983098,22.15169568117808,155676000
2016-07-15,22.467851638793945,22.586128405240313,22.404164950091495,22.499694983145172,120548000
2016-07-18,22.706682205200195,22.774917210646212,22.426913650407556,22.449658652222894,145975600
2016-07-19,22.71578598022461,22.745354316115744,22.59523414466963,22.645274201818335,95119600
2016-07-20,22.736248016357422,22.849974748173135,22.686207976705354,22.745346363142545,105104000
2016-07-21,22.61569595336914,22.972797790199554,22.54745922619612,22.70667767782248,130808000
2016-07-22,22.440555572509766,22.586125624574276,22.360945486100693,22.577027279403758,113254800
2016-07-25,22.140323638916016,22.481503900964643,22.044793582022212,22.34730716418514,161531600
2016-07-26,21.987926483154297,22.28361668767847,21.93106311577136,22.02204485065051,224959200
2016-07-27,23.416336059570312,23.73477129206841,23.370846055784476,23.716574596421108,369379200
2016-07-28,23.732498168945312,23.757518193627863,23.386769600664,23.389044621634927,159479200
2016-07-29,23.702922821044922,23.78025789317055,23.582372775259596,23.698374515782017,110934800
2016-08-01,24.121440887451172,24.144185887101667,23.748417340119882,23.748417340119882,152671600
2016-08-02,23.764339447021484,24.12598963346021,23.655161017241863,24.12144132758002,135266400
2016-08-03,24.062301635742188,24.073673267492833,23.83029813577721,23.83939648237703,120810400
2016-08-04,24.210948944091797,24.240677448708052,24.076023511408614,24.14462990019436,109634800
2016-08-05,24.579132080078125,24.618008218125887,24.28184006560408,24.30242093466482,162213600
2016-08-08,24.782657623291016,24.782657623291016,24.505948273148203,24.588273479088343,112148800
2016-08-09,24.88327980041504,24.91301004531006,24.700332365617083,24.750643477224642,105260800
2016-08-10,24.698047637939453,24.903865050535522,24.643163576158123,24.860414223228336,96034000
2016-08-11,24.682043075561523,24.910728732985522,24.663747804231658,24.816966775969792,109938000
2016-08-12,24.739213943481445,24.798672701623637,24.6477393335857,24.6477393335857,74641600
2016-08-15,25.0365047454834,25.05022532562946,24.716344499122467,24.730065079268527,103472800
2016-08-16,25.013639450073242,25.208023676966587,24.974763302587895,25.07081087098698,135177600
2016-08-17,24.977041244506836,25.011344433087153,24.775796802026377,24.94959834469605,101424000
2016-08-18,24.945024490356445,25.063940229066137,24.93130216858536,24.979327677685276,87938800
2016-08-19,25.009061813354492,25.084528493542,24.780376172592096,24.87413637804353,101472400
2016-08-22,24.81468391418457,24.9496076294832,24.663750526155635,24.89472355416963,103280800
2016-08-23,24.89243507385254,24.99991761896039,24.81925572852661,24.83297631054609,85030800
2016-08-24,24.70490837097168,24.869562304003725,24.624868749284683,24.828398820745715,94700400
2016-08-25,24.599712371826172,24.670604356571072,24.396182307137458,24.558548889937846,100344800
2016-08-26,24.455636978149414,24.686608162413584,24.31156394320661,24.563119482080538,111065200
2016-08-29,24.428197860717773,24.56998357323382,24.306994761264573,24.382461434606956,99881200
2016-08-30,24.24067497253418,24.355017779008396,24.12633216605996,24.194938547837598,99455600
2016-08-31,24.2635440826416,24.371026603861498,24.158348906160995,24.16292359563958,118649600
2016-09-01,24.40761947631836,24.423627401559532,24.15377827268476,24.272694039514473,106806000
2016-09-02,24.636306762695312,24.698051122819795,24.428201975947808,24.62944472736316,107210000
2016-09-06,24.62944221496582,24.7666549918823,24.585993130693005,24.675180388848958,107521600
2016-09-07,24.780370712280273,24.87184529737556,24.48536609133258,24.659167628540366,169457200
2016-09-08,24.13089942932129,24.531099157759083,24.066867751928417,24.526526214259174,212008000
2016-09-09,23.584352493286133,24.17664928520172,23.584352493286133,23.929668343134992,186228000
2016-09-12,24.112611770629883,24.17664346358425,23.44713579442676,23.474578696292678,181171200
2016-09-13,24.686607360839844,24.878704152948686,24.52424081039579,24.585986893289967,248704800
2016-09-14,25.560195922851562,25.84834034830154,24.835262785991265,24.86499303896986,443554800
2016-09-15,26.429201126098633,26.465791668436328,25.953534544107114,26.038148864713218,359934400
2016-09-16,26.280550003051758,26.557259383053502,26.079307293432148,26.326288172101272,319547600
2016-09-19,25.9741153717041,26.56869768588233,25.89864869187927,26.342299391140802,188092000
2016-09-20,25.97182846069336,26.09760626250278,25.729422236914832,25.852912693764175,138057200
2016-09-21,25.967260360717773,26.06788087620702,25.7134191095078,26.03586501972408,144012800
2016-09-22,26.21194839477539,26.285127728976082,26.070162671440883,26.150202295608366,124296000
2016-09-23,25.77515983581543,26.250826414554755,25.509885384613206,26.166212094527168,209924800
2016-09-26,25.81403923034668,25.930669417027655,25.50988859840866,25.530469472375913,119477600
2016-09-27,25.862060546875,25.88264316361179,25.690546301245323,25.84147967487134,98429600
2016-09-28,26.058719635009766,26.216513234392174,25.939803907974085,25.99926264385813,118564400
2016-09-29,25.65395164489746,26.024422958967328,25.56705174172525,25.87806430902848,143548000
2016-09-30,25.85291290283203,25.926092239549394,25.567055846165303,25.71798746482417,145516400
2016-10-03,25.73171615600586,25.85292105181272,25.67683207235133,25.775167000629708,86807200
2016-10-04,25.841482162475586,26.141059848699363,25.756867831715706,25.855202745132157,118947200
2016-10-05,25.85291290283203,25.992411286064037,25.770585930933372,25.932952529752114,85812400
2016-10-06,26.045007705688477,26.147915547003027,25.87120612872349,26.001556875263983,115117200
2016-10-07,26.083887100219727,26.198229935826134,25.9581110278926,26.14105851802293,97433600
2016-10-10,26.53896713256836,26.699046370084726,26.234814836554424,26.303419476318798,144944000
2016-10-11,26.59613609313965,27.142694539929387,26.573266137254414,26.91629453874083,256164000
2016-10-12,26.833967208862305,26.98032759661097,26.699043543629553,26.83625455336549,150347200
2016-10-13,26.751646041870117,26.856841223390578,26.4635016565636,26.708195213406025,140769600
2016-10-14,26.90029525756836,27.023785731139892,26.785952420342856,26.957466676181113,142608800
2016-10-17,26.88199806213379,26.948315363311753,26.70590913977948,26.83168694146113,94499600
2016-10-18,26.863704681396484,27.032931580780097,26.85912999115921,27.026071290157308,98214000
2016-10-19,26.783662796020508,26.930021466102616,26.024426540694705,26.813391301128977,80138400
2016-10-20,26.76993751525879,26.843116842219377,26.602997993473434,26.72420109018321,96503200
2016-10-21,26.664743423461914,26.735637153357494,26.59156409353278,26.712767195159202,92770800
2016-10-24,26.90485954284668,26.92544040811582,26.756213562994642,26.779081772648983,94154800
2016-10-25,27.04207420349121,27.067229760933547,26.827109165250445,26.97346782051524,192516000
2016-10-26,26.433778762817383,26.45893432895572,25.91237565510164,26.141061351098607,264536800
2016-10-27,26.179935455322266,26.495521042006445,26.093033786794877,26.388038501290872,138248000
2016-10-28,26.00613021850586,26.34687131993518,25.944384121128103,26.040433412078734,151446800
2016-10-31,25.96497344970703,26.122767134107963,25.88721940785246,25.99012901518351,105677600
2016-11-01,25.49616050720215,26.01756346663362,25.276622510848522,25.94667147935056,175303200
2016-11-02,25.519025802612305,25.69282735078854,25.436700590036935,25.475576724117772,113326800
2016-11-03,25.245502471923828,25.62017331781611,25.181142007961093,25.509841594934596,107730400
2016-11-04,25.017934799194336,25.342037894308067,24.850138160736485,24.946678836590927,123348000
2016-11-07,25.378822326660156,25.40180795679765,25.160454456126065,25.302968168884384,130240000
2016-11-08,25.528226852416992,25.67993515045531,25.215617408299515,25.355832015750337,97016800
2016-11-09,25.48685073852539,25.587989598793193,24.83634892038631,25.256990967873747,236705600
2016-11-10,24.776582717895508,25.535118842363453,24.326057817339162,25.535118842363453,228538000
2016-11-11,24.923696517944336,25.02483538436414,24.49156075416235,24.622580761255733,136575600
2016-11-14,24.298477172851562,24.781182360897954,23.92380636217132,24.758196733598787,204702000
2016-11-15,24.620281219482422,24.751301224165672,24.401915129573986,24.496156727620768,129058000
2016-11-16,25.28227424621582,25.337441850694617,24.50304980828329,24.526035433304067,235362000
2016-11-17,25.2730770111084,25.365021255298394,25.015635231805124,25.240896788695487,110528000
2016-11-18,25.29836654663086,25.408700011438132,25.206424038597554,25.220215064064362,113715600
2016-11-21,25.682231903076172,25.741994178360056,25.286872833028042,25.312157547067688,117058400
2016-11-22,25.698328018188477,25.840839981124503,25.606383741451264,25.732805587485117,103862000
2016-11-23,25.56729507446289,25.631655509549816,25.360420994761817,25.597176203984585,109705600
2016-11-25,25.69602394104004,25.71441314355612,25.50294082200296,25.5443156508187,45903600
2016-11-28,25.645456314086914,25.852330472710847,25.604081482362126,25.613276084266637,108776000
2016-11-29,25.620166778564453,25.751186762101863,25.30066187566286,25.46386208296801,114115200
2016-11-30,25.404102325439453,25.79026682920152,25.346637379961116,25.652351310791705,144649200
2016-12-01,25.167343139648438,25.500640824107702,25.06160786675847,25.369620838821145,148347600
2016-12-02,25.261587142944336,25.30525930339659,25.020233701415115,25.09378875204552,106112000
2016-12-05,25.079998016357422,25.291468570139198,24.88231848669901,25.284573058077516,137298000
2016-12-06,25.2730770111084,25.36732034366806,25.09838487620706,25.169640832451275,104782000
2016-12-07,25.521326065063477,25.558104464389725,25.091489483504244,25.114475106237848,119994800
2016-12-08,25.771875381469727,25.84313134162784,25.422487585094927,25.48225161015469,108273200
2016-12-09,26.192516326904297,26.364911129636067,25.815546498559403,25.815546498559403,137610400
2016-12-12,26.043113708496094,26.433874632014717,25.856926094665106,26.04081461966854,105497600
2016-12-13,26.4775447845459,26.645341417576397,26.146546188104477,26.167232723536717,174935200
2016-12-14,26.4775447845459,26.709701866064297,26.429274448179974,26.443065471801468,136127200
2016-12-15,26.622356414794922,26.83152963095171,26.486740002844183,26.521217562702347,186098000
2016-12-16,26.656843185424805,26.778668607512163,26.583288114332937,26.771773093611554,177404400
2016-12-19,26.81084632873535,26.980942085876432,26.606271251631483,26.617764942849433,111117600
2016-12-20,26.882095336914062,27.00851889278205,26.820033980018344,26.833825002952814,85700000
2016-12-21,26.90738296508789,26.98553619546714,26.84302251282898,26.847620690099358,95132800
2016-12-22,26.730388641357422,26.780958063359915,26.58097946372022,26.744179664197883,104343600
2016-12-23,26.78325653076172,26.78325653076172,26.56948689924078,26.56948689924078,56998000
2016-12-27,26.9533634185791,27.07748793382228,26.77637037225981,26.783265886380324,73187600
2016-12-28,26.83842658996582,27.128048630534312,26.709703929355662,27.013118748301817,83623600
2016-12-29,26.83152961730957,26.918875691723734,26.755675478278704,26.767167413662005,60158000
2016-12-30,26.622356414794922,26.939562241325184,26.532711251782224,26.813140429900198,122345200
2017-01-03,26.698209762573242,26.739584586867494,26.37870485695846,26.617759202470722,115127600
2017-01-04,26.6683292388916,26.780961786716674,26.606267873790532,26.629253499617192,84472400
2017-01-05,26.803945541381836,26.861410478782332,26.62005704022397,26.645341752975444,88774400
2017-01-06,27.102767944335938,27.160232890274713,26.771769294547475,26.843025266330446,127007600
2017-01-09,27.351009368896484,27.452148213448933,27.109657699428972,27.111955034121088,134247600
2017-01-10,27.37860107421875,27.44066244894811,27.19241519633956,27.30044782985429,97848400
2017-01-11,27.525712966918945,27.567087803947974,27.261373827771873,27.29355406171765,110354400
2017-01-12,27.410770416259766,27.42226410323541,27.17171610742773,27.330319868501487,108344800
2017-01-13,27.362503051757812,27.495822118879804,27.30963454110923,27.378593163052493,104447600
2017-01-17,27.583171844482422,27.63833769713795,27.174021742713133,27.201603792195478,137759200
2017-01-18,27.580869674682617,27.698098632959226,27.51650922815919,27.583168763112923,94852000
2017-01-19,27.53260612487793,27.603862100561834,27.438364520298357,27.44526003359795,102389200
2017-01-20,27.583171844482422,27.686608037422893,27.521110479456304,27.686608037422893,130391600
2017-01-23,27.601558685302734,27.769355317601576,27.530300971624104,27.58316948476046,88200800
2017-01-24,27.576278686523438,27.606159827244124,27.468244306984907,27.479737997711087,92844000
2017-01-25,28.01531410217285,28.065883542932227,27.647538742592733,27.67971897695029,129510400
2017-01-26,28.029102325439453,28.144032216222865,27.950949087787432,27.967039202349472,105350400
2017-01-27,28.031400680541992,28.123344947252377,27.95095010480454,28.075074601809906,82251600
2017-01-30,27.957841873168945,27.957841873168945,27.73487937990102,27.79694074324554,121510000
2017-01-31,27.89348602294922,27.902680625274698,27.725689353159677,27.8475147650129,196804000
2017-02-01,29.594444274902344,29.994401522323454,29.19448878117204,29.199085204775255,447940000
2017-02-02,29.543869018554688,29.741548514621066,29.371474231544973,29.41744722696184,134841600
2017-02-03,29.670297622680664,29.695582336048417,29.45882706877832,29.493304629106387,98029200
2017-02-06,29.948434829711914,29.99670693584551,29.62892981567139,29.681800100337362,107383600
2017-02-07,30.233448028564453,30.362168907763092,29.985199115518117,30.005885648093418,152735200
2017-02-08,30.350677490234375,30.392054065860123,30.162194333707124,30.192077221248987,92016400
2017-02-09,30.56998634338379,30.57691174956189,30.269872492846723,30.392226032109306,113399600
2017-02-10,30.500732421875,30.69003627370901,30.484574313048007,30.57922623896501,80262000
2017-02-13,30.770845413208008,30.893202535679777,30.646184517651555,30.722367545942816,92141600
2017-02-14,31.170230865478516,31.186388981084797,30.761614067524942,30.812402755297203,132904800
2017-02-15,31.283344268798828,31.45879735793977,31.077882248032616,31.285655086869752,142492400
2017-02-16,31.24640655517578,31.373374722183783,31.128667569101108,31.320278751111992,90338400
2017-02-17,31.33182716369629,31.357221505579854,31.188697339946398,31.188697339946398,88792800
2017-02-21,31.558067321777344,31.569610845617106,31.39185044173371,31.449564538343612,98028800
2017-02-22,31.652711868286133,31.655019163477846,31.421855535944346,31.495727730547916,83347600
2017-02-23,31.51881980895996,31.738132655209306,31.465723830362226,31.715049131839642,83152800
2017-02-24,31.5488224029541,31.5488224029541,31.230239585770025,31.375680180151893,87106400
2017-02-27,31.611148834228516,31.72888779187423,31.461093660766565,31.65963020312745,81029600
2017-02-28,31.62502098083496,31.728905661167946,31.558070649058873,31.645797212383705,93931600
2017-03-01,32.27140426635742,32.35451268463319,31.765831871316816,31.83277865592797,145658400
2017-03-02,32.07979965209961,32.38452819956247,32.03362556445187,32.31988870396161,104844000
2017-03-03,32.26908874511719,32.280632262993784,31.994369223554767,32.03823247793358,84432400
2017-03-06,32.16752243041992,32.26679249102052,31.996690988707904,32.17444783899807,87000000
2017-03-07,32.20907211303711,32.315264038884955,32.040544476985474,32.102876664601666,69785200
2017-03-08,32.089027404785156,32.27371315911442,32.04747495941965,32.07748388465437,74828800
2017-03-09,32.0151481628418,32.0405424952935,31.638854810714165,32.02900249902331,88623600
2017-03-10,32.121360778808594,32.17214947086683,32.00593257369248,32.14675512483771,78451200
2017-03-13,32.135196685791016,32.18829264917748,32.047473685975916,32.054399093261644,69686800
2017-03-14,32.08673095703125,32.23909349746687,32.052100384931684,32.158295874412474,61236400
2017-03-15,32.426090240478516,32.49303704395142,32.09596376949352,32.183690325330886,102767200
2017-03-16,32.47917556762695,32.55535857439694,32.379905520288666,32.486100975279875,76928000
2017-03-17,32.31757354736328,32.55073713387873,32.294486509155334,32.55073713387873,175540000
2017-03-20,32.65693664550781,32.666169348388465,32.37298083505005,32.41222598682167,86168000
2017-03-21,32.282958984375,32.9662954963866,32.25756463879983,32.80700401255952,158119600
2017-03-22,32.6476936340332,32.68924959482827,32.2644713762647,32.285251117955816,103440800
2017-03-23,32.53227233886719,32.684638356177594,32.460707442957485,32.61076264260119,81385200
2017-03-24,32.46763610839844,32.72157949606167,32.40068931851718,32.666172705320164,89582400
2017-03-27,32.52303695678711,32.60152725405525,32.001299459750086,32.179059798635386,94300400
2017-03-28,33.197147369384766,33.25255064482762,32.463022266468414,32.52997258774683,133499200
2017-03-29,33.2710075378418,33.35642676088705,33.05631287801409,33.16943020616903,116760000
2017-03-30,33.22713851928711,33.35872827321344,33.12787202218774,33.287163399009366,84829200
2017-03-31,33.164825439453125,33.30564795960182,33.014766692278144,33.178676257404064,78646800
2017-04-03,33.17404556274414,33.271004774217744,33.023990395065574,33.17635637991859,79942800
2017-04-04,33.421077728271484,33.4487793654904,33.051706126605545,33.070175058947704,79565600
2017-04-05,33.24793243408203,33.58036614090385,33.19945105075871,33.29410299945432,110871600
2017-04-06,33.164825439453125,33.3633620494564,33.11634405403635,33.310262550526474,84596000
2017-04-07,33.090938568115234,33.28485699929098,33.07478046014424,33.18097237706021,66688800
2017-04-10,33.05170440673828,33.21561397112792,32.98937220365056,33.15097447258824,75733600
2017-04-11,32.6961784362793,33.09325154850054,32.333732359535915,32.99859962141102,121517600
2017-04-12,32.73543930053711,32.81623692963947,32.5530607658924,32.689268723537296,81400000
2017-04-13,32.562286376953125,32.86932572163703,32.562286376953125,32.76082296364392,71291600
2017-04-17,32.74236297607422,32.75390650035983,32.52073928659313,32.66156182866395,66328400
2017-04-18,32.596923828125,32.79084236377597,32.576147597002944,32.64540522333235,58790000
2017-04-19,32.47687911987305,32.78161128178607,32.42378313017828,32.75390963891739,69313600
2017-04-20,32.88317108154297,32.993981116340386,32.58767530702486,32.601526121051094,93278400
2017-04-21,32.84393310546875,32.93858152950958,32.74697386352734,32.883178261307776,69283600
2017-04-24,33.16020202636719,33.23176692273539,33.054006568067706,33.12788228211742,68537200
2017-04-25,33.36567306518555,33.45108880046584,33.21330700555945,33.222543233615575,75486000
2017-04-26,33.16943359375,33.38182450307761,33.10017951743427,33.35181205494892,80164800
2017-04-27,33.1948356628418,33.28025491451147,33.08402559233279,33.22484811796265,56985200
2017-04-28,33.162513732910156,33.31257247606476,33.07479071404166,33.264091091946895,83441600
2017-05-01,33.838924407958984,33.98205421858617,33.46493824595202,33.49725799424165,134411600
2017-05-02,34.053611755371094,34.18750883290929,33.89893845612549,34.0605371626069,181408800
2017-05-03,33.949737548828125,34.0490076206691,33.30564982001212,33.61037839972,182788000
2017-05-04,33.82737731933594,33.96819981973374,33.66116048206023,33.82507002419722,93487600
2017-05-05,34.388362884521484,34.39297747518254,33.88047610474246,33.88047610474246,109310800
2017-05-08,35.323326110839844,35.48261754362255,34.40451889529334,34.40451889529334,195009600
2017-05-09,35.549560546875,35.755022499341734,35.42489618049583,35.52185539735332,156521600
2017-05-10,35.38104248046875,35.53802662820742,35.11555909039869,35.466461724236616,103222800
2017-05-11,35.68703079223633,35.71485030550532,35.30686379075656,35.33931694196356,109020400
2017-05-12,36.185428619384766,36.259605746800744,35.853939522534674,35.86089351769465,130108000
2017-05-15,36.09269332885742,36.31291137117154,35.942018757044565,36.16455361809518,104038800
2017-05-16,36.03937530517578,36.17614187932493,35.865518411455746,36.148325908210545,80194000
2017-05-17,34.829341888427734,35.830759605936734,34.70416644230344,35.605904337064445,203070800
2017-05-18,35.36017608642578,35.54562416578141,35.03332778161628,35.06578093021892,134272800
2017-05-19,35.48070526123047,35.69396923871567,35.381029032057384,35.55488588146532,107843200
2017-05-22,35.6963005065918,35.8330670876935,35.44594614245283,35.698617325259924,91865600
2017-05-23,35.65225601196289,35.907244012150436,35.53866822949923,35.907244012150436,79675600
2017-05-24,35.54563522338867,35.73803735607429,35.3903234255379,35.6615398669008,76712000
2017-05-25,35.668479919433594,35.77975088044138,35.47376104336142,35.63602677342156,76942400
2017-05-26,35.608211517333984,35.75425244588684,35.538668049588445,35.69861696426487,87710400
2017-05-30,35.62211227416992,35.798285957861246,35.543298010712775,35.56415998566432,80507600
2017-05-31,35.41117858886719,35.73803046949931,35.323093482019345,35.69166932845386,97804800
2017-06-01,35.508544921875,35.54331843723868,35.28600998691513,35.50622810236903,65616400
2017-06-02,36.03473663330078,36.03473663330078,35.441305693340496,35.601254594855675,111082800
2017-06-05,35.682403564453125,35.80294538988069,35.57345644848744,35.77744622560042,101326800
2017-06-06,35.80292510986328,36.118185718240646,35.64761339254073,35.675429360679935,106499600
2017-06-07,36.016197204589844,36.157600969588174,35.809887141277,35.93506610026069,84278400
2017-06-08,35.9281120300293,36.05560427043574,35.79134190296804,35.98838115344194,85003200
2017-06-09,34.534934997558594,35.974471743082624,33.84878171909158,35.974471743082624,259530800
2017-06-12,33.70969009399414,33.86500181812476,33.035124540031404,33.7838707284533,289229200
2017-06-13,33.980926513671875,34.18028266533388,33.647120535342054,34.11305952056469,136661600
2017-06-14,33.64942169189453,34.19185432860384,33.34343187398011,34.19185432860384,126124800
2017-06-15,33.44775390625,33.49179822808416,32.96559379650848,33.22290219610901,128661600
2017-06-16,32.9794921875,33.496425655314404,32.96326384749294,33.329522767002864,201444400
2017-06-19,33.9229621887207,34.01568800387073,33.30171514429232,33.30171514429232,130165600
2017-06-20,33.61465835571289,34.04582370587389,33.59843354738136,34.04582370587389,99600400
2017-06-21,33.81401062011719,33.86037529495847,33.52193226910873,33.7328795134011,85063200
2017-06-22,33.75837326049805,34.00640725294083,33.640148310575654,33.79082640541002,76425200
2017-06-23,33.909053802490234,34.11304705629635,33.637837428477,33.642474603462084,141757600
2017-06-26,33.80242156982422,34.37267026030625,33.70042494885919,34.115361889100086,102769600
2017-06-27,33.317928314208984,33.881226390975435,33.292429166089896,33.61464374479824,99047600
2017-06-28,33.80474090576172,33.86964720809466,33.185810677504435,33.49411738215002,88329600
2017-06-29,33.30634307861328,33.6424692374205,32.98181162398346,33.54510980103156,125997600
2017-06-30,33.385162353515625,33.60306356993053,33.329526871517864,33.48483861282625,92096400
2017-07-03,33.264625549316406,33.681882883841496,33.171903269256724,33.58452342864035,57111200
2017-07-05,33.40139389038086,33.563659657502356,33.08381635064818,33.308671605490986,86278400
2017-07-06,33.08613204956055,33.264626155915046,33.01195493158579,33.153358710388744,96515200
2017-07-07,33.422245025634766,33.55437795269966,33.1255295657417,33.1255295657417,76806800
2017-07-10,33.62624740600586,33.832557485774224,33.234489228921056,33.406029337936204,84362400
2017-07-11,33.73518753051758,33.80936816120686,33.468608405373175,33.54973949092153,79127200
2017-07-12,33.78388214111328,33.885875242258294,33.570618050690655,33.81401493905517,99538000
2017-07-13,34.25445556640625,34.42135851767679,33.7143395625903,33.72824755234141,100797600
2017-07-14,34.548831939697266,34.61605856966863,34.15244029945885,34.300798004440914,80528400
2017-07-17,34.66938781738281,34.98001133617501,34.43989894381205,34.49785125121931,95174000
2017-07-18,34.78993225097656,34.80152342076449,34.46308036345037,34.585938981519924,71475200
2017-07-19,35.00782775878906,35.10055002760471,34.759790207159064,34.882648805047324,83692000
2017-07-20,34.85020065307617,35.17473571470918,34.81543068156793,35.11910022316766,68974800
2017-07-21,34.83396911621094,34.87337625535041,34.511754473009255,34.76906282384856,105010400
2017-07-24,35.25586700439453,35.33700165449248,34.74820419505378,34.905836319982505,85972800
2017-07-25,35.40654373168945,35.661531767224204,35.18864248543714,35.18864248543714,75415600
2017-07-26,35.573429107666016,35.68237613989782,35.48070333740022,35.54792996298373,63124000
2017-07-27,34.901187896728516,35.69629518520413,34.14549127963004,35.640659711313354,129905200
2017-07-28,34.65548324584961,34.82470300976447,34.58362294352118,34.7458887128319,68854800
2017-07-31,34.47697448730469,34.84787054859077,34.33789111716764,34.748190773055256,79383600
2017-08-01,34.7829704284668,34.82237756717428,34.40280349002849,34.56275240057083,141474400
2017-08-02,36.42650604248047,37.03152833707844,36.199333963891554,36.922577704697034,279747200
2017-08-03,36.062564849853516,36.44273185865014,35.93506906154069,36.405641531663086,108389200
2017-08-04,36.25263214111328,36.486758104817916,36.09036644660874,36.17845505382272,82239600
2017-08-07,36.81361770629883,36.83911685924383,36.31754617029138,36.40795161489137,87481200
2017-08-08,37.10801315307617,37.513679209267366,36.68843911232736,36.76493656452155,144823600
2017-08-09,37.33519744873047,37.38387894784038,36.88317011611761,36.9179400889615,104526000
2017-08-10,36.145999908447266,37.235125628594886,35.985422861011024,37.211852254669694,163217200
2017-08-11,36.64866256713867,36.90232949808078,36.32053080044579,36.443871840263014,105028400
2017-08-14,37.20022964477539,37.284008843186335,36.94423666323658,37.076888540311955,88490800
2017-08-15,37.60747146606445,37.74710103116794,37.267699444045775,37.388714574616245,117862000
2017-08-16,37.456207275390625,37.81924917046181,37.270030943015655,37.68660088619419,110686400
2017-08-17,36.73710250854492,37.400354541802336,36.73244712399428,37.356137266116114,111762400
2017-08-18,36.65331268310547,37.118751574319504,36.47179179961335,36.737091825564676,109712400
2017-08-21,36.585845947265625,36.744093553772515,36.09713341937052,36.65333306156558,105474000
2017-08-22,37.183921813964844,37.23512038858057,36.77433676805687,36.82320587499691,86418400
2017-08-23,37.2304801940918,37.34451407517347,36.97449076758861,37.01870805925333,77596400
2017-08-24,37.06523895263672,37.40733693119155,36.897680614119324,37.3351908971209,79275600
2017-08-25,37.20254135131836,37.365444299606544,37.06523769140532,37.153668691322935,101920400
2017-08-28,37.57721710205078,37.70055815018912,37.21882709155933,37.2676997479055,103864000
2017-08-29,37.9123420715332,37.961211187597634,37.23512734077837,37.25840071577374,118067600
2017-08-30,38.01473617553711,38.14040315773417,37.842522447101416,38.11945925253769,109078400
2017-08-31,38.16600799560547,38.28702316158408,38.04499282962685,38.082228811623146,107140400
2017-09-01,38.17763137817383,38.38475157319191,38.079889622762565,38.35217098805483,66364400
2017-09-05,37.719181060791016,38.224182004222335,37.36544638829334,38.10782224165241,117874000
2017-09-06,37.67961883544922,37.93095634650661,37.35613884039739,37.86579516412337,86606800
2017-09-07,37.528350830078125,37.75641853046921,37.318904669575105,37.721508469706514,87714000
2017-09-08,36.91630554199219,37.50275628603585,36.89303216520465,37.43526917498196,114446000
2017-09-11,37.58420944213867,37.71220591205249,37.209530803492086,37.35148987902946,126323200
2017-09-12,37.435272216796875,38.15670434360597,36.94888914117721,37.84253148653965,286856000
2017-09-13,37.15365982055664,37.225805834946854,36.748730238780546,37.20485838508281,179629600
2017-09-14,36.83485412597656,37.095498914209934,36.790636838468636,37.000086587029514,95042800
2017-09-15,37.207210540771484,37.4608740508664,36.76969655930923,36.8790750546748,196458400
2017-09-18,36.92559814453125,37.35147520381836,36.76967652463116,37.26071475190585,113077600
2017-09-19,36.939571380615234,37.18160168941418,36.872084276845705,37.12109233670527,83242400
2017-09-20,36.32054901123047,36.8302019430393,35.799255838411696,36.74642274653306,211805600
2017-09-21,35.69684982299805,36.25770476231295,35.54790946058853,36.25770476231295,150046800
2017-09-22,35.34776306152344,35.43619760371749,35.03824571486186,35.2663098199218,186581600
2017-09-25,35.03593063354492,35.333811387669186,34.712450585659106,34.90560824749289,177549200
2017-09-26,35.63866424560547,35.820185172327,35.301221679316356,35.32216558216474,146640000
2017-09-27,35.89234161376953,36.006375492006406,35.73176452742221,35.792273893883035,102016800
2017-09-28,35.6712532043457,35.90397275998524,35.53627543595255,35.81321227532656,88022000
2017-09-29,35.86674499511719,35.86907446385912,35.37338056046845,35.65497284974704,105199200
2017-10-02,35.79458999633789,35.94353035206246,35.54092656332573,35.89931307362548,74795200
2017-10-03,35.95051193237305,36.09247098744628,35.81786364705247,35.8411334693977,64921200
2017-10-04,35.7177848815918,35.80621942052902,35.48041356815631,35.75269493428581,80655200
2017-10-05,36.16229248046875,36.17392916873495,35.85044912063934,35.88070024890902,85135200
2017-10-06,36.14134979248047,36.18556707877376,35.9691360329747,36.064551908552986,69630400
2017-10-09,36.26700973510742,36.47412996923933,36.185560032391976,36.260028433475185,65051600
2017-10-10,36.28097152709961,36.769683936536744,36.0947987530455,36.31820750231765,62468000
2017-10-11,36.432254791259766,36.532322516696084,36.24607839747336,36.297276994540105,67622400
2017-10-12,36.30424118041992,36.623065751896675,36.241405922553476,36.3856944239882,64500400
2017-10-13,36.53464889526367,36.60213601240571,36.39967110996054,36.47413953056489,65576800
2017-10-16,37.207210540771484,37.235135756262515,36.68824327943471,36.74642317905386,96486000
2017-10-17,37.344486236572266,37.43757258572378,37.05591287257602,37.1839092659218,75989200
2017-10-18,37.17927551269531,37.40036193482916,37.142043081984205,37.33287127406661,65496800
2017-10-19,36.299591064453125,36.55558396623373,36.07618230564295,36.47878609569955,170336800
2017-10-20,36.362422943115234,36.71150220336914,36.29493584858067,36.44620210761689,95896400
2017-10-23,36.34381103515625,36.69754573899603,36.187889365619526,36.51136939218465,87937200
2017-10-24,36.56023406982422,36.634702461664304,36.35078439380002,36.37172829609713,71028800
2017-10-25,36.39966583251953,36.66496597867976,36.1343656863593,36.51602560804627,84828400
2017-10-26,36.632381439208984,36.73012321400495,36.485767001505955,36.590490078000336,68002000
2017-10-27,37.94491958618164,38.072916036230644,36.93258822336097,37.069891892041646,177816800
2017-10-30,38.79899215698242,39.113164876744115,38.100833713971966,38.14039559962046,178803200
2017-10-31,39.33891296386719,39.480872037882925,38.85020401718745,39.073612806807134,144187200
2017-11-01,38.838565826416016,39.54836116903505,38.54068508443468,39.53206909593334,134551200
2017-11-02,39.122474670410156,39.21323513193892,38.463878069668525,38.77106950931524,165573600
2017-11-03,40.14411544799805,40.5537005069561,39.82296138808833,40.49319471276325,237594400
2017-11-06,40.55137634277344,40.72359006586679,39.962596241505004,40.11386250903352,140105200
2017-11-07,40.681705474853516,40.78410264881094,40.40011679748923,40.47225929249961,97446000
2017-11-08,41.01447296142578,41.01447296142578,40.569978005036056,40.64677584182198,97638000
2017-11-09,40.93071365356445,40.981912236223316,40.293060838370266,40.75151861425842,117930400
2017-11-10,40.79523849487305,40.961064873351376,40.70181749198398,40.89800373632071,100582000
2017-11-13,40.631771087646484,40.75555558454836,40.49864234732674,40.52199939208676,67928400
2017-11-14,40.017513275146484,40.51732333592868,39.98014343267312,40.414558051019085,99130000
2017-11-15,39.48966979980469,39.77928067598578,39.32618122606682,39.69753460722504,116632400
2017-11-16,39.961463928222656,40.14129962136904,39.77461827097618,39.98014528654126,94550000
2017-11-17,39.73957824707031,40.02918916149896,39.62046589128432,39.947443081942396,87598000
2017-11-20,39.699859619140625,39.83532256684315,39.601766497793854,39.77226143034066,65049600
2017-11-21,40.437904357910156,40.56869520805978,39.88671180100576,39.88671180100576,100525200
2017-11-22,40.862979888916016,40.87232056555196,40.416886849149655,40.4892886753747,102355600
2017-11-24,40.86530685424805,40.98909128927828,40.790567199401096,40.89567028450248,56106800
2017-11-27,40.659786224365234,40.89100807834741,40.484619125107635,40.88400167947981,82867200
2017-11-28,40.42155075073242,40.84194882576043,40.138946337931515,40.70882371901031,105715200
2017-11-29,39.583099365234375,40.386533173869445,39.041250894810226,40.31880345148558,166665600
2017-11-30,40.1366081237793,40.20433780938099,39.34018114777853,39.8049554007346,166108800
2017-12-01,39.94977951049805,40.09458318069577,39.35421062507689,39.69286632422728,159037200
2017-12-04,39.65782928466797,40.31645567986797,39.61812517252679,40.283757966117385,130169600
2017-12-05,39.62045669555664,40.05954330434528,39.33084584834535,39.484993729786034,109400800
2017-12-06,39.47332000732422,39.75125237053263,38.87775473048756,39.12065153613966,114240000
2017-12-07,39.545719146728516,39.80730082895225,39.44996029384907,39.477985884435,102693200
2017-12-08,39.557403564453125,39.93810122531584,39.42895053434626,39.81898887304468,93420800
2017-12-11,40.3281364440918,40.379519077673,39.42193752142367,39.517696389805344,141095200
2017-12-12,40.101593017578125,40.262747342436676,40.04554181852073,40.20669257959501,77636800
2017-12-13,40.234718322753906,40.53133206264366,40.171657165390585,40.28843523854579,95273600
2017-12-14,40.223045349121094,40.43558232687889,40.08991661675045,40.26508375063742,81906000
2017-12-15,40.631771087646484,40.67848161338187,40.27910251999196,40.55236283751787,160677200
2017-12-18,41.2039680480957,41.386141526801474,40.83962109068416,40.84429321069244,117684400
2017-12-19,40.76487731933594,40.96340141618116,40.659777794328534,40.87932108341863,109745600
2017-12-20,40.72050857543945,40.970411756114494,40.46359543289187,40.84195518484071,93902400
2017-12-21,40.87466049194336,41.11055448405394,40.6621271041095,40.67847418142717,83799600
2017-12-22,40.87466049194336,40.970419368665794,40.755548138512246,40.79758653485828,65397600
2017-12-26,39.8376579284668,40.04785695201319,39.62978961872121,39.891374823145085,132742000
2017-12-27,39.84467697143555,39.8867153639745,39.636812159497616,39.72789890711573,85992800
2017-12-28,39.956790924072266,40.13663017703035,39.816655793286984,39.938106002381936,65920800
2017-12-29,39.52470397949219,39.8423404676631,39.52236970108952,39.82599339127674,103999600
2018-01-02,40.23237609863281,40.24172033918654,39.5317077360136,39.741910383069516,102223600
2018-01-03,40.225364685058594,40.76721652854548,40.16230710620868,40.29543222534164,118071600
2018-01-04,40.41222381591797,40.51498910093852,40.19034616714233,40.29778000963884,89738400
2018-01-05,40.872337341308594,40.95875199984759,40.41690343797673,40.5079902186431,94640000
2018-01-08,40.72050857543945,41.01478798653484,40.6224118746243,40.72050857543945,82271200
2018-01-09,40.71584701538086,40.886342019408715,40.500975769423384,40.76722965721681,86336000
2018-01-10,40.70650863647461,40.70884647930299,40.40522270575137,40.442592553157525,95839600
2018-01-11,40.937721252441406,40.98676961148585,40.753213463964485,40.77656694044623,74670800
2018-01-12,41.360443115234375,41.42350425128343,41.02412180801642,41.14790623861987,101672400
2018-01-16,41.15024185180664,41.897620514162924,41.138563336313986,41.5496207096643,118263600
2018-01-17,41.82990264892578,41.86493464152241,40.88867176747151,41.14090924173439,137547200
2018-01-18,41.86727523803711,42.06346511753635,41.631384803459454,41.89296655774629,124773600
2018-01-19,41.6804313659668,41.942013108967615,41.435196700011545,41.7154633623387,129700400
2018-01-22,41.33943176269531,41.52160524468248,41.24601074354723,41.4094993089481,108434400
2018-01-23,41.348785400390625,41.90932238233677,41.297406318402174,41.40951228927758,130756400
2018-01-24,40.69014358520508,41.40949679304685,40.45191536793294,41.39781827541702,204420400
2018-01-25,39.963775634765625,40.86063000644692,39.82831269886858,40.757864774815886,166116000
2018-01-26,40.057220458984375,40.17166427388989,39.718564699664896,40.17166427388989,156572000
2018-01-29,39.228092193603516,39.74191500654441,39.02022736439535,39.74191500654441,202561600
2018-01-30,38.99686050415039,39.0902815143299,38.46668718373474,38.66053916545118,184192800
2018-01-31,39.10429000854492,39.340183913545225,38.887084580064766,38.97349918316555,129915600
2018-02-01,39.1860466003418,39.38223289119997,38.94781835356621,39.043577220693535,188923200
2018-02-02,37.48575973510742,38.95716410101793,37.392338706452456,38.770318479924185,346375200
2018-02-05,36.549198150634766,38.275177718301975,36.43475436997214,37.158779760529875,290954000
2018-02-06,38.076656341552734,38.237810644644064,35.967644731061384,36.16149675044778,272975200
2018-02-07,37.261539459228516,38.16306616794101,37.151771368454334,38.09066434552719,206434400
2018-02-08,36.236228942871094,37.60253360818496,36.20820335015767,37.436707202469265,217562000
2018-02-09,36.67947006225586,37.026541590352025,35.23255325499778,36.834246508765105,282690400
2018-02-12,38.156856536865234,38.433574681948436,36.937410211584435,37.1695747743934,243278000
2018-02-13,38.53911590576172,38.635265224296035,37.90828763396971,37.978640881148834,130196800
2018-02-14,39.24966049194336,39.28952648112908,38.19672031477499,38.234238930394085,162579600
2018-02-15,40.56761169433594,40.591060388671146,39.631921837320796,39.81718190932094,204588800
2018-02-16,40.436279296875,40.99675777482494,40.28150648157054,40.41986557057159,160704400
2018-02-20,40.300254821777344,40.865417133804456,40.19941438696158,40.34715576848364,135722000
2018-02-21,40.11735153198242,40.832599250578035,40.10327802296101,40.53008500542689,149886400
2018-02-22,40.45268630981445,40.79272266748071,40.26742630638958,40.28853119697347,123967600
2018-02-23,41.156211853027344,41.191386671149125,40.696573952461684,40.727061180375976,135249600
2018-02-26,41.9699592590332,42.068452335634156,41.32271750780691,41.35554853334056,152648800
2018-02-27,41.83393478393555,42.324056263823024,41.779998877778404,42.00043724856754,155712400
2018-02-28,41.7706298828125,42.35690081010692,41.75421615757141,42.037969282526205,151128400
2018-03-01,41.038978576660156,42.15992867666031,40.49022966477355,41.86913691169516,195208000
2018-03-02,41.32271957397461,41.34382446752006,40.44096585273092,40.52304520982578,153816000
2018-03-05,41.465763092041016,41.68151031825082,40.926393237359996,41.0882045515956,113605600
2018-03-06,41.43060302734375,41.801126768348745,41.30397005226552,41.721394762621166,95154000
2018-03-07,41.045997619628906,41.23829619080357,40.86777255571941,41.024892726201514,126814000
2018-03-08,41.49391174316406,41.53612153235945,41.05538223439218,41.15152794699737,95096400
2018-03-09,42.206825256347656,42.2115164267676,41.59944929544689,41.73312081505599,128740800
2018-03-12,42.614864349365234,42.77198453917445,42.260757973375576,42.27951549540932,128828400
2018-03-13,42.20447540283203,43.03228973656736,42.033285279377445,42.81888624202116,126774000
2018-03-14,41.84567642211914,42.33345428800608,41.697934995814336,42.28655332708337,117473600
2018-03-15,41.894920349121094,42.267791390111284,41.75890863863255,41.859745523704035,90975200
2018-03-16,41.7471809387207,42.00513799817259,41.65337544393605,41.894918778246705,157618800
2018-03-19,41.109317779541016,41.61820051060324,40.72472419771771,41.58302568659741,133787200
2018-03-20,41.095245361328125,41.46107782208997,41.02489213926311,41.095245361328125,78597600
2018-03-21,40.16424560546875,41.06006563057241,40.16189823187742,41.04833949755598,148219600
2018-03-22,39.596736907958984,40.494900752679506,39.538109819601516,39.866420083077934,165963200
2018-03-23,38.6798095703125,39.847660204185324,38.6798095703125,39.48886269872853,164115200
2018-03-26,40.5160026550293,40.5933908285116,39.03156458909685,39.413814288272604,150164800
2018-03-27,39.47713088989258,41.074132023484395,39.144129495106135,40.72940449669083,163690400
2018-03-28,39.04095458984375,39.87111626930547,38.7384403503099,39.22152704663509,166674000
2018-03-29,39.34581756591797,40.276816164694516,39.13944903672395,39.35285253138467,153594000
2018-04-02,39.08785629272461,39.61784753834901,38.56959476044656,39.07847753168714,150347200
2018-04-03,39.48887252807617,39.57329570203977,38.66574926566696,39.31299121384488,121112000
2018-04-04,40.243980407714844,40.337782321799516,38.63994405999684,38.665740123117175,138422000
2018-04-05,40.523048400878906,40.85839366355364,40.35420208259207,40.471456271496045,107732800
2018-04-06,39.48651885986328,40.448000990287476,39.444305494278204,40.09389465436021,140021200
2018-04-09,39.87814712524414,40.59105096146025,39.83124616915198,39.83828113365013,116070800
2018-04-10,40.62858581542969,40.804467139306006,40.22523102640815,40.56995870747091,113634400
2018-04-11,40.438629150390625,40.78570058116523,40.26509164584622,40.38938081183268,89726400
2018-04-12,40.83729553222656,41.03897291367779,40.579334842586235,40.66610539000041,91557200
2018-04-13,40.97564697265625,41.23595140956656,40.7692820378696,40.98737310695765,100497200
2018-04-16,41.23125457763672,41.31802151105579,40.99909005243207,41.04599100081229,86313600
2018-04-17,41.79877853393555,41.96293369838951,41.36962773223247,41.38838883364353,106421600
2018-04-18,41.70496368408203,41.93478444114706,41.47983767421081,41.697928719918146,83018000
2018-04-19,40.523048400878906,41.1304242406062,40.49021737111835,40.74817443971879,139235200
2018-04-20,38.862728118896484,40.152524178994675,38.79471868641738,40.00713013182585,261964400
2018-04-23,38.75016403198242,39.14413637278911,38.48047726168653,39.123031478455985,146062000
2018-04-24,38.21079635620117,39.005779628477015,37.8074416526787,38.85100323747827,134768000
2018-04-25,38.377296447753906,38.79237729841982,38.08650833536919,38.135753093228,113528400
2018-04-26,38.51096725463867,38.86507362764552,38.31163369614759,38.48751498482302,111852000
2018-04-27,38.06540298461914,38.53676355292393,37.66908323921262,38.45937535604153,142623200
2018-04-30,38.754852294921875,39.22386903924131,37.9528340915333,38.020843523315335,169709600
2018-05-01,39.655372619628906,39.678821313082864,38.757205001282635,39.024544439194806,214277600
2018-05-02,41.407135009765625,41.683853104628085,40.75754597352116,41.09289114729308,266157600
2018-05-03,41.4821891784668,41.62523944023905,40.9076443356587,41.24533699153512,136272800
2018-05-04,43.10966491699219,43.20815798204488,41.78234696631987,41.801108061327,224805200
2018-05-07,43.421566009521484,44.010180667150244,43.32541672929725,43.42625360003483,169805600
2018-05-08,43.630279541015625,43.67014553139931,43.07214851901718,43.38170126079182,113611200
2018-05-09,43.937477111816406,43.94685586976027,43.43562947146801,43.747525953215835,92844800
2018-05-10,44.565956115722656,44.64334428474215,44.00548141735058,44.02658988403787,111957200
2018-05-11,44.39646530151367,44.74252214151275,44.12809505744413,44.60833881553374,104848800
2018-05-14,44.292884826660156,44.61775540501517,44.22461674459871,44.49533983182012,83115200
2018-05-15,43.89032745361328,44.03863854695123,43.57487541925094,43.97036687867035,94780800
2018-05-16,44.299957275390625,44.36587613183935,43.78675934704251,43.80323995918282,76732400
2018-05-17,44.019805908203125,44.471797695241,43.87149481216628,44.2575713547681,69176000
2018-05-18,43.8597297668457,44.21284873798185,43.81735721452309,44.06689404605473,73190800
2018-05-21,44.17047882080078,44.556555441924544,44.00098141717452,44.25758035606822,73603200
2018-05-22,44.05983352661133,44.46474358200202,43.970375567921366,44.34703725408873,60962800
2018-05-23,44.34232711791992,44.375284745399135,43.730252788035145,43.869148982230094,80233600
2018-05-24,44.292884826660156,44.455320115837665,43.83618734256598,44.43884309966214,92936000
2018-05-25,44.39411163330078,44.64600126495954,44.17517603214325,44.31171578071335,69844000
2018-05-29,44.23404312133789,44.434145345167785,43.99156833741936,44.16342218785683,90056400
2018-05-30,44.1398811340332,44.25758748372396,43.9703837031095,44.19167221526615,74762000
2018-05-31,43.9915657043457,44.31172708804303,43.81971545630675,44.073961577958656,109931200
2018-06-01,44.7849006652832,44.78960633163015,44.19872191503412,44.255222240202905,93770000
2018-06-04,45.159202575683594,45.53350777316066,45.04620552575139,45.11447360388858,105064800
2018-06-05,45.50761413574219,45.65592523952757,45.28397285957056,45.45111740448041,86264000
2018-06-06,45.66534423828125,45.6888869398152,45.18039476042203,45.58295196713627,83734400
2018-06-07,45.542938232421875,45.71714131505994,45.27927359062222,45.70301712912846,85388800
2018-06-08,45.12858963012695,45.199214120612574,44.67424508739857,45.003821253517046,106627200
2018-06-11,45.01795196533203,45.19215858819263,44.77783369179471,45.04620392089214,73234000
2018-06-12,45.265140533447266,45.342827132957446,44.99912311016498,45.05562343493012,67644400
2018-06-13,44.893184661865234,45.40638602703127,44.83197867553465,45.29809464432641,86553600
2018-06-14,44.91675567626953,45.09802450867321,44.780215843352416,45.09331524764472,86440400
2018-06-15,44.455322265625,44.76606867596771,44.31878250278761,44.73546388316103,246876800
2018-06-18,44.431785583496094,44.54478265155956,44.06924808496244,44.22933055748837,73939600
2018-06-19,43.71378707885742,43.864451070897154,43.18646131066189,43.58430936879681,134314000
2018-06-20,43.904449462890625,44.069237562827766,43.723180756904185,43.869139010086656,82514800
2018-06-21,43.65963363647461,44.33997608225244,43.53721804711214,44.081020718622625,102847600
2018-06-22,43.532508850097656,43.82206541739633,43.48071777729794,43.81500332493383,108801600
2018-06-25,42.88511657714844,43.53250128249265,42.546121829430355,43.17467309411117,126652400
2018-06-26,43.41714859008789,43.91151653812936,42.9722188736952,43.07815742835521,98276800
2018-06-27,43.35358810424805,44.08807431465228,43.322983314777396,43.605477734770446,101141200
2018-06-28,43.6690559387207,43.836200536589885,43.268855066330175,43.33947959489621,69460800
2018-06-29,43.57723617553711,44.06689492297677,43.05932905932024,43.855021380811685,90950800
2018-07-02,44.064537048339844,44.092789008299924,43.179386798681435,43.27355401169523,70925200
2018-07-03,43.29710006713867,44.245812888772036,43.207642098451544,44.208145997523516,55819200
2018-07-05,43.64549255371094,43.883261567497286,43.38183160356715,43.612534934942964,66416800
2018-07-06,44.25051498413086,44.358802788798194,43.59842095439938,43.65021202345311,69940800
2018-07-09,44.86493682861328,44.888475934967545,44.563608967231666,44.61069077205164,79026400
2018-07-10,44.81079864501953,45.02973068179138,44.770775334103476,44.89554734134358,63756400
2018-07-11,44.22934341430664,44.676626149822376,44.16578097349526,44.37529815265351,75326000
2018-07-12,44.970882415771484,45.0603403805497,44.56597233282379,44.61776340799935,72164400
2018-07-13,45.04149627685547,45.161555417926046,44.94026698401791,44.98264312282081,50055600
2018-07-16,44.94261932373047,45.35223493962522,44.82726585914835,45.08622115020571,60172400
2018-07-17,45.06975173950195,45.16862462279862,44.54007326976923,44.66955094745963,62138000
2018-07-18,44.822574615478516,45.15215453583667,44.7119303641148,45.14744527625814,65573600
2018-07-19,45.170982360839844,45.328708412023275,44.655428060581336,44.655428060581336,81147200
2018-07-20,45.06739807128906,45.30045429470257,44.76842300145352,45.14743750979245,82704800
2018-07-23,45.107425689697266,45.1898215680699,44.624828956613065,44.88849002002537,63957600
2018-07-24,45.434654235839844,45.59002749067055,45.21101287382696,45.30517652348092,74791600
2018-07-25,45.863101959228516,45.87016405255477,45.30046218207811,45.44877332615458,66839600
2018-07-26,45.7194938659668,46.131466017243845,45.578244834398404,45.813657492271,76304000
2018-07-27,44.95909881591797,45.95018747493368,44.75193816376309,45.90310567181263,96096000
2018-07-30,44.707218170166016,45.24631156955065,44.50947240208614,45.17568705463297,84118000
2018-07-31,44.79668045043945,45.23219537594548,44.573039107117175,44.799036876357306,157492000
2018-08-01,47.43564987182617,47.49685586882303,46.44927027493961,46.87772303025375,271742800
2018-08-02,48.822227478027344,49.05528728580015,47.16492406575627,47.21906796740019,249616000
2018-08-03,48.9634895324707,49.14004906023397,48.37260134727077,48.73749175640409,133789600
2018-08-06,49.217716217041016,49.26008876273099,48.74689099589185,48.96582299951276,101701600
2018-08-07,48.75631332397461,49.31894940500595,48.67391746091623,49.27657685288124,102349600
2018-08-08,48.789276123046875,48.921106644226434,48.146600536240406,48.50678163593179,90102000
2018-08-09,49.17300033569336,49.384870304763766,48.77750517675299,49.32601713645395,93970400
2018-08-10,49.02653884887695,49.39743474598381,48.823373747053296,48.98637876656086,98444800
2018-08-13,49.34309387207031,49.83446998162701,49.06669548632789,49.447039303572176,103563600
2018-08-14,49.55097579956055,49.74232821635951,49.1989794890338,49.6478343527854,82992000
2018-08-15,49.66674041748047,49.784859564930485,49.21552440909091,49.42577634736354,115230400
2018-08-16,50.39433670043945,50.5100911163555,49.957294569943286,50.0234409803836,114001600
2018-08-17,51.40071105957031,51.48811804528573,50.356538585749874,50.42268499732518,141708000
2018-08-20,50.89990234375,51.778705445399396,50.81721750232455,51.523571270388054,121150800
2018-08-21,50.80068588256836,51.30860042475476,50.56208648112297,51.216467625710436,104639200
2018-08-22,50.803043365478516,51.11251493875671,50.51719345762094,50.57861771807685,76072400
2018-08-23,50.906986236572266,51.27551736200739,50.696734319896585,50.708543349660324,75532800
2018-08-24,51.06526565551758,51.24007966949176,50.81721474938912,51.16921107177788,73905600
2018-08-27,51.48577117919922,51.67476252362456,51.105427405250616,51.29914091987179,82100400
2018-08-28,51.901546478271484,52.09998575718909,51.717280918603734,51.7385414974785,91107200
2018-08-29,52.67641067504883,52.796894504886076,51.83304188973848,52.00785590995711,109019200
2018-08-30,53.160701751708984,53.923750413942706,52.53939389969296,52.740197886722456,195175200
2018-08-31,53.7749137878418,54.06784690966644,53.38984428836114,53.51032449768809,173360400
2018-09-04,53.94736862182617,54.141082118508926,53.538677445708245,53.95918125564201,109560400
2018-09-05,53.59537124633789,54.25683907496072,53.17723213437342,54.096198793356,133332000
2018-09-06,52.704769134521484,53.708781965959,52.27953944967642,53.444192603882854,137160000
2018-09-07,52.27953338623047,53.2410213353136,52.140153662691596,52.40946516440661,150479200
2018-09-10,51.57789611816406,52.40945574431646,51.13849284121695,52.19683916241394,158066000
2018-09-11,52.88194274902344,52.9882492587636,51.1597635933339,51.50230839347898,142996000
2018-09-12,52.225189208984375,53.15360375769151,51.93461357971818,53.13943004010964,197114800
2018-09-13,53.48671340942383,53.94501627996278,52.57955921881434,52.80398487884961,166825600
2018-09-14,52.87956619262695,53.58828090480204,52.56773359371882,53.33078209117536,127997200
2018-09-17,51.47159957885742,52.66932583005766,51.327494078328534,52.48033447784941,148780400
2018-09-18,51.556644439697266,52.40946478981779,51.292055110199634,51.45033432804287,126286800
2018-09-19,51.58734893798828,51.88264677017388,50.86209933658958,51.61806106604274,108495200
2018-09-20,51.979515075683594,52.51105127333453,51.77162420931718,52.029126706870315,106435200
2018-09-21,51.41963195800781,52.29371299321586,51.3322213311896,52.15669433941624,384986800
2018-09-24,52.1590461730957,52.27007844864043,51.17629770710372,51.221183555265625,110773600
2018-09-25,52.48978042602539,52.63861168577063,51.901545851293584,51.91335848542905,98217600
2018-09-26,52.07164001464844,52.85831390102555,51.91572188840217,52.20865864637607,95938800
2018-09-27,53.14179992675781,53.493796258750265,52.80870308957469,52.87485312376238,120724800
2018-09-28,53.328433990478516,53.35205565714324,52.92210383485802,53.10400472654661,91717600
2018-10-01,53.6875114440918,54.197787005703184,53.47253734395038,53.85051643777683,94403200
2018-10-02,54.164710998535156,54.33480284363987,53.53868101635113,53.685147592248526,99152800
2018-10-03,54.823814392089844,55.15454651217673,54.28282676137159,54.34661210049897,114619200
2018-10-04,53.85995864868164,54.88995753864966,53.562296153667,54.51906176461063,128168000
2018-10-05,52.98588180541992,53.95918596232943,52.10943981236538,53.85287945813357,134322000
2018-10-08,52.863040924072266,53.10636606409156,52.01966853422493,52.49450978403178,118655600
2018-10-09,53.59537124633789,53.68986871026096,52.503951672171496,52.83232269929613,107564000
2018-10-10,51.112510681152344,53.47253222410703,51.03927739644141,53.26228031441347,167962400
2018-10-11,50.66129684448242,51.854300842204054,50.15811177498409,50.67783525382728,212497600
2018-10-12,52.470890045166016,52.65279454925669,51.22591316903266,52.07164673313409,161351600
2018-10-15,51.3487548828125,52.40474032798749,51.32749430183293,52.246461106178046,123164000
2018-10-16,52.48032760620117,52.67877048262682,51.20700353895954,51.71964012658048,116736000
2018-10-17,52.2535514831543,52.59609630592702,51.8165091751512,52.51577614701406,91541600
2018-10-18,51.032196044921875,51.91100276572367,50.31875540497844,51.46687363023819,130325200
2018-10-19,51.80942153930664,52.27008550819319,51.36529237714401,51.514123661211364,132314800
2018-10-22,52.1259765625,52.76618390607024,51.72201111053948,51.92281149157799,115168400
2018-10-23,52.61735534667969,52.74020027152465,50.72036209337525,50.98731252485266,155071200
2018-10-24,50.812496185302734,52.97171415000343,50.682564396539085,52.58664816384448,163702000
2018-10-25,51.925167083740234,52.29842394420903,51.20463971399698,51.43143001575748,119423200
2018-10-26,51.09833908081055,52.01730581697299,50.240792997824286,51.003841608951056,189033600
2018-10-29,50.13920593261719,51.899180119940304,48.68633857706264,51.78106099858024,183742000
2018-10-30,50.38961410522461,50.8337395169499,49.4375743470066,49.88169975873189,146640000
2018-10-31,51.70310592651367,52.07872389622704,51.17393092438422,51.23535517923457,153435600
2018-11-01,52.49686050415039,52.52993371263148,51.21881079657871,51.747985736985505,233292800
2018-11-02,49.014713287353516,50.47230292231517,48.53042413230621,49.50372821693035,365314800
2018-11-05,47.62327194213867,48.28473981849687,46.81533749201692,48.26347923934601,264654800
2018-11-06,48.13825607299805,48.36268162830157,47.64688021454866,47.70121398790015,127531600
2018-11-07,49.59822463989258,49.62421099408189,48.223319767020705,48.65799732372377,133697600
2018-11-08,49.4251708984375,49.81158038382015,49.01268077134279,49.77839177248752,101450400
2018-11-09,48.47217559814453,48.83725030122931,47.9458964943367,48.72820356356081,137463200
2018-11-12,46.030433654785156,47.376950783365466,45.940348730689024,47.17544617439907,204542000
2018-11-13,45.570526123046875,46.74398484568346,45.38561765122714,45.42829078480157,187531600
2018-11-14,44.28327941894531,46.10391783458197,44.07703256697884,45.966421139033315,243204000
2018-11-15,45.37614440917969,45.50889886088742,44.3069899736933,44.6602144819987,185915200
2018-11-16,45.87871551513672,46.22008616964554,44.91387280704754,45.1604162701442,147713200
2018-11-19,44.0604362487793,45.20781787683078,43.854193031994036,45.04187485083766,167701200
2018-11-20,41.9553337097168,43.019745978740524,41.60685143343039,42.28485054583868,271300800
2018-11-21,41.90790939331055,42.73525883894707,41.85338602993736,42.60724306041743,124496800
2018-11-23,40.843509674072266,41.86525241632078,40.798470823102626,41.47172767156233,94496000
2018-11-26,41.3958625793457,41.47409365729359,40.36226968529681,41.30578126736825,179994000
2018-11-27,41.30577087402344,41.43141370833802,40.509240737589266,40.658587651286105,165549600
2018-11-28,42.894100189208984,42.97706991484424,41.46935188841063,41.89606521990837,184250000
2018-11-29,42.564579010009766,43.335032251064035,42.12601187203321,43.30184364075627,167080000
2018-11-30,42.334625244140625,42.7494846540276,41.96717761478334,42.74000012754947,158126000
2018-12-03,43.813899993896484,43.84234634091446,42.95810408732895,43.7285573355553,163210000
2018-12-04,41.88657760620117,43.2378332586359,41.78701178099935,42.89646264806565,165377200
2018-12-06,41.41956329345703,41.43378646572274,40.400193746066954,40.71785665095758,172393600
2018-12-07,39.94266891479492,41.36504416362529,39.89762645314932,41.12798162215356,169126400
2018-12-10,40.205806732177734,40.32196505738388,38.71942364894465,39.11531764191258,248104000
2018-12-11,39.975860595703125,40.72497553514085,39.58944746589914,40.69415986213853,189126800
2018-12-12,40.0872802734375,40.75579481048931,40.06831483459586,40.3954587070733,142510800
2018-12-13,40.525848388671875,40.90989223808346,40.19396221489692,40.41680162469782,127594400
2018-12-14,39.22911071777344,40.08253736549948,39.181698930074774,40.06357192696252,162814800
2018-12-17,38.864036560058594,39.909483314980214,38.57718927162782,39.22199972246695,177151600
2018-12-18,39.368980407714844,39.71508971376303,38.97071343268076,39.205406665323395,135366000
2018-12-19,38.14099884033203,39.696128806296855,37.714285467405595,39.35238878434899,196189200
2018-12-20,37.17852020263672,38.43021017900651,36.81581479001181,38.024831626332364,259092000
2018-12-21,35.73244094848633,37.493817763282536,35.47167428612858,37.18563569205263,382978400
2018-12-24,34.80789566040039,35.926831218245276,34.75099934452627,35.120816354489186,148676800
2018-12-26,37.25912094116211,37.273344115545655,34.781817991073616,35.15637725808617,234330000
2018-12-27,37.0173225402832,37.164303808057454,35.57598515454274,36.94383371504013,212468400
2018-12-28,37.036277770996094,37.579152986301054,36.638014459884026,37.337348194676096,169165600
2018-12-31,37.394248962402344,37.77828914637844,37.09554782616534,37.58152679042015,140014000
2019-01-02,37.43690872192383,37.65737872294249,36.56214753787914,36.71860965250056,148158800
2019-01-03,33.707916259765625,34.544746565740525,33.66287380759525,34.13225652812852,365248800
2019-01-04,35.14689636230469,35.21564653531297,34.089599294610764,34.26265396297282,234428400
2019-01-07,35.06866455078125,35.28202303602157,34.58742781885169,35.25120374411971,219111200
2019-01-08,35.737178802490234,35.990837462958424,35.2085303378544,35.45507379403959,164101200
2019-01-09,36.34406280517578,36.63327943614389,35.471674265217295,35.86519539069432,180396400
2019-01-10,36.4602165222168,36.50051671678858,35.763252130392665,36.15203452087651,143122800
2019-01-11,36.10226058959961,36.43651971289026,35.91735205698948,36.242130268194934,108092800
2019-01-14,35.55938720703125,35.860457698224735,35.37447868293772,35.7608918481196,129756800
2019-01-15,36.287166595458984,36.363024731160756,35.5712366750947,35.623390725952945,114843600
2019-01-16,36.730464935302734,36.95330426774839,36.270563098942425,36.28952853333001,122278800
2019-01-17,36.94857406616211,37.3752874359603,36.332209907866066,36.55504931305445,119284800
2019-01-18,37.17615509033203,37.42744084338128,36.97701977635849,37.33735590651915,135004000
2019-01-22,36.341670989990234,37.15479338294435,36.18046665772161,37.07893528685986,121576000
2019-01-23,36.48866653442383,36.7778831290405,35.96238739453365,36.54318990699627,92522400
2019-01-24,36.19944763183594,36.62141864613615,35.97186962856401,36.53370666750917,101766000
2019-01-25,37.398990631103516,37.48670624384689,36.58349840941583,36.85848824802213,134142000
2019-01-28,37.052879333496094,37.0599909210056,36.42703431164568,36.93197511125913,104768400
2019-01-29,36.668827056884766,37.4866956045575,36.53370330810849,37.04101693130822,166348800
2019-01-30,39.17457962036133,39.38793443159078,37.98452481209461,38.70045460226316,244439200
2019-01-31,39.45668411254883,40.06356354968348,39.01100544334011,39.37845305142474,162958400
2019-02-01,39.47564697265625,40.05881867422265,39.33577735397553,39.57995504735243,130672400
2019-02-04,40.596954345703125,40.694150841774515,39.65581590302126,39.68663518647969,125982000
2019-02-05,41.29155349731445,41.50491196410588,40.85773221114225,40.97863281022283,144406400
2019-02-06,41.30577087402344,41.621064429829325,40.976254147130874,41.402963748878,112958400
2019-02-07,40.523475646972656,41.23466334560738,40.381236660330636,40.86958496796045,126966800
2019-02-08,40.57109451293945,40.63061433812733,40.09731539663526,40.23302234180851,95280000
2019-02-11,40.33777618408203,40.76156070262494,40.29492365156536,40.723467140742116,83973600
2019-02-12,40.68535232543945,40.71154118145298,40.402037510238635,40.49727136519696,89134000
2019-02-13,40.51633834838867,41.06392153006669,40.45443903083637,40.80441593407917,89960800
2019-02-14,40.663944244384766,40.773458685532184,40.325872081987775,40.40443868514226,87342800
2019-02-15,40.5734748840332,40.87821610502483,40.41396218498305,40.77108114390779,98507200
2019-02-19,40.694881439208984,40.816304172692135,40.35205039619982,40.40442811793749,75891200
2019-02-20,40.95677185058594,41.26389610818391,40.70917103649229,40.756786158494805,104457600
2019-02-21,40.725833892822266,41.037717113521,40.54489497965377,40.902013836844844,68998800
2019-02-22,41.180572509765625,41.18771459739539,40.80202733418214,40.84964246264774,75652800
2019-02-25,41.480552673339844,41.8710025541568,41.413890764380966,41.463889012500914,87493600
2019-02-26,41.504364013671875,41.73530122089329,41.228191159064565,41.356756012982544,68280800
2019-02-27,41.63291931152344,41.663870778026364,41.12342983703562,41.237710498215094,111341600
2019-02-28,41.22343063354492,41.642452539667424,41.16867341001371,41.501986620138595,112861600
2019-03-01,41.65672302246094,41.69957553997126,41.16151778980415,41.4924477730699,103544800
2019-03-04,41.86623001098633,42.318579051240896,41.41863993925626,41.82813646598794,109744800
2019-03-05,41.7900505065918,41.90194804483561,41.554350741031215,41.8876638710685,78949600
2019-03-06,41.54961013793945,41.78054740339252,41.4115236758168,41.58532058814244,83241600
2019-03-07,41.068668365478516,41.53054266631523,40.95439134895012,41.39483575753706,99185600
2019-03-08,41.166282653808594,41.20437620444497,40.35443156577534,40.54965828818608,95997600
2019-03-11,42.59238815307617,42.644765893188115,41.747209488037775,41.78054044694519,128044000
2019-03-12,43.0709228515625,43.48994107105625,42.70427873080419,42.85426983773272,129870400
2019-03-13,43.261375427246094,43.63992050434659,43.073290814457465,43.389936603936654,124130000
2019-03-14,43.74229431152344,43.83038609370737,43.46374205854323,43.78276734320768,94318000
2019-03-15,44.31131362915039,44.599391151169385,43.74468742331031,44.00895556463961,156171600
2019-03-18,44.76365280151367,44.85174094419894,44.232733562777256,44.2351166798014,104879200
2019-03-19,44.40892028808594,44.99459681614695,44.26369180656518,44.842226248059674,126585600
2019-03-20,44.79698181152344,45.113627574041814,43.980368290754946,44.33748708013354,124140800
2019-03-21,46.44688415527344,46.74210375942547,45.189825893725065,45.23982413911908,204136800
2019-03-22,45.48504638671875,47.065892633364044,45.420763965042106,46.50640488188507,169630800
2019-03-25,44.935081481933594,45.70645597035694,44.42559200356954,45.59455842593482,175381200
2019-03-26,44.4708251953125,45.920730708925866,43.944672043567564,45.63027370922542,199202000
2019-03-27,44.87080001831055,45.17792067619841,44.413688258793016,44.93746192285677,119393600
2019-03-28,44.93032455444336,45.13031028908646,44.64700961396477,44.98508177475717,83121600
2019-03-29,45.223167419433594,45.254118894428224,44.88747469662212,45.194599062701464,94256000
2019-04-01,45.5302734375,45.63502524757183,44.849366691628894,45.62550367676558,111448000
2019-04-02,46.192134857177734,46.29689030333463,45.48503922841955,45.49456079952432,91062800
2019-04-03,46.5088005065918,46.78259029437941,45.985023052524745,46.008832439637764,93087200
2019-04-04,46.5897331237793,46.75162528431652,45.98263025616197,46.37545960019598,76457200
2019-04-05,46.901615142822266,46.92542452241121,46.64686858586537,46.7706708206856,74106400
2019-04-08,47.63966369628906,47.67061153128953,46.744483310155175,46.76353008781775,103526800
2019-04-09,47.49681091308594,48.294377862741904,47.432528497673395,47.692037644042145,143072800
2019-04-10,47.76346969604492,47.79204168336263,47.182555602211416,47.30159525642969,86781200
2019-04-11,47.36587142944336,47.853934673821236,47.24445230598995,47.81822423539419,83603200
2019-04-12,47.34681701660156,47.64917866679961,46.71352900287141,47.42538360127354,111042800
2019-04-15,47.43251419067383,47.58012575312696,47.14205729936927,47.27776417621812,70146400
2019-04-16,47.43729019165039,47.94201703520826,47.27301492918647,47.48728843219198,102785600
2019-04-17,48.36103820800781,48.42055801926847,47.284919003230804,47.50633095737599,115627200
2019-04-18,48.53484344482422,48.60388483941053,48.215818073091455,48.35866346517399,96783200
2019-04-22,48.694358825683594,48.79197221033013,48.17296457864195,48.289624743180624,77758000
2019-04-23,49.39668655395508,49.46096897486131,48.5443623205219,48.67054404461103,93292000
2019-04-24,49.320499420166016,49.63476214823507,49.294310556760166,49.36811454468543,70162400
2019-04-25,48.87290954589844,49.46334508558559,48.83481599293768,49.24193312050334,74172800
2019-04-26,48.63960266113281,48.806257447808854,48.12058788799669,48.782448064225754,74596400
2019-04-29,48.7133903503418,49.03717824150613,48.53483093167325,48.66339211468231,88818800
2019-04-30,47.77536392211914,48.42531927458395,47.403960863567825,48.34437319932044,186139600
2019-05-01,50.120452880859375,51.260851075448706,49.81332856402731,49.96808228138352,259309200
2019-05-02,49.794273376464844,50.627550746312075,49.55143515858325,49.958548639197176,127985200
2019-05-03,50.41328048706055,50.4347067473906,50.05139901490421,50.208532189593264,83569600
2019-05-06,49.634769439697266,49.72047812954347,48.44913559082613,48.63721663178776,129772400
2019-05-07,48.296756744384766,49.382397541879435,47.81345615806851,49.01575709573647,155054800
2019-05-08,48.3062858581543,48.88719989942972,48.03249613134411,48.06820657125792,105358000
2019-05-09,47.78727340698242,48.01582748157981,46.8206721107276,47.71108629358228,139634400
2019-05-10,47.125247955322266,47.524374640553994,46.07127795478432,47.18260833059418,164834800
2019-05-13,44.386348724365234,45.284972600550695,43.70043119652004,44.86195219842517,229722400
2019-05-14,45.08900833129883,45.3375626885166,44.31227095065522,44.55126706777633,146118800
2019-05-15,45.62913513183594,45.827502333135364,44.458055696511366,44.51780472171754,106178800
2019-05-16,45.42837142944336,45.99957186580275,45.1320150028053,45.38774253694137,132125600
2019-05-17,45.17026138305664,45.62435249909056,44.63490882419049,44.675537722211125,131516400
2019-05-20,43.75780487060547,44.05894235797274,43.08622626273383,43.860575112945824,154449200
2019-05-21,44.5966682434082,44.93126128361247,44.14257352108455,44.26685249892783,113459200
2019-05-22,43.68370056152344,44.38396092978839,43.62873248755831,44.13301433164852,118994400
2019-05-23,42.938045501708984,43.14835961585324,42.49590120341213,42.97150481396772,146118800
2019-05-24,42.773136138916016,43.53075340614285,42.68948603770904,43.067100347137895,94858800
2019-05-28,42.59626770019531,43.16029856021304,42.51979085562523,42.76117556874994,111792800
2019-05-29,42.393131256103516,42.86395388562777,42.0633154565731,42.163693385388605,113924800
2019-05-30,42.61299514770508,42.835259716982534,42.22343043108608,42.52934507403431,84873600
2019-05-31,41.84104537963867,42.53891349401557,41.821925255667836,42.118278060238815,108174400
2019-06-03,41.41801834106445,42.52217898232048,40.6938605637744,41.96771001391318,161584400
2019-06-04,42.93326187133789,42.978671716588416,41.70960293183085,41.92947891959907,123872000
2019-06-05,43.6263427734375,44.21188608599536,43.29174972065366,44.04219726486092,119093600
2019-06-06,44.26685333251953,44.32660235130905,43.533133631324745,43.755401877552906,90105200
2019-06-07,45.44511032104492,45.86813447046718,44.39830980535762,44.57516459850568,122737600
2019-06-10,46.025875091552734,46.692672688774024,45.79643720247085,45.841847050596854,104883600
2019-06-11,46.558841705322266,46.84324772140322,46.26965839169468,46.57079224277287,107731600
2019-06-12,46.410648345947266,46.836061067320955,46.21945075676128,46.35328797515427,73012800
2019-06-13,46.40110778808594,47.032057569649524,46.26966280397081,46.53255641899342,86698400
2019-06-14,46.064109802246094,46.26725429994497,45.48095873253902,45.77970385867657,75046000
2019-06-17,46.33894729614258,46.59467483835488,45.927873769058344,46.102339876909845,58676400
2019-06-18,47.428775787353516,47.86852774049729,46.65443074959841,46.85518660036521,106204000
2019-06-19,47.29014587402344,47.770530254527024,47.15630867339425,47.72272812848213,84496800
2019-06-20,47.670166015625,47.94501008519834,47.32839967976791,47.88764970557996,86056000
2019-06-21,47.507652282714844,48.002376041571715,47.35708354796855,47.51243322660296,191202400
2019-06-24,47.45983123779297,47.837445396146414,47.36184199199196,47.450269354559246,72881600
2019-06-25,46.7404670715332,47.622359580324556,46.67354481128587,47.4239923880106,84281200
2019-06-26,47.751426696777344,48.03583267016002,47.165886917526144,47.26626485281565,104270000
2019-06-27,47.73707962036133,48.17444289617968,47.69645072327974,47.86852455047612,83598800
2019-06-28,47.3021125793457,47.67972689411709,47.09418711775815,47.48374832133551,124442400
2019-07-01,48.16965866088867,48.872307690511114,47.95456000971146,48.556831127500786,109012000
2019-07-02,48.45167541503906,48.547276037358415,48.12425194472356,48.136202478362335,67740800
2019-07-03,48.85319137573242,48.86036096665152,48.44211781134659,48.583124628476725,45448000
2019-07-05,48.81016159057617,49.01330968896287,48.49229641088853,48.59984754932282,69062000
2019-07-08,47.80400848388672,48.13382067409461,47.4192245563178,47.992813828081516,101354400
2019-07-09,48.0955810546875,48.16010738213968,47.51481858007789,47.608026922078025,82312000
2019-07-10,48.57118606567383,48.6906841394985,48.17206293671445,48.241373861736164,71588400
2019-07-11,48.21746826171875,48.84841788640936,48.207910021298474,48.590301633564366,80767200
2019-07-12,48.587913513183594,48.755210073292474,48.32501631387571,48.38476534582828,70380800
2019-07-15,49.044403076171875,49.202137768531074,48.75521612106143,48.77672490000242,67789600
2019-07-16,48.87470245361328,49.25948632051337,48.63570635359561,48.89621122738501,67467200
2019-07-17,48.599857330322266,49.01570820127691,48.58073720512569,48.7671538673035,56430000
2019-07-18,49.15194320678711,49.20452264524316,48.68350920421264,48.75520876999739,74162400
2019-07-19,48.4182243347168,49.35270006344837,48.36325624678891,49.18301120924729,83717200
2019-07-22,49.524784088134766,49.527172736866554,48.66200781300446,48.67156605472358,89111600
2019-07-23,49.911949157714844,49.928680636686046,49.5415044398914,49.821133111328635,73420800
2019-07-24,49.87131881713867,49.98603593109381,49.51282464508648,49.63232270243721,59966400
2019-07-25,49.476966857910156,50.00753841889171,49.40765595621234,49.92388833664692,55638400
2019-07-26,49.649051666259766,50.12465157648066,49.50565254598537,49.58691034563834,70475600
2019-07-29,50.112693786621094,50.34213161648365,49.81634099625393,49.82112193871518,86693600
2019-07-30,49.89760208129883,50.2274178438979,49.54627754638872,49.892821138521654,135742800
2019-07-31,50.91572570800781,52.90656358701365,50.49987484291198,51.723533663924655,277125600
2019-08-01,49.81394958496094,52.108313337109216,49.410049286192155,51.12125839181598,216071600
2019-08-02,48.759986877441406,49.335964725004594,48.18878632633897,49.12086968695259,163448400
2019-08-05,46.20750427246094,47.47657295728015,46.02586855255384,47.31883830566207,209572000
2019-08-06,47.08223342895508,47.33796101580563,46.37480334238874,46.917325530412754,143299200
2019-08-07,47.56977844238281,47.6940574258256,46.3222222523882,46.70222514662527,133457600
2019-08-08,48.61896896362305,48.642870029434654,47.653426441558544,47.84701267554443,108038000
2019-08-09,48.21833419799805,48.64296188820883,47.81049423332828,48.292703895357675,98478800
2019-08-12,48.09598159790039,48.472632859788966,47.77690864820563,47.889663888347634,89927600
2019-08-13,50.13277053833008,50.893266254855526,48.09598298618555,48.225533277199396,188874000
2019-08-14,48.64056396484375,49.52581081950047,48.60217842422012,48.73892553994931,146189600
2019-08-15,48.39827346801758,49.21394626424548,47.90167002878681,48.81090897499804,108909600
2019-08-16,49.54020309448242,49.69854069963497,48.902057226913584,49.00761563034861,110481600
2019-08-19,50.463844299316406,51.034813742319905,50.387073206778055,50.52861579041757,97654400
2019-08-20,50.46624755859375,51.18356243300789,50.45665300129767,50.590998767328294,107537200
2019-08-21,51.013221740722656,51.25552363068702,50.763723018625974,51.097189663129065,86141600
2019-08-22,50.970035552978516,51.4450447285328,50.55979786001343,51.14516455142714,89014800
2019-08-23,48.614173889160156,50.87167268359999,48.22073125322143,50.2431213591193,187272000
2019-08-26,49.53781509399414,49.70574728667128,49.19475021549554,49.38667429026109,104174400
2019-08-27,48.978824615478516,50.03200352569987,48.82768385279888,49.86646910193575,103493200
2019-08-28,49.30751419067383,49.35309657831332,48.777327912856805,48.96445291216257,63755200
2019-08-29,50.142372131347656,50.21674550325925,49.578599495883154,50.02002231545943,83962000
2019-08-30,50.07759475708008,50.4878288131881,49.70814030749895,50.418258218749706,84573600
2019-09-03,49.34828567504883,49.65536271132292,48.99322853822822,49.52341468933475,80092000
2019-09-04,50.18555450439453,50.255125103836555,49.736934872570345,49.993630433984336,76752400
2019-09-05,51.166751861572266,51.33228629473703,50.74212053223393,50.859674872176875,95654800
2019-09-06,51.16196060180664,51.44025031008519,50.98203247914074,51.35148694097706,77449200
2019-09-09,51.38026809692383,51.92485150775339,50.636567475633186,51.5410034279187,109237600
2019-09-10,51.98723220825195,52.00642498087169,50.79011275885333,51.30590525316312,127111600
2019-09-11,53.64016342163086,53.668954406402584,52.234325076720765,52.31589526281973,177158400
2019-09-12,53.52021789550781,54.31909918340094,53.46504096397798,53.930455617643666,128906800
2019-09-13,52.479034423828125,52.96843729417026,52.064001256565966,52.778914620535716,159053200
2019-09-16,52.754920959472656,52.81010154946968,52.19354612874398,52.23432939484169,84632400
2019-09-17,52.946842193603516,52.975633179223315,52.567793218654614,52.769315475406735,73274800
2019-09-18,53.443458557128906,53.462651332010914,52.644577148321865,53.033220772901906,101360000
2019-09-19,53.00922775268555,53.68095650952987,52.86768150832097,53.26112420617858,88242400
2019-09-20,52.23433303833008,53.39307059939063,52.17195927300286,53.10998544062051,221652400
2019-09-23,52.471839904785156,52.74053140147138,52.21514068797828,52.52701683843027,76662000
2019-09-24,52.22233200073242,53.37627400150818,52.1047813136798,53.026012342649935,124763200
2019-09-25,53.02601623535156,53.13877148349561,52.092789198613566,52.43105494304572,87613600
2019-09-26,52.752532958984375,53.00443309427309,52.4982350995939,52.778922566693616,75334000
2019-09-27,52.495826721191406,53.009221444627215,52.12637228824465,52.90845848244411,101408000
2019-09-30,53.73134231567383,53.87768401960261,52.968445079581116,52.99483468719606,103909600
2019-10-01,53.880062103271484,54.75091517647276,53.78649964867808,53.99521870942193,139223200
2019-10-02,52.529415130615234,53.63777114984615,52.28231048438784,53.5130199648798,138449200
2019-10-03,52.97563552856445,53.00922196273818,51.61058034563439,52.402261102678956,114426000
2019-10-04,54.460628509521484,54.57578511336924,53.712128887741386,54.13196106340708,138478800
2019-10-07,54.472625732421875,55.16114934535854,54.17994243019771,54.2831030993322,122306000
2019-10-08,53.83449172973633,54.71254182883536,53.817700342169445,54.17515885634394,111820000
2019-10-09,54.46543502807617,54.647760851343286,54.13196842959568,54.46543502807617,74770400
2019-10-10,55.19954299926758,55.28351091299054,54.530212055651084,54.68134917544705,113013600
2019-10-11,56.66775894165039,57.01082010729211,55.73213059230201,55.88566909661836,166795600
2019-10-14,56.5861930847168,57.12837882948465,56.29830882465834,56.353485756513194,96427600
2019-10-15,56.454246520996094,57.01321997096741,56.34868810894503,56.71094205880496,87360000
2019-10-16,56.22633361816406,56.43505271476371,55.94564620616464,55.986429471773434,73903200
2019-10-17,56.444644927978516,56.65336035527154,56.02241496568268,56.39906255635208,67585200
2019-10-18,56.71574020385742,56.996427616238385,56.20714092357815,56.27911289972252,97433600
2019-10-21,57.6993408203125,57.81449743804238,56.93404972278588,56.98202981651674,87247200
2019-10-22,57.56740951538086,58.10479254390562,57.48583931085349,57.855293803611595,82293600
2019-10-23,58.33989334106445,58.35429066597053,57.869683225583834,58.08080006310815,75828800
2019-10-24,58.43585968017578,58.72854306800209,58.011228263305284,58.65896880693914,69275200
2019-10-25,59.155574798583984,59.19155896233175,58.267930039881136,58.335102919308554,73477200
2019-10-28,59.74812316894531,59.7961032619008,59.18914611743011,59.357078273097535,96572800
2019-10-29,58.36628341674805,59.916065952572374,58.19355578359902,59.72894099440109,142839600
2019-10-30,58.359092712402344,58.848499316429226,57.86729204492435,58.718949002155505,124522000
2019-10-31,59.678565979003906,59.776927577095016,56.91966774812424,59.313914239806,139162000
2019-11-01,61.37228012084961,61.398666062574364,59.77451763685892,59.86567872270404,151125200
2019-11-04,61.77532958984375,61.859297521506406,61.26673387297728,61.73454265573505,103272000
2019-11-05,61.686553955078125,61.940851762991464,61.492232183395174,61.66735752356005,79897600
2019-11-06,61.71294021606445,61.772916252605114,61.264320634147275,61.600184974516274,75864400
2019-11-07,62.425201416015625,62.646579148556874,62.10757536886867,62.259169952428614,94940400
2019-11-08,62.59602737426758,62.66821174823248,61.804371137844974,62.247119099133464,69986400
2019-11-11,63.091712951660156,63.156678888188175,62.148462187224695,62.15327203106168,81821200
2019-11-12,63.03398513793945,63.233707563546645,62.78374097219779,62.93532822242976,87388800
2019-11-13,63.63793182373047,63.7125247961215,62.81981037786936,62.834247253604815,102734400
2019-11-14,63.197593688964844,63.736589975912096,63.067654461478035,63.464683238676635,89182800
2019-11-15,63.948333740234375,63.953143583967275,63.28661673495305,63.447830947643325,100206400
2019-11-18,64.27078247070312,64.35018529631039,63.580191577203664,63.95796632642828,86703200
2019-11-19,64.07587432861328,64.48734000161132,63.859313834576106,64.46327609265741,76167200
2019-11-20,63.32993698120117,64.02533768482304,62.65859284317202,63.89540579483597,106234400
2019-11-21,63.04598617553711,63.527234859371234,62.84626385951354,63.45023330757246,121395200
2019-11-22,62.990657806396484,63.32753051201079,62.76447027335383,63.18556299119027,65325200
2019-11-25,64.09513854980469,64.11198402499917,63.16873287669626,63.21445211320928,84020400
2019-11-26,63.59462356567383,64.28521440608328,63.16390384145732,64.2322767453233,105207600
2019-11-27,64.4488296508789,64.482520587069,63.84005029539335,63.905016230980486,65235600
2019-11-29,64.306884765625,64.48735310453695,63.98204028692839,64.15048034055641,46617600
2019-12-02,63.563331604003906,64.5474843518856,63.39249036509756,64.31166983630428,94487200
2019-12-03,62.43000793457031,62.4492546568916,61.669633895576865,62.15569257438953,114430400
2019-12-04,62.98102951049805,63.35881158930754,62.72596822827263,62.819815271136704,67181600
2019-12-05,63.90503692626953,63.97963726009609,63.21926313205803,63.47432445651237,74424400
2019-12-06,65.1394271850586,65.20921031494399,64.31889712610206,64.36221509760516,106075600
2019-12-09,64.22748565673828,65.16110241589925,63.74382813052384,64.96860578052659,128042400
2019-12-10,64.60285949707031,64.98545151813082,63.972417225633926,64.6317332581653,90420400
2019-12-11,65.15387725830078,65.23328743607989,64.60766242070665,64.68225540996873,78756800
2019-12-12,65.31990814208984,65.58459649359327,64.3237267833271,64.43441196912849,137310400
2019-12-13,66.20779418945312,66.24388637643624,65.19235905044793,65.31988967330359,133587600
2019-12-16,67.34114074707031,67.56492701892114,66.64814864663275,66.65295849103184,128186000
2019-12-17,67.47348022460938,67.80072584183416,67.08607117183297,67.2713566357459,114158400
2019-12-18,67.31226348876953,67.8320130444866,67.16307754415392,67.32670036448889,116028400
2019-12-19,67.37963104248047,67.6587561829255,67.12216855664366,67.25450901811797,98369200
2019-12-20,67.24009704589844,68.01249947600941,67.02834635450061,67.91144131901756,275978000
2019-12-23,68.33732604980469,68.39748214667952,67.46385834825841,67.50235913145113,98572000
2019-12-24,68.40229034423828,68.55148362924618,68.07745330355267,68.50335581559546,48478800
2019-12-26,69.7594223022461,69.77626777302233,68.50577120530262,68.53464495904811,93121200
2019-12-27,69.73294830322266,70.73635528399755,69.32870107290967,70.05057427415741,146266000
2019-12-30,70.14683532714844,70.4283691578937,68.63090426605163,69.65114955957583,144114400
2019-12-31,70.65937042236328,70.66658886235176,69.66559023872163,69.76424714741452,100805600
2020-01-02,72.27153778076172,72.3316938789073,71.02991503384398,71.28256770874596,135480400
2020-01-03,71.5689468383789,72.32691258248748,71.34516780461608,71.5015722687532,146322800
2020-01-06,72.13919830322266,72.17769909168206,70.442799076604,70.69305052995288,118387200
2020-01-07,71.79993438720703,72.40389677360038,71.58096525277217,72.14883543970386,108872000
2020-01-08,72.95491027832031,73.25569076947626,71.50394548271495,71.50394548271495,132079200
2020-01-09,74.5045394897461,74.69703608624071,73.67919950094557,73.9294436077337,170108400
2020-01-10,74.67298889160156,75.23605661610512,74.17249322271363,74.73796219850064,140644800
2020-01-13,76.26831817626953,76.2947906823847,74.87029080894176,74.98820177445941,121532000
2020-01-14,75.23845672607422,76.41511389677406,75.11574324109229,76.20577178499948,161954400
2020-01-15,74.9159927368164,75.91699102743593,74.48527304539368,75.03871351906952,121923600
2020-01-16,75.85443878173828,75.96513130059404,75.09647333767747,75.45740996278018,108829200
2020-01-17,76.69422912597656,76.69663037690943,75.79669733616299,76.10228772628851,137816400
2020-01-21,76.17448425292969,76.7640097522044,76.03732655340609,76.32367023769899,110843200
2020-01-22,76.4463882446289,76.99741293025565,76.35254118737379,76.65813158547017,101832400
2020-01-23,76.81454467773438,76.89394751401544,75.95310504727735,76.49932724037184,104472000
2020-01-24,76.59317779541016,77.8011100438605,76.40308239971039,77.05998987501128,146537600
2020-01-27,74.3409194946289,75.01947479638015,73.36157631651781,74.60800908323662,161940000
2020-01-28,76.44396209716797,76.6148033558296,75.12052796860432,75.2191848484719,162234000
2020-01-29,78.04412841796875,78.8887225352215,77.33188214601793,78.07060092433913,216229200
2020-01-30,77.93102264404297,77.98396030536023,76.69902690059489,77.12974662934549,126743200
2020-01-31,74.47565460205078,77.64467359137022,74.18209256314945,77.22358092411761,199588400
2020-02-03,74.27113342285156,75.4333461257712,72.7215115901091,73.22200714636392,173788400
2020-02-04,76.72309875488281,76.91319410520111,75.46703897288427,75.87128624120515,136616400
2020-02-05,77.34872436523438,78.14519062464261,76.74716330264357,77.84681134417079,118826800
2020-02-06,78.25346374511719,78.2558723391088,77.06237729988993,77.61821910965085,105425600
2020-02-07,77.18978881835938,78.00261640454451,76.70016229061778,77.75418535570422,117684000
2020-02-10,77.55642700195312,77.55642700195312,75.69922566317109,75.77881695682719,109348800
2020-02-11,77.08848571777344,78.12321641331339,76.87141125259707,78.05086071182195,94323200
2020-02-12,78.91918182373047,78.92400308456664,77.53712876134894,77.53712876134894,113730400
2020-02-13,78.357177734375,78.68279311833038,77.99056323907321,78.1931665675849,94747600
2020-02-14,78.37647247314453,78.62490351773702,77.86996050397198,78.32581612373606,80113600
2020-02-18,76.94136810302734,77.12226473649841,75.88251627530599,76.06341290877705,152531200
2020-02-19,78.0556869506836,78.28482562119284,77.18256041371585,77.18256041371585,93984000
2020-02-20,77.2549057006836,78.30410746194534,76.75080805425196,77.81689526489554,100566000
2020-02-21,75.50624084472656,77.29109325633112,74.89119532498566,76.84970141309908,129554000
2020-02-24,71.91966247558594,73.36683527541466,69.76096746559567,71.6977667682717,222195200
2020-02-25,69.48355865478516,72.96883468071191,69.0132321017086,72.58774923644327,230673600
2020-02-26,70.58585357666016,71.84730854807512,69.10250289246999,69.10973846221914,198054800
2020-02-27,65.9717788696289,68.98190082835502,65.8367100023176,67.80004455903044,320605600
2020-02-28,65.93318939208984,67.15123091808199,61.835280759075644,62.0499482580576,426510000
2020-03-02,72.07160949707031,72.70595468778731,66.98479850420505,68.08464913181372,341397200
2020-03-03,69.78267669677734,73.32342450844571,68.93366391267253,73.24383324028676,319475600
2020-03-04,73.01951599121094,73.17870588852956,70.70163100181635,71.4999874378904,219178400
2020-03-05,70.65099334716797,72.2501134253378,70.28678576484225,71.27809579631553,187572800
2020-03-06,69.71273803710938,70.14448006147832,67.8314160013331,68.01713389438318,226176800
2020-03-09,64.19900512695312,67.07405117029745,63.43441220501271,63.61530881776465,286744800
2020-03-10,68.82272338867188,69.08803991197644,64.9708309423438,66.8449246964159,285290000
2020-03-11,66.4324722290039,67.82899618098686,65.57140256073914,66.9052206904251,255598800
2020-03-12,59.8719482421875,65.12277445766078,59.816474316666195,61.73156686549944,418474000
2020-03-13,67.04510498046875,67.51543909047871,61.01039330045894,63.89027147674693,370732000
2020-03-16,58.41996383666992,62.488927074911565,57.88692016083435,58.35725065107087,322423600
2020-03-17,60.98868942260742,62.1343642760622,57.50100115086754,59.698292128180576,324056000
2020-03-18,59.49568176269531,60.298863060300576,57.19226445772172,57.831434614371226,300233600
2020-03-19,59.03982925415039,60.98386423258545,58.51643550459872,59.66934960367585,271857200
2020-03-20,55.29164505004883,60.74024926077328,54.99256137379153,59.61868823507124,401693200
2020-03-23,54.117027282714844,55.113165767293296,51.28056983554764,55.01186410993206,336752800
2020-03-24,59.54635238647461,59.74172017285772,56.5121122404974,57.00897443311412,287531200
2020-03-25,59.21831512451172,62.288732546346424,58.92405634525676,60.47976645109919,303602000
2020-03-26,62.33455276489258,62.392437317540725,59.42091128360293,59.459503438935364,252087200
2020-03-27,59.75376892089844,61.71468565033882,59.58734345256695,60.96215693824958,204216800
2020-03-30,61.459022521972656,61.630272940074015,60.154154031335516,60.47735878660068,167976400
2020-03-31,61.33360290527344,63.3114052959559,60.78126682215682,61.64957210604245,197002000
2020-04-01,58.10641098022461,59.99014731742834,57.67708326845724,59.45469299280137,176218400
2020-04-02,59.07600784301758,59.129071143668284,57.13920841031964,57.968921460111474,165934000
2020-04-03,58.22700119018555,59.26172817079223,57.63848363538416,58.56226275717802,129880000
2020-04-06,63.30659103393555,63.46095234552199,60.149342430497086,60.51595698613039,201820400
2020-04-07,62.573341369628906,65.53281460871749,62.46962908019549,65.31573278898928,202887200
2020-04-08,64.17487335205078,64.48842448399525,63.00748829000569,63.371688404036405,168895200
2020-04-09,64.63798522949219,65.13967603448393,63.844457266187234,64.80923934887565,161834800
2020-04-13,65.90666961669922,66.0152105347314,64.11699578858152,64.7151632715521,131022800
2020-04-14,69.23513793945312,69.52457536922498,67.0643792982631,67.53471328146745,194994800
2020-04-15,68.60324096679688,69.0615109892011,67.68670092198845,68.11361434863234,131154400
2020-04-16,69.1483383178711,69.51254587742164,68.10155073366812,69.3147638013278,157125200
2020-04-17,68.2100830078125,69.21105020012682,66.77738117936849,68.66594602627303,215250000
2020-04-20,66.79425048828125,67.93992881208341,66.7749580920623,67.04027454445135,130015200
2020-04-21,64.72962188720703,66.87143866583018,64.02050667372501,66.6374787843657,180991600
2020-04-22,66.59410095214844,67.02825005083645,65.65343966452112,65.99351895409393,116862400
2020-04-23,66.33600616455078,67.95684041674475,66.29741399655765,66.5386095259871,124814400
2020-04-24,68.25108337402344,68.2607332539519,66.81114610399659,66.8593881429372,126161200
2020-04-27,68.29932403564453,68.62976064968919,67.52267433285353,67.96888006089833,117087600
2020-04-28,67.19224548339844,68.94091302319053,67.10059736775176,68.76001638114307,112004800
2020-04-29,69.39917755126953,69.86709736755677,68.47298779881385,68.67559111709774,137280800
2020-04-30,70.86323547363281,71.0393108397726,69.54872440544703,69.93704563014794,183064000
2020-05-01,69.72237396240234,72.11744313333922,68.94572428038448,69.04220099303798,240616800
2020-05-04,70.70884704589844,70.83668031834924,69.05907133021842,69.74647971859336,133568000
2020-05-05,71.7701187133789,72.59983166411055,71.02241133373455,71.16713007829493,147751200
2020-05-06,72.51061248779297,73.14012928036907,72.08610600468356,72.46960600947763,142333600
2020-05-07,73.26071166992188,73.6056267954184,72.83379832640894,73.1352926720061,115215200
2020-05-08,75.00444030761719,75.05764724717811,73.5920466345589,73.91854342819974,133838400
2020-05-11,76.1846694946289,76.67803493373073,74.30550263769149,74.51349610684939,145946400
2020-05-12,75.31401824951172,77.31652289559408,75.1930940380801,76.86668099114186,162301200
2020-05-13,74.40465545654297,76.41200151515211,73.33084801811279,75.49297320787404,200622400
2020-05-14,74.86176300048828,74.92222510630167,72.92455476842612,73.64526572674791,158929200
2020-05-15,74.41915893554688,74.46511071572239,72.6052961832284,72.6391584973057,166348400
2020-05-18,76.17256164550781,76.54501020724649,75.05038903047435,75.73965837102512,135178400
2020-05-19,75.732421875,77.03356024520173,75.70098039780004,76.18951157558008,101729600
2020-05-20,77.20528411865234,77.27541485579722,76.54986949857867,76.58856613663914,111504800
2020-05-21,76.62965393066406,77.60672336639306,76.39263988211127,77.0673988694635,102688800
2020-05-22,77.123046875,77.20527445284804,76.26690139409212,76.368473598234,81803200
2020-05-26,76.60063171386719,78.41690783107812,76.54500393549849,78.23794241116512,125522000
2020-05-27,76.93439483642578,77.07950535982266,75.72031846461518,76.45796054995435,112945200
2020-05-28,76.9682388305664,78.22343238104992,76.3345973225865,76.61030060883014,133560800
2020-05-29,76.89325714111328,77.66958819879952,76.53773980767517,77.21007785682598,153532400
2020-06-01,77.83889770507812,77.9598218875062,76.71671774944491,76.84731793304262,80791200
2020-06-02,78.1992416381836,78.22342794839169,77.13268956944977,77.57285532110987,87642800
2020-06-03,78.6297378540039,78.8909382167243,77.94772370544388,78.51848967465142,104491200
2020-06-04,77.95257568359375,78.75067242701921,77.58012709236915,78.45320362768672,87560400
2020-06-05,80.17273712158203,80.23319921594221,78.17265369717333,78.20167432156592,137250400
2020-06-08,80.64677429199219,80.68063661442805,79.16182879014318,79.87044290894595,95654400
2020-06-09,83.19340515136719,83.58519826731103,80.29606686497368,80.3275083289538,147712400
2020-06-10,85.33380126953125,85.80056697964382,83.70132432658929,84.13906940528344,166651600
2020-06-11,81.23687744140625,84.90330013235034,81.13530524486026,84.48006542527774,201662400
2020-06-12,81.93822479248047,84.11486012218111,80.83056250550848,83.36997039015924,200146000
2020-06-15,82.95156860351562,83.60214129780755,80.4339262304824,80.59596788300412,138808800
2020-06-16,85.14998626708984,85.42086269022191,83.36998548456056,85.00004143146272,165428800
2020-06-17,85.03148651123047,85.95292841624997,84.91056229922657,85.89246631024803,114406400
2020-06-18,85.06533813476562,85.48131766696713,84.45829630505166,84.98794487746599,96820400
2020-06-19,84.57923126220703,86.23347359915019,83.47398219153365,85.76912875753186,264476000
2020-06-22,86.7921371459961,86.93482682128399,84.92506713782858,84.97101892587712,135445200
2020-06-23,88.64468383789062,90.05949829570565,87.61440740737248,88.03280774958151,212155600
2020-06-24,87.07992553710938,89.19126451334176,86.7074769720713,88.2746571031473,192623200
2020-06-25,88.23597717285156,88.27467380594872,86.47774180640029,87.23472854623947,137522400
2020-06-26,85.52484893798828,88.35205726047579,85.37731757939976,88.13197433577965,205256800
2020-06-29,87.49590301513672,87.59022742215014,84.95649512979536,85.43293671398446,130646000
2020-06-30,88.22631072998047,88.51169750741916,87.0654411337816,87.08478576211239,140223200
2020-07-01,88.05943298339844,88.84544042266081,88.0110677232057,88.3037022724781,110737200
2020-07-02,88.05943298339844,89.59759291785116,87.94577130066256,88.96395117848485,114041600
2020-07-06,90.4150390625,90.88180477153354,89.45247963245309,89.48392110995985,118655600
2020-07-07,90.13448333740234,91.5686426186408,90.02323513682953,90.79231129924504,112424400
2020-07-08,92.2337417602539,92.26518323950614,91.02207866967171,91.10914794918781,117092000
2020-07-09,92.63036346435547,93.1769358615014,91.58557654388848,93.12372891516388,125642800
2020-07-10,92.79238891601562,92.85043754869993,91.61700927809584,92.22646456657715,90257200
2020-07-13,92.36432647705078,96.695832354325,92.15149869689814,94.09354111984942,191649200
2020-07-14,93.89280700683594,94.08386192882043,90.8164950630273,91.74760549870197,170989200
2020-07-15,94.53855895996094,96.01141515552303,93.343827009689,95.76231154374084,153198000
2020-07-16,93.37525177001953,94.22897636244912,92.77788590184623,93.41394840131093,110577600
2020-07-17,93.18661499023438,93.97987752001936,92.71500761457771,93.82509836770011,92186800
2020-07-20,95.15042114257812,95.28827651192833,92.93025444088441,93.27368244127173,90318000
2020-07-21,93.83718872070312,96.01382454154418,93.58808513865422,95.93885212038768,103433200
2020-07-22,94.10078430175781,94.78037765198125,93.45263242150494,93.53969429469112,89001600
2020-07-23,89.81765747070312,93.9121489972856,89.00988472288186,93.83475574009108,197004400
2020-07-24,89.59516143798828,89.93858943355201,86.23830426873995,88.02073328072413,185438800
2020-07-27,91.71858215332031,91.81048572351438,90.43195431248509,90.65445070078177,121214000
2020-07-28,90.21187591552734,91.46706972799262,90.20703422382543,91.29051773530753,103625600
2020-07-29,91.94110107421875,92.12490824489846,90.65688648684609,90.69316227563066,90329200
2020-07-30,93.05358123779297,93.15757426558149,90.71006994116662,91.11637343156816,158130000
2020-07-31,102.79524993896484,102.94519477180637,97.53746050279906,99.53029641393837,374336800
2020-08-03,105.38542938232422,107.99738887948055,104.37450494640413,104.67197372398552,308151200
2020-08-04,106.0892105102539,107.17752821259879,104.85336145922079,105.57407228357705,173071600
2020-08-05,106.47376251220703,106.7930041847868,105.34674803582895,105.8111002305475,121776800
2020-08-06,110.18852996826172,110.68190269913852,106.21738395051588,106.80507370575988,202428800
2020-08-07,107.68333435058594,110.16675013813993,106.88864159432606,109.71125415700284,198045600
2020-08-10,109.24849700927734,110.26366958356304,106.6051724150767,109.12492955700957,212403600
2020-08-11,105.99944305419922,109.01103688460056,105.74019692749955,108.51435673757749,187902400
2020-08-12,109.52227020263672,109.77909114067742,106.89348231283336,107.08730692473522,165598000
2020-08-13,111.46052551269531,112.46116134014059,110.41142984416976,110.8984238894721,210082000
2020-08-14,111.3612060546875,111.45085012066804,109.55618389407232,111.28609846459923,165565200
2020-08-17,111.07046508789062,112.50479236850128,110.44537442392807,112.48056244330753,119561600
2020-08-18,111.9959945678711,112.41999238397445,110.4889848914492,110.82333863803461,105633600
2020-08-19,112.13652038574219,113.54661780572758,112.04203328527555,112.4030347872071,145538000
2020-08-20,114.62479400634766,114.73866801271163,112.1607574830829,112.17771917197317,126907200
2020-08-21,120.53166961669922,121.0138133012155,115.56968146956478,115.58179273436723,338054800
2020-08-24,121.9732437133789,124.81039959352069,120.11250114343171,124.72559117385076,345937600
2020-08-25,120.97261810302734,121.31666526163795,119.25482230830535,120.84905806633049,211495600
2020-08-26,122.61775207519531,123.07324808240537,121.22219109888121,122.28582351932762,163022400
2020-08-27,121.15192413330078,123.55053882206776,120.0107589966192,123.21861029302171,155552400
2020-08-28,120.95565795898438,122.54019279849011,120.73275303132817,122.12346328551597,187630000
2020-08-31,125.05751037597656,126.95702659350236,122.11133855558242,123.64257775010908,225702700
2020-09-01,130.03890991210938,130.6397854362347,126.50156266667052,128.66273593650766,151948100
2020-09-02,127.3447265625,133.72165634087213,123.0805253018372,133.343693114531,200119000
2020-09-03,117.14937591552734,124.86371200273943,116.7811062092152,122.99328312594758,257599600
2020-09-04,117.22692108154297,119.88235689314044,107.46770259236347,116.36438893039704,332607200
2020-09-08,109.33811950683594,115.3176975867679,109.20244081478072,110.4332424909772,231366600
2020-09-09,113.6992416381836,115.4630720645518,111.70282021985868,113.641095738678,176940500
2020-09-10,109.9874496459961,116.78110786689479,109.02800526992252,116.64542916296256,182274400
2020-09-11,108.54340362548828,111.67372110837512,106.60512856074742,111.03408678792299,180860300
2020-09-14,111.79973602294922,112.35214426737836,109.31874564711791,111.17948842899139,140150100
2020-09-15,111.97418212890625,115.16264637332723,110.10374588199468,114.6780774740645,184642000
2020-09-16,108.66944122314453,112.42000794306198,108.58222235227805,111.67377493677184,154679000
2020-09-17,106.93463897705078,108.73723550021867,105.35494735467596,106.33377839861689,178011000
2020-09-18,103.54269409179688,107.45801226163356,102.81584063587528,106.99283019044772,287104900
2020-09-21,106.6827163696289,106.78932214469631,99.91812965087458,101.3136907834397,195713800
2020-09-22,108.35929107666016,109.3768886869023,105.79108191602546,109.20244359354463,183055400
2020-09-23,103.81404876708984,108.65004455027305,103.47484460570544,108.17516907584385,150718700
2020-09-24,104.88009643554688,106.8474450340975,101.75947146104525,101.92422311648544,167743300
2020-09-25,108.8147964477539,108.96986205260443,104.3470703746047,105.08361720977464,149981400
2020-09-28,111.41209411621094,111.76098435804984,109.29937316015781,111.46055396966348,137672400
2020-09-29,110.56891632080078,111.75126549437508,110.06496797160435,111.01472616815981,99382200
2020-09-30,112.23583984375,113.64109400987672,110.11343321080598,110.27818485285505,142675200
2020-10-01,113.18560028076172,114.08689869652889,112.25522891512048,114.00936590090853,116120400
2020-10-02,109.53194427490234,111.80942388224,108.75663851817679,109.40595903034216,144712000
2020-10-05,112.9045639038086,113.0499360657336,110.04561009300302,110.39450032404892,106243800
2020-10-06,109.66764068603516,112.53628778325715,108.78572170928096,112.1292442741749,161498200
2020-10-07,111.52839660644531,111.98389262412043,110.6077111213325,111.08259403853273,96849000
2020-10-08,111.4217758178711,112.80764318962937,111.05349871590646,112.66227103853464,83477200
2020-10-09,113.36004638671875,113.38911933685253,111.37331099631979,111.72220118579409,100506900
2020-10-12,120.56073760986328,121.31666387202866,115.59874966676792,116.35467592893329,240226800
2020-10-13,117.36257934570312,121.52018115565947,115.95733257416443,121.4038819645373,262330500
2020-10-14,117.44981384277344,119.23302386837867,115.92826777316701,117.26567529237093,150712000
2020-10-15,116.98463439941406,117.459509897586,114.50364375467132,115.0560520589753,112559200
2020-10-16,115.34676361083984,117.79868815619513,115.14324558497565,117.53701684155992,115393800
2020-10-19,112.4006118774414,116.70357893346838,112.09048805904365,116.25777640664253,120639300
2020-10-20,113.88339233398438,115.30802617540574,112.06140841970505,112.613816705773,124423700
2020-10-21,113.26312255859375,115.04633232866423,112.85607911635273,113.06929058754238,89946000
2020-10-22,112.17769622802734,114.39702259575029,111.0534928722476,113.8252274699149,101988000
2020-10-23,111.48960876464844,112.95300885211658,110.75306199696499,112.79794326147403,82572600
2020-10-26,111.49931335449219,112.95302013932815,109.39627858637218,110.49140909640037,111850700
2020-10-27,113.00147247314453,113.66048651064561,111.0050508568626,111.92572886201872,92276800
2020-10-28,107.76811218261719,111.86756801727019,107.67119988879593,111.49929834317572,143937800
2020-10-29,111.76097106933594,113.32128352260756,108.7372584642391,108.90201751002611,146129200
2020-10-30,105.50033569335938,108.53373417860142,104.39551925367714,107.63243577844652,190272600
2020-11-02,105.41313171386719,107.26418875001484,104.00788464199921,105.74264246216923,122866900
2020-11-03,107.03160858154297,108.04919909742894,105.37438340372593,106.2756820857601,107624400
2020-11-04,111.40237426757812,112.02262179632525,108.88261775780121,110.61737510643056,138235500
2020-11-05,115.35647583007812,115.92827100011738,113.26314194201399,114.30980518907859,126387100
2020-11-06,115.22542572021484,115.72053342058035,112.74014741905776,114.8662234022807,114457900
2020-11-09,112.92460632324219,118.42909663240218,112.66249091138815,116.98259196742552,154515300
2020-11-10,112.58480834960938,114.15751541071181,110.79851455087879,112.1770700305599,138023400
2020-11-11,116.00205993652344,116.13797271482636,113.0410945158488,113.76920185962483,112295000
2020-11-12,115.73023986816406,117.011708557713,115.10892216454586,116.12827545684921,103162300
2020-11-13,115.77877807617188,116.17680624012897,114.42935305539847,115.95352413531403,81581900
2020-11-16,116.78842163085938,117.45827535475047,114.70117908437909,115.44869936969526,91183000
2020-11-17,115.90499877929688,117.14763432423658,115.48755020654131,116.06033192576038,74271000
2020-11-18,114.58468627929688,116.32243681277677,114.55556316864666,115.14775777417243,76322100
2020-11-19,115.17687225341797,115.58461058534773,113.4002885699786,114.1575190169027,74113000
2020-11-20,113.91483306884766,115.30309155816464,113.86629701660235,115.17688893429653,73604300
2020-11-23,110.52669525146484,114.1866523784184,110.42961575192224,113.75949369240169,127959300
2020-11-24,111.80816650390625,112.46831748552103,109.30347536130687,110.58495144916897,113874200
2020-11-25,112.64305877685547,113.34204301090116,111.80816176471099,112.17707422528561,76499200
2020-11-27,113.18671417236328,114.06044449798334,112.82751927666311,113.1673012347678,46691300
2020-11-30,115.5749282836914,117.43888162256029,113.40030864831888,113.55564179657071,169410200
2020-12-01,119.13780212402344,119.86590961020511,116.50690796275676,117.47771794433233,127728200
2020-12-02,119.4872817993164,119.76881755329892,117.36120579212971,118.45821829004096,89004200
2020-12-03,119.35136413574219,120.16684084637635,118.64266969338425,119.91442821402666,78967600
2020-12-04,118.68148040771484,119.273674890219,117.9727861001199,119.02126230586725,78260400
2020-12-07,120.1377182006836,120.93378197653361,118.68150343461471,118.73974965511624,86712000
2020-12-08,120.74932861328125,121.33182045894168,119.4969829958177,120.73962584742733,82225500
2020-12-09,118.22521209716797,122.27348704305484,117.46798166489454,120.8949389531883,115089200
2020-12-10,119.642578125,120.25419293932632,116.64277988846719,116.9825617815986,81312200
2020-12-11,118.83684539794922,119.17662738728284,117.03113836127132,118.85625833732891,86939800
2020-12-14,118.22521209716797,119.7493831332465,117.99221982724323,119.0212758088773,79184500
2020-12-15,124.14714813232422,124.16656847506606,120.50661157074111,120.71048072938689,157243700
2020-12-16,124.07920837402344,124.62285953660047,122.86569602420569,123.69089034743503,98208600
2020-12-17,124.94325256347656,125.79757016205858,124.30251436454006,125.13741161404901,94359800
2020-12-18,122.9627685546875,125.33154675459895,122.43853039208297,125.1956339798523,192541500
2020-12-21,124.48693084716797,124.56459740524315,119.84646139919089,121.37063241963554,121251600
2020-12-22,128.03038024902344,130.48652745671254,125.86546408305279,127.7682574980973,168904800
2020-12-23,127.13724517822266,128.5643218128226,126.96249172878603,128.30221385873838,88223700
2020-12-24,128.11773681640625,129.56424837102043,127.27313725268434,127.48671653761738,54930100
2020-12-28,132.69998168945312,133.33100207588342,129.61279910731304,130.07879843395568,124486200
2020-12-29,130.9331512451172,134.7387249955213,130.41862308583973,134.02033501416818,121047300
2020-12-30,129.81666564941406,132.020407669835,129.50599945561927,131.62237216405273,96452100
2020-12-31,128.81675720214844,130.80692029298538,127.87507049302144,130.16618225748783,99116600
2021-01-04,125.63248443603516,129.70988213559124,123.05983729876496,129.62251281946894,143301900
2021-01-05,127.1858139038086,127.89451587577928,124.6811223038186,125.12770142569896,97664900
2021-01-06,122.90452575683594,127.2246340413711,122.6909464043688,123.99183545726343,155088000
2021-01-07,127.09840393066406,127.78768533438151,124.1277286238472,124.61313347302331,109578200
2021-01-08,128.19541931152344,128.75849069520498,126.42853860962131,128.56431691137144,105158200
2021-01-11,125.21504211425781,126.37030813032683,124.74905756448756,125.41891868730954,100384500
2021-01-12,125.0403060913086,125.90432622691371,123.15693269578279,124.74906018656239,91951100
2021-01-13,127.06929016113281,127.61294126201366,124.73935263924878,125.00146061142823,88636800
2021-01-14,125.14710235595703,127.17609140406186,125.00147198922038,126.98193239512918,90221800
2021-01-15,123.42875671386719,126.41885265934873,123.29284393513538,125.02088418474625,111598500
2021-01-19,124.0986328125,124.95295027523217,123.2346125834672,124.05008935422954,90757300
2021-01-20,128.176025390625,128.62260444676102,124.79761120554318,124.9044008833116,104319500
2021-01-21,132.87474060058594,135.59301116722563,129.69048544958548,129.89436203777117,120150900
2021-01-22,135.0105438232422,135.7677743821565,131.07876065141238,132.30197582810843,114459400
2021-01-25,138.74813842773438,140.8547939706266,132.55436700322258,138.89376878953092,157611700
2021-01-26,138.98114013671875,140.08786276088446,137.2433822290361,139.40829883611298,98390600
2021-01-27,137.91322326660156,140.08784232197448,136.31139319096383,139.24322781199024,140843800
2021-01-28,133.08834838867188,137.84532659995853,132.70973305547886,135.4474245519407,142621100
2021-01-29,128.1080780029297,132.7485480341253,126.40916071663973,131.86510749004256,177523800
2021-02-01,130.22442626953125,131.42823575703017,127.1081202867018,129.84581103922318,106239800
2021-02-02,131.0496063232422,132.33106742025004,130.6806938981219,131.76799601841705,83305400
2021-02-03,130.03024291992188,131.80682630276928,129.70987396760063,131.79710872600307,89880900
2021-02-04,133.3795623779297,133.38926514344305,130.66129188255576,132.3213832150557,84183100
2021-02-05,132.9663543701172,133.6080499269068,132.09132576396362,133.5399993993488,75693800
2021-02-08,133.11216735839844,133.16078334273837,131.17736393158722,132.25657350766537,71297200
2021-02-09,132.2371368408203,134.05527394815869,132.08158644572234,132.83021630146237,76774200
2021-02-10,131.63433837890625,133.1899609934861,130.67179521713933,132.69409868188646,73046600
2021-02-11,131.38156127929688,132.6066041234454,130.05928645451803,132.13019115518452,64280000
2021-02-12,131.6148681640625,131.77043336797686,129.98147802950479,130.62317336901577,60145100
2021-02-16,129.49539184570312,132.23715902657875,129.1064787039169,131.7315941955358,80576300
2021-02-17,127.2105484008789,128.5522725131688,125.87855638741323,127.60917872924279,97918500
2021-02-18,126.11188507080078,126.39383401906319,123.8756835018222,125.61602284261227,96856700
2021-02-19,126.26747131347656,127.08418144033098,125.22716025236211,126.62721780066286,87668800
2021-02-22,122.50482177734375,126.1216319880877,122.11591609767342,124.45906002205308,103916400
2021-02-23,122.36870574951172,123.1951256816812,115.10591870921408,120.32696020598745,158273000
2021-02-24,121.87284851074219,122.07702231944482,118.83940058972168,121.47422557501572,111039900
2021-02-25,117.63379669189453,122.9520628532438,117.19628243074794,121.22144033722896,148199500
2021-02-26,117.89631652832031,121.38672834698384,117.83797585116562,119.18941742406001,164560400
2021-03-01,124.24516296386719,124.38127883253527,119.38386074641136,120.31722988203185,116307900
2021-03-02,121.64925384521484,125.14939066272868,121.5423045814837,124.84799223826454,102260900
2021-03-03,118.67411804199219,122.22287046374831,118.46021953832745,121.34783450228308,112966300
2021-03-04,116.79766082763672,120.17140622773192,115.32955269233915,118.37272563793533,178155000
2021-03-05,118.0518569946289,118.55743656088569,114.30865590625393,117.62406745905575,153766600
2021-03-08,113.13224029541016,117.6435287378886,112.98639972664601,117.57547079483327,154376600
2021-03-09,117.73101806640625,118.6741119196786,115.49482341109125,115.72816384952438,129525800
2021-03-10,116.6518325805664,118.78107829664711,116.1365282204776,118.31439735247595,111943300
2021-03-11,118.57687377929688,119.79219924122525,117.89629448772017,119.14078657389355,103026500
2021-03-12,117.67269134521484,117.80880722667213,115.8545688924242,117.06016987865702,88105100
2021-03-15,120.55059051513672,120.56031519817381,117.07962044686742,118.04216378802697,92403800
2021-03-16,122.08674621582031,123.69097746560344,121.26032630464678,122.21313740579694,115227900
2021-03-17,121.29920959472656,122.3686945512962,118.94633378896354,120.60890560077927,111932600
2021-03-18,117.18656158447266,119.7630534964986,116.98238776140393,119.47137236768086,121229700
2021-03-19,116.66152954101562,118.06158696536845,116.36013117462356,116.57402966087285,185549500
2021-03-22,119.96721649169922,120.43390477213393,116.92404394954326,116.99210188442348,111912300
2021-03-23,119.14080810546875,120.79364806529563,118.75190240381558,119.90889482634996,95467100
2021-03-24,116.75874328613281,119.4907999468216,116.7393013427106,119.41301733761696,88530500
2021-03-25,117.2448959350586,118.28522184257633,115.69900522410137,116.22402681020739,98844700
2021-03-26,117.84769439697266,118.11020888610055,115.62121696029041,117.0115497729694,94071200
2021-03-29,118.02268981933594,119.17968207349621,117.38100181008681,118.27547960128655,80819200
2021-03-30,116.57402801513672,117.06015823420087,115.56287626935224,116.77820181701264,85671900
2021-03-31,118.76163482666016,120.09362711310527,117.78937421803873,118.27550452234945,118323800
2021-04-01,119.58804321289062,120.7353109160336,119.09218827381586,120.22973871260609,75089100
2021-04-05,122.40758514404297,122.66037492357067,119.65608644750468,120.43389773016308,88651200
2021-04-06,122.70899200439453,123.6034698490668,122.16452851942161,122.99094842847227,80171300
2021-04-07,124.35212707519531,124.37156902257611,121.66868585332091,122.33954801322936,83466700
2021-04-08,126.74385833740234,126.77302496072005,124.95490287484438,125.37296769940845,88844600
2021-04-09,129.31065368652344,129.34953758105655,125.87857511762488,126.19942288071834,106686700
2021-04-12,127.59944915771484,129.16478885922183,127.00636977178947,128.84394117481807,91420000
2021-04-13,130.70094299316406,130.9245735402874,128.27029228063316,128.76615452071883,91266500
2021-04-14,128.36753845214844,131.255153005102,128.00780685424039,131.19681975522676,87222800
2021-04-15,130.76901245117188,131.2551426089829,129.93286798631627,130.10788255759607,89347100
2021-04-16,130.43850708007812,130.93435472673042,129.58291286418694,130.57462299301338,84922400
2021-04-19,131.09962463378906,131.71215360069297,129.6412336348906,129.80651616783663,94264200
2021-04-20,129.41761779785156,131.77048682845773,128.15367596540483,131.27463922976452,94812300
2021-04-21,129.79676818847656,130.03983329744375,127.65779819666872,128.6883918850069,68847100
2021-04-22,128.28001403808594,130.42870078687824,127.76471731540651,129.34949136408457,84566500
2021-04-23,130.59405517578125,131.37185181275385,128.4939686507075,128.4939686507075,78657500
2021-04-26,130.9829559326172,131.31352099303626,129.85513001828372,131.08990519751984,66905100
2021-04-27,130.66209411621094,131.65380402656527,130.38986235031265,131.26489090705445,66015800
2021-04-28,129.8745880126953,131.27464581514576,129.38845765548453,130.58433418027712,107760100
2021-04-29,129.77732849121094,133.26775499092827,128.77590135452442,132.6843927517533,151101000
2021-04-30,127.81332397460938,129.85506135839756,127.43414311508354,128.1244395035861,109839500
2021-05-03,128.86337280273438,130.35094470080776,128.17307630207762,128.3772426558717,75135100
2021-05-04,124.30350494384766,127.84254003096058,123.18540387178189,127.55085891033158,137564700
2021-05-05,124.54658508300781,126.83138852361431,124.42018646140798,125.61606280982821,84000900
2021-05-06,126.14108276367188,126.15080002789722,123.60347484441658,124.34239490228468,78128300
2021-05-07,126.81309509277344,127.83569086092047,126.1021285936208,127.43639821291805,78973300
2021-05-10,123.54073333740234,126.16055151436144,123.50177596650869,126.03395306208488,88071200
2021-05-11,122.62525177001953,122.97585322059021,119.56716154628263,120.2781205077101,126142800
2021-05-12,119.56717681884766,121.3883949923918,119.06074583190636,120.18074615402475,112172300
2021-05-13,121.70978546142578,122.85900193405529,121.01830882379365,121.32996037075966,105861300
2021-05-14,124.12508392333984,124.55360758966998,122.5668261780835,122.95639247198734,81918000
2021-05-17,122.97586822509766,123.61865372868071,121.90456648281831,123.51152281141687,74244600
2021-05-18,121.59292602539062,123.67709735626846,121.52475247458096,123.25831484976348,63342900
2021-05-19,121.43709564208984,121.66109125212728,119.65483481097455,119.94701139751646,92612000
2021-05-20,123.98873138427734,124.38803886132331,121.83638680726905,121.96300011967811,76857100
2021-05-21,122.15776824951172,124.66072150118845,121.94350644557427,124.48541706436308,79295400
2021-05-24,123.7842025756836,124.60229244585756,122.65446862112498,122.72264215777629,63092900
2021-05-25,123.58943176269531,124.9723924215316,123.02456103094238,124.48542900111524,72009500
2021-05-26,123.54073333740234,124.06664669892854,123.12195088824402,123.64786424977021,56575900
2021-05-27,122.01168823242188,124.31012103497811,121.816908814046,123.14142966400581,94625600
2021-05-28,121.35918426513672,122.5181420121491,121.30075191834936,122.29413896553177,71311100
2021-06-01,121.03778076171875,122.07986629236983,120.70665425214682,121.8169133247897,67637100
2021-06-02,121.79743194580078,121.97273640244447,120.81378617886122,121.03778177713107,59278900
2021-06-03,120.31708526611328,121.59290756486408,119.91777779316642,121.42734431379967,76229200
2021-06-04,122.60578918457031,122.86874960294172,120.61900768168596,120.83326952469692,75169300
2021-06-07,122.61550903320312,123.02455024570587,121.57342360305104,122.878461975424,71057600
2021-06-08,123.43359375,125.10873085926178,122.91742162506401,123.2972466766342,74403800
2021-06-09,123.81342315673828,124.41725123885395,123.21933627459374,123.89133789579034,56877900
2021-06-10,122.82005310058594,124.84579201187799,122.65448983014099,123.70630923030153,71186400
2021-06-11,124.02769470214844,124.11535064804697,122.81030467281765,123.2290871401218,53522400
2021-06-14,127.07601165771484,127.13444398991092,123.75497617492034,124.48541004880167,96906500
2021-06-15,126.2579574584961,127.19291956440452,126.01447944620644,126.55013404538738,62746300
2021-06-16,126.75465393066406,127.47535423486387,125.1087549638898,126.96891578162294,91815000
2021-06-17,128.3518524169922,129.0920350275276,126.26768138864819,126.41377710106734,96721700
2021-06-18,127.05657958984375,128.07917541017278,126.8423177381681,127.3000576157734,108953300
2021-06-21,128.84857177734375,128.955702701089,125.83918700220758,126.90074760795298,79663300
2021-06-22,130.48472595214844,130.58212309669915,128.18629303149916,128.68299766370282,74783600
2021-06-23,130.21205139160156,130.81588702946803,129.75431149256474,130.2802323751994,60214200
2021-06-24,129.9296112060547,131.12751887622477,129.46212271856308,130.94247320751583,68711000
2021-06-25,129.63743591308594,130.3970861369589,129.34525932066123,129.97831108103458,70783700
2021-06-28,131.2638702392578,131.72161011019884,129.87118308436172,129.929615432019,62111300
2021-06-29,132.77342224121094,132.92925172484664,130.84508067855094,131.28333809814853,64556100
2021-06-30,133.38699340820312,133.82525083392224,132.3254180392348,132.61759460995344,63261400
2021-07-01,133.6888885498047,133.74732088516166,132.21827209331306,133.03636937045857,52485800
2021-07-02,136.30870056152344,136.34765049437885,134.15634896857634,134.30242979267734,78852600
2021-07-06,138.31497192382812,139.41548226335163,136.4158466947496,136.4158466947496,108181800
2021-07-07,140.7984619140625,141.11010601971827,138.93828646790567,139.7953189039971,104911600
2021-07-08,139.50318908691406,140.30178936453598,137.00022759601723,137.88649126591835,105575500
2021-07-09,141.32435607910156,141.8502619651795,138.92852627188464,139.02592340594762,99890800
2021-07-12,140.73025512695312,142.50278173643568,140.24329922685985,142.39565084398657,76299700
2021-07-13,141.84054565429688,143.61307265954179,139.882987848704,140.2725467114718,100827100
2021-07-14,145.2589569091797,145.66801299296932,143.8273051980656,144.23636128185524,127050800
2021-07-15,144.6064453125,146.08679566961968,143.25270826705687,145.3466279214185,106820300
2021-07-16,142.57095336914062,145.85303150774294,142.07426368162248,144.5869580069263,93251400
2021-07-19,138.73379516601562,140.3115430949904,137.9741448101365,139.99988404605466,121434600
2021-07-20,142.33721923828125,143.26244743833868,139.23045273850917,139.717408691922,96350000
2021-07-21,141.60682678222656,142.31779338215424,140.85692509405402,141.73344012262586,74993500
2021-07-22,142.97027587890625,144.33374665171397,142.00609770767423,142.13271101540525,77338200
2021-07-23,144.684326171875,144.84015561733656,143.08711150767857,143.70068066123733,71447400
2021-07-26,145.10316467285156,145.92124724515625,143.84680978043045,144.40194679352788,72434100
2021-07-27,142.94107055664062,145.31741825019225,141.7528967098648,145.22975487472473,104818600
2021-07-28,141.19772338867188,143.13581314895694,138.82137630671426,141.03216017207177,118931200
2021-07-29,141.84054565429688,142.72680915691933,140.80820129331602,140.91533220968486,56699500
2021-07-30,142.05482482910156,142.51256472212955,140.35047859016916,140.61343902803458,70440600
2021-08-02,141.7236785888672,143.11636561756876,141.46071818751764,142.54176110337934,62880000
2021-08-03,143.51560974121094,144.1778624765536,141.39247478820687,142.00604383355355,64786600
2021-08-04,143.11634826660156,143.93443068193204,142.46382908813206,143.4280072023747,56368300
2021-08-05,143.22348022460938,143.9831303102646,142.35669923658142,143.1455654900914,46397700
2021-08-06,142.54071044921875,143.4868214640887,142.04327662115523,142.74554489782116,54126800
2021-08-09,142.491943359375,143.08692025442784,141.9359896381178,142.59923476284288,48908700
2021-08-10,142.01405334472656,144.0720871817776,141.7214390067462,142.83336158468475,69023100
2021-08-11,142.2676544189453,143.1064743087136,141.9457801130242,142.4529773420197,48493500
2021-08-12,145.22300720214844,145.37907015513477,142.24812227389452,142.58950812317931,72282600
2021-08-13,145.4278564453125,145.75947909182239,144.61829653790267,145.30105342277125,59375000
2021-08-16,147.3981170654297,147.46640020534528,142.86264613601338,144.88165713815187,103296000
2021-08-17,146.4910125732422,147.94430623200614,145.41809822926902,146.53002087530285,92229700
2021-08-18,142.7553253173828,147.00794422226895,142.55049082276733,146.1106045300614,86326000
2021-08-19,143.08694458007812,144.35493005036025,140.94113102889904,141.45807654722455,86960300
2021-08-20,144.5402069091797,144.8425694877767,143.16493045525985,143.80867878045353,60549600
2021-08-23,146.0228271484375,146.4910011515847,144.24764444190524,144.65729855503196,60131800
2021-08-24,145.9350128173828,147.1444782861979,145.47658722985506,145.76920152361467,48606400
2021-08-25,144.70603942871094,146.61777310120064,144.15983406027962,146.12032437546637,58991300
2021-08-26,143.90626525878906,145.4473535938561,143.87700531241939,144.69632845972228,48597200
2021-08-27,144.94015502929688,145.08645474475415,143.21374397198983,143.84772924961433,55802400
2021-08-30,149.34881591796875,149.70971334019745,144.9498976782118,145.33029180641267,90956700
2021-08-31,148.090576171875,149.0366872034825,147.56386751356777,148.9001358629917,86453100
2021-09-01,148.75389099121094,151.16305960682033,148.58807963456005,149.06601699172097,80313700
2021-09-02,149.86575317382812,150.9094073223183,148.6465393833382,150.08033599159282,71115500
2021-09-03,150.499755859375,150.82163009154993,149.31955034140017,149.9730471583683,57808700
2021-09-07,152.83091735839844,153.3868712092461,150.58756059759483,151.1532776856572,82278300
2021-09-08,151.28982543945312,153.1722846868866,150.1876512353804,153.11376479693286,74420200
2021-09-09,150.27545166015625,152.2652024090621,150.15839699282031,151.6604770125975,57305700
2021-09-10,145.301025390625,151.65068551937273,145.03767104191758,151.18251158621138,140893200
2021-09-13,145.8667755126953,147.69071501388157,145.08647552487224,146.92017826380882,102404300
2021-09-14,144.47193908691406,147.34929527061283,143.2917485822126,146.64702700212126,109296300
2021-09-15,145.35955810546875,145.75946384011283,142.76506733146184,144.9011324843855,83281300
2021-09-16,145.12548828125,145.30106285331667,143.59416308886955,144.78411725815147,68034100
2021-09-17,142.4627227783203,145.15475696069768,142.17010842593353,145.15475696069768,129868800
2021-09-20,139.41952514648438,141.2727239872893,137.7906574556132,140.25834475382314,123478900
2021-09-21,139.89747619628906,141.03867353306788,139.2634909051742,140.38516176883357,75834000
2021-09-22,142.25790405273438,142.82360628582634,140.16084691647131,140.89237536058963,76404300
2021-09-23,143.21376037597656,143.45760318499043,142.05306622379317,143.03818581433492,64838200
2021-09-24,143.30154418945312,143.83800136075783,141.97503867631073,142.07258175581498,53477900
2021-09-27,141.78968811035156,142.3651683544505,140.2778748536838,141.88723117083788,74150700
2021-09-28,138.4149169921875,141.18496735666514,138.2003341585889,139.7219107001194,108972300
2021-09-29,139.31228637695312,140.89238314094982,138.531986350207,138.96115210906663,74602000
2021-09-30,138.01502990722656,140.82410382973063,137.80044704464729,140.12183534910463,89056700
2021-10-01,139.1366729736328,139.40002732180153,135.68386603878685,138.40514469326044,94639600
2021-10-04,135.71315002441406,138.70754679310303,134.8645818313905,138.26861784072736,98322000
2021-10-05,137.6345977783203,138.73677173382114,135.92769858570284,136.0545015739937,80861100
2021-10-06,138.502685546875,138.6489852474294,134.96208396365105,136.03499804431914,83221100
2021-10-07,139.7609405517578,140.66804355787346,139.2049866756737,139.53660933038944,61732700
2021-10-08,139.38052368164062,140.62899749402928,139.04890108087716,140.48269778280476,58773200
2021-10-11,139.29275512695312,141.2434974770439,138.31738395190774,138.76606124094116,64452200
2021-10-12,138.02476501464844,139.72191616043952,137.56633938704366,139.7024045703548,73035900
2021-10-13,137.4395294189453,137.91745167770748,135.7716384818284,137.7614036307742,78762700
2021-10-14,140.21934509277344,140.3363997461316,138.024760100328,138.60998871817293,69907100
2021-10-15,141.27276611328125,141.33128600610704,139.97552058470157,140.2291266309253,67940300
2021-10-18,142.94064331054688,143.22349439217342,139.63413574665708,139.91698682828363,85589200
2021-10-19,145.09622192382812,145.4961277086073,142.94065979384268,143.38932223477877,76378900
2021-10-20,145.58389282226562,146.0618300447265,144.47197030405582,145.03768735830047,58418800
2021-10-21,145.79847717285156,145.95454013073487,144.2281290062348,145.14498028007083,61421000
2021-10-22,145.02796936035156,146.48126315623614,144.97919781593575,146.00334071672438,58883400
2021-10-25,144.9791717529297,145.69118854784608,143.98428898104416,145.0181800516583,50720600
2021-10-26,145.64242553710938,147.12497895180522,145.34004798248478,145.6521738906202,60893400
2021-10-27,145.1840057373047,146.04232225315448,144.83287151805337,145.68143968000115,56094900
2021-10-28,148.81240844726562,149.39762230558532,146.03259425054543,146.13013733509126,100077900
2021-10-29,146.11061096191406,146.24716233667445,142.8041031388741,143.59415144162946,124953200
2021-11-01,145.29129028320312,146.01305539533712,144.15985619885288,145.3205502265068,74588300
2021-11-02,146.32521057128906,147.8370391039872,144.988941733531,144.9987049719068,69122000
2021-11-03,147.7589874267578,148.2271614322934,146.13011931995035,146.6860731609645,54511500
2021-11-04,147.24203491210938,148.6758168059769,146.92990900121129,147.84676026074618,60394600
2021-11-05,147.76950073242188,148.66815006608644,146.57781000839395,148.36534609443586,65463900
2021-11-08,146.9490203857422,148.0528033415094,146.6755190186912,147.89651258756408,55020900
2021-11-09,147.3103790283203,147.91598686060686,146.57778313905698,146.7145337755314,56787900
2021-11-10,144.48745727539062,146.64617992683026,144.4190894029692,146.5387319232798,65187100
2021-11-11,144.43862915039062,145.96242651484354,144.25303577054234,145.5033467129879,41000000
2021-11-12,146.5094451904297,146.9099196974308,144.0576809080353,144.9856329096499,63804000
2021-11-15,146.5192108154297,148.35558969382197,145.96243066007273,146.88062009926887,59222800
2021-11-16,147.49600219726562,147.97463697406297,145.87451939068316,146.4606021824879,59256200
2021-11-17,149.92819213867188,151.4031464578267,147.4862059054811,147.4959684847215,88807000
2021-11-18,154.20654296875,154.9879815498081,149.49840122848465,150.14308917571017,137827700
2021-11-19,156.82437133789062,157.28346597858675,152.89765298958213,153.9916581394781,117305600
2021-11-22,157.28347778320312,161.8548695638248,157.26393771700205,157.9281509208038,117467900
2021-11-23,157.66444396972656,158.04539332554327,155.36897034832776,157.38116514595987,96041900
2021-11-24,158.18212890625,158.3774848564214,155.9354982175197,157.01974088138022,69463600
2021-11-26,153.17117309570312,156.72670517440085,152.7316184657377,155.8671359816053,76959800
2021-11-29,156.52159118652344,157.44954318891868,155.10522691977297,155.67176964553224,88748200
2021-11-30,161.46417236328125,161.67906839694083,156.2090119296681,156.2773947152438,174048100
2021-12-01,160.94647216796875,166.34814584365344,160.71203606659066,163.5935775451036,152052500
2021-12-02,159.95989990234375,160.38969196905754,154.13821164787007,155.05640108044867,136739200
2021-12-03,158.08445739746094,161.13206712633752,156.0136573148525,160.2138776845153,118023100
2021-12-06,161.48367309570312,163.98426461858526,160.46779847409405,160.47756105335333,107497000
2021-12-07,167.20770263671875,167.598429443289,164.4336093812365,165.15644279486372,120405400
2021-12-08,171.0172119140625,171.87679598965886,166.7388465074218,168.13567063026588,116998900
2021-12-09,170.50924682617188,172.64842918211983,169.88409893762693,170.85113086564078,108923700
2021-12-10,175.28578186035156,175.46161263264923,170.63624509261138,171.14418244016858,115402700
2021-12-13,171.66188049316406,177.90359710458122,171.4567470785072,176.9170250648393,153237000
2021-12-14,170.2846221923828,173.6154957034132,168.21382219359762,171.18327152968024,139380400
2021-12-15,175.13926696777344,175.33462289814014,168.31146765189683,171.04649539113694,131063300
2021-12-16,168.2626495361328,176.93659123544322,166.78769490587976,175.11975249855263,150185800
2021-12-17,167.16864013671875,169.44457351876034,165.75229083845704,165.98671202152144,195432700
2021-12-20,165.8109130859375,166.6216545378973,163.5740596088574,164.37502357405398,107499100
2021-12-21,168.97569274902344,169.1808112556796,165.19548774606798,167.57886880713295,91185900
2021-12-22,171.56417846679688,171.77907444050894,168.15516043354702,169.02450690730925,92135300
2021-12-23,172.1893768310547,172.7461569911751,171.2028195021509,171.76936224404878,68356600
2021-12-27,176.1453399658203,176.23324788670124,172.96099551474387,172.98052067180626,74919600
2021-12-28,175.1295166015625,177.12218615208815,174.38715798933583,175.9793381325386,79144300
2021-12-29,175.21742248535156,176.43841575185178,174.0061917992903,175.16857977375096,62348900
2021-12-30,174.06478881835938,176.3798020768136,173.95734081982604,175.30532209148024,59773000
2021-12-31,173.4493865966797,175.07085395286333,173.14656781651271,173.9573089469543,64062300
2022-01-03,177.78640747070312,178.6362290402615,173.58620196027948,173.70341256103026,104487900
2022-01-04,175.52999877929688,178.69481886787932,174.96345608354855,178.39201490568885,99310400
2022-01-05,170.86090087890625,175.98907226585013,170.58739959731207,175.44206970266174,94537600
2022-01-06,168.0086669921875,171.23209207239668,167.65702034880644,168.6924202141222,96904000
2022-01-07,168.1747283935547,170.09901499255682,167.06118311991872,168.8780217142409,86709100
2022-01-10,168.1942901611328,168.4970941484729,164.26757109809446,165.15645789652865,106765600
2022-01-11,171.0172119140625,171.1148824378415,166.85607200254188,168.32126400156088,76138300
2022-01-12,171.456787109375,173.06849253983535,170.76327115991117,172.03309245435602,74805200
2022-01-13,168.1942901611328,172.52148374355693,167.80356331883507,171.7009797317892,84505800
2022-01-14,169.0538330078125,169.74734876331195,167.11976914653764,167.36396777404897,80440800
2022-01-18,165.85971069335938,168.5361181103695,165.478761430844,167.53002095796475,90956700
2022-01-19,162.37255859375,167.11001826086033,162.08929472408371,166.0550783276264,94815000
2022-01-20,160.6924591064453,165.74248492301732,160.37011513031928,163.10514273299674,91420500
2022-01-21,158.6412353515625,162.4702688967568,158.53378733529433,160.60458738914824,122848900
2022-01-24,157.86953735351562,158.53376542721094,151.11012055841888,156.30667494751387,162294600
2022-01-25,156.07225036621094,158.98309429431202,153.37630245676536,155.29081165334586,115798400
2022-01-26,155.9843292236328,160.575260779249,154.15772812433738,159.70591419723806,108275300
2022-01-27,155.52525329589844,160.0380400395087,154.6070638933257,158.68029600296296,121954600
2022-01-28,166.37741088867188,166.39695095221313,159.02214941138433,161.8646250162313,179935700
2022-01-31,170.7241668701172,170.93906288440527,165.576454917367,166.21138037947398,115541600
2022-02-01,170.55812072753906,170.78277933201363,168.31148996868112,169.9720379540269,86213900
2022-02-02,171.7595977783203,171.79867791780276,169.30784814286474,170.6948950003688,84914300
2022-02-03,168.88778686523438,172.15029228212393,168.12588824034546,170.43112418107953,89418100
2022-02-04,168.6041717529297,170.27662529840396,166.93171820745542,167.90975737649003,82465400
2022-02-07,167.89022827148438,170.12993168140494,167.19581380846196,169.06387243592252,77251200
2022-02-08,170.9905548095703,171.49913925228722,167.6652133594248,167.95862803498034,74829200
2022-02-09,172.40875244140625,172.77062217708496,171.05905354274313,172.1838075995271,71285000
2022-02-10,168.34010314941406,171.6263154743887,167.78262856301606,170.31574652168356,90865900
2022-02-11,164.9365234375,169.27901969811438,164.34969397169522,168.545490327705,98670700
2022-02-14,165.17123413085938,165.85585845870224,162.90217644579033,163.69438566255786,86185500
2022-02-15,168.995361328125,169.15185115822308,166.5111487010071,167.21533801275692,62527400
2022-02-16,168.76068115234375,169.53332561896576,166.3155829464961,168.07605663944543,61177400
2022-02-17,165.17123413085938,168.13469116142224,164.77023455180458,167.27401205002488,69589300
2022-02-18,163.62594604492188,166.7947832093295,162.54032203615824,166.09060878011084,82772700
2022-02-22,160.71136474609375,163.02931224334074,158.58900712715553,161.35685910032004,91162800
2022-02-23,156.55471801757812,162.5011823133144,156.24173835796486,161.90457789540673,90009200
2022-02-24,159.16610717773438,159.27369208830245,148.66196063900136,149.22922517438823,141147500
2022-02-25,161.229736328125,161.49379611504713,157.33713033388693,160.2419073795577,91974200
2022-02-28,161.4938201904297,161.78723492110947,158.86289248069977,159.479061922758,95056600
2022-03-01,159.61602783203125,162.94137076159882,158.41304354311353,161.08308693880304,83474400
2022-03-02,162.90219116210938,163.6846254319098,159.37146939131958,160.7798480922219,79724800
2022-03-03,162.57945251464844,165.20060533866413,161.91439302006907,164.77026570160976,76678400
2022-03-04,159.58663940429688,161.91437725608384,158.54014531943216,160.87765818976635,83737200
2022-03-07,155.8016357421875,161.3960207362876,155.54733601828758,159.7724722055909,96418800
2022-03-08,153.98248291015625,159.30301816152476,152.37849933499598,155.33218168421902,131148300
2022-03-09,159.3715057373047,159.82141039524444,155.90925307773495,157.9337867292243,91454900
2022-03-10,155.0387725830078,156.86770104560523,152.55454474714313,156.68187121650197,105342000
2022-03-11,151.33200073242188,155.78208206231224,151.10705589580672,155.4397623739769,96970100
2022-03-14,147.312255859375,150.7353929741164,146.8036862331013,148.12403016599976,108732100
2022-03-15,151.68409729003906,152.15356685525754,147.07754097449947,147.58611061794517,92964300
2022-03-16,156.08523559570312,156.48623515497343,151.06790582915622,153.60102317904168,102300200
2022-03-17,157.0926513671875,157.46431103838808,154.16832371335292,155.12679794973494,75615400
2022-03-18,160.37881469726562,160.86783414742996,156.25148934398342,156.98501851922993,123511700
2022-03-21,161.74810791015625,162.6968070121453,159.4301451412394,159.9191646814939,95811400
2022-03-22,165.11253356933594,165.69934795266286,161.2883979046786,161.8752122880055,81532000
2022-03-23,166.47207641601562,168.84870476015902,163.96828326313863,164.30082796833884,98062700
2022-03-24,170.24728393554688,170.31573891650316,166.4720521767643,167.30337650948087,90131400
2022-03-25,170.88299560546875,171.43069512284325,168.95625735233114,170.061446329407,80546200
2022-03-28,171.74368286132812,171.87081780430975,168.22273590773543,168.38900077447545,90371900
2022-03-29,175.02989196777344,175.0787819860724,172.46741925958432,172.8097389298353,100589400
2022-03-30,173.8660125732422,175.66560091058673,172.8195035873902,174.628881866762,92633200
2022-03-31,170.77545166015625,174.12034444944086,170.57005683003788,173.9345145849757,103049300
2022-04-01,170.4820098876953,171.0394993928561,168.1640617684755,170.20816010667752,78751300
2022-04-04,174.5213165283203,174.57022147286082,170.60915974417932,170.73630961524591,76468400
2022-04-05,171.21551513671875,174.38436705774205,170.589570736433,173.6019328264619,73401800
2022-04-06,168.05650329589844,169.8169771105806,166.39383938569154,168.57486295748595,89058800
2022-04-07,168.35963439941406,169.55284318419794,166.11993163539967,167.40116034930097,77594700
2022-04-08,166.35467529296875,168.00756384278074,165.48422104719532,168.00756384278074,76575500
2022-04-11,162.11001586914062,165.31798361672782,161.8655060412837,165.00501879739264,72246700
2022-04-12,163.97804260253906,166.13950070260202,162.9804385205217,164.33013728303388,79265200
2022-04-13,166.65786743164062,167.28381189911025,163.10759541750994,163.7139749230824,70618900
2022-04-14,161.66009521484375,167.50878046321276,161.4155854111937,166.87304601950618,75329400
2022-04-18,161.44491577148438,162.94131434841603,159.97785717263437,160.3201618914843,69023900
2022-04-19,163.72373962402344,164.13452917950872,160.31039271090148,161.3960167105301,67723800
2022-04-20,163.55747985839844,165.17125338034182,162.45230578739907,165.05387853639598,67929800
2022-04-21,162.76527404785156,167.7630547165198,162.266479452362,165.20059691129774,87227800
2022-04-22,158.23696899414062,164.18344962427105,157.95334416856102,162.8044255775631,84882400
2022-04-25,159.30299377441406,159.58661851207708,154.9800632753819,157.58163561913904,96046400
2022-04-26,153.35653686523438,158.77486701882205,153.2782919448604,158.68684707978605,95623200
2022-04-27,153.131591796875,156.28086402556207,151.96772285920957,152.48608239761126,88063200
2022-04-28,160.0463409423828,160.90702025080918,155.4397695467575,155.7527492675287,130216800
2022-04-29,154.18785095214844,162.55008785176082,153.7966412998766,158.28583697775457,131747600
2022-05-02,154.49110412597656,154.7551640085493,149.9040971322451,153.26855492396695,123055300
2022-05-03,155.9776611328125,157.18065989099466,152.88706912402677,154.67686742533908,88966500
2022-05-04,162.37405395507812,162.8239435793619,155.76250015329012,156.16349976201118,108256500
2022-05-05,153.32720947265625,160.47667363266967,151.5471709663278,160.25172879543595,130525300
2022-05-06,154.05203247070312,156.16770488216497,151.0156499387557,152.80809337522012,116124600
2022-05-09,148.93917846679688,152.6318086665329,148.38088469249257,151.75027094227133,131577900
2022-05-10,151.33883666992188,153.52307898712107,149.7912627423493,152.32811702969943,115366700
2022-05-11,143.4932403564453,152.25954795565056,142.81739949520818,150.34957266016625,142689800
2022-05-12,139.63412475585938,143.19941752795359,135.95129962230052,139.8398213340432,182602000
2022-05-13,144.09075927734375,145.06044619602298,140.1728540722722,141.62247481337442,113990900
2022-05-16,142.55294799804688,144.49232147743598,141.22085987637433,142.56275232444813,86643800
2022-05-17,146.17703247070312,146.69615365751025,143.66956086149628,145.80482673464496,78336300
2022-05-18,137.92982482910156,144.33559163369299,137.02869370903522,143.8360642275501,109742900
2022-05-19,134.5310821533203,138.7526228149115,133.79647489353653,137.0091561140078,136095600
2022-05-20,134.76609802246094,137.8122689524701,129.88831177177445,136.2353120090451,137426100
2022-05-23,140.17282104492188,140.31973647724712,134.82487512400195,134.9620011760451,117726300
2022-05-24,137.47926330566406,139.05622039365426,134.51145197634384,137.92002455292192,104132700
2022-05-25,137.63600158691406,138.87992561613757,135.50073567160547,135.5888849437953,92482700
2022-05-26,140.82907104492188,141.37757526410218,134.32535040420584,134.57021942674126,90601500
2022-05-27,146.56878662109375,146.60795908464218,142.27867700009156,142.40601366145458,90978500
2022-05-31,145.78524780273438,147.567901829154,143.8262952175465,146.01053811087894,103718400
2022-06-01,145.6578826904297,148.62569377792533,144.64900865939228,146.823446577346,74286600
2022-06-02,148.10658264160156,148.16534881431244,143.84585577263883,144.7959487531145,72348100
2022-06-03,142.396240234375,144.93307974702813,141.49512401563555,143.88503314588232,88570300
2022-06-06,143.14064025878906,145.52077501341512,141.92608448379778,144.01237341190438,71598400
2022-06-07,145.6578826904297,145.94192415465892,141.1424977278199,141.38736672807937,67808200
2022-06-08,144.9232635498047,146.79405119640674,144.43352559030978,145.5305338369811,53950200
2022-06-09,139.7125244140625,144.91354212801434,139.604781403511,144.06140237359568,69473000
2022-06-10,134.31558227539062,137.87107088214006,134.24701176433422,137.40092646925825,91437900
2022-06-13,129.17330932617188,132.4251621177248,128.74233746263164,130.1429810735186,122207100
2022-06-14,130.03526306152344,131.14207601932122,128.7815346427886,130.3976794412042,84784300
2022-06-15,132.65045166015625,134.52125474775525,129.4475753177957,131.5338494146611,91533000
2022-06-16,127.39067077636719,129.67285209068328,126.39160087860697,129.36921686332983,108123900
2022-06-17,128.8599090576172,130.34871732723784,127.14582540730095,127.4004988291183,134520300
2022-06-21,133.08139038085938,134.2469691337133,130.58373870544858,130.68167733148658,81000500
2022-06-22,132.57211303710938,134.93263938077834,131.16166488175563,132.0235937967665,73409200
2022-06-23,135.43218994140625,135.74561458048865,132.84637315008302,134.01195231906672,72433800
2022-06-24,138.7526092529297,138.99747831559026,136.90139973704072,137.02872148660157,89116800
2022-06-27,138.7526092529297,140.5450525850796,138.0767682486871,139.77125797752416,70207900
2022-06-28,134.61917114257812,140.47643288572067,134.50163881625397,139.21291554088708,67083400
2022-06-29,136.3724822998047,137.78293057588337,133.86502534038587,134.63881999394516,66242400
2022-06-30,133.91395568847656,135.53008505921423,131.02450456880948,134.4330767564404,98964500
2022-07-01,136.07862854003906,136.1863715256026,132.87575195629162,133.24794276909347,71051600
2022-07-05,138.65464782714844,138.70362462604172,134.11966825992553,134.94243962271915,73353800
2022-07-06,139.9867401123047,141.16210859174285,138.1845074474581,138.44897021265854,74064300
2022-07-07,143.34634399414062,143.5422362397496,140.3393449670909,140.34913434840425,66253700
2022-07-08,144.0221710205078,144.5217134378149,142.02404618814074,142.27870461467543,64547800
2022-07-11,141.89671325683594,143.63039032716094,140.8290877786715,142.68029721118097,63141600
2022-07-12,142.8663787841797,145.40321819395862,142.07300556646354,142.768425199881,77588800
2022-07-13,142.50399780273438,143.44428658574307,139.20315284375937,140.05530730128564,71185600
2022-07-14,145.4228057861328,145.89295009063997,140.30993976956114,141.12290665908233,78140700
2022-07-15,147.0879364013672,147.76377735798872,145.1583671279135,146.7059412883577,76259900
2022-07-18,144.0515899658203,148.45923341835072,143.68917356336667,147.64626627696484,81420900
2022-07-19,147.90089416503906,148.1261694879342,143.8948404199678,144.88410592104603,82982400
2022-07-20,149.89898681640625,150.56503820748694,147.28378792798063,148.01839486109847,64823400
2022-07-21,152.16162109375,152.3771070356204,148.821603940378,151.32906041419434,65086600
2022-07-22,150.92745971679688,153.0725146399616,150.26142318216912,152.20078156045275,66675400
2022-07-25,149.81089782714844,151.85799971719163,149.15465049641978,150.84914031891685,53623900
2022-07-26,148.4886016845703,149.94801169458665,147.70501771546552,149.13504463438227,55138700
2022-07-27,153.57208251953125,154.1010080911438,149.03711741300498,149.44849566558014,78620700
2022-07-28,154.12060546875,154.40464702646852,151.2409426865888,153.75818906606037,81378700
2022-07-29,159.17465209960938,160.2716754702952,156.22643448443253,157.93072824104914,101786900
2022-08-01,158.19517517089844,160.23248719622674,157.58790478823227,157.70543713439505,67829400
2022-08-02,156.72593688964844,159.0766880696811,156.35374620232938,156.81410108129182,59907000
2022-08-03,162.72036743164062,163.1709180629882,157.45078129075776,157.53893055181024,82507500
2022-08-04,162.4069366455078,163.75861850349844,161.05525478751719,162.60282888470158,55474100
2022-08-05,162.18133544921875,162.67175374212067,159.87636348602825,160.08234575425365,56697000
2022-08-08,161.7105255126953,164.59418751238474,161.0533667864172,163.18178041324063,60276900
2022-08-09,161.75958251953125,162.6423445061743,160.1215870695177,160.8768354992681,63135500
2022-08-10,165.99684143066406,166.0949161402945,163.70167172283962,164.46672330332,70170500
2022-08-11,165.26116943359375,167.713261012407,164.9669154508603,166.80107516257124,57149200
2022-08-12,168.802001953125,168.87065273956517,166.1537308916434,166.56569547580565,68039400
2022-08-15,169.87109375,170.0672580774187,168.06635799154176,168.2330984181666,54091700
2022-08-16,169.71417236328125,170.38114909928223,168.3704308785935,169.46896318920653,56377100
2022-08-17,171.20504760742188,172.7743773350279,169.26299514755854,169.45915949271176,79542000
2022-08-18,170.81271362304688,171.54834118381174,169.8024529702403,170.4203849105247,62290100
2022-08-19,168.23312377929688,170.4105825645676,168.02714147630917,169.71418188591318,70346300
2022-08-22,164.35882568359375,166.6049353146799,163.93705808753546,166.43819485878106,69026800
2022-08-23,164.02532958984375,165.47697879172844,163.45644246473458,163.87821006023856,54147100
2022-08-24,164.31959533691406,164.8884825026039,163.0641253734546,164.11362798077442,53841500
2022-08-25,166.77166748046875,166.87956011908489,165.1238689631101,165.5456215718219,51218200
2022-08-26,160.48451232910156,167.77213753118554,160.42566451575846,167.3013400580589,78961000
2022-08-29,158.28744506835938,159.77830620497173,156.7573420791942,158.0618418321346,73314000
2022-08-30,155.86474609375,159.44479366035216,154.69754815714236,159.02304111055471,77906200
2022-08-31,154.20716857910156,157.50278094726974,154.1286998362425,157.23795081091825,87991100
2022-09-01,154.9329833984375,155.38415993328115,151.70602203096658,153.6382716729597,74229900
2022-09-02,152.8241729736328,157.2869832188541,152.00027368828214,156.6886721974106,76957800
2022-09-06,151.56869506835938,154.07963464254792,150.7447958267751,153.4715206737186,73714800
2022-09-07,152.9712677001953,153.66765323664163,150.66629592998046,151.85311468464747,87449600
2022-09-08,151.50003051757812,153.36361410419434,149.75412756943635,151.6765739248584,84923800
2022-09-09,154.35427856445312,154.79566708651402,151.7844910019974,152.49069467763707,68028800
2022-09-12,160.29811096191406,161.11220709833708,156.24726616785827,156.53170218353472,104956000
2022-09-13,150.8918914794922,157.46349338077283,150.43089710301157,156.8357585865151,122656600
2022-09-14,152.33372497558594,154.0894308134101,150.66630580332588,151.82368576965968,87965400
2022-09-15,149.4500732421875,152.26508456095567,148.47905455230304,151.6863795720259,90481100
2022-09-16,147.8120880126953,148.44964084888636,145.52673670084437,148.31232430924803,162278800
2022-09-19,151.51966857910156,151.59813732109004,146.24277663621996,146.4487439883553,81474200
2022-09-20,153.89329528808594,155.050690549917,150.14650631554355,150.46036632402453,107689800
2022-09-21,150.77423095703125,155.6980357811973,150.65653533272163,154.32485530993193,101696800
2022-09-22,149.81298828125,151.50983141556574,148.0180554999838,149.45988650515864,86652500
2022-09-23,147.54725646972656,148.5673350111051,145.7130966439831,148.29270193451399,96029900
2022-09-26,147.88075256347656,150.82326264584486,146.77240230987616,146.79202323434507,93339400
2022-09-27,148.85179138183594,151.75507497309587,147.07647912072952,149.81302224747262,84442700
2022-09-28,146.9685516357422,147.75322390412563,142.06436866631904,144.81071412247172,146691400
2022-09-29,139.74957275390625,143.90832467636554,137.98406415633502,143.30021086857073,128138200
2022-09-30,135.5516357421875,140.35774479295515,135.35547138562947,138.5726147256006,124925300
2022-10-03,139.72021484375,140.32834390512355,135.05143653979655,135.56147592361143,114311700
2022-10-04,143.3002471923828,143.41794280659562,141.49549629829846,142.2507447443845,87830100
2022-10-05,143.59446716308594,144.55569777280346,140.2694318056122,141.30913113651346,79471000
2022-10-06,142.64309692382812,144.712663290669,142.43712956504083,143.0158197187154,68402200
2022-10-07,137.40541076660156,140.3577388347644,136.7776758724346,139.80845770678545,85925600
2022-10-10,137.7290802001953,139.17091126885134,135.91454138275128,137.7290802001953,74899000
2022-10-11,136.316650390625,138.64124303543636,135.57122005048993,137.21901816017072,77033700
2022-10-12,135.68896484375,137.67025945099226,135.51242139642648,136.46383432846753,70433700
2022-10-13,140.24986267089844,140.83835578471064,131.79503908177543,132.40316808901153,113224000
2022-10-14,135.72817993164062,141.75051634248345,135.5418185741853,141.54453406151188,88598000
2022-10-17,139.68096923828125,140.16156968133146,137.5819791306435,138.36665154683308,85250900
2022-10-18,140.99526977539062,143.88873492707052,137.91544326382163,142.7019309504816,99136600
2022-10-19,141.1031494140625,142.17225768233465,138.78837451258266,138.97473585531196,61758300
2022-10-20,140.64218139648438,143.0942732786787,139.91635681145763,140.27927658716155,64522000
2022-10-21,144.44781494140625,145.0167019837592,139.916339525803,140.13212478208789,86548600
2022-10-24,146.5860137939453,147.3510650763543,143.2021308192321,144.36932866368048,75981900
2022-10-25,149.42066955566406,149.5678040506047,146.49778017936205,147.2137868289863,74732300
2022-10-26,146.4879608154297,149.07736899312695,145.20305222207165,148.06710843299678,88194300
2022-10-27,142.02513122558594,146.19368643958677,141.3679725525205,145.23247083964995,109180200
2022-10-28,152.7555389404297,154.48180643716302,144.98731275555542,145.36002058759684,164762400
2022-10-31,150.40150451660156,151.2842665764986,149.0087181195706,150.22496108445085,97943200
2022-11-01,147.7630157470703,152.4710340362063,146.27215501250635,152.1081293130579,80379300
2022-11-02,142.250732421875,149.2539052221096,142.22130852087065,146.09561013902547,93604600
2022-11-03,136.21859741210938,140.06347524662803,136.0910838596121,139.3376507448135,97918500
2022-11-04,135.95333862304688,140.16810151754257,132.0234836201314,139.59827074317496,140814800
2022-11-07,136.48382568359375,136.70978808784918,133.2908193539202,134.7055691724296,83374600
2022-11-08,137.05372619628906,138.94987449555333,135.07897897911388,137.9477720224135,89908500
2022-11-09,132.50486755371094,136.12034157773797,132.22977893126608,136.07121539704306,74917800
2022-11-10,144.29441833496094,144.29441833496094,137.05366669118547,138.7631586833069,118854000
2022-11-11,147.07479858398438,147.37935990276293,141.83826577346156,143.26284999283982,93979700
2022-11-14,145.6797332763672,147.64466090619808,144.8446330372058,146.35763570725214,73374100
2022-11-15,147.40887451171875,150.8966242970365,145.95483216140596,149.55065357357725,89868300
2022-11-16,146.1807861328125,147.2418488642614,144.70709039322372,146.51483522710427,64218300
2022-11-17,148.0769500732422,148.8236171893066,143.5870831617381,143.8621718356149,80389400
2022-11-18,148.63693237304688,150.02220984195606,147.34008803390304,149.63904958366277,74829600
2022-11-21,145.41444396972656,147.73305885560603,145.12953609848137,147.52674987775407,58724100
2022-11-22,147.54641723632812,147.78221396265934,144.35340964940343,145.53237828985053,51804100
2022-11-23,148.42083740234375,149.16750461394776,146.7211639605135,146.82923559559399,58301400
2022-11-25,145.5126953125,146.2691965387926,144.5400508786952,145.70918504900035,35195900
2022-11-28,141.69094848632812,144.0685093862778,140.86568238708142,142.59481349853306,69246000
2022-11-29,138.69442749023438,142.27059550015326,137.88881488460692,141.75971007267643,83763800
2022-11-30,145.43411254882812,146.11201495746124,138.0852876520207,138.92037287256267,111380900
2022-12-01,145.7091827392578,146.51481013470644,144.03899751867118,145.61094536816785,71250400
2022-12-02,145.21795654296875,145.4046270438478,143.09583136119605,143.40040769964443,65447400
2022-12-05,144.05865478515625,148.2734173934748,143.21373541725012,145.17866278529172,68826400
2022-12-06,140.40391540527344,144.71693119940028,139.431270776129,144.49096870660432,64727200
2022-12-07,138.4684600830078,140.85584008868295,137.5449416476374,139.69653991914743,69721100
2022-12-08,140.14845275878906,141.0032064446931,138.62564588690643,139.86354485762612,62128300
2022-12-09,139.6670379638672,143.0172426533997,138.42912415381502,139.84387422747133,76097000
2022-12-12,141.95619201660156,141.96601125722427,138.58633357333804,140.19757351667832,70462700
2022-12-13,142.91900634765625,147.34009332894186,141.71058010364294,146.87833415604433,93886200
2022-12-14,140.69863891601562,144.0881358235322,138.68458524913544,142.8011107216781,82291200
2022-12-15,134.10629272460938,139.3133532425607,133.6445335943197,138.63545090272245,98931900
2022-12-16,132.1511993408203,135.23613504981998,131.38487878191776,134.2929782040358,160156900
2022-12-19,130.04869079589844,132.82906434469876,129.01711609721863,132.74064622616112,79592600
2022-12-20,129.9799346923828,130.91327209557377,127.61219386559817,129.08588923628005,77432800
2022-12-21,133.07469177246094,134.4108428696223,130.42204304769788,130.64800547841642,85928000
2022-12-22,129.9111785888672,132.20032094511618,128.0150307307424,131.99401195090732,77852100
2022-12-23,129.5476837158203,130.09786107261186,127.36661277196195,128.62416529925937,63814900
2022-12-27,127.7497787475586,129.1055837164495,126.4627534469259,129.07611099897005,69007800
2022-12-28,123.82974243164062,128.73223486036684,123.66272537894751,127.39608344761355,85438400
2022-12-29,127.33710479736328,128.19184331205201,125.49007597127037,125.74551110442214,75703700
2022-12-30,127.65152740478516,127.67118088033511,125.19537514897438,126.15819306959533,77034200
2023-01-03,122.87673950195312,128.6044974020352,121.99252063798394,127.9953746812147,112117500
2023-01-04,124.14409637451172,126.40376556681862,122.88654421363216,124.6648008634132,89113600
2023-01-05,122.8276138305664,125.52938912334946,122.57217865426507,124.90061292758642,80962700
2023-01-06,127.34693145751953,128.00518029343567,122.69988266566685,123.80024463429882,87754700
2023-01-09,127.86766052246094,131.07050217869943,127.61222532540481,128.18205614149144,70790800
2023-01-10,128.43746948242188,128.958174020526,125.87323874198964,127.9757103650532,63896200
2023-01-11,131.1490936279297,131.1687321095965,128.17222961380043,128.94836939344688,69458900
2023-01-12,131.07049560546875,131.90558081812333,129.13504077259947,131.5322547782573,71379600
2023-01-13,132.39678955078125,132.55398732492168,129.3511613806362,129.71466811603167,57809700
2023-01-17,133.55609130859375,134.88240804602194,131.7778347625997,132.46555621806655,63646600
2023-01-18,132.8389129638672,136.17928328311848,132.66206171643108,134.42067999537736,69672800
2023-01-19,132.8978729248047,133.86068318245066,131.4241773301355,131.72873868777404,58280400
2023-01-20,135.4522705078125,135.59964906296133,131.86628386729487,132.90769302903612,80223600
2023-01-23,138.635498046875,140.8067501207088,135.48178195598197,135.69792523903192,81760300
2023-01-24,140.03054809570312,140.64950501564115,137.83965827143598,137.84947751147084,66435100
2023-01-25,139.3722686767578,139.93226506012797,136.37575209022467,138.41927791003738,65799300
2023-01-26,141.43548583984375,141.72039372676826,139.41159795380088,140.65933109437518,54105100
2023-01-27,143.37094116210938,144.64814715401417,140.57092820918845,140.64952711543583,70555800
2023-01-30,140.49232482910156,142.99761054282715,140.34496125408572,142.41796049282078,64015300
2023-01-31,141.75970458984375,141.80883078137197,139.78495761656453,140.19759064122545,65874500
2023-02-01,142.8797149658203,144.03903014040526,138.84180280794712,141.44532609516176,77663600
2023-02-02,148.1752166748047,148.52888929698446,145.5716782733727,146.28887274258696,118339000
2023-02-03,151.79063415527344,154.6201342687517,145.23760339877686,145.43409313083382,154357300
2023-02-06,149.0692138671875,150.41519933800663,148.1358763450209,149.8944947732861,69858300
2023-02-07,151.93800354003906,152.50783427872634,147.99832954313612,147.99832954313612,83322600
2023-02-08,149.25588989257812,151.8692470443083,148.51904208604415,151.18152542311802,64120100
2023-02-09,148.2243194580078,151.62365104865805,147.78221371418798,151.08329292122983,56007100
2023-02-10,148.58837890625,148.913088785703,146.82709018156558,147.06324691592152,57450700
2023-02-13,151.38284301757812,151.78625678187208,148.49982115470684,148.52933886882354,62199000
2023-02-14,150.74322509765625,151.30409157346335,148.44075380707582,149.68054257567448,61707600
2023-02-15,152.83908081054688,153.00635283510616,150.42837278798947,150.65468023132328,65573800
2023-02-16,151.2451171875,153.8230981335769,150.8908895372368,151.04831237083192,68167900
2023-02-17,150.10369873046875,150.5464794908576,148.4309630722788,149.90690894964015,59144100
2023-02-21,146.0989532470703,148.87373860585663,146.0300835825423,147.79137232815333,58867200
2023-02-22,146.5220489501953,147.54536466728035,144.80011234851025,146.4826819914061,51011300
2023-02-23,147.0041961669922,147.92912460701393,144.87884561858363,147.68313363952294,48394200
2023-02-24,144.35731506347656,144.82961341599875,143.3831856356865,144.75089452156274,55469600
2023-02-27,145.54791259765625,146.77786725557394,145.0854484451516,145.34128862301924,44998500
2023-02-28,145.04612731933594,146.68934528974674,144.47542643511753,144.69189970203135,50547000
2023-03-01,142.97979736328125,144.8690063216874,142.6846051791963,144.47542675230628,55479000
2023-03-02,143.5701904296875,144.3573646302391,141.59241318636302,142.0647267151534,52238100
2023-03-03,148.60804748535156,148.6867663889097,144.96738452683869,145.66599039801153,70732300
2023-03-06,151.36312866210938,153.79352005595112,150.9990669195326,151.32376170858595,87558000
2023-03-07,149.16891479492188,151.55993956940895,148.7064506179963,151.23522972088062,56182000
2023-03-08,150.41856384277344,151.00894821688513,149.39524794362458,150.35952840818192,47204800
2023-03-09,148.1751251220703,152.06177965604292,147.82089750549494,151.09749920529256,53833600
2023-03-10,146.11862182617188,148.5194958597798,145.242894659562,147.80120650188752,68572400
2023-03-13,148.05703735351562,150.6842189540097,145.33145336527863,145.43968998615728,84457100
2023-03-14,150.14305114746094,150.94005952145656,147.69299059245188,148.85406081281639,73695900
2023-03-15,150.53662109375,150.7924462663543,147.51584514285557,148.76548332238644,77167900
2023-03-16,153.35073852539062,153.95095694332394,149.2082450157043,149.7199103098672,76161100
2023-03-17,152.51438903808594,154.22649145558808,151.80593390078133,153.57707174404283,98944600
2023-03-20,154.8759002685547,155.28917828804447,151.67801783277878,152.58327776546486,73641400
2023-03-21,156.72573852539062,156.8438093660786,154.0296725549558,154.79717806171172,73938300
2023-03-22,155.2989959716797,159.53987720924363,155.27931249330243,156.74542384346483,75701800
2023-03-23,156.38134765625,158.95934282613845,155.15139299961646,156.28296029217628,67622100
2023-03-24,157.68020629882812,157.76875944157217,155.31869907440637,156.31249715364865,59196500
2023-03-27,155.7418212890625,158.19189706310823,155.3383924442017,157.3752051384263,52390300
2023-03-28,155.12188720703125,155.94842821050446,153.47866946121147,155.43676283008696,45992200
2023-03-29,158.19187927246094,158.4673879613573,156.79465234617297,156.81432081388166,51305700
2023-03-30,159.75640869140625,159.8646453408123,158.6838914471738,158.93971670299703,49501700
2023-03-31,162.25563049316406,162.35403288236776,159.31358823359025,159.8350878653574,68749800
2023-04-03,163.5052490234375,163.6233198649464,161.586522778444,161.6357239671043,56976200
2023-04-04,162.9739532470703,164.16454121432164,162.46228779099377,163.92839947620809,46278300
2023-04-05,161.13389587402344,162.4032175003463,159.2053353608918,162.09819114468434,51511700
2023-04-06,162.01951599121094,162.3147081943001,159.40216814543908,159.82526545905753,45390100
2023-04-10,159.431640625,159.431640625,157.5129143705151,158.8314221542027,47716900
2023-04-11,158.22137451171875,159.7563555644006,157.93601661540757,159.74652133194326,47644200
2023-04-12,157.53260803222656,159.4611686435216,157.21773241416443,158.6346426672523,50133100
2023-04-13,162.90505981445312,163.14121655398105,158.83144989570576,159.0380889195549,68445600
2023-04-14,162.5606689453125,163.65286938363687,161.19295983913122,161.9506011686896,49386500
2023-04-17,162.58035278320312,162.73779061232008,161.39959909302152,162.44259843625022,41516200
2023-04-18,163.8004913330078,164.72541991249665,162.9936336312071,163.43642945073645,49923000
2023-04-19,164.94186401367188,165.46336364998885,162.8853681685066,163.1412083770297,47720200
2023-04-20,163.97756958007812,165.17800667808302,162.90505258707114,163.42655222639002,52456400
2023-04-21,162.3737335205078,163.78079474740133,161.85223383363555,162.40325123756864,58337300
2023-04-24,162.67874145507812,162.9444158925364,161.26183114076272,162.35403159020615,41949600
2023-04-25,161.14376831054688,163.6430299514636,161.10440134757968,162.54099521393778,48714100
2023-04-26,161.13389587402344,162.62952495549953,160.18929909610858,160.44512426219072,45498800
2023-04-27,165.7093505859375,165.85693915334915,162.5409858833323,162.5409858833323,64902300
2023-04-28,166.95896911621094,167.12625617335198,165.1878463008649,165.78806481489534,55275900
2023-05-01,166.87037658691406,167.71658584933078,165.93561420745303,166.56535028547762,52472900
2023-05-02,165.83724975585938,167.6182368189597,164.85328597063295,167.3623966257795,48425700
2023-05-03,164.76475524902344,168.17911124939818,164.47941231869004,166.78188428598025,65136000
2023-05-04,163.13131713867188,164.36127162736898,161.67505522800053,162.24575591244712,81235400
2023-05-05,170.78663635253906,171.50492585877407,168.0216849384858,168.23815821665508,113453200
2023-05-08,170.71771240234375,171.06210572406735,169.35000337616833,169.7140651629481,55962800
2023-05-09,169.01547241210938,170.7570775926942,168.84820036158354,170.27494492179522,45326900
2023-05-10,170.77674865722656,171.23921282792068,169.14336520388548,170.24541483030967,53724500
2023-05-11,170.96365356445312,171.79017927902316,169.40898947423364,171.0620559174648,49514700
2023-05-12,170.03750610351562,171.50563041723674,168.49053896760506,171.07208510437357,45533100
2023-05-15,169.5448760986328,170.66814597161118,168.95367509817433,170.61887671576198,37266700
2023-05-16,169.5448760986328,170.59916600644908,169.2788341449399,169.4660482962473,42110300
2023-05-17,170.15576171875,170.3922300756776,167.91906995533154,169.19014751327734,57951600
2023-05-18,172.48110961914062,172.6683237371227,170.04735615510018,170.46119076780954,65496700
2023-05-19,172.58949279785156,173.80143807257875,172.3727201425523,173.80143807257875,55809500
2023-05-22,171.64361572265625,172.14614110589002,170.9046219565987,171.42684301515672,43570900
2023-05-23,169.0423126220703,170.83561089353927,168.76642289336164,170.58927970470205,50747300
2023-05-24,169.31822204589844,169.8897122746601,168.0176010356781,168.57922839342694,45143500
2023-05-25,170.45132446289062,171.34795850917342,169.17039935195018,169.87983433539839,56058300
2023-05-26,172.85552978515625,173.19055165787438,170.56958397024448,170.77650880236848,54835000
2023-05-30,174.69810485839844,176.36330631715728,173.9788219031772,174.36309800636275,55964400
2023-05-31,174.64883422851562,176.71802248155805,174.16601962684186,174.72766202276017,99625300
2023-06-01,177.44712829589844,177.47668683522244,174.33349851829678,175.0922027756249,68901800
2023-06-02,178.29452514648438,179.11234656032465,176.62932377666553,178.37335293714096,61996900
2023-06-05,176.94467163085938,182.23586225888923,175.42726265707913,179.9499159952855,121946500
2023-06-06,176.58004760742188,177.4766816655694,174.82615579439974,177.3288889732544,64848400
2023-06-07,175.21047973632812,178.55073052308683,174.71781728969785,175.82137635899298,61944600
2023-06-08,177.9201202392578,178.18614713091944,174.85575927069235,175.2892895872439,50214900
2023-06-09,178.3043670654297,179.55571862854532,177.97920810525306,178.83643579626113,48900000
2023-06-12,181.09283447265625,181.19137296447727,178.31422641468646,178.60982685528654,54274900
2023-06-13,180.61988830566406,181.4475575367352,179.76266053311636,180.11737806569877,54929100
2023-06-14,181.25051879882812,181.68406417583662,179.3488488908818,180.67902853230473,57462900
2023-06-15,183.28028869628906,183.7828140435399,181.08301826564116,181.26038457492544,65433200
2023-06-16,182.2062530517578,184.245882524342,181.56579797087073,183.98968846409701,101256200
2023-06-20,182.29495239257812,183.3689679486228,181.70376647980103,181.70376647980103,49799100
2023-06-21,181.26036071777344,182.68907870149724,179.91045548906328,182.1865534203878,49515700
2023-06-22,184.2557373046875,184.3050065515812,180.97460392176268,181.0435838743865,51245300
2023-06-23,183.9404296875,184.8075203379306,182.29493904669715,182.8270228675936,53117000
2023-06-26,182.55111694335938,185.2903184900679,182.51169553463515,184.08822111663613,48088700
2023-06-27,185.30020141601562,185.6253604426876,182.94527546666254,183.16204815111053,50730800
2023-06-28,186.47274780273438,187.11320300977505,184.84696764032918,185.1721116449177,51216800
2023-06-29,186.8077392578125,187.2807060224463,186.16728410364277,186.30522898461155,46347300
2023-06-30,191.1234588623047,191.62596911406445,188.45322195229386,188.81780236383452,85213200
2023-07-03,189.6356201171875,191.0347795474039,188.9458807202263,190.93624105216273,31458200
2023-07-05,188.52220153808594,190.1479814937267,187.82261429340878,188.75868490984942,46920300
2023-07-06,188.9951629638672,189.20208780415717,186.42346442381324,187.05407174607458,45094300
2023-07-07,187.8817138671875,189.8425155087971,187.44818361165477,188.6010117511895,46815000
2023-07-10,185.84210205078125,187.2018550195119,184.2951349736181,186.48255712554894,59922200
2023-07-11,185.3199005126953,186.52199803845542,183.86162393721375,186.3840531601648,46638100
2023-07-12,186.98509216308594,188.88676181703667,185.70416691161034,186.89640150427806,60750200
2023-07-13,187.74375915527344,188.38422922243208,186.99491780606402,187.70435278315148,41342300
2023-07-14,187.8916015625,188.37440112570727,186.8471596075647,187.43834550769154,41616200
2023-07-17,191.14317321777344,191.46833222271863,188.99515722491665,189.08383285312058,50520200
2023-07-18,190.8870086669922,191.47820968287988,189.5962353183327,190.51259538947195,48288200
2023-07-19,192.2368621826172,195.3209183853995,189.82280454932882,190.26621270882248,80507300
2023-07-20,190.29576110839844,193.5867419459116,189.67500174607378,192.22698907029056,59581200
2023-07-21,189.12322998046875,192.10876269219432,188.42364281090323,191.25153499324207,71951700
2023-07-24,189.92137145996094,192.04967681854123,189.42870901778204,190.57168949200457,45377800
2023-07-25,190.778564453125,191.58653792745972,190.08884016702333,190.49282690419068,37283200
2023-07-26,191.6456756591797,192.7689453418544,190.48299959942145,190.82785426220883,47471900
2023-07-27,190.38446044921875,194.30604897209747,189.72429463258098,193.1433729163405,47460200
2023-07-28,192.95616149902344,193.74442436278966,191.29096014596897,191.8131810983056,48291400
2023-07-31,193.56704711914062,193.6064685292723,192.394508242959,193.18277106210203,38824100
2023-08-01,192.73941040039062,193.8429695122176,192.41425136889904,193.36016991822595,35175100
2023-08-02,189.75387573242188,192.31571151477112,189.03459274742033,192.17776662675897,50389300
2023-08-03,188.36453247070312,189.54691917513858,187.89158079590146,188.7586713954234,61235200
2023-08-04,179.3192596435547,184.6301595328746,179.25027969317492,182.79745486603875,115956800
2023-08-07,176.22535705566406,180.44254624962392,174.74736976708382,179.4572213905704,97576100
2023-08-08,177.16140747070312,177.62451134366992,174.97398514494694,177.05302113799038,67823000
2023-08-09,175.57504272460938,178.2748232727554,174.41235154839882,178.21570618554995,60378500
2023-08-10,175.35824584960938,178.0974474344709,174.99368050557445,176.84608080013524,54686900
2023-08-11,175.41746520996094,176.23639103718068,174.19402209160106,174.95375100085724,52036700
2023-08-14,177.06515502929688,177.29208151781367,174.943837241764,175.59503330985302,43675600
2023-08-15,175.0819854736328,177.08489459113486,174.68732936330193,176.49291042563854,43622600
2023-08-16,174.2137451171875,176.15744233651847,174.14467201512105,174.76626971305478,46964900
2023-08-17,171.67803955078125,175.1411945839284,171.1649745274817,174.7761369036864,66062900
2023-08-18,172.16151428222656,172.76337470680727,169.6652772069575,170.0007364455324,61172200
2023-08-21,173.4934844970703,173.77962299820936,171.42151715942626,172.7337706675176,46311900
2023-08-22,174.86492919921875,175.30892111024494,173.89801113995804,174.69719959083847,42038900
2023-08-23,178.70301818847656,179.12728783194132,175.9502562936072,176.1377232252428,52722800
2023-08-24,174.0262908935547,178.68330576322634,173.66121814414575,178.25903609639087,54945800
2023-08-25,176.22653198242188,176.7593193055493,173.47376987845638,175.01294998434398,51449600
2023-08-28,177.7854461669922,178.1801023209798,176.1673318473753,177.68677460091166,43820700
2023-08-29,181.66297912597656,182.4325690983829,177.1046362040057,177.30196426395187,53003900
2023-08-30,185.14585876464844,185.34320186637345,182.27470331859433,182.47203136515444,60813900
2023-08-31,185.36293029785156,186.59624944883035,184.9781353249528,185.33333184264131,60794500
2023-09-01,186.93174743652344,187.38560051082152,185.76748618147488,186.96134589549212,45766500
2023-09-05,187.16851806640625,187.44478036173828,185.10641198511868,185.76746926717502,45280000
2023-09-06,180.46913146972656,186.32986658571798,179.04834537431464,185.88585963952747,81755800
2023-09-07,175.19053649902344,175.8318715643951,171.22417743783686,172.84229174782251,112488800
2023-09-08,175.80226135253906,177.83478423163749,175.41746632815568,175.97000602806156,65551300
2023-09-11,176.9665069580078,177.89396541040293,174.97345890425444,177.6670388917848,58953100
2023-09-12,173.94735717773438,177.72624932161176,172.4871113411862,177.09479044187466,90370200
2023-09-13,171.88522338867188,174.93398459835862,171.6582818339781,174.15451849429098,84267900
2023-09-14,173.3948211669922,173.75001770449512,171.26364194197464,171.67803539320033,60895800
2023-09-15,172.67454528808594,174.14466716160445,171.50043808217407,174.12492983939754,109259500
2023-09-18,175.5950469970703,176.9862345995646,173.81906442528665,174.12492516303394,67257600
2023-09-19,176.68040466308594,177.23292932503867,174.76629061620125,175.1510856525732,51826900
2023-09-20,173.14813232421875,177.30194242582076,173.05932191129062,176.86781171431105,58436200
2023-09-21,171.6089630126953,173.94734650075085,171.53990496478352,172.22069958579337,63149100
2023-09-22,172.45748901367188,174.7169382879251,171.7273736602944,172.33909518451154,56725400
2023-09-25,173.73028564453125,174.60840835340898,171.82603288281885,171.87536866413782,46172700
2023-09-26,169.66526794433594,172.8620217812148,169.3692683155077,172.4871029695211,64588900
2023-09-27,168.15567016601562,170.73084132501634,166.7940959712009,170.3164478696235,66921800
2023-09-28,168.41220092773438,169.73431545858824,165.38316183381656,167.0802102082604,56294400
2023-09-29,168.92530822753906,170.7604882058458,168.06690763668684,169.72449683733615,51861100
2023-10-02,171.43133544921875,171.97399880268054,168.64896064883084,168.93509907845757,52164500
2023-10-03,170.09939575195312,171.31299281082715,168.54049336939298,169.96126458937815,49594600
2023-10-04,171.3425750732422,171.88523853747708,168.68846972057472,168.80686354725646,53020300
2023-10-05,172.575927734375,173.1087151128758,170.37567499430378,171.4708632688818,48527900
2023-10-06,175.1214599609375,175.61478762599208,170.86896284182788,171.48069938400815,57266700
2023-10-09,176.60147094726562,176.66066786762835,173.45403753652568,174.45055415802327,42390800
2023-10-10,176.0094451904297,177.3216985969386,175.5753144327677,175.7233217666065,43698000
2023-10-11,177.400634765625,177.4499705441094,175.22999600880442,175.82198018511957,47551100
2023-10-12,178.29852294921875,179.90676118500224,176.6507950071692,177.6670640281674,56743100
2023-10-13,176.4633331298828,179.5022186651883,175.76280113660414,178.99902980590412,51427100
2023-10-16,176.33506774902344,176.6902643223361,174.15455252434904,174.3913552582801,52517000
2023-10-17,174.78599548339844,176.03905203817294,172.467364361049,174.29266779074965,57549400
2023-10-18,173.4934844970703,175.21027033840411,172.77323025982977,173.23695950912395,54764400
2023-10-19,173.11856079101562,175.46679037407037,172.85215962113486,173.69080766680926,59302900
2023-10-20,170.57296752929688,173.07906528544774,170.33616484514565,172.970532603774,64244000
2023-10-23,170.69139099121094,171.68790756499885,167.6623515662161,168.62928473640696,55980100
2023-10-24,171.12551879882812,171.35244533043914,169.16206908920728,170.74072378645857,43816600
2023-10-25,168.81671142578125,170.75054719472178,168.37270453985215,169.58630128048503,57157000
2023-10-26,164.6629180908203,169.0930062294273,163.459197305812,168.0964746462511,70625300
2023-10-27,165.97518920898438,166.70531969794123,164.60373866788856,164.68267291441106,58499100
2023-10-30,168.01754760742188,168.88580920893756,166.61649869462795,166.76450604315932,51131000
2023-10-31,168.4911346435547,168.61938959873203,165.6594236135805,167.09008588386948,44846000
2023-11-01,171.64842224121094,171.9049471971035,167.84979334743332,168.71805482147735,56934900
2023-11-02,175.2003936767578,175.40758286457637,173.11855033416663,173.17774724497193,77334800
2023-11-03,174.29266357421875,174.46040823420765,171.03671292563865,171.91483559510309,79829200
2023-11-06,176.83824157714844,177.0355696443862,173.85855313497558,174.02628274488598,63841300
2023-11-07,179.3936767578125,180.00539823599848,176.58170308551922,176.78889227095914,70530000
2023-11-08,180.44940185546875,181.00192645947115,179.16674685036813,179.91661457451394,49340300
2023-11-09,179.975830078125,181.66300252138785,179.38383076688,180.51849360423827,53763500
2023-11-10,184.1548614501953,184.3228271167955,181.31943456996746,181.75413731292954,66133400
2023-11-13,182.57411193847656,183.7892925333636,181.9912220269046,183.58183039704093,43627500
2023-11-14,185.18234252929688,185.8442707665973,184.05607409829287,185.43920547847273,60108400
2023-11-15,185.74545288085938,187.21751156501972,185.5182274044454,185.5873915048758,53790500
2023-11-16,187.4250030517578,188.65994715340477,186.37775779056014,187.28668991537342,54412900
2023-11-17,187.40521240234375,188.08690385906573,186.29870747259162,187.95846486721982,50922700
2023-11-20,189.14402770996094,189.598493753426,187.59294582194016,187.60281994734135,46505100
2023-11-21,188.34381103515625,189.21321658430173,187.454657232623,189.10454089065857,38134500
2023-11-22,189.0057373046875,190.60622016215154,188.53152295340232,189.18357710829596,39617700
2023-11-24,187.68186950683594,188.60066069963858,186.97054048498805,188.57102324664504,24048300
2023-11-27,187.50401306152344,188.37341847212542,186.62473352580105,187.6324520630897,40552600
2023-11-28,188.10667419433594,188.77849160556613,187.11871894105684,187.49414676130317,38415400
2023-11-29,187.0890655517578,189.77630481775705,186.69388951411068,188.60063575450744,43014200
2023-11-30,187.662109375,188.02766309314677,185.92331344476767,187.55343368717286,48794400
2023-12-01,188.9365692138672,189.25270705783993,186.95076949469112,188.0375263099119,45704800
2023-12-04,187.14834594726562,187.7608884211111,185.19219887595256,187.69172432124148,43389500
2023-12-05,191.09031677246094,192.05850876803487,187.88933609882633,187.91898862751913,66628400
2023-12-06,190.0035858154297,192.41418427833113,189.79610855274007,192.10792052269625,41089700
2023-12-07,191.93008422851562,192.65128739108172,191.25826677194576,191.29779342674496,47477700
2023-12-08,193.3527069091797,193.62933314213194,191.33726998338577,191.86088500111674,53406400
2023-12-11,190.85316467285156,191.1594434259829,189.11436907200368,190.7840156527889,60943700
2023-12-12,192.36477661132812,192.3746507369947,189.4107849369075,190.75440470261375,52696900
2023-12-13,195.57562255859375,195.61513413450965,192.50308121236986,192.74018081786602,70404200
2023-12-14,195.7238311767578,197.21563829918102,193.79732129680679,195.6349188149913,66831600
2023-12-15,195.19032287597656,196.01031245444227,194.62718115642724,195.1507962246044,128538400
2023-12-18,193.53054809570312,194.26164038796966,192.0486152607036,193.72813612536964,55751900
2023-12-19,194.56788635253906,194.57776047687184,193.5305304476359,193.79728255461077,40714100
2023-12-20,192.4833221435547,195.2989855460905,192.4833221435547,194.5283816611859,52242800
2023-12-21,192.33509826660156,194.7061996333918,191.16931844438724,193.73800782299358,46482500
2023-12-22,191.2681427001953,193.0563392932213,190.64572606781581,192.82909873139974,37149600
2023-12-26,190.72479248046875,191.5546713962727,190.50744108704347,191.2780450910047,28919300
2023-12-27,190.8235626220703,191.16935301152336,188.7883770898652,190.1715235726757,48087700
2023-12-28,191.24838256835938,192.31537606668746,190.84331729052167,191.80163510638113,34049900
2023-12-29,190.2110137939453,192.05848519728596,189.42064661751613,191.56450759639273,42672100
2024-01-02,183.40399169921875,186.1702691079172,181.6750702031571,184.89579853453512,82488700
2024-01-03,182.03074645996094,183.64111826756874,181.22061595613366,182.0011090098209,58414500
2024-01-04,179.71893310546875,180.88471299934187,178.70134046081682,179.95603270422265,71983600
2024-01-05,178.99771118164062,180.5586821654936,177.99988188294327,179.79796753554595,62379700
2024-01-08,183.324951171875,183.3644778190013,179.3138557634904,179.89674567111302,59144500
2024-01-09,182.9100341796875,182.9199083051763,180.52905841182087,181.7047275700206,42841800
2024-01-10,183.94737243652344,184.15483457675245,181.70471001714742,182.129538572139,46792900
2024-01-11,183.35462951660156,184.7970509584636,181.40835627398752,184.2931840827093,49128400
2024-01-12,183.68064880371094,184.49077939116623,182.95944565085554,183.81896194364214,40477800
2024-01-16,181.418212890625,182.04061439740983,178.75072186869164,179.9659175831278,65603000
2024-01-17,180.47964477539062,180.72663357001974,178.12832170152117,179.08663943068214,47317400
2024-01-18,186.35800170898438,186.86185345428623,183.59172402252184,183.8485869578717,78005800
2024-01-19,189.25271606445312,189.63801803091337,186.5457281731689,187.04957995238564,68903000
2024-01-22,191.5546417236328,192.97729968749402,189.94426985134535,189.98379650311966,60133900
2024-01-23,192.82911682128906,193.392258603415,191.49538615178406,192.67105542323813,42355600
2024-01-24,192.15728759765625,194.0146482092326,191.999211146671,193.06620457832125,53631300
2024-01-25,191.83128356933594,193.90599578100486,190.78405333725613,192.86863967517039,54822100
2024-01-26,190.1023406982422,192.41415228379137,189.6281264159501,191.93006387634745,44594000
2024-01-29,189.42066955566406,189.8850097627336,187.29657164460275,189.6972958396627,47145600
2024-01-30,185.77508544921875,189.48980657471878,185.21195883551243,188.64016451675863,55859400
2024-01-31,182.178955078125,184.84644650359252,182.12956937209933,184.78715652135838,55467800
2024-02-01,184.60931396484375,184.6982263171025,181.6059367135455,181.77388729281213,64885400
2024-02-02,183.6114959716797,185.07366557426653,177.0909850527091,177.6936383802958,102551700
2024-02-05,185.41943359375,186.97053056814926,183.60159955655655,185.88377376602236,69668800
2024-02-06,187.01992797851562,187.02980210381148,184.5204024536245,184.60931480628852,43490800
2024-02-07,187.12860107421875,188.74884702540382,186.33823388644547,188.3437817688575,53439000
2024-02-08,186.05174255371094,187.25703410679802,185.09342474162452,187.1088468471974,40962000
2024-02-09,186.81341552734375,187.941120969739,185.9725760341758,186.6155602859614,45155200
2024-02-12,185.13174438476562,186.63535673641036,184.77562606711913,186.3880527684402,41781900
2024-02-13,183.04449462890625,184.20189045877694,181.53099558275042,183.76663306878044,56529500
2024-02-14,182.16412353515625,183.52924646908957,180.47257259846702,183.32151955824494,54630500
2024-02-15,181.8772430419922,182.50045391335385,179.39431647047905,181.57058851615943,65434500
2024-02-16,180.34393310546875,182.85654973235168,179.7108355866275,181.44196326564102,49752500
2024-02-20,179.60203552246094,180.46264852115328,178.0588611409836,179.82955095197704,53665600
2024-02-21,180.3538360595703,180.91768122956833,178.71173417109264,179.97792921674792,41371400
2024-02-22,182.3817596435547,182.96540858894926,180.4923684458442,181.50135795637885,52292200
2024-02-23,180.55172729492188,183.04454100592469,180.26484617235863,183.01486573038227,45119700
2024-02-26,179.2063446044922,180.78908088671756,178.70183486744935,180.2746995194681,40867400
2024-02-27,180.66050720214844,181.93658908973126,177.62360710096542,179.1470080612827,54318900
2024-02-28,179.46353149414062,181.14519536218177,178.18744973320082,180.5417731107642,48953900
2024-02-29,178.80079650878906,180.60117691942332,177.59395175081718,179.3151930681472,136682600
2024-03-01,177.72251892089844,178.5831318593588,175.46710804516843,177.61370457626955,73563100
2024-03-04,173.21170043945312,174.9922768844708,171.91581500377694,174.25036500096815,81510100
2024-03-05,168.28541564941406,170.18470849670402,167.79080766540406,168.91851326517738,95132400
2024-03-06,167.29617309570312,169.39332087872134,166.8609157238647,169.21525418377138,68587700
2024-03-07,167.17747497558594,168.88881413208614,166.67298033709926,167.32585131213037,71765100
2024-03-08,168.88882446289062,171.82679686006907,167.11813466346086,167.1774852017091,76267000
2024-03-11,170.88706970214844,172.49949666610803,170.19462149789052,171.07502316349817,60139500
2024-03-12,171.3618621826172,172.15323790323208,169.16580172767317,171.28272310113206,59825400
2024-03-13,169.28453063964844,171.3223130850131,168.91851047344855,170.90684419661972,52488700
2024-03-14,171.1343536376953,172.43022407386235,170.19460153541087,171.04532782778392,72913500
2024-03-15,170.75845336914062,170.75845336914062,168.45357838204507,169.3240932528417,121752700
2024-03-18,171.84658813476562,175.79356502758816,171.64874797271588,173.67664359575858,75604200
2024-03-19,174.18113708496094,174.70542030322298,171.16402557801365,172.45989598897214,55215200
2024-03-20,176.74319458007812,176.74319458007812,173.20180001631465,173.82501083363408,53423100
2024-03-21,169.52191162109375,175.57592275278003,168.9976284397713,175.1406653733646,106181300
2024-03-22,170.42210388183594,171.18380430580046,168.22604350725265,169.90770741812418,71160100
2024-03-25,169.007568359375,170.08581023240077,167.62265683136332,168.73058907262046,54288300
2024-03-26,167.8798370361328,169.57138777241732,167.7512341389727,168.16670300567833,57388400
2024-03-27,171.4409942626953,171.72787530814264,168.27550660374618,168.57227437363676,60273300
2024-03-28,169.63075256347656,170.37266455083602,168.67121185228598,169.8978451053126,65672700
2024-04-01,168.19638061523438,169.40322523760474,167.65230884379906,169.3438746978549,46240500
2024-04-02,167.01919555664062,167.51380346702695,166.41577330219988,167.25661278755086,49329500
2024-04-03,167.8204803466797,168.83937157047524,166.7620271262386,166.9697540235435,47691700
2024-04-04,166.99942016601562,170.06598011820813,166.99942016601562,168.45355351894443,53704400
2024-04-05,167.751220703125,168.55248310289795,167.12800990586356,167.76110742740823,42104800
2024-04-08,166.63343811035156,167.37535013675048,166.4257111957336,167.2071852220754,37425500
2024-04-09,167.84024047851562,168.24582257310013,166.5344834909376,166.8806999592474,42373800
2024-04-10,165.97064208984375,167.2665125006067,165.30786924976792,166.97964653177021,49709300
2024-04-11,173.15237426757812,173.56785829994772,166.34657796942244,166.52462961680425,91070300
2024-04-12,174.64608764648438,176.43656618963917,172.33132583138607,172.38077455594663,101670900
2024-04-15,170.82769775390625,174.72521085075485,170.63974431610336,173.46890241983837,73531800
2024-04-16,167.55340576171875,171.88616144450353,166.45537543168857,169.89784277952464,73711200
2024-04-17,166.18826293945312,168.80967890645843,166.18826293945312,167.780901063059,50901200
2024-04-18,165.23861694335938,166.8213684176903,164.75391081370103,166.21794611620325,43122900
2024-04-19,163.2206268310547,164.60552308162337,162.31054999578998,164.41758473594675,68149400
2024-04-22,164.0515899658203,165.45627497853224,162.99313661644305,163.73504867138354,48116400
2024-04-23,165.1001434326172,165.24853488832454,163.14149999003314,163.56687071664174,49537800
2024-04-24,167.19728088378906,167.47426013692973,164.41758653276062,164.74401450706145,48251800
2024-04-25,168.0579071044922,168.7701438382538,166.33666581552853,167.7017887376114,50558300
2024-04-26,167.47425842285156,169.49225225997063,167.35554224826544,168.04800546826704,44838400
2024-04-29,171.62896728515625,174.13168243053624,171.2332869429431,171.5003643815301,68169400
2024-04-30,168.49314880371094,173.10289859543835,168.1667057400835,171.46079655206535,65934800
2024-05-01,167.47425842285156,170.84748833564953,167.28630498280754,167.75123767315736,50383100
2024-05-02,171.16403198242188,171.54982559320527,169.04711048582428,170.64963546996492,94214900
2024-05-03,181.40240478515625,184.98336128032037,180.69016817589636,184.63712970012278,163224100
2024-05-06,179.7504425048828,182.2135806366563,178.47434543693257,180.383540128798,78569700
2024-05-07,180.43295288085938,182.90599233972114,179.3646131175579,181.47163247242833,77305800
2024-05-08,180.76930236816406,181.09574539643793,179.49320552179933,180.878116710922,45057100
2024-05-09,182.57958984375,182.66861565405213,180.14611203583203,180.5912561815798,48983000
2024-05-10,181.3215789794922,183.34230991411323,180.4102677646858,183.15410154420678,50759500
2024-05-13,184.52108764648438,185.33335221774516,182.8767582325011,183.68902280376187,72044800
2024-05-14,185.6602020263672,186.52199740854093,184.53096697721375,185.73944844741243,52393600
2024-05-15,187.92860412597656,188.84981551266446,185.60078753373725,186.13569714479723,70400000
2024-05-16,188.0474395751953,189.2955517477419,187.86914647323638,188.6714956614686,52845200
2024-05-17,188.07717895507812,189.00830557822601,187.39369174809892,187.72057759120682,41282900
2024-05-20,189.2361297607422,190.10782534306233,187.22529890901677,187.54228461702792,44361300
2024-05-21,190.53375244140625,190.91015403566988,189.11724727296848,189.28564024416437,42309400
2024-05-22,189.09744262695312,190.99932654838926,188.47340160760692,190.45451683728567,34648500
2024-05-23,185.1154327392578,189.19652573516206,184.86779330766728,189.1767103485156,51005900
2024-05-24,188.1861114501953,188.78045200186543,186.26442746313117,187.03707622618555,36327000
2024-05-28,188.19606018066406,191.17763337385156,187.31446444482384,189.70169698060212,52280100
2024-05-29,188.49322509765625,190.43472491238563,187.7205912720781,187.8196530916493,53068000
2024-05-30,189.48374938964844,190.365345015264,188.82999288588945,188.95875509095092,49889100
2024-05-31,190.43470764160156,190.7516933437122,188.11680637508078,189.63235836586054,75158300
2024-06-03,192.19789123535156,193.14883318833753,190.7021546904014,191.07855630297723,50080500
2024-06-04,192.514892578125,193.47573474401025,191.20734917579057,192.80214765697744,47471400
2024-06-05,194.02052307128906,195.04079624688396,193.02996541617088,193.5549597642067,54156800
2024-06-06,192.64366149902344,194.64459232913165,192.33659102362645,193.84224299284628,41181800
2024-06-07,195.0308837890625,195.08041469163098,192.30685040959915,192.81202934049514,53103900
2024-06-10,191.29649353027344,195.43703247512377,190.33565137548777,195.04080033594326,97010200
2024-06-11,205.1940155029297,205.2039307530545,191.80168667352532,191.82148694435384,172373300
2024-06-12,211.05812072753906,218.1207863262847,204.94636687125956,205.41193016487838,198134300
2024-06-13,212.21707153320312,214.70336573665497,209.60200000148347,212.71235034689784,97862700
2024-06-14,210.48358154296875,213.13826855094433,209.30481562722255,211.8307404302917,70122700
2024-06-17,214.62411499023438,216.88258512602053,210.71141546378874,211.35527186274084,93728300
2024-06-18,212.26658630371094,216.5656178731208,210.98877362098574,215.5354294813442,79943300
2024-06-20,207.70013427734375,212.21709015086526,206.8779846754286,211.91000456307782,86172500
2024-06-21,205.5308074951172,209.88925500861833,205.1543907600995,208.40341856791886,241805100
2024-06-24,206.17466735839844,210.69160779538842,204.63929998769706,205.75863496180304,80727000
2024-06-25,207.0958709716797,209.38405645778604,206.6402078553848,207.17510227348808,55549700
2024-06-26,211.23643493652344,212.83123347896796,208.65107866870252,209.5029589171147,66213200
2024-06-27,212.07839965820312,213.70291360533915,210.34492376459474,212.66282504623206,49772700
2024-06-28,208.6312255859375,214.0297763055812,208.3142550307382,213.73260601871965,82542700
2024-07-01,214.703369140625,215.4561875080808,209.91897391071575,210.0873668962765,60402900
2024-07-02,218.1901397705078,218.29910171758146,213.068958487467,214.10903193760322,58046200
2024-07-03,219.4580535888672,219.4580535888672,216.9618440422543,217.92268618597842,37369800
2024-07-05,224.2028045654297,224.3117665065084,219.55708698216947,219.55708698216947,60412400
2024-07-08,225.6688232421875,225.69853875884533,221.14196808500662,224.9457053642915,59085900
2024-07-09,226.52072143554688,227.23392416937492,224.23253562897796,225.77780318070188,48076100
2024-07-10,230.7801055908203,230.8791673967792,227.0853299721382,227.13486087511765,62627700
2024-07-11,225.42120361328125,230.19568345608255,223.63819688403007,229.2051258414663,64710600
2024-07-12,228.3631591796875,230.44333633793113,226.52072130415218,226.75846058686048,53046500
2024-07-15,232.1866912841797,234.98997105632398,230.88906326950251,234.24705286947437,62631300
2024-07-16,232.6027374267578,234.03904289009895,230.13624361936286,232.7810305355119,43234300
2024-07-17,226.71885681152344,229.27449755440023,224.50000206743292,227.28346685481674,57345900
2024-07-18,222.06320190429688,228.26410233218343,220.17124832102243,228.10560948409145,66034600
2024-07-19,222.19198608398438,224.65848009632384,221.1717129043359,222.6971801635164,49151500
2024-07-22,221.84527587890625,225.6291978658938,220.98348053112068,224.86646431913928,48201800
2024-07-23,222.88536071777344,224.7971447504236,220.57735968997056,222.25140445670337,39960300
2024-07-24,216.47645568847656,222.67735606492835,215.0797809310421,221.88490694575157,61777600
2024-07-25,215.43638610839844,218.76466037633443,212.59347540961954,216.86277641061952,51391200
2024-07-26,215.90194702148438,217.41749898154802,213.9703475571551,216.6349499920164,41601300
2024-07-29,216.17929077148438,217.22927938341869,213.7127969665886,214.91137828370984,36311800
2024-07-30,216.7340087890625,218.24956072806748,214.07930652606245,217.1203256536185,41643800
2024-07-31,219.98304748535156,221.70662325926872,218.54674189777583,219.34909118598728,50036300
2024-08-01,216.2981719970703,222.36038006072013,214.97082835556836,222.25141811315143,62501000
2024-08-02,217.7840118408203,223.46981835778237,215.6543188775265,217.0807092384795,105568600
2024-08-05,207.2939910888672,211.484045462397,194.14928763761037,197.21010696314244,119548600
2024-08-06,205.27325439453125,208.00720313955475,199.17143085232243,203.36148541473497,69660500
2024-08-07,207.8388214111328,211.62274392073394,204.4412006806638,204.94637966039352,63516400
2024-08-08,211.2958526611328,212.17744837655164,206.8581585633277,211.097744151489,47161100
2024-08-09,214.1981964111328,214.7330909034816,209.96851092003678,210.09728825409005,42201600
2024-08-12,215.72543334960938,217.68900361003634,213.81145133020567,214.27755355785243,38028100
2024-08-13,219.4344024658203,220.04925425523973,217.19314118814535,217.19314118814535,44155300
2024-08-14,219.8806610107422,221.17979111862692,217.8774142480331,218.7402072098891,41960600
2024-08-15,222.85574340820312,223.480521824665,220.91199674154595,222.73674376019267,46414000
2024-08-16,224.1747283935547,224.94825642777528,221.79462933024135,222.06239369045758,44340200
2024-08-19,224.01605224609375,224.11522871504155,221.18968933533225,223.84746435464618,40687800
2024-08-20,224.63092041015625,225.28544883578485,223.57971634413767,223.8970689622142,30299000
2024-08-21,224.52183532714844,226.08872985229075,223.1830436738614,224.64085012661386,34765500
2024-08-22,222.66734313964844,226.4457337259973,222.04256465043304,225.90029338876204,43695300
2024-08-23,224.95819091796875,226.32674764036014,222.4690186706249,223.78798715352852,38677300
2024-08-26,225.29534912109375,225.39452559231563,222.0326490158817,224.87883517993083,30602200
2024-08-27,226.1383056640625,226.95151036486342,223.02435510684418,224.12514736512034,35934600
2024-08-28,224.61109924316406,227.95313769677003,223.80780609600177,226.02922904592305,38052200
2024-08-29,227.8837127685547,230.98775191089825,226.9812734022471,228.1911537968638,51906300
2024-08-30,227.10025024414062,228.4886300006117,225.59285569982603,228.28038060324323,52990800
2024-09-03,220.92198181152344,227.10029566172162,219.335248802052,226.6540317316226,50190600
2024-09-04,219.0178680419922,219.94014563997789,215.67581475954933,219.82114598403248,43840200
2024-09-05,220.5352020263672,223.60947620664672,219.68233574260833,219.79142381839864,36615400
2024-09-06,218.98812866210938,223.37145940933704,217.94683622588397,222.09215251756703,48423000
2024-09-09,219.077392578125,219.4344067184307,214.91223769602945,218.98814282610013,67180000
2024-09-10,218.2840118408203,219.6426417511051,214.9320468059923,217.10388142289187,51591000
2024-09-11,220.81288146972656,221.23930705217748,216.08244775598524,219.62283934479092,44587100
2024-09-12,220.92198181152344,221.6955099922837,217.99645701175496,220.65421740058105,37455600
2024-09-13,220.65420532226562,222.18142327621288,220.06910342078112,221.7252477752003,36766600
2024-09-16,214.5254669189453,215.4179946756504,212.14536768072225,214.74362792854853,59357400
2024-09-17,214.9915313720703,215.10061943149995,212.7205355758407,213.96016573653907,45519300
2024-09-18,218.85919189453125,220.86243852013078,215.7353147340035,215.745241460142,59894900
2024-09-19,226.97132873535156,227.91345980340301,222.7665127356472,223.12352684243388,66781300
2024-09-20,226.30691528320312,231.15634864169297,225.73172498083707,228.06223610833695,318679900
2024-09-23,224.59124755859375,227.54652178723228,223.9367191660146,225.4540253555904,54146000
2024-09-24,225.4837646484375,227.44734973367454,223.85737047004787,226.75314473243895,43556100
2024-09-25,224.4920654296875,225.40443143928672,222.16156973744518,223.06400902085235,42308700
2024-09-26,225.6325225830078,226.604388370512,223.54002631267903,225.41434646896755,36636700
2024-09-27,225.90029907226562,227.6159582791164,225.41437368594384,226.56475422029098,34026000
2024-09-30,231.06707763671875,231.06707763671875,227.74486252768645,228.13162655878588,54541900
2024-10-01,224.3334197998047,227.74486962890148,221.88390914906273,227.6159583693189,63285000
2024-10-02,224.898681640625,225.48378349827837,221.16987922367838,224.0160654907427,32880600
2024-10-03,223.79788208007812,224.928424248049,221.46738631978812,223.27228007150777,34044200
2024-10-04,224.9185028076172,226.1085447535635,222.27065455992025,226.00936828631617,37245100
2024-10-07,219.8509063720703,223.81772316941647,219.49389225502094,222.63759275105315,39505400
2024-10-08,223.8970489501953,224.10529834651464,221.39795026893304,222.4392426471427,31855700
2024-10-09,227.63575744628906,227.84402197002447,222.96483950692257,223.36151510273743,33591100
2024-10-10,227.13992309570312,227.59611368544336,225.28544108575701,225.89038125247495,28183500
2024-10-11,225.6623077392578,227.5068782710055,225.45404318616428,227.39779019694814,31759200
2024-10-14,229.38121032714844,229.80763591772848,226.70361171194733,226.80277306379512,39882100
2024-10-15,231.91001892089844,235.51982138099225,230.44228590022638,231.672004479983,64751400
2024-10-16,229.857177734375,230.1943535005289,227.93326933706737,229.67867825777722,34082200
2024-10-17,230.22413635253906,231.91004568892726,228.6076687095473,231.49351658619665,32993800
2024-10-18,233.05047607421875,234.2206797118992,232.0686835146529,234.2206797118992,46431500
2024-10-21,234.5181884765625,234.8851292946414,232.5050303027995,232.5050303027995,36254500
2024-10-22,233.90335083007812,234.26036494372266,230.67040061866737,231.94969236544068,38846600
2024-10-23,228.84564208984375,233.18931106897517,225.87052966736016,232.1381071008503,52287000
2024-10-24,228.65725708007812,228.9051831435476,226.51517225997247,228.0721400698136,31109500
2024-10-25,229.49029541015625,231.28527776977737,227.66556313214858,227.83415104707473,38802300
2024-10-28,231.4637451171875,232.78271346714027,230.62080565968694,231.38442210065006,36087100
2024-10-29,231.73150634765625,232.38603471678388,230.39271482775456,231.1662428522856,35417200
2024-10-30,228.191162109375,231.53320070866118,227.64572172599728,230.68033441798144,47070900
2024-10-31,224.03590393066406,227.92338265648337,223.50037517792762,227.43744214117888,64370100
2024-11-01,221.06080627441406,223.48056715614828,218.44270756169647,219.13689753624155,65276700
2024-11-04,220.16824340820312,220.94177147156717,217.88733586004025,219.15671602208408,44944500
2024-11-05,221.59629821777344,222.09215031274817,219.3054639601429,219.9599923572388,28111300
2024-11-06,220.87234497070312,224.19455985797964,219.3550388628842,220.76325691115125,54561100
2024-11-07,225.59288024902344,225.9895710313294,222.70703236030374,222.7665321945981,42137700
2024-11-08,225.32479858398438,227.0125473442273,224.7787582103861,225.5332770864524,38328800
2024-11-11,222.61448669433594,224.07389700260043,219.90415975706793,223.3789433198207,42005600
2024-11-12,222.61448669433594,223.96468891324545,221.75075962779928,222.93218846295187,40398300
2024-11-13,223.49807739257812,225.0170530189228,221.15507983350162,222.39607398240116,48566200
2024-11-14,226.57574462890625,227.22105551450989,223.3789425502784,223.398802697962,44923900
2024-11-15,223.37893676757812,225.28510187679902,222.65420045885568,224.76884409236825,47923700
2024-11-18,226.37716674804688,228.08477571151616,223.54769435597734,223.62711979019133,44633700
2024-11-19,226.63531494140625,228.501774994788,225.02699136706502,225.34467799276683,36211800
2024-11-20,227.35011291503906,228.27340522879027,224.26251907255318,226.4168829534927,35169600
2024-11-21,226.87356567382812,228.50174921258224,224.08381355701644,227.2309725554499,42108300
2024-11-22,228.21385192871094,229.05773399756174,226.41689485035167,226.41689485035167,38168300
2024-11-25,231.19223022460938,231.5694972757357,228.08479132337303,229.79240040372403,90152800
2024-11-26,233.36643981933594,233.8727750720934,231.64890834638587,231.64890834638587,45986200
2024-11-27,233.2373809814453,233.99191506726265,232.12545514826604,232.78070364946953,33498400
2024-11-29,235.62010192871094,236.0966394139658,232.28430923421996,233.11825362062933,28481400
2024-12-02,237.86383056640625,239.0551819380818,235.45134517492735,235.5605532676808,48137100
2024-12-03,240.90176391601562,241.01097200063165,237.17878168890522,238.08222901174219,38861000
2024-12-04,241.25918579101562,242.35126670496282,239.5118714775545,241.12019505186365,44383900
2024-12-05,241.28895568847656,242.77814859306412,240.38552350615552,242.2321233137982,40033900
2024-12-06,241.09039306640625,242.86750503393802,240.33587413565135,241.15989600483465,36870600
2024-12-09,244.97222900390625,245.45870413211114,240.0082527322972,240.08767817050534,44649200
2024-12-10,245.98487854003906,246.4217108653419,243.57237825215392,245.11121388943334,36914800
2024-12-11,244.714111328125,248.9930565140259,244.48575750906295,246.17352158557497,45205800
2024-12-12,246.17349243164062,246.94787143790313,243.90990554927507,245.11119434808586,32777500
2024-12-13,246.34230041503906,247.4939314395242,244.46591792091505,246.03453629863122,33155300
2024-12-16,249.23129272460938,249.56885459541954,245.86571770543418,246.20327957624434,51694800
2024-12-17,251.6537322998047,252.0012166921119,247.98039295462073,248.2782345553336,51356400
2024-12-18,246.26287841796875,252.4479889260113,245.95511429725673,250.34326772719038,56774100
2024-12-19,247.99032592773438,250.184410158509,245.3097817058068,245.71683140567848,60882300
2024-12-20,252.65646362304688,253.16278373693368,243.9198625662762,246.25292226826556,147495300
2024-12-23,253.43084716796875,253.80809906094288,251.62395254537785,252.93444954402884,40858800
2024-12-24,256.3397216796875,256.34962902881983,253.45066898797964,253.64924013847912,23234700
2024-12-26,257.15380859375,258.2260444048055,255.77383898408218,256.32980188696064,27237100
2024-12-27,253.74853515625,256.836144148833,251.2367643772991,255.97238682838486,42355300
2024-12-30,250.3829803466797,251.67361731138075,248.9434301413362,250.41276299480816,35557500
2024-12-31,248.61578369140625,251.45517870098834,247.63291094425557,250.62123433005314,39480700
2025-01-02,242.09312438964844,247.30529937932678,240.07775127221439,247.13651085819407,55740700
2025-01-03,241.60667419433594,242.42075849453866,240.147263834766,241.60667419433594,40244100
2025-01-06,243.23483276367188,245.54804748087855,241.4477983095151,242.54980162717402,45045600
2025-01-07,240.46495056152344,243.78088314896328,239.61114601786818,241.22939201717418,40856000
2025-01-08,240.95140075683594,241.95413364050106,238.32049944087447,240.17702168463396,37628900
2025-01-10,235.1435546875,238.42970445265777,231.32128701842691,238.28077607985776,61710900
2025-01-13,232.71119689941406,232.9792558543989,228.06492247356016,231.84746989306117,49630700
2025-01-14,231.59927368164062,234.41880854341963,230.7951119565212,233.05868390458076,39435300
2025-01-15,236.1562042236328,237.2383625727966,232.74098609709984,232.94947976770305,39832000
2025-01-16,226.61544799804688,236.29520209930612,226.3871093224655,235.6399687194268,71759100
2025-01-17,228.3230438232422,230.61639839146835,226.83385097126646,230.44762501944012,68488300
2025-01-21,221.0359344482422,222.8031087860845,217.79942737812888,222.38613659782595,98070400
2025-01-22,222.21737670898438,222.5052806842356,218.2064751614249,218.2064751614249,64126500
2025-01-23,222.048583984375,225.39429904989126,220.69838187044374,223.12080464680741,60234800
2025-01-24,221.1749267578125,224.00439930767484,219.81480209957203,223.160517277336,54697900
2025-01-27,228.2039337158203,230.47742834163907,222.36629236472388,222.40601266103107,94863400
2025-01-28,236.54339599609375,238.4594987479956,229.147074251248,229.18679454547646,75707600
2025-01-29,237.63548278808594,238.13188043636077,232.32402189200354,232.43322998057818,45486100
2025-01-30,235.87823486328125,239.05517683623282,235.50098294542886,236.95045561956258,55658300
2025-01-31,234.2996826171875,245.40906406001392,231.75812916176676,245.40906406001392,100959800
2025-02-03,226.36724853515625,230.15973381299622,224.0738938399255,228.33299411580026,73063300
2025-02-04,231.12274169921875,231.45036595591674,225.01704170433482,225.61272492539547,45067300
2025-02-05,230.7951202392578,230.99367626573292,226.625383087866,226.88350440739822,39620300
2025-02-06,231.5397186279297,232.11554171369926,228.7698112868805,229.62361584180033,29925300
2025-02-07,225.99000549316406,232.31410688860944,225.622660920367,230.92419948813392,39707200
2025-02-10,226.25833129882812,229.1803610121675,225.81108525741098,228.16660736242451,33115600
2025-02-11,231.19793701171875,233.7919821040532,226.7353950927951,226.8049592810601,53718400
2025-02-12,235.4219512939453,235.51141262786788,229.26978984120754,229.78661520122571,45243300
2025-02-13,240.05349731445312,240.85854326211725,234.12993999243653,235.46174477414044,53614100
2025-02-14,243.10472106933594,244.04891051069433,239.51678905976664,239.77519417214083,40896200
2025-02-18,242.9755096435547,243.6811607859394,240.36158248040348,242.6574585849239,48822500
2025-02-19,243.37306213378906,244.50609250836237,241.6735241546838,243.16435439309654,32204200
2025-02-20,244.3271942138672,245.27138364211797,242.7966000469895,243.4426355672204,32316900
2025-02-21,244.0489044189453,247.1697083342209,243.72091995824803,244.44645306890683,53197400
2025-02-24,245.58944702148438,247.33868242018207,242.92582237394555,243.43269920852308,51326400
2025-02-25,245.52980041503906,248.47171215983582,243.41283173998391,246.48393846255715,48013300
2025-02-26,238.89064025878906,243.48239258336395,237.66816369812489,242.83637220684057,44433600
2025-02-27,235.849365234375,240.97782529617328,235.61082691795045,237.94646720738686,41153600
2025-02-28,240.36158752441406,240.61005923211764,228.7927454203557,235.5014815283524,56833400
2025-03-03,236.57489013671875,242.53821134874983,234.66662916873,240.31189930334125,47184000
2025-03-04,234.48770141601562,238.60240725621293,233.24534293735957,236.25683384188991,53798100
2025-03-05,234.2988739013672,235.1039197629907,227.82866128733946,233.98082285378285,47227600
2025-03-06,233.89137268066406,236.4059049662456,231.73464023473684,233.0068140722837,45170400
2025-03-07,237.6085205078125,239.8944479764648,233.3248557337566,233.67272217403436,46273600
2025-03-10,226.08938598632812,234.71633209649934,222.84932017741133,234.10011191080184,72071200
2025-03-11,219.48997497558594,224.45940937640347,216.12069905845206,222.44182022291236,76137400
2025-03-12,215.65354919433594,220.39439337943787,213.59621144659917,218.79423505763873,62547500
2025-03-13,208.398193359375,215.51442704761877,207.14590135231947,214.62986833256545,61368300
2025-03-14,212.1848907470703,212.64207016591416,208.29878985935505,209.95857893569573,60107600
2025-03-17,212.69178771972656,213.9043309003415,208.68642489319868,212.00600336087763,48073400
2025-03-18,211.38978576660156,213.83473880015984,210.19712464056028,212.85080057479257,42432400
2025-03-19,213.9241943359375,217.42266485537363,212.44329758558237,212.91042558181826,54385400
2025-03-20,212.7911834716797,216.16045933121794,210.92267131595005,212.6818553101102,48862900
2025-03-21,216.93568420410156,217.5021918152461,209.9884097524224,210.26669685360034,94127800
2025-03-24,219.38064575195312,220.1260609084734,217.24379503613238,219.64899945464327,44299500
2025-03-25,222.38218688964844,222.73005335992565,218.73462390108503,219.4204082670252,34493600
2025-03-26,220.17576599121094,223.6444367672013,219.12224829293882,222.14365782695532,34466100
2025-03-27,222.48158264160156,223.61461307047793,219.21168633594712,220.03661426059983,37094800
2025-03-28,216.56793212890625,222.44180687800483,216.34927581514728,220.31488968867507,39818600
2025-03-31,220.77207946777344,224.24073468961828,214.90813825561798,215.683368745432,65299300
2025-04-01,221.8256072998047,222.31260214779184,217.5618242432653,218.46626491168394,36412700
2025-04-02,222.52133178710938,223.81338775742097,219.66888130946384,219.96705040499884,35905900
2025-04-03,201.9478759765625,206.22159255986557,200.01973301812973,204.2835010267849,103419000
2025-04-04,187.22842407226562,198.658123727335,186.19477317599058,192.7047355778497,125910900
2025-04-07,180.35069274902344,192.96310261722135,173.5524959881376,176.11672557211514,160466300
2025-04-08,171.365966796875,189.17641711488596,168.175598539417,185.55866963100107,120859500
2025-04-09,197.6343994140625,199.38363475051753,170.83920418374143,170.89883496621582,184395900
2025-04-10,189.25595092773438,193.58929863014055,181.88131158917142,187.9142126464653,121880000
2025-04-11,196.9386749267578,198.32017705332044,184.92258644836306,184.96235041538483,87435900
2025-04-14,201.28195190429688,211.63825017625834,199.93026529720834,210.14742002868311,101352900
2025-04-15,200.904296875,202.26591707175376,198.57860517432977,200.6260097569118,51343900
2025-04-16,193.08241271972656,199.47309822086447,191.19401850640656,197.1474065096439,59732400
2025-04-17,195.77581787109375,197.61451451967758,193.2314700862815,195.99447418061752,52164700
2025-04-21,191.97918701171875,192.6152739871965,188.64966000796989,192.08851517151226,46742500
2025-04-22,198.51893615722656,200.35761746440363,194.77197902848673,194.92105596821463,52976400
2025-04-23,203.34925842285156,206.72846769395255,201.56025903470575,204.7406939661261,52929200
2025-04-24,207.09620666503906,207.5534013078127,201.69940812530302,203.6374845300284,47311000
2025-04-25,208.00062561035156,208.46775361357263,204.9394524859384,205.10841141990002,38222300
2025-04-28,208.8553924560547,210.2070792460064,206.1917828448175,208.71624889674396,38743100
2025-04-29,209.91883850097656,210.94254069563792,207.09618845243054,207.4142395090872,36827600
2025-04-30,211.20095825195312,212.2743578831654,205.4065960245207,208.0205233254963,52286500
2025-05-01,212.01596069335938,213.2483707428857,207.62296725165953,207.80187477964563,57365700
2025-05-02,204.09466552734375,205.72463931330321,200.92416412992952,204.83013207172814,101010600
2025-05-05,197.67413330078125,202.85228989395054,196.99829759637964,201.85840315300126,69018500
2025-05-06,197.2964630126953,199.42338015596502,195.81558138809015,196.9983091053983,51216500
2025-05-07,195.05029296875,198.2207944248892,192.0686324392914,197.9524407308952,68536700
2025-05-08,196.28269958496094,198.82704723676696,193.4898650803139,196.51128929096475,50478900
2025-05-09,197.31634521484375,199.31405222350435,196.3323918231404,197.7834732241415,36453900
2025-05-12,209.776123046875,210.2538252478288,205.75556156059073,209.95526516858178,63775800
2025-05-13,211.90582275390625,212.37356332026266,207.99473291206186,209.41784747983854,51909300
2025-05-14,211.3087158203125,212.9109724892217,209.56713314477625,211.40822571910564,49325800
2025-05-15,210.43295288085938,211.93569971673273,208.53213606160298,209.93535780893234,45029500
2025-05-16,210.24388122558594,211.54759317457453,208.76105751069144,211.33859654598928,54737900
2025-05-19,207.7758026123047,208.47243269467637,203.2775387890809,206.90999202317107,46140500
2025-05-20,205.8650360107422,207.46729276724128,204.04383620537516,206.67113760639387,42496600
2025-05-21,201.11798095703125,206.04416933851562,199.74462882701684,204.1831685508297,59211800
2025-05-22,200.39149475097656,201.77480849030061,198.7394754118135,199.7446272097534,46742400
2025-05-23,194.33078002929688,196.74908474491085,192.52948833207407,192.73846975457602,78432900
2025-05-27,199.24703979492188,199.77448939448533,196.4803970243206,197.34622283817185,56288500
2025-05-28,199.4560089111328,201.75489573800118,198.9385057789635,199.6251894151235,45339700
2025-05-29,198.98825073242188,202.8296849960031,197.55517460719432,202.60079553265004,51396800
2025-05-30,199.88394165039062,200.98860329086406,195.83351057352263,198.4110493394953,70819900
2025-06-02,200.72984313964844,201.15778278546435,199.15744093584797,199.31667499872813,35423300
2025-06-03,202.2923126220703,202.78990771325485,199.99342573046133,200.38154929416936,46381600
2025-06-04,201.84446716308594,205.24801554678163,201.1279290627925,201.9340306292736,43604000
2025-06-05,199.66500854492188,203.76518718349973,199.18730633012683,202.52119947175674,55126100
2025-06-06,202.93919372558594,204.71063115372752,201.07819281954235,202.02362051888113,46607700
2025-06-09,200.48106384277344,205.0091823144686,199.05794913802782,203.40692547634254,72862600
2025-06-10,201.69520568847656,203.3671332010972,199.60531527944838,199.6351697720489,54672600
2025-06-11,197.8238983154297,203.51638723180633,197.45568281643992,202.5211970741936,60989900
2025-06-12,198.24188232421875,198.71956936233477,196.4107360236097,198.12246436103902,43904600
2025-06-13,195.50509643554688,199.4062398916536,194.758703844025,198.7693188209708,51447300
2025-06-16,197.46563720703125,197.73434281232372,195.61458283187793,196.3510290449251,43020700
2025-06-17,194.69900512695312,197.4357781067605,194.27108064091922,196.25149936947125,38856200
2025-06-18,195.63449096679688,196.61973472966923,194.13175923439314,194.99756984742208,45394700
2025-06-20,200.03321838378906,200.72984844555882,195.9131318065836,197.28649906078425,96813500
2025-06-23,200.53082275390625,201.3269779408771,198.00304635957568,200.6602023375907,55814300
2025-06-24,199.3365936279297,202.46149014710028,199.23706853700068,201.61557243039425,54064000
2025-06-25,200.59051513671875,202.6903668657116,199.65503400834336,200.4810436177515,39525700
2025-06-26,200.03321838378906,201.66532960796235,198.50063224789568,200.4611428555203,50799100
2025-06-27,200.11282348632812,202.2425296541318,199.03801637565215,200.91892502298623,73188600
2025-06-30,204.1831512451172,206.39247448465787,198.30157410241034,201.03834688076608,91912800
2025-07-01,206.82041931152344,209.17901505124104,205.1484920031366,205.6759415551798,78788900
2025-07-02,211.41819763183594,212.3138626915596,207.13887695509675,207.90517762155153,67941800
2025-07-03,212.52285766601562,213.61755770997246,210.7912213537831,211.12958235725722,34955800
2025-07-07,208.94017028808594,215.18996325511674,207.79570768244494,211.65703516300363,50229000
2025-07-08,208.9998779296875,210.41304612040562,207.4473837253886,209.08945658408672,42848900
2025-07-09,210.12445068359375,210.31353924447487,206.22330706177223,208.52219391164948,48749400
2025-07-10,211.38833618164062,212.45318170934252,209.01977884626095,209.49746585002458,44443600
2025-07-11,210.14434814453125,211.1096837700706,208.85059795908091,209.55718962168862,39765800
2025-07-14,207.6165771484375,209.89557123752414,206.54176989733165,208.92027389637033,38840100
2025-07-15,208.10421752929688,210.87084499335577,207.9151289669034,208.21368905566166,42296300
2025-07-16,209.14918518066406,211.37840160704656,207.63649175890595,209.28851120731298,47490500
2025-07-17,209.00985717773438,210.78129457926272,208.5819174807461,209.55721484346458,48068100
2025-07-18,210.16424560546875,210.77131219576944,208.69136845628208,209.85573909301036,48974600
2025-07-21,211.4580078125,214.74213848423943,210.61210526026528,211.07984586548804,51377400
2025-07-22,213.3687744140625,213.91613206526756,211.20921348603295,212.11484021935428,46404100
2025-07-23,213.11996459960938,214.11515474984876,211.38834345684663,213.96588230147148,46989300
2025-07-24,212.73184204101562,214.65256693634578,212.50295255730364,212.87116805528336,46022600
2025-07-25,212.8512725830078,214.2047317845148,212.37357038101962,213.6673206036272,40268800
2025-07-28,213.0204620361328,213.81661722083774,212.03521828670327,213.00055398053098,37858000
2025-07-29,210.25384521484375,213.77681196541135,209.80601264614248,213.14983725799084,51411700
2025-07-30,208.0444793701172,211.36841043479416,206.72087480439723,210.88076185203582,45512500
2025-07-31,206.57162475585938,208.83069544134486,206.16359315375274,207.48719786288635,80698400
2025-08-01,201.40658569335938,212.5527122409286,200.53081350952442,209.85574027592583,104434500
2025-08-04,202.37193298339844,206.88014336875773,200.70995198839026,203.52634207300898,75109300
2025-08-05,201.94400024414062,204.35235878558626,201.18766113385618,202.42168730403617,44155100
2025-08-06,212.22430419921875,214.3440641251077,204.60114383647723,204.6409599471833,108483100
2025-08-07,218.97169494628906,219.78775818606874,215.53829184895108,217.82723230897543,90224800
2025-08-08,228.2468719482422,229.88892965735022,218.19544514014734,219.76784743364436,113854000
2025-08-11,226.34388732910156,228.71513292468896,223.9327956372812,227.08116933177635,61806100
2025-08-12,228.80479431152344,229.95057099439725,226.23430307406312,227.17083074525974,55626200
2025-08-13,232.47125244140625,234.1351043372746,229.58191650034667,230.2195756343437,69878500
2025-08-14,231.92327880859375,234.25466305951576,230.0003892485326,233.1985666998313,51916300
2025-08-15,230.73764038085938,233.41774239633352,228.49592139875156,233.13877413921495,56038700
2025-08-18,230.04022216796875,232.26201052585682,229.26309412883964,230.8472385776313,37476200
2025-08-19,229.71144104003906,232.01293684851592,228.50590285589897,230.4287923573085,39402600
2025-08-20,225.17820739746094,229.62179989876017,224.9391004018284,229.13359777829044,42263900
2025-08-21,224.07228088378906,225.68632903786573,222.9564077521854,225.43724912794482,30621200
2025-08-22,226.92176818847656,228.24687520672327,224.58042602754637,225.3376235225593,42477800
2025-08-25,226.323974609375,228.45609804536198,225.3973894325087,225.6464693442017,30983100
2025-08-26,228.46604919433594,228.6453946309622,223.86305742355088,226.03502689374838,54575100
2025-08-27,229.6417236328125,230.05020313892598,227.41991984776428,227.7686378094015,31259500
2025-08-28,231.70408630371094,232.55096405412047,228.4959359400532,229.9704999102399,38074700
2025-08-29,231.28562927246094,232.52107103838586,230.51845893056873,231.65426265633033,39418400
2025-09-02,228.8745574951172,230.00040359535532,226.13467838242784,228.4062860305561,44075600
2025-09-03,237.59234619140625,237.9709525201245,233.49747185558658,236.33698891571112,66427800
2025-09-04,238.89752197265625,239.01707546456905,235.86871695735925,237.57241502764154,47549400
2025-09-05,238.80784606933594,240.43185187342493,237.61226559630578,239.1167027112504,54870400
2025-09-08,237.0045166015625,239.2661511981365,235.47017586985078,238.41928864081726,48999500
2025-09-09,233.48751831054688,237.90120710535396,232.5011563745861,236.12775932745953,66313900
2025-09-10,225.955322265625,231.56460664903227,225.118417424808,231.33545739080094,83440800
2025-09-11,229.18341064453125,229.60186307827533,225.81584532196928,226.04500979013486,50208600
2025-09-12,233.2085418701172,233.6469097348115,228.17712472443904,228.37638560886936,55824200
2025-09-15,235.828857421875,237.31337916896246,234.16500543557729,236.12775635652346,42699500
2025-09-16,237.27349853515625,240.33220689969463,235.45024710789585,236.30706734003456,63421100
2025-09-17,238.11044311523438,239.21635855568803,236.85507060288438,238.09051246512186,46508000
2025-09-18,237.0045166015625,240.31228984200703,235.77903252032195,239.08682096339746,44249600
2025-09-19,244.59646606445312,245.3935247988757,239.32594197772087,240.34217704154452,163741300
2025-09-22,255.13751220703125,255.69547916115815,247.2068166293636,247.38616206443075,105517400
2025-09-23,253.4936065673828,256.3929004583055,252.64674396870498,254.93828225227924,60275200
2025-09-24,251.3813934326172,254.7987775332095,250.11606329601622,254.28068708944184,42303700
2025-09-25,255.9246063232422,256.22352044118514,250.7836088309123,252.27808820484515,55202100
2025-09-26,254.51980590820312,256.6519291955366,252.84598111295833,253.16481067495934,46076300
2025-09-29,253.4936065673828,254.06151607705354,252.07883445903423,253.6231329894407,40127700
2025-09-30,253.69285583496094,254.97810138533342,252.1784458386236,253.9220050782957,37704300
2025-10-01,254.5098419189453,257.83756097799323,253.9917514638179,254.10134722927504,48713900
2025-10-02,256.1836853027344,257.22980880920034,253.21464169746508,255.63569123318152,42630200
2025-10-03,257.07037353515625,258.2858846694617,253.01536064819075,253.73271197999827,49155600
2025-10-06,255.74526977539062,258.11651518827176,254.11130630837613,257.0404730386864,44664100
2025-10-07,255.53607177734375,256.45266881763376,254.48991791397023,255.86484387966763,31955800
2025-10-08,257.1102294921875,257.56852798749276,255.16739414069707,255.5758888188916,36496900
2025-10-09,253.10504150390625,257.05047407420307,252.20835988470006,256.8611709050607,38322000
2025-10-10,244.3673095703125,255.436420799504,243.10197943699816,254.00171816056968,61999100
2025-10-13,246.74851989746094,248.7710475029622,244.6562426215344,248.46219085423505,38142900
2025-10-14,246.85812377929688,247.9341508249242,243.79941515849077,245.69243161385845,35478000
2025-10-15,248.4223175048828,250.89320098009676,246.55920477705152,248.57177456170203,33893600
2025-10-16,246.53929138183594,248.1234359576197,244.22783772705108,247.33635013275978,39777000
2025-10-17,251.36148071289062,252.4474806979352,246.3599669580113,247.1072067041429,49147000
2025-10-20,261.27484130859375,263.4069798400544,254.68918336894043,254.94822099113512,90483000
2025-10-21,261.8028564453125,264.313600971564,260.8663137101643,260.916147926868,46695900
2025-10-22,257.498779296875,261.88257888575197,254.48987503678674,261.6833028295614,45015300
2025-10-23,258.6246032714844,259.66078406832133,257.06040475940137,258.98329410338334,32754900
2025-10-24,261.8527526855469,263.1579290692685,258.2261343576155,260.2287466983284,38253700
2025-10-27,267.8207092285156,268.12956591820625,263.67601542509226,263.90517991319996,44888200
2025-10-28,268.0099792480469,268.89671830922975,267.1631014853557,268.00000632210845,41534800
2025-10-29,268.7074279785156,270.41112610592455,266.126933268734,268.28896033752676,51086700
2025-10-30,270.4011535644531,273.131090148023,267.49191714200913,270.98897852374654,69886500
2025-10-31,269.37493896484375,276.29937269597025,268.16940070155243,275.9705701844509,86167100
2025-11-03,268.05975341796875,269.8531467885877,265.2700709373508,269.424736694289,50194600
2025-11-04,269.0461730957031,270.49081837885313,266.6350661079627,267.3424445625432,49274800
2025-11-05,269.14581298828125,270.7000692568828,265.94760492323326,267.6214146886098,43683100
2025-11-06,268.7771301269531,272.3937751745226,266.90407480138714,266.90407480138714,51204000
2025-11-07,267.48193359375,271.2878818962731,265.7881780523408,268.80702532983145,48227400
2025-11-10,268.6986083984375,272.9869540449525,266.7339548671466,268.22988302493957,41312400
2025-11-11,274.5028381347656,275.1610502271484,269.06761990152603,269.0776024957972,46208300
2025-11-12,272.7276306152344,274.9815052844664,270.9624464716027,274.25347600982695,48398000
2025-11-13,272.2090759277344,275.9488963676571,271.3513946141157,273.36590026791555,49602800
2025-11-14,271.6705322265625,275.21088338895913,268.8681625557137,270.31420819279356,47431300
2025-11-17,266.73394775390625,269.7557213346742,265.00866346949266,268.09027174019775,45018300
2025-11-18,266.7140197753906,269.9751321987233,264.59977951795884,269.2570854665072,45677300
2025-11-19,267.8309631347656,271.47104873805114,264.77927226211665,264.80918960656476,40424500
2025-11-20,265.5272521972656,274.68232536305425,265.1981613886433,270.09480618650156,45823600
2025-11-21,270.7530212402344,272.5880228442522,264.9488429624803,265.22808167538,59030800
2025-11-24,275.1710205078125,276.24807542504453,270.164627965921,270.164627965921,65585800
2025-11-25,276.2181396484375,279.6188865292943,274.5028075356392,274.52274228722064,46914200
2025-11-26,276.79656982421875,278.7712060098946,275.8790842359358,276.2081750495132,33431400
2025-11-28,278.093017578125,278.2426042891834,275.2407657367699,276.5073375714406,20135600
2025-12-01,282.33148193359375,282.650620542313,275.390384584981,277.255303275414,46587700
2025-12-02,285.4131164550781,286.619823290159,281.86278279875575,282.231773534172,53669500
2025-12-03,283.378662109375,287.8365294074879,282.5309633672564,285.4231155973949,43538700
2025-12-04,279.93804931640625,283.9571086251454,277.8337611056945,283.32881389666403,43989100
2025-12-05,278.02325439453125,280.37686403379615,277.29522501275557,279.77848663840757,47265800
2025-12-08,277.1356506347656,278.9108174051644,275.4003533668138,277.374989388386,38211800
2025-12-09,276.4275817871094,279.2698514894354,276.16830825817004,277.40493251311347,32193300
2025-12-10,278.02325439453125,278.9906225605669,275.6896099437804,276.99605153243056,33038300
2025-12-11,277.2752380371094,278.83100071126506,273.06669274298736,278.342340640522,33248000
2025-12-12,277.52459716796875,278.4620479370953,276.0685689150702,277.14562382282355,39532900
2025-12-15,273.3658752441406,279.3894873363706,272.0993337942639,279.3894873363706,50409100
2025-12-16,273.8645324707031,274.752131096348,271.0522107383373,272.07941349564567,37648600
2025-12-17,271.10205078125,275.41033087528734,270.9026119684932,274.2634587890498,50138700
2025-12-18,271.45111083984375,272.8872042261758,266.22534517191764,272.86723904028526,51630700
2025-12-19,272.9271240234375,273.8545921928022,269.1673383776201,271.4112306527045,144632000
2025-12-22,270.2344665527344,273.1365711538121,269.775723721713,272.1193204151364,36571800
2025-12-23,271.62066650390625,271.7603010837797,268.8282792538215,270.1048034873943,29642000
2025-12-24,273.0667419433594,274.68233959340455,271.46112688748974,271.60073103225574,17910600
2025-12-26,272.6578063964844,274.6224597374741,272.11926379011726,273.4157529954652,21521800
2025-12-29,273.0168762207031,273.61522314661676,271.6107000753325,271.9497734782625,23715200
2025-12-30,272.33868408203125,273.3359694836473,271.54086793463244,272.06942798009953,22139600
2025-12-31,271.12200927734375,272.9370761103812,271.0123224859311,272.3187639976345,27293600
2026-01-02,270.2743225097656,277.0857683126949,268.2697691424855,271.52092924369913,37838100
2026-01-05,266.5345153808594,270.7729784841199,265.41756056202854,269.9053450243044,45647200
2026-01-06,261.6477966308594,266.82371056256306,261.40845786144683,266.27521573774703,52352100
2026-01-07,259.623291015625,262.964203143993,259.1047135716701,262.48552563718374,48309800
2026-01-08,258.33685302734375,258.5861744106298,255.00590778144198,256.32231677215987,50419300
2026-01-09,258.6659240722656,259.5036402038468,255.52448097015204,258.3767027680543,39997000
2026-01-12,259.54351806640625,260.5906555331263,256.1028713590674,258.45648066308013,45263800
2026-01-13,260.3413391113281,261.0992857475004,257.6885867541948,258.0176775418968,45730800
2026-01-14,259.25433349609375,261.10930037675524,256.0131555781144,258.78560808748875,40019400
2026-01-15,257.5090637207031,260.3313985459844,256.35220896361545,259.9424426175537,39388600
2026-01-16,254.8363494873047,258.1971965798445,254.23797213114116,257.1999111311508,72142800
2026-01-20,246.0303192138672,254.09835490933511,242.75922413209136,252.04394930256512,80267500
2026-01-21,246.97775268554688,250.8771427168815,244.51445623630568,248.02490552393743,54641700
2026-01-22,247.67584228515625,250.31864258405668,247.47637302553753,248.52352576906395,39708300
2026-01-23,247.36668395996094,248.7329754164565,244.01580413580567,246.6486524137701,41689000
2026-01-26,254.7166748046875,255.86354695988197,249.12190294519746,250.7973351598156,55969200
2026-01-27,257.5688781738281,261.23891141767155,257.50904348719195,258.4664593428383,49648300
2026-01-28,255.74388122558594,258.1572949521919,253.81911240916085,256.9505880888889,41288000
2026-01-29,257.5788879394531,258.94516415300217,253.7193980705993,257.29964922744847,67253000
2026-01-30,258.775634765625,261.1890484668085,251.49543285360957,254.47732177254832,92443400
2026-02-02,269.2770690917969,269.7557466562268,258.50636737104884,259.3241487899344,73913400
2026-02-03,268.7485046386719,271.1419837262723,266.88355520832346,268.4692659190308,64394700
2026-02-04,275.73944091796875,278.19278500760885,271.5508603406617,271.5508603406617,90545700
2026-02-05,275.1610107421875,278.7412615768201,272.48829324857786,277.3749854862336,52977400
2026-02-06,277.3650207519531,280.14745564173626,276.1782486476445,276.3677353153735,50453400
2026-02-09,274.13079833984375,277.70443813431814,271.2160169672847,277.41494619870406,44623400
2026-02-10,273.19244384765625,274.87943562430115,272.4537718732244,274.40031021957236,34376900
2026-02-11,275.00921630859375,279.6808719096702,273.9610989943363,274.2106536370846,51931300
2026-02-12,261.2637634277344,275.22883180172755,259.71650632997444,275.0990585104662,81077200
2026-02-13,255.32435607910156,261.7628783299504,254.9949421084194,261.5432690161623,56290700
2026-02-17,263.4099426269531,265.8156532326085,255.08478749757862,257.5903108294174,58469100
2026-02-18,263.8791198730469,266.3447212846438,261.9825104325609,263.13045584681157,34203300
2026-02-19,260.11578369140625,264.00886051677537,259.5867290635135,262.13220471573277,30845300
2026-02-20,264.1086730957031,264.2783836675007,257.7001265171608,258.50868117461044,42070500
2026-02-23,265.705810546875,268.95002088588865,262.91081074777924,263.0206001676805,37308200
2026-02-24,271.6552429199219,274.4003442568012,267.233111068832,267.38283777638213,47014600
2026-02-25,273.74151611328125,274.45024283739696,270.567157599074,271.29586819299504,33714300
2026-02-26,272.4637756347656,275.61811956353745,270.31758130113775,274.4602128097023,32345100
2026-02-27,263.70941162109375,272.3240439665745,262.4217314181026,272.3240439665745,72366500
2026-03-02,264.2484130859375,266.05518620599753,259.73647625260065,261.94253069595567,41827900
2026-03-03,263.2801818847656,265.08695529305965,259.6666350681776,263.0106738027697,38568900
2026-03-04,262.0523376464844,265.67587606267574,260.95432154975975,264.17854815272653,39803100
2026-03-05,259.8263244628906,261.09405110124777,256.79173142961054,260.3254337562426,49658600
2026-03-06,257.0013427734375,258.3090066542827,253.916851068475,258.16927189629365,41120000
2026-03-09,259.41705322265625,260.68477987096253,253.22808575123491,255.2345148744848,38218500
2026-03-10,260.3653564453125,262.01244158439727,256.4922936817907,257.19102845716964,30590800
2026-03-11,260.34539794921875,261.6630538494394,259.08763272962494,260.624897946549,26218900
2026-03-12,255.3043975830078,258.48873275942157,253.7272102811576,258.1992408199258,40794000
2026-03-13,249.6744384765625,255.87336762960538,249.07551643845036,255.024890934378,36930000
2026-03-16,252.36964416503906,253.43773019062647,249.4348789230203,251.66090222791988,32074200
2026-03-17,253.77711486816406,254.67552076289968,251.7307636559193,252.5093881906664,32361600
2026-03-18,249.49476623535156,254.48585937367065,248.55643828829037,252.1799767808244,35757900
2026-03-19,248.5165252685547,251.38140795985734,246.85947863088072,248.95572868612365,34864100
2026-03-20,247.54823303222656,248.75606899357115,245.56177255944445,247.53824109812177,88331100
2026-03-23,251.04200744628906,254.14646797882926,249.83415620831627,253.51758537106093,40546100
2026-03-24,251.1917266845703,254.37604644028636,249.10545347620703,249.90403139868116,45152300
2026-03-25,252.16998291015625,254.5457480998694,251.15181088451408,253.6473574345128,28476700
2026-03-26,252.43951416015625,256.5421934269488,250.32329549316128,251.67088153367666,41796700
2026-03-27,248.35679626464844,255.03488128462607,247.6281009352486,253.4477020992108,47900000
2026-03-30,246.19065856933594,250.4230956915925,245.07264337813007,249.62453299565456,39446200
2026-03-31,253.33790588378906,255.02489784868362,246.65983587287727,247.4683905467953,49598100
2026-04-01,255.1746368408203,255.72364490973627,252.8787309132899,253.6273948962928,40059400
2026-04-02,255.464111328125,255.6737439434535,250.20349485503914,253.74717405681358,31289400
2026-04-06,258.39886474609375,261.6930045642991,256.0031460821725,256.0530752925303,29329900
2026-04-07,253.0484161376953,255.7436185540334,245.2623079794448,255.70368128016966,62148000
2026-04-08,258.4388122558594,259.28730423338584,256.07303883918246,257.9896321241455,41032800
2026-04-09,260.0259704589844,260.6548530924392,255.61386101634736,258.5386343954405,28121600
2026-04-10,260.0159912109375,261.7229364827484,258.5585701252562,259.5168819122501,31291500
2026-04-13,258.73828125,259.71651601158027,256.2027973984465,259.2673359057164,36234700
2026-04-14,258.3689270019531,261.4634109961452,256.7318642110386,258.7881922504944,48370700
2026-04-15,265.95538330078125,266.08515659729386,257.35074355126085,257.7001261657452,49913500
2026-04-16,262.9307861328125,266.68409800240715,260.80457553569033,266.3247234477873,43323100
2026-04-17,269.7486267089844,271.8149160854778,266.24486962975914,266.4844323486072,61436200
2026-04-20,272.5635681152344,273.7913879220191,269.80850557942483,269.84841238867654,36590200
2026-04-21,265.69586181640625,272.3140256362382,264.9272139873882,271.0163536236942,50209800
2026-04-22,272.68341064453125,273.2523721409737,266.39461467279705,267.3429346055621,43249200
2026-04-23,272.9429016113281,275.2787294551341,271.1660737405759,274.56001085217736,33399600
2026-04-24,270.5771179199219,272.5735550213531,269.16962610782736,272.2741016414235,38157100
2026-04-27,267.1332702636719,267.88193422863776,264.59781690250213,265.6159889280984,41466800
2026-04-28,270.2277526855469,272.7432830913257,268.181416710472,271.8548539018017,40018900
2026-04-29,269.688720703125,270.55716597281076,266.56429174844374,267.07336249706583,30047900
2026-04-30,270.86663818359375,275.50834883767226,267.6623648300734,270.018146234023,91848200
2026-05-01,279.6409912109375,286.70836594964845,277.8741246788477,278.3632420760759,79915400
2026-05-04,276.3368225097656,280.13007120517506,274.3703307853319,279.16179801165765,46668400
2026-05-05,283.67376708984375,284.0630869835518,276.00745521106614,276.43668191704,49311700
2026-05-06,286.99786376953125,287.5169265187869,280.5693330033821,281.4178249779708,58336100
2026-05-07,286.927978515625,291.6096265406606,285.2709318587503,288.75470528792926,45224300
2026-05-08,292.7974853515625,294.2349225642168,289.48339230776435,289.49338424193445,52692800
2026-05-11,292.42779541015625,293.6267735875138,289.979924827367,291.72841688276577,42247300
2026-05-12,294.54595947265625,295.0155556946294,292.3078994315659,292.3078994315659,45748100
2026-05-13,298.6124572753906,300.6607090744109,293.24708951115105,293.24708951115105,52684300
2026-05-14,297.9530334472656,300.1911240450107,295.12548538387824,299.5616620172475,35324900
2026-05-15,299.9713134765625,302.93875555297063,296.26448829773227,297.643304079477,54862800
2026-05-18,297.5833435058594,300.4009207908792,294.6558756451712,299.98126929450746,34483000
2026-05-19,298.7123718261719,300.2510533099592,296.09463441963413,296.7140952726279,42243600
2026-05-20,301.98956298828125,302.5390768782648,297.82314269813475,297.9230626302997,38229800
2026-05-21,304.7271728515625,305.27671719779084,300.1411318265125,300.80056674721834,42965100
2026-05-22,308.55389404296875,311.13165741506583,305.57645096183757,305.85620846339293,43670200
2026-05-26,308.0643005371094,311.5513139598484,307.4048960873393,309.29325163060713,48000500
2026-05-27,310.5821533203125,312.9900803339556,308.0343323058515,308.0643052358437,50430900
2026-05-28,312.24072265625,312.5304508120942,309.30325358892543,310.412282475935,48220400
2026-05-29,311.7911071777344,314.7285763294451,309.2632884033746,311.5113496628706,70026800
2026-06-01,306.0460510253906,310.67206624496237,304.7571540774977,309.363197507879,48849900
2026-06-02,314.92840576171875,315.1781903378333,306.42572903356995,307.1950545511415,44534700
2026-06-03,309.9926452636719,316.6668815001487,308.5838566628498,313.9092501546009,50836700
2026-06-04,310.9618225097656,313.26982953176514,309.38316692864953,312.96009909963743,44869100
2026-06-05,307.0751647949219,314.8984348439246,306.8853260765596,312.5903972939029,65310500
2026-06-08,301.2801818847656,317.1265012321255,300.9105055796523,308.4739595974908,77949100
2026-06-09,290.29962158203125,300.4908444635933,287.5320194610898,300.0212482417878,70108800
2026-06-10,291.3287353515625,294.4960172141002,287.1323727394638,290.4894628291428,52793300
2026-06-11,295.375244140625,296.7440586571729,289.3404406054596,293.4668864344149,42572500
2026-06-12,290.879150390625,296.88398158337014,289.3704417369658,295.7749221682621,38742100
2026-06-15,296.1645812988281,297.5233947188816,291.4486474146935,293.8665449684006,45732600
2026-06-16,298.9821472167969,300.2210994929347,293.71669913987887,294.99559499590845,39874400
2026-06-17,295.6949768066406,301.8096980081642,294.10632015937927,300.59074812548096,42745100
2026-06-18,297.7532043457031,300.31099586682666,295.3652492546472,297.8530937792582,85962200
2026-06-22,296.75408935546875,302.1594314563154,296.5043047694293,297.05381866220307,44879900
2026-06-23,294.04638671875,301.3800886038737,293.9264950024863,297.2836155142734,52010900
2026-06-24,292.8274230957031,299.4417438827621,292.68755959702736,295.1054570720635,53081900
2026-06-25,274.91290283203125,288.55113481081804,273.5141152813601,287.1523472601469,107013700
2026-06-26,283.53546142578125,285.70360492137456,273.9737007161028,274.7630284991681,261775500
2026-06-29,281.4972229003906,288.12151489662153,279.6088673150861,286.4829438934296,66427000
2026-06-30,289.11065673828125,289.69017405322865,280.45814550695326,280.9277417485351,65100200
2026-07-01,294.1263427734375,296.33442991747245,288.95081360688545,293.1871503157195,50164200
2026-07-02,308.3640441894531,309.15337194761725,293.4269150966668,293.866538367699,75352800
2026-07-06,312.3905944824219,313.9292760509671,306.7354678654279,307.0951430290638,53590000
2026-07-07,310.3923034667969,315.20815732134815,309.88273318392555,315.0183186077797,42490000
2026-07-08,313.1199645996094,314.5487250421545,306.7854009831778,311.6412289475945,41323500
2026-07-09,315.947509765625,316.2572401947346,307.8944576262147,310.24243869469103,48124500
2026-07-10,315.0483093261719,316.6369356310425,311.9010296470402,314.4488202226986,34132300
2026-07-13,317.03656005859375,323.171283634363,315.5078797345754,316.7468014245228,43257800
2026-07-14,314.58868408203125,315.91755515351207,311.64124426456783,313.48965629761443,36336800
2026-07-15,327.2178039550781,328.44675508114506,317.0465830462295,317.34631234952286,60957600
2026-07-16,332.97283935546875,334.3915986652446,326.50841333986017,327.72736328456057,62970600
2026-07-17,333.452392578125,334.7013154010385,328.71648699084636,331.693929977533,63407100
2026-07-20,326.3085632324219,333.4224228207836,323.4010672140761,333.2226134619852,53468000
2026-07-21,327.45758056640625,329.3159936819017,321.94234806189104,322.85156758462244,41338900
2026-07-22,325.60919189453125,328.7164973399543,323.0613709608057,327.58746619388995,38755900
2026-07-23,321.3828430175781,323.0214140443725,319.0748358849152,321.4527900194849,40840800
2026-07-24,332.7330322265625,334.0818750563203,321.3428614810286,321.5127284115298,47489400
2026-07-27,336.61968994140625,339.277401491225,333.73216560461384,334.2517370375488,49604300
2026-07-28,339.78692626953125,342.59453283396704,335.31080637618777,339.73698155301014,51859000
2026-07-29,337.8985900878906,344.2730974331505,337.0593175600121,339.43727163464206,56090800
2026-07-30,333.1426696777344,334.4615395264105,329.30598233808786,332.8129674612056,74817800
2026-07-31,308.6438293457031,310.4222943774597,299.7415030462749,304.54735603914753,132489100
2026-08-03,303.1585693359375,311.5313230344714,302.29929450581176,309.313234694189,75052000
2026-08-04,309.1134033203125,310.1525156602479,301.0603512911937,302.46913991298527,68001000
2026-08-05,310.7320251464844,311.4414048335362,305.40663118634393,309.09342362565195,49438800
2026-08-06,312.14080810546875,316.0174696892129,308.96355554648414,314.06913775686996,46139900
2026-08-07,313.05999755859375,314.53873325457766,310.47223295908327,311.1816431226555,34437200
2026-08-10,308.260009765625,308.260009765625,304.6099853515625,306.8299865722656,44812500
2026-08-11,304.9100036621094,309.9700012207031,302.7900085449219,307.75,37476700
2026-08-12,302.25,305.6600036621094,300.57000732421875,305.1000061035156,41657800
2026-08-13,305.260009765625,306.0,302.04998779296875,304.2099914550781,40349300
2026-08-14,305.92999267578125,307.489990234375,304.29998779296875,306.0,28229400
2026-08-17,305.5899963378906,307.6600036621094,302.94000244140625,306.2099914550781,38169300
2026-08-18,310.0299987792969,311.489990234375,305.739990234375,307.5799865722656,53424500
2026-08-19,316.8299865722656,319.2799987792969,309.6000061035156,310.1400146484375,50505600
2026-08-20,311.29998779296875,320.2799987792969,310.6499938964844,317.4599914550781,40959200
2026-08-21,309.3500061035156,312.3800048828125,307.010009765625,312.04998779296875,46876800
2026-08-24,310.3399963378906,313.3599853515625,309.9700012207031,311.4700012207031,34673600
2026-08-25,309.8999938964844,313.5899963378906,308.2099914550781,310.7900085449219,25869800
2026-08-26,313.45001220703125,315.42999267578125,308.79998779296875,310.29998779296875,34024500
2026-08-27,314.5799865722656,315.3999938964844,309.3999938964844,310.54998779296875,32419200
2026-08-28,319.70001220703125,322.3699951171875,315.45001220703125,316.8500061035156,38649400
2026-08-31,316.8500061035156,321.239990234375,312.79998779296875,319.6000061035156,41242700
2026-09-01,325.1300048828125,327.29998779296875,314.7300109863281,316.9800109863281,53167400
2026-09-02,324.9599914550781,328.3999938964844,323.5299987792969,326.8699951171875,33776400
2026-09-03,328.2099914550781,330.80999755859375,324.1099853515625,324.8699951171875,37225800
2026-09-04,319.9700012207031,328.92999267578125,317.8599853515625,328.30499267578125,38007287
