Price,Close,High,Low,Open,Volume
Ticker,AAPL,AAPL,AAPL,AAPL,AAPL
Date,,,,,
2014-01-02,17.110124588012695,17.230764661400286,17.0757891008535,17.189005017231203,234684800
2014-01-03,16.73429298400879,17.127763554398385,16.717278870897296,17.10178064625026,392467600
2014-01-06,16.825544357299805,16.914322041364944,16.50600317602923,16.625097004426777,412610800
2014-01-07,16.705211639404297,16.888335918357946,16.6396332275346,16.83760582283964,317209200
2014-01-08,16.810997009277344,16.875955890537607,16.663445638797402,16.667156064455718,258529600
2014-01-09,16.596324920654297,16.916174954158592,16.560132564116415,16.91431808868714,279148800
2014-01-10,16.485586166381836,16.72872159028717,16.428978193318883,16.69871602749191,304976000
2014-01-13,16.57189178466797,16.781309579053193,16.39093161601603,16.391860048946604,378492800
2014-01-14,16.90163230895996,16.912149036858874,16.63158401446985,16.64890704443341,332561600
2014-01-15,17.240976333618164,17.328827225935846,17.064656695100986,17.12219309883261,391638800
2014-01-16,17.144773483276367,17.225200212140052,17.06527353518034,17.16488016549229,229278000
2014-01-17,16.724699020385742,17.07733827797103,16.700880258950978,17.059088461244034,426739600
2014-01-21,16.98453712463379,17.015469460880816,16.716963495213875,16.734595455519607,328526800
2014-01-22,17.060014724731445,17.238807398195917,16.945561444031693,17.04145433142503,379985200
2014-01-23,17.2044734954834,17.214372372825956,16.85276268298744,17.011450343350262,403239200
2014-01-24,16.891738891601562,17.18715066880616,16.850906022067754,17.137038427658833,429354800
2014-01-27,17.028778076171875,17.161791812035702,16.881846103874885,17.01547769379521,554878800
2014-01-28,15.66771125793457,15.93064278894643,15.530674895144358,15.737619610627045,1065523200
2014-01-29,15.489838600158691,15.694617455866492,15.423951275504221,15.588825702582563,502810000
2014-01-30,15.459839820861816,15.66771299223525,15.364566406999643,15.545216006958764,678501600
2014-01-31,15.48520565032959,15.513973858131445,15.267126313272785,15.317547495673175,464797200
2014-02-03,15.513972282409668,15.705759764270555,15.444992358511575,15.547380999952265,401464000
2014-02-04,15.738545417785645,15.75927160675503,15.552017977139661,15.647601953512988,376681200
2014-02-05,15.856100082397461,15.939310498646536,15.659982602308663,15.66957255776392,328344800
2014-02-06,15.948509216308594,15.979317588069213,15.802251714681397,15.872269381670641,257765200
2014-02-07,16.171634674072266,16.272769868004787,16.10006309799967,16.22453641580688,370280400
2014-02-10,16.461347579956055,16.554703397872327,16.1193559062589,16.13989372086725,345559200
2014-02-11,16.678245544433594,16.733945936264536,16.477218250106866,16.511760935517003,282256800
2014-02-12,16.677001953125,16.790274060544117,16.593605908311496,16.70905511101978,308100800
2014-02-13,16.941814422607422,16.954883636503983,16.62347170522086,16.63778568529348,307398000
2014-02-14,16.928123474121094,16.990051018347934,16.841616363592156,16.88082401255761,272924400
2014-02-18,16.990365982055664,17.152180669141064,16.97853986732172,16.99067675825792,260251600
2014-02-19,16.72212028503418,17.01836803936446,16.628142915087988,16.951773868198124,313768000
2014-02-20,16.528554916381836,16.710598170372418,16.461650002888444,16.585812479713045,305858000
2014-02-21,16.34496307373047,16.63498697296281,16.324736036904806,16.579595703765595,278784800
2014-02-24,16.416540145874023,16.490292158128305,16.256904216154403,16.2796207931859,288909600
2014-02-25,16.245697021484375,16.47939567788626,16.212711543268004,16.47348428399188,231952000
2014-02-26,16.099132537841797,16.337188764464123,16.04467524196025,16.293934368714947,276217200
2014-02-27,16.420278549194336,16.454819584179926,16.05868124395161,16.09260072644083,301882000
2014-02-28,16.375770568847656,16.57835170223944,16.247561309254372,16.464145647236585,371968800
2014-03-03,16.42306900024414,16.513001277242424,16.269032097443755,16.288014365763864,238781200
2014-03-04,16.53136444091797,16.574931267017654,16.4233838588466,16.52389750406251,259140000
2014-03-05,16.566219329833984,16.640591223896582,16.465705675953625,16.521409395316102,200062800
2014-03-06,16.51611328125,16.630940887652965,16.4336495965637,16.579594696559294,185488800
2014-03-07,16.5064640045166,16.554386662621496,16.36985384988765,16.526691035720468,220729600
2014-03-10,16.52140998840332,16.596405099394058,16.441123372883162,16.441746587141495,178584000
2014-03-11,16.68228530883789,16.764748992990302,16.573370758160493,16.662370711353038,279224400
2014-03-12,16.698469161987305,16.721496508563398,16.555013579102752,16.633121421317664,199326400
2014-03-13,16.51300048828125,16.793376987207996,16.46663336686403,16.72429496200832,257742800
2014-03-14,16.327537536621094,16.520471321145305,16.274946577629358,16.4551219234688,237199200
2014-03-17,16.391334533691406,16.49184653027719,16.363638891775036,16.421208932676628,199544800
2014-03-18,16.536338806152344,16.554076307689048,16.343405045410382,16.365187621316085,209647200
2014-03-19,16.531991958618164,16.686961268466597,16.461663466273382,16.56311112821871,224756000
2014-03-20,16.45232391357422,16.575864904719626,16.410314292871558,16.489354468542835,208398400
2014-03-21,16.582094192504883,16.609479065796517,16.378580609937394,16.552842999714127,374046400
2014-03-24,16.778757095336914,16.819521950207786,16.650237036560398,16.75479575661425,355700800
2014-03-25,16.959247589111328,16.982898157755027,16.791207398873784,16.85064542765194,282293200
2014-03-26,16.797119140625,17.084032042132304,16.76849116904603,17.006858170298297,299768000
2014-03-27,16.72491455078125,16.85063424931955,16.652098235856126,16.804577909355615,222031600
2014-03-28,16.70624542236328,16.770971598744435,16.625026510356623,16.751678554822984,200564000
2014-03-31,16.702524185180664,16.82917631608561,16.67731640760103,16.780008851707088,168669200
2014-04-01,16.855300903320312,16.862147946980983,16.703442781587928,16.73424949234954,200760000
2014-04-02,16.883312225341797,16.912252626566886,16.812051431490264,16.87802238400153,180420800
2014-04-03,16.766311645507812,16.881760840837174,16.730525851717474,16.847219813663145,162344000
2014-04-04,16.54941749572754,16.803966493530243,16.51083138624584,16.798055097569076,275251200
2014-04-07,16.289569854736328,16.52078059621204,16.24040408480578,16.431159095568294,289850400
2014-04-08,16.288633346557617,16.372030995067334,16.14113108890587,16.34309060506398,243888400
2014-04-09,16.50273895263672,16.50802879540999,16.244455690065102,16.263748742140166,206169600
2014-04-10,16.289888381958008,16.56248562232315,16.280241025240397,16.513939724463,239652000
2014-04-11,16.169456481933594,16.269657678777744,16.0925934073803,16.150472548947167,271717600
2014-04-14,16.23387908935547,16.248814630052024,16.094779298461827,16.240724476262013,205674000
2014-04-15,16.11811637878418,16.23263160077665,15.911800851558203,16.190000415182496,266490000
2014-04-16,16.15079116821289,16.215517380328293,15.999243717662363,16.120916764818883,214765600
2014-04-17,16.335317611694336,16.423072814739598,16.156697782361302,16.181593111154914,284334400
2014-04-21,16.529190063476562,16.559373577712975,16.3048246114621,16.347768230439574,182548800
2014-04-22,16.54568099975586,16.549726075498064,16.383864674831056,16.440188282875038,202563200
2014-04-23,16.329404830932617,16.527940906441973,16.320068252475593,16.463525495086635,394940000
2014-04-24,17.66812515258789,17.7375196484253,17.44905120307685,17.68181758603948,759911600
2014-04-25,17.797883987426758,17.799437867867503,17.54955893585778,17.567294777637066,390275200
2014-04-28,18.487163543701172,18.538820530415748,17.816870806912046,17.82465184515796,669485600
2014-04-29,18.432392120361328,18.545974993105627,18.344638569559997,18.476269726714317,337377600
2014-04-30,18.362689971923828,18.653337200271576,18.353665828186532,18.44204260823477,456640800
2014-05-01,18.405942916870117,18.50925521897791,18.246616118783187,18.42212322047056,244048000
2014-05-02,18.440168380737305,18.49058224952968,18.35085930227897,18.43270144444312,191514400
2014-05-05,18.700942993164062,18.70218942155984,18.359885284084342,18.36424279775598,287067200
2014-05-06,18.497116088867188,18.808299358020943,18.497116088867188,18.727080433367078,374564400
2014-05-07,18.432392120361328,18.58673985206451,18.289247287848568,18.523258418556768,282864400
2014-05-08,18.399532318115234,18.600429003280038,18.349777750262387,18.40766765454905,230297200
2014-05-09,18.32286834716797,18.34508510408532,18.15983405065607,18.291575374903985,291597600
2014-05-12,18.55098533630371,18.57695724520641,18.381067452146844,18.383885072532273,213208800
2014-05-13,18.58008575439453,18.60449343282618,18.484333454263076,18.525011804191514,159737200
2014-05-14,18.583539962768555,18.694002114970264,18.516887991207224,18.53847973386882,166404000
2014-05-15,18.425504684448242,18.668958142736326,18.401097003357215,18.609504006310832,230846000
2014-05-16,18.69743537902832,18.698060402844366,18.318485444783647,18.419558814822313,276256400
2014-05-19,18.91898536682129,19.00472560261831,18.691802569930477,18.708074915237084,317755200
2014-05-20,18.9227352142334,18.975618232658938,18.798191728417923,18.91647662164069,234836000
2014-05-21,18.972806930541992,18.985009935696784,18.83981556554429,18.89520203457197,196859600
2014-05-22,19.002851486206055,19.083586535969054,18.903656503516494,18.981886443786745,200760000
2014-05-23,19.217514038085938,19.23628982234467,18.977815708203448,19.002223392146373,232209600
2014-05-27,19.577377319335938,19.584573450500976,19.26445424081084,19.272277067095917,348866000
2014-05-28,19.526683807373047,19.708804754186904,19.519486004919983,19.58958060169007,315481600
2014-05-29,19.882474899291992,19.929101013875268,19.644340792789134,19.64684423076927,376474000
2014-05-30,19.80800437927246,20.157538208568244,19.679705662023046,19.963839249028922,564020800
2014-06-02,19.671871185302734,19.865257518306013,19.479424058984222,19.83803389393795,369350800
2014-06-03,19.950063705444336,19.98761527072653,19.659359106761517,19.665930212889222,292709200
2014-06-04,20.177875518798828,20.273943705621612,19.90531995374509,19.9469391957149,335482000
2014-06-05,20.257043838500977,20.320254814418384,20.108719310249768,20.221058169496388,303805600
2014-06-06,20.20133399963379,20.379388863176548,20.166914248455623,20.336830435156386,349938400
2014-06-09,20.524593353271484,20.564021669040145,20.09745465843354,20.30554752593161,301660000
2014-06-10,20.645071029663086,20.82030837531282,20.49611978721697,20.750213771290362,251108000
2014-06-11,20.55963134765625,20.756772829267934,20.474203650822222,20.61877295654665,182724000
2014-06-12,20.215740203857422,20.616594480834255,20.130312462362305,20.599070413043698,218996000
2014-06-13,19.994504928588867,20.248598916860125,19.90688625431646,20.196026709584356,218100000
2014-06-16,20.196020126342773,20.31649597309455,20.031735792328533,20.044879675456603,142244000
2014-06-17,20.169734954833984,20.305542263025693,20.108402406465263,20.220114546199746,118904000
2014-06-18,20.191646575927734,20.215741753189633,20.00983811883785,20.211359900312626,134056000
2014-06-19,20.121543884277344,20.21792455459216,20.007639151871373,20.21573362903413,142112000
2014-06-20,19.913450241088867,20.2726851429217,19.91125931562295,20.119352112850407,403592000
2014-06-23,19.895925521850586,20.068971861833724,19.845544264919226,20.003257469520893,174776000
2014-06-24,19.775447845458984,20.0952544043845,19.755734532318726,19.87839960391036,156144000
2014-06-25,19.792985916137695,19.86746071341472,19.637463541364404,19.760128699791238,147476000
2014-06-26,19.911266326904297,19.944123535717065,19.670316247589085,19.795172304127963,130516000
2014-06-27,20.147829055786133,20.152209235515286,19.882782224544503,19.893735180647088,256116000
2014-06-30,20.355920791625977,20.53115805301802,20.171921500045688,20.174112425389342,197929200
2014-07-01,20.485153198242188,20.60562900212573,20.399725508646977,20.485153198242188,152892000
2014-07-02,20.476398468017578,20.603443739261163,20.390969083759266,20.561826181089355,113860000
2014-07-03,20.59686851501465,20.612201648366803,20.415060168706145,20.518011923150386,91567200
2014-07-07,21.021821975708008,21.026202155611173,20.612205800520837,20.620967831513703,225872000
2014-07-08,20.88601303100586,21.203630387987342,20.57277752512014,21.08753473056109,260888000
2014-07-09,20.89478302001953,21.017448158434732,20.756784739302432,20.905735980743962,145744000
2014-07-10,20.81810760498047,20.929821401787486,20.48515713992053,20.53772932146877,158744000
2014-07-11,20.85753631591797,21.00429656545824,20.77867971323051,20.888202586831266,136072000
2014-07-14,21.12696647644043,21.223347162010903,20.95173084135125,20.997730258231663,171240000
2014-07-15,20.879444122314453,21.214583905380074,20.815920644234733,21.20363261886153,181911600
2014-07-16,20.76115608215332,21.269342159333505,20.752394051541504,21.240866813234945,213585200
2014-07-17,20.390975952148438,20.8706868649706,20.277072853415056,20.815925406289974,229192000
2014-07-18,20.68448829650879,20.75239193785112,20.375633015849242,20.507061790453648,199952000
2014-07-21,20.577165603637695,20.809353646385937,20.528975254119295,20.807162720175,156316000
2014-07-22,20.748016357421875,20.78525373859326,20.616589224872687,20.739254325760374,220788000
2014-07-23,21.289064407348633,21.440204891191193,20.846590902057113,20.90135235866934,371672000
2014-07-24,21.254013061523438,21.317536542137837,21.120394993883973,21.256203987389252,182916000
2014-07-25,21.394197463989258,21.4314348394691,21.168580614546624,21.214580020348738,173876000
2014-07-28,21.689912796020508,21.73810313588963,21.367916897342347,21.427058523699277,221272000
2014-07-29,21.549720764160156,21.781910400747233,21.521245417651976,21.75781523401474,172572000
2014-07-30,21.499345779418945,21.6198199676885,21.394203059240013,21.562869262478966,132040000
2014-07-31,20.940776824951172,21.34601119515419,20.881635198003654,21.282489387805153,227372000
2014-08-01,21.056867599487305,21.164201221534302,20.76772727285228,20.787442259606685,194044000
2014-08-04,20.938583374023438,21.15543987944774,20.846584556005773,21.10944047043891,159832000
2014-08-05,20.835634231567383,20.958299327914318,20.66915897853469,20.888204748403698,223732000
2014-08-06,20.800586700439453,20.914491439889805,20.7458252564078,20.754587287995264,154232000
2014-08-07,20.798385620117188,21.121983127365723,20.71473312425091,20.897445841591345,186844000
2014-08-08,20.855619430541992,20.87323065895496,20.534222069751614,20.749955419062537,167460000
2014-08-11,21.13079071044922,21.1506037642896,20.877634734817967,20.97229299772359,146340000
2014-08-12,21.126392364501953,21.32671468390114,21.04714349455293,21.141801773686506,135180000
2014-08-13,21.405956268310547,21.405956268310547,21.141794578054594,21.166009595602947,127664000
2014-08-14,21.46319580078125,21.478605207509528,21.309101733498466,21.425773195798197,112464000
2014-08-15,21.568864822387695,21.615093049685417,21.322312597300215,21.55125358927438,195804000
2014-08-18,21.828622817993164,21.874851041448032,21.568863029413794,21.681130852304406,190288000
2014-08-19,22.130197525024414,22.163218150082244,21.8638340606891,21.8836471075233,277596000
2014-08-20,22.139009475708008,22.253479105250783,22.00252497015768,22.110392488197125,210796000
2014-08-21,22.14120864868164,22.22045749022407,22.037744790029073,22.139006825444618,133912000
2014-08-22,22.304109573364258,22.33713020581049,22.05535727733437,22.077370472465482,176736000
2014-08-25,22.3525390625,22.491223699976103,22.295303412962635,22.407572888728485,161080000
2014-08-26,22.209449768066406,22.343732432315118,22.20284597793926,22.326121205643382,132608000
2014-08-27,22.48241424560547,22.57927430066086,22.16762074617425,22.238063964533044,209476000
2014-08-28,22.508834838867188,22.625506281292562,22.356940941634633,22.36354473203621,273840000
2014-08-29,22.56386947631836,22.651923937003822,22.497828210929477,22.643118322985362,178380000
2014-09-02,22.73998260498047,22.836841018105734,22.612303697338696,22.687148911094557,214256000
2014-09-03,21.78019142150879,22.717966775500823,21.700942563495463,22.695953577052542,501684000
2014-09-04,21.599679946899414,22.033345151532632,21.527034882354506,21.760377802954018,342872000
2014-09-05,21.786794662475586,21.87925110132135,21.641504533289947,21.74937205810935,233828000
2014-09-08,21.65251350402832,21.86164141804782,21.584272081885015,21.859441273752495,185426800
2014-09-09,21.571063995361328,22.69155387911044,21.163813905081025,21.811012417099167,759385200
2014-09-10,22.233665466308594,22.257880483849647,21.520427559233283,21.57546138464494,403478400
2014-09-11,22.328323364257812,22.330525187499607,21.92987901194387,22.103786099066834,249412400
2014-09-12,22.378963470458984,22.49563495279234,22.251284547358473,22.279901542053558,250504400
2014-09-15,22.37234878540039,22.684942171765766,22.330524222607735,22.632108493239834,245266000
2014-09-16,22.202856063842773,22.290910557702208,21.769189067172373,21.96951308269008,267632400
2014-09-17,22.36135482788086,22.409784885668135,22.14341956783812,22.29311171031704,243706000
2014-09-18,22.407575607299805,22.530850855568108,22.35694374204715,22.43839441936688,149197600
2014-09-19,22.224868774414062,22.530856832175477,22.12360669654695,22.51764924621447,283609600
2014-09-22,22.246871948242188,22.48461846535852,22.141207949189806,22.409773272654665,211153600
2014-09-23,22.594688415527344,22.660729681295887,22.132404593644992,22.145612174999037,253608800
2014-09-24,22.398771286010742,22.64091982887855,22.277696174827142,22.489027583347497,240687200
2014-09-25,21.54465103149414,22.169834727350445,21.511630387389115,22.125808321543563,400368000
2014-09-26,22.178634643554688,22.178634643554688,21.66131695054781,21.689933939016523,249482000
2014-09-29,22.03774642944336,22.110391486177914,21.711945425587857,21.716349072389495,199065200
2014-09-30,22.178634643554688,22.352541756939846,22.13020460191587,22.191842226001892,221056400
2014-10-01,21.83302116394043,22.165425968300916,21.727355471074457,22.143411092641898,205965200
2014-10-02,21.99151611328125,22.06195933988269,21.58206433381693,21.852829803769755,191031200
2014-10-03,21.92987823486328,22.059757250043297,21.80219936334806,21.890253815410247,173878400
2014-10-06,21.92987823486328,22.156617315261602,21.885850169082698,22.00252160427803,148204800
2014-10-07,21.73836326599121,22.03994926478216,21.733961298486626,21.88805535363573,168376800
2014-10-08,22.189638137817383,22.2578795409974,21.64150005069731,21.74056193994143,229618800
2014-10-09,22.23806381225586,22.537447908105367,22.147809226616747,22.352535090991797,309506000
2014-10-10,22.17422866821289,22.460403539675646,22.079570425617757,22.16542305500648,265326400
2014-10-13,21.971712112426758,22.405379087090374,21.971712112426758,22.306318836212764,214333600
2014-10-14,21.73836326599121,22.128002050867796,21.69873884045298,22.099385063339888,254754400
2014-10-15,21.472000122070312,21.82641813496269,20.952480612967168,21.56665838041112,403734400
2014-10-16,21.19022560119629,21.511622955143274,21.0031109219154,21.03392973123229,288618000
2014-10-17,21.500621795654297,21.793402249152113,21.311305237715832,21.46319918477102,272718800
2014-10-20,21.96070098876953,22.004727382965225,21.62169237906497,21.64370557616282,310069200
2014-10-21,22.55727195739746,22.678345404940913,22.29310850189431,22.678345404940913,378495600
2014-10-22,22.671737670898438,22.918289850604097,22.58588502464811,22.638717034763854,273052400
2014-10-23,23.076791763305664,23.125221814523453,22.81262830561761,22.91169023206299,284298800
2014-10-24,23.162641525268555,23.22207733009482,23.010747598102277,23.15383590983144,188215600
2014-10-27,23.138425827026367,23.21987650781669,23.04816953105606,23.081190168106158,136750800
2014-10-28,23.497241973876953,23.497241973876953,23.19125403443746,23.20226147148168,192243600
2014-10-29,23.629322052001953,23.635927521712993,23.413590400747626,23.477429838628733,210751600
2014-10-30,23.550077438354492,23.63152643244834,23.312330888001124,23.54567379140394,162619200
2014-10-31,23.77461814880371,23.783423764472833,23.60071101821234,23.776819972595856,178557200
2014-11-03,24.08280372619629,24.280925845014465,23.776815773604557,23.82304398807894,209130400
2014-11-04,23.90669822692871,24.102618550404095,23.712979727171984,24.074001560059166,166297600
2014-11-05,23.963930130004883,24.06079020444703,23.803230613725788,24.01676213447372,149743600
2014-11-06,24.032474517822266,24.052373488484733,23.83349493189132,24.010365862361304,139874000
2014-11-07,24.101009368896484,24.16954669499126,23.999308221962238,24.04352552522687,134766000
2014-11-10,24.06121063232422,24.171755565832886,24.02583544394617,24.103216560045873,108782000
2014-11-11,24.253555297851562,24.264610464803315,23.966139511704206,24.032465453069754,109769200
2014-11-12,24.596250534057617,24.636046782168272,24.180602143510125,24.182811827951483,187769600
2014-11-13,24.943363189697266,25.082649223583307,24.67363323381899,24.717852227198616,238091600
2014-11-14,25.244041442871094,25.246252813871656,24.587404258596987,25.016319146486598,176254400
2014-11-17,25.20203399658203,25.92941987670985,25.049483132158237,25.2639388907577,186986800
2014-11-18,25.529247283935547,25.57788732469698,25.179924888268733,25.19098005636245,176896000
2014-11-19,25.35238265991211,25.588948824927705,25.160035494346655,25.522622855926027,167476800
2014-11-20,25.714962005615234,25.836562107719953,25.392171000770325,25.405437539861094,173582000
2014-11-21,25.750337600708008,25.99353612197536,25.653057517488325,25.98027126945699,228717200
2014-11-24,26.2278995513916,26.25885200872928,25.783509976708178,25.834359719427617,189803200
2014-11-25,26.000167846679688,26.475511394883647,25.96700402949675,26.325170218865228,275361600
2014-11-26,26.3096923828125,26.3318010306518,26.051017660851112,26.075337679508856,163073200
2014-11-28,26.29421615600586,26.398128656292105,26.099657693559976,26.36938589600255,99257600
2014-12-01,25.440813064575195,26.364968853711147,24.600670824712704,26.267688764292007,335256000
2014-12-02,25.34354019165039,25.591161541234904,24.92789169567374,25.09370915706403,237395600
2014-12-03,25.630952835083008,25.723810190648614,25.449659179881632,25.591156584586017,172253600
2014-12-04,25.533668518066406,25.911731991932133,25.489451218945277,25.595573411548724,168178000
2014-12-05,25.425331115722656,25.66410854320224,25.345738639896126,25.644209580854817,153275600
2014-12-08,24.850507736206055,25.34796006403,24.678057865778914,25.22635993140458,230659600
2014-12-09,25.23077964782715,25.270575896750458,24.176179894750465,24.36189628531993,240832000
2014-12-10,24.751008987426758,25.392169914512493,24.66036302255705,25.294891523772044,178261200
2014-12-11,24.67805290222168,25.160028905932492,24.616146319202365,24.819550289844862,165606800
2014-12-12,24.26019859313965,24.73333090512174,24.22703476651277,24.421593296324282,224112400
2014-12-15,23.928558349609375,24.673630162400315,23.512908297492405,24.47464893391686,268872400
2014-12-16,23.601348876953125,24.35526631115576,23.493015288833345,23.51733531489035,243162800
2014-12-17,24.18944549560547,24.284512528291458,23.616821807615015,23.68314944883713,213647200
2014-12-18,24.905771255493164,24.905771255493164,24.465802938381533,24.73332144711683,236024800
2014-12-19,24.713428497314453,25.036219545572564,24.686898789128506,24.819552390404407,353719200
2014-12-22,24.969894409179688,25.091492844854134,24.755436931455634,24.797444553173737,180670000
2014-12-23,24.88145637512207,25.056117590299724,24.863768779128435,25.034008938698676,104113600
2014-12-24,24.7642765045166,24.919038736888528,24.7642765045166,24.89029766138569,57918400
2014-12-26,25.20203399658203,25.319211358669097,24.7642769953216,24.784174274114413,134884000
2014-12-29,25.18435287475586,25.37448864866453,25.137922508518777,25.15782147787498,110395600
2014-12-30,24.877031326293945,25.18655748035729,24.78638535709917,25.12465258690099,119526000
2014-12-31,24.403892517089844,25.011889492012028,24.36630765437673,24.943352190972657,165613600
2015-01-02,24.1717586517334,24.63825846563847,23.73399991696837,24.62720329616351,212818400
2015-01-05,23.490800857543945,24.02141693191781,23.305086159243192,23.94182443642263,257142000
2015-01-06,23.49301528930664,23.75169008997391,23.13263764142683,23.554920196804904,263188400
2015-01-07,23.82244110107422,23.92193089963721,23.590295988717386,23.700840959023996,160423600
2015-01-08,24.737741470336914,24.795225299659375,24.032464357853957,24.149643387144778,237458000
2015-01-09,24.7642765045166,25.038427467624796,24.366314068729043,24.91019493978416,214798000
2015-01-12,24.154062271118164,24.901345238031354,24.05457252915336,24.894712813471223,198603200
2015-01-13,24.368528366088867,24.93894069695725,24.078901144962483,24.636046935190233,268367600
2015-01-14,24.275663375854492,24.428214207566096,23.98824592963475,24.107634637136112,195826400
2015-01-15,23.616817474365234,24.33314810893353,23.581443975843946,24.319883257835752,240056000
2015-01-16,23.43331527709961,23.784849053948268,23.258654074194936,23.663248948514042,314053200
2015-01-20,24.036893844604492,24.092166318792128,23.54607400393315,23.8423336559235,199599600
2015-01-21,24.220394134521484,24.5542385989461,23.93739770504104,24.087738872947455,194303600
2015-01-22,24.850507736206055,24.865983963378177,24.257986673815576,24.377375434907194,215185600
2015-01-23,24.978744506835938,25.1489830344231,24.658163051690252,24.82840326605995,185859200
2015-01-26,25.005266189575195,25.283839922916894,24.938940234729454,25.14676358405117,222460000
2015-01-27,24.129749298095703,24.868190372275148,24.105429276423866,24.854923832502017,382274800
2015-01-28,25.493871688842773,26.115135353956926,25.493871688842773,26.00680010606825,585908400
2015-01-29,26.2875919342041,26.35170821368345,25.549150721219718,25.71717953341449,337745600
2015-01-30,25.902891159057617,26.530785608810817,25.83435214922315,26.177042138049725,334982000
2015-02-02,26.2278995513916,26.347288324029396,25.664121204070383,26.099668665327968,250956400
2015-02-03,26.232315063476562,26.329593465385972,26.00238138179459,26.19915124353342,207662800
2015-02-04,26.43350601196289,26.643542413996485,26.15714365674654,26.199151274509653,280598800
2015-02-05,26.622167587280273,26.686536878730017,26.46901300785025,26.639923290125516,168984800
2015-02-06,26.39798927307129,26.690979584136734,26.291446572029862,26.639927485141328,174826400
2015-02-09,26.573345184326172,26.59997959492544,26.287013416310145,26.31364952034854,155559200
2015-02-10,27.083858489990234,27.11271469344844,26.67100987439836,26.673228279711168,248034000
2015-02-11,27.718677520751953,27.727556224326772,27.190407358846883,27.250336491177467,294247200
2015-02-12,28.069372177124023,28.29577483213937,27.871825725389765,27.980586855420736,297898000
2015-02-13,28.206993103027344,28.251384922813383,27.889586680582962,28.251384922813383,217088800
2015-02-17,28.37346076965332,28.60652202264807,28.17147412459932,28.29799265505498,252609600
2015-02-18,28.571002960205078,28.58432016349851,28.289109738609003,28.329063041928176,179566800
2015-02-19,28.511070251464844,28.639808852819904,28.484435846659494,28.51772885266618,149449600
2015-02-20,28.744138717651367,28.744138717651367,28.422293826373803,28.54881066804694,195793600
2015-02-23,29.52100372314453,29.52100372314453,28.7796500064065,28.859556618124714,283896400
2015-02-24,29.336759567260742,29.654167447543376,29.114797246206905,29.507671502797546,276912400
2015-02-25,28.586545944213867,29.210263350033415,28.444490094301624,29.201382954294676,298846800
2015-02-26,28.948347091674805,29.048229533254315,28.1026705597542,28.58654715476899,365150000
2015-02-27,28.51329231262207,28.981633127182146,28.46446031209903,28.855112929405834,248059200
2015-03-02,28.653133392333984,28.917269263881828,28.47778453766857,28.688648199086956,192386800
2015-03-03,28.713062286376953,28.748577090756346,28.431169030292523,28.624278662306626,151265200
2015-03-04,28.531047821044922,28.75745043653652,28.48221920483862,28.65534962054463,126665200
2015-03-05,28.058269500732422,28.577660735422672,27.9139935932833,28.539927531556557,226068400
2015-03-06,28.100439071655273,28.71527416514138,28.024972669659746,28.49997036948319,291368400
2015-03-09,28.220306396484375,28.759676923373377,27.758624083605657,28.402315541867832,354114000
2015-03-10,27.636537551879883,28.238055423364965,27.4789444587695,28.058266430023576,275426400
2015-03-11,27.132686614990234,27.694251284612303,27.103832109104772,27.689812781183356,275756000
2015-03-12,27.62322425842285,27.723108369874826,26.997290261725283,27.148224784716703,193450800
2015-03-13,27.432329177856445,27.834082229088633,27.208148397855435,27.612119853567094,207309200
2015-03-16,27.734209060668945,27.734209060668945,27.27252842487255,27.496709293114733,143497200
2015-03-17,28.198108673095703,28.260257885548853,27.889581015961117,27.94507162614272,204092400
2015-03-18,28.51551628112793,28.668670913843595,28.049395473856592,28.18923120800626,261083600
2015-03-19,28.300212860107422,28.68864715426576,28.27801695341477,28.577665927363377,183238000
2015-03-20,27.945072174072266,28.499976593329478,27.780820438877107,28.46668358131895,274780400
2015-03-23,28.235843658447266,28.37789949397648,28.082689022807685,28.215867850375567,150838800
2015-03-24,28.12041664123535,28.420063845308313,28.091560445800567,28.240276538927755,131369200
2015-03-25,27.385726928710938,28.149278311362963,27.385726928710938,28.08712909527531,206620800
2015-03-26,27.576618194580078,27.71867404709588,27.212599860828416,27.248114670677037,190291600
2015-03-27,27.356868743896484,27.678713581155,27.281402332626065,27.649859075687882,158184800
2015-03-30,28.049392700195312,28.05605130210032,27.52334113499331,27.534439933794285,188398800
2015-03-31,27.618785858154297,28.07602793240956,27.603248555439965,27.98724261971094,168362400
2015-04-01,27.578832626342773,27.771940554974115,27.32357548668681,27.70535114691117,162485600
2015-04-02,27.816333770751953,27.86960428383157,27.565516815456306,27.751964457954504,128880400
2015-04-06,28.266908645629883,28.302423439143844,27.596583005720163,27.6276576033256,148776000
2015-04-07,27.969480514526367,28.43781958734745,27.9628219139488,28.33127859122918,140049200
2015-04-08,27.878488540649414,28.056059210887202,27.73865278090876,27.933979163418794,149316800
2015-04-09,28.091569900512695,28.096010098276487,27.669842558672887,27.933976748683424,129936000
2015-04-10,28.211421966552734,28.235837967122855,27.803011945086737,27.95616485641709,160752000
2015-04-13,28.155933380126953,28.5377107169746,28.102662872086338,28.49331552230274,145460400
2015-04-14,28.033857345581055,28.253599690907617,27.947292127923955,28.189230378955582,102098400
2015-04-15,28.140399932861328,28.218086453862202,27.9694895866594,28.05827490784861,115881600
2015-04-16,28.0050048828125,28.211430050962143,27.99168767629939,28.02942089037939,113476000
2015-04-17,27.68981170654297,27.998339332768015,27.6254424019684,27.86738231870997,207828000
2015-04-20,28.322399139404297,28.437818831035905,27.783030492264217,27.871815782293908,188217200
2015-04-21,28.169252395629883,28.455582435951143,28.11598019392641,28.43338822539975,129740400
2015-04-22,28.548803329467773,28.604293930488744,28.038290816138105,28.187005220449002,150618000
2015-04-23,28.781871795654297,28.948343640734574,28.442269502640794,28.477784309108728,183083600
2015-04-24,28.917266845703125,28.994955055618846,28.68420560283406,28.963880449028178,178103600
2015-04-27,29.44331932067871,29.549863741320916,29.110375626648217,29.367852896215947,387816800
2015-04-28,28.97941017150879,29.862819568153768,28.759669564858843,29.845065556747187,475696000
2015-04-29,28.553245544433594,29.208034005395504,28.477779134560613,28.890629370817987,253544400
2015-04-30,27.77860450744629,28.553253082815576,27.65208596250953,28.553253082815576,332781600
2015-05-01,28.622060775756836,28.883978260196198,27.811899088213334,27.989468054022616,234050400
2015-05-04,28.566560745239258,28.98163274420011,28.468896745483764,28.744131345987658,203953200
2015-05-05,27.92287826538086,28.511077432157443,27.918438067835837,28.444488016495587,197085600
2015-05-06,27.747520446777344,28.13373455346682,27.38128214348825,28.091561155036572,288564000
2015-05-07,27.919147491455078,28.10191686741155,27.642763205462412,27.80993037983159,175763600
2015-05-08,28.445167541503906,28.445167541503906,28.108603814590378,28.235650801496316,222201600
2015-05-11,28.155410766601562,28.4317933607156,28.00161641721362,28.393902541464577,168143200
2015-05-12,28.05512046813965,28.280237787144483,27.821085658683987,27.994939311187938,192640000
2015-05-13,28.08631706237793,28.349326840514745,28.05511265654073,28.11752146821513,138776800
2015-05-14,28.74161148071289,28.74161148071289,28.342640617582404,28.39836301417201,180814000
2015-05-15,28.701496124267578,28.861976916065597,28.576678486430353,28.76836368768768,152832000
2015-05-18,29.017993927001953,29.136125128096882,28.61010560206051,28.614564345788143,203531600
2015-05-19,28.991247177124023,29.171787179520763,28.89540289621937,29.1294376182623,178532800
2015-05-20,28.989013671875,29.194071645104938,28.82853292742991,28.975640843342003,145819600
2015-05-21,29.285465240478516,29.338959970368393,28.937757998758048,28.991252728647922,158921600
2015-05-22,29.541786193847656,29.63763049072573,29.287692184974375,29.3322728259551,182384000
2015-05-26,28.890947341918945,29.624255991868104,28.779502547789,29.555160763671573,282790400
2015-05-27,29.43034553527832,29.479381526437795,28.986797343916543,29.05143384079446,183332800
2015-05-28,29.372377395629883,29.41026820167846,29.220814171435585,29.390208963362824,122933200
2015-05-29,29.038057327270508,29.298837755739736,28.953358189450856,29.249801770794196,203538000
2015-06-01,29.096012115478516,29.285469669930134,28.986798368511394,29.038062033435267,128451200
2015-06-02,28.966733932495117,29.122755972398,28.824084724437427,28.944443612069538,134670400
2015-06-03,29.002391815185547,29.185162908028698,28.953355834228855,29.122754096088396,123934000
2015-06-04,28.83299446105957,29.10492000429588,28.732694836330577,28.882030437775946,153800400
2015-06-05,28.674747467041016,28.906554570065015,28.610110975463048,28.864204999261077,142507200
2015-06-08,28.48529052734375,28.799565668194397,28.26908735110113,28.730467037838547,210699200
2015-06-09,28.400592803955078,28.54770075816988,27.99939253889353,28.240112017725373,224301600
2015-06-10,28.72600746154785,28.828534754147174,28.496429787273126,28.51203198838768,156349200
2015-06-11,28.661367416381836,29.01576099697763,28.636849428987016,28.792871439215535,141563600
2015-06-12,28.344871520996094,28.603424286898427,28.33149868845383,28.572219877291285,147544800
2015-06-15,28.289142608642578,28.360467199977307,28.019446444517126,28.106373237065313,175955600
2015-06-16,28.44071388244629,28.496436284919938,28.166560614563103,28.31366687282689,125976400
2015-06-17,28.373849868774414,28.503124558547782,28.24903052275088,28.467463102907402,131672400
2015-06-18,28.50311851501465,28.598961101213874,28.35601227835567,28.358241650270774,141628800
2015-06-19,28.217817306518555,28.489742835542692,28.17324007574937,28.465224848465933,218867600
2015-06-22,28.442935943603516,28.543235562069555,28.32480475280634,28.416188585106813,136157200
2015-06-23,28.31366539001465,28.44294176510625,28.280231610178866,28.413966729522002,121075600
2015-06-24,28.55438995361328,28.9310739634842,28.3337297013251,28.35378895129999,221123600
2015-06-25,28.418424606323242,28.79733625420246,28.418424606323242,28.72155460483171,127752400
2015-06-26,28.25126075744629,28.52764342401851,28.19776772209652,28.456318810047843,176267200
2015-06-29,27.756441116333008,28.18884747671424,27.745297656841196,27.963728508622573,196645600
2015-06-30,27.957042694091797,28.11083706279536,27.82999568966663,27.988247102160244,177482800
2015-07-01,28.217817306518555,28.29360063944099,28.081854542006486,28.284684853184682,120955200
2015-07-02,28.182159423828125,28.237881819588296,28.032822110801316,28.1799300518542,108844000
2015-07-06,28.084091186523438,28.1353565456451,27.827767791940705,27.847828741340585,112241600
2015-07-07,28.014995574951172,28.117524591306235,27.587046232126976,28.059572816666325,187787200
2015-07-08,27.319583892822266,27.780965392876677,27.312897475511964,27.74530393371738,243046400
2015-07-09,26.76235580444336,27.651684885484176,26.572899973215907,27.604878270746532,314380000
2015-07-10,27.477834701538086,27.604881729031547,27.016453212165732,27.17916339850585,245418000
2015-07-13,28.008310317993164,28.030598939773252,27.70963734449888,27.867888769804207,165762000
2015-07-14,27.99716567993164,28.16656226954835,27.870118662847325,28.093008285838255,127072400
2015-07-15,28.26685333251953,28.340407293884716,27.99047076011647,28.021675161814606,134596800
2015-07-16,28.643539428710938,28.656915660711643,28.384988393612666,28.471915195978795,144889600
2015-07-17,28.890947341918945,28.890947341918945,28.59896252546252,28.770588460709696,184658800
2015-07-20,29.43703269958496,29.6376319900446,29.131671618341215,29.191852765889337,235600800
2015-07-21,29.14281463623047,29.626484650750797,29.046973742576704,29.610884147585793,307025600
2015-07-22,27.910240173339844,27.972648998625225,27.19030590905391,27.19030590905391,461802400
2015-07-23,27.896860122680664,28.32703537147196,27.87456980469121,28.128663785055895,203998000
2015-07-24,27.749753952026367,28.026136567453218,27.61602053814322,27.93252334778628,168649200
2015-07-27,27.364151000976562,27.55137911884512,27.219274144908685,27.435475593375916,177822000
2015-07-28,27.5001163482666,27.618249256588875,27.31511928535405,27.5001163482666,134472400
2015-07-29,27.41319465637207,27.526868841903298,27.252713853389842,27.448857812818297,148046800
2015-07-30,27.275007247924805,27.319584497989638,27.127899261787306,27.263862085152052,134513200
2015-07-31,27.0365047454834,27.335175944468048,26.949577951718467,27.32626015786236,171540000
2015-08-03,26.399045944213867,27.3195794210381,26.193986210689026,27.081087606434046,279904000
2015-08-04,25.552059173583984,26.23410068705655,25.242242819391386,26.171691881969178,496554400
2015-08-05,25.721458435058594,26.17615339227184,24.985922124755167,25.175377931799204,397250400
2015-08-06,25.77743148803711,26.084173021789667,25.55129525226573,25.965507100240163,211612000
2015-08-07,25.864757537841797,26.02820421701058,25.636381787937303,25.654294080379678,154681600
2015-08-10,26.805118560791016,26.865570381327405,26.090882069150215,26.090882069150215,219806400
2015-08-11,25.410242080688477,26.460326666452644,25.37441920642854,26.377483600648247,388331200
2015-08-12,25.802064895629883,25.842366697447588,24.545994065223155,25.195300113081718,404870000
2015-08-13,25.781906127929688,26.06177918249208,25.645327940646474,25.981175606121347,194143200
2015-08-14,25.963272094726562,26.041636234844617,25.526670665347304,25.596078659707562,171718000
2015-08-17,26.231945037841797,26.34165480763774,25.860272765172244,25.98117814152705,163538800
2015-08-18,26.08417320251465,26.29463832262132,25.97446342442515,26.068500377073292,138242800
2015-08-19,25.750564575195312,26.088650048930123,25.676677667077175,25.994613097621496,193146000
2015-08-20,25.222164154052734,25.602790887378635,24.99378674748932,25.54233904929411,274006400
2015-08-21,23.67950439453125,25.054240964055126,23.654875424376108,24.72510991580904,513102000
2015-08-24,23.088417053222656,24.360160773309758,20.598664782007,21.2412541787492,648825200
2015-08-25,23.227231979370117,24.877364686219156,23.173496812885453,24.877364686219156,414406400
2015-08-26,24.559429168701172,24.604208189350153,23.520540174111535,23.977291651003583,387098400
2015-08-27,25.282621383666992,25.354268844332243,24.633315310519915,25.128132560857356,338464400
2015-08-28,25.365459442138672,25.369936660203646,24.97363709537357,25.114692525253453,212657600
2015-08-31,25.246789932250977,25.64308944077971,25.07662663038893,25.0833433106371,224917200
2015-09-01,24.118345260620117,25.0497620770223,24.037741668751384,24.662418651629118,307383600
2015-09-02,25.152753829956055,25.152753829956055,24.434039931094258,24.68032961985265,247555200
2015-09-03,24.71167755126953,25.251272036892868,24.637790637820085,25.18634126824426,212935600
2015-09-04,24.46538543701172,24.729585703954335,24.295223827137335,24.398216919917026,199985200
2015-09-08,25.146045684814453,25.202020322494626,24.700488047179167,25.02066304303818,219374400
2015-09-09,24.662412643432617,25.528898482615503,24.577330145959937,25.47068612016622,340043200
2015-09-10,25.20425033569336,25.363218042113143,24.60644183939437,24.68928317884413,251571200
2015-09-11,25.57144546508789,25.57144546508789,25.022894866595465,25.02961154775262,199662000
2015-09-14,25.81773567199707,26.171495714483527,25.716982029564473,26.10208772561707,233453600
2015-09-15,26.0349178314209,26.090892457549067,25.61846647637051,25.956553696483464,173364800
2015-09-16,26.064027786254883,26.09313397918189,25.846845946432154,26.02820320276611,148694000
2015-09-17,25.506515502929688,26.08193455236949,25.461736488332857,25.89610010440373,256450400
2015-09-18,25.401283264160156,25.5915983491532,25.047524944621284,25.123649612050556,297141200
2015-09-21,25.795337677001953,25.831162245411523,25.448296138633808,25.450533893002323,200888000
2015-09-22,25.390087127685547,25.56472766295323,25.193055378596025,25.385608201637265,201384800
2015-09-23,25.59607696533203,25.68563670877131,25.3677012423614,25.44158645060453,143026800
2015-09-24,25.748329162597656,25.86027841982634,25.159476684530407,25.356506762297254,200878000
2015-09-25,25.683393478393555,26.126713203879884,25.528902986325477,26.0707385859665,224607600
2015-09-28,25.17514419555664,25.652047315679575,25.17514419555664,25.49084014600147,208436000
2015-09-29,24.418367385864258,25.4147166346998,24.149689896408503,25.26246560181892,293461600
2015-09-30,24.696006774902344,24.973640453934493,24.344486176287496,24.666898874830924,265892000
2015-10-01,24.5347900390625,24.543746181127062,24.026539653207696,24.420601363001158,255716400
2015-10-02,24.71391487121582,24.854972014083216,24.080283438653904,24.18327653973538,232079200
2015-10-05,24.803470611572266,24.935571588504242,24.420604457890203,24.60196166010548,208258800
2015-10-06,24.922138214111328,25.018414624790967,24.577334364426335,24.769887185785613,192787200
2015-10-07,24.803470611572266,25.025129604080902,24.49673082098194,25.018412923733617,187062400
2015-10-08,24.51688003540039,24.671370511017653,24.228050832737917,24.671370511017653,247918400
2015-10-09,25.10349464416504,25.139317507632345,24.514640631745525,24.62882931870366,211064400
2015-10-12,24.98707389831543,25.244557531856653,24.95125102423349,25.2400803131752,121868800
2015-10-13,25.02960777282715,25.177379860627354,24.78108035823582,24.81242600438161,132197200
2015-10-14,24.67584800720215,24.96915443052304,24.530313672837952,24.91765874354177,177849600
2015-10-15,25.045291900634766,25.099027074252138,24.738550272656955,24.83706618113078,150694000
2015-10-16,24.861696243286133,25.07663865534671,24.747507499681614,25.027380698960037,156930400
2015-10-19,25.01618003845215,25.020657256818605,24.65346385520979,24.80795436610727,119036800
2015-10-20,25.472932815551758,25.562492561490735,24.812432892145672,24.928859366119294,195871200
2015-10-21,25.47068977355957,25.878184910201075,25.45725470412081,25.52442492668545,167180800
2015-10-22,25.860273361206055,25.860273361206055,25.546815160640392,25.598312560504443,166616400
2015-10-23,26.661832809448242,26.695417924855107,26.046111957092148,26.128953305791157,237467600
2015-10-26,25.81101417541504,26.449124444276887,25.730410593220945,26.437930546211405,265335200
2015-10-27,25.647571563720703,26.093129060560045,25.522187253355433,25.837884930052294,279537600
2015-10-28,26.704370498657227,26.71108888783793,25.9856565952047,26.1804488844097,342205600
2015-10-29,26.986486434936523,27.022311015545384,26.480475337201515,26.576751762325298,204909200
2015-10-30,26.755876541137695,27.140982317804966,26.74468093043048,27.089484900046283,197461200
2015-11-02,27.13201904296875,27.172320839432444,26.7804984825615,27.046938231860914,128813200
2015-11-03,27.443239212036133,27.64922542308177,27.024548400015334,27.04470015338393,182076000
2015-11-04,27.31562042236328,27.7231156750898,27.230539596659135,27.568625144106544,179544400
2015-11-05,27.189697265625,27.5876949587761,27.023303631835894,27.398814261469962,158210800
2015-11-06,27.22117042541504,27.389813067334636,27.12223457537694,27.232413954418345,132169200
2015-11-09,27.11099624633789,27.38981832077774,26.994071413676664,27.19869029971431,135485600
2015-11-10,26.25653839111328,26.548853035442512,26.09689020446397,26.285770884859364,236511600
2015-11-11,26.108135223388672,26.402697218240867,25.905763666973336,26.166598498691332,180872000
2015-11-12,26.02043914794922,26.26778137968767,26.00469923453464,26.141862072371055,130102400
2015-11-13,25.260419845581055,25.986708287440823,25.244679933368456,25.903510628304637,183249600
2015-11-16,25.674152374267578,25.687643234814985,24.959107601390663,25.044552577393294,152426800
2015-11-17,25.56397819519043,25.869783676779644,25.48078053539041,25.84055118563602,110467600
2015-11-18,26.373464584350586,26.418435275716188,25.970970549197364,26.029433820390178,186698800
2015-11-19,26.70849609375,26.926607510489614,26.254286016252248,26.45215942462882,173183200
2015-11-20,26.825437545776367,26.964847771001455,26.724250878685755,26.802950476074525,137148400
2015-11-23,26.476896286010742,26.922113640808906,26.384704146405184,26.818677971561094,129930000
2015-11-24,26.730985641479492,26.83666865100473,26.3352387624564,26.382458502037952,171212800
2015-11-25,26.539865493774414,26.809694862678704,26.515131092070128,26.80519676299299,85553200
2015-11-27,26.490388870239258,26.625304372624704,26.443169130613104,26.59832092904324,52185600
2015-11-30,26.600570678710938,26.850161962966027,26.47689870344151,26.53086387650366,156721200
2015-12-01,26.384708404541016,26.715248329315557,26.27677805085262,26.701757463985018,139409600
2015-12-02,26.146360397338867,26.557848941412235,26.10138970296319,26.38470816546962,133546400
2015-12-03,25.903514862060547,26.26103823435552,25.683156055067965,26.207073057309465,166278000
2015-12-04,26.764720916748047,26.81418971733487,25.883282136088045,25.92375645333888,231108000
2015-12-07,26.59607696533203,26.951351320571973,26.490393935499192,26.753477843037903,128336800
2015-12-08,26.584827423095703,26.668023363707515,26.276772906027855,26.425177542173227,137238000
2015-12-09,25.997957229614258,26.463410976828822,25.876534289185834,26.452167444826845,185445600
2015-12-10,26.121623992919922,26.294764755553963,25.97321934046978,26.092393215374774,116850800
2015-12-11,25.449298858642578,25.9462323011803,25.375095684939055,25.901261616493006,187544800
2015-12-14,25.291898727416992,25.336869410291904,24.687033264276362,25.224440987583034,257274800
2015-12-15,24.844444274902344,25.36386500326973,24.812964438700977,25.170487886305665,213292400
2015-12-16,25.035572052001953,25.18172941297103,24.464436907236923,24.974861430180358,224954000
2015-12-17,24.504899978637695,25.240181114630843,24.504899978637695,25.188463284911673,179091200
2015-12-18,23.84157943725586,24.626329623645198,23.792110639367774,24.489168477940314,385813200
2015-12-21,24.133886337280273,24.142880817223016,23.738137797407738,24.122642808471436,190362400
2015-12-22,24.111404418945312,24.221583811726266,23.936014608439336,24.149629677488637,131157600
2015-12-23,24.42170524597168,24.4756704154377,24.104656229874962,24.120396142449295,130629600
2015-12-24,24.29128074645996,24.509392125176593,24.273291790055822,24.509392125176593,54281600
2015-12-28,24.01921272277832,24.214838833050326,23.87530445160877,24.19235177181853,106816800
2015-12-29,24.45094108581543,24.60609291012418,24.028210692327598,24.050696041301666,123724800
2015-12-30,24.131633758544922,24.44193555133263,24.100153941110868,24.414953830972806,100855200
2015-12-31,23.668434143066406,24.066430040175042,23.569496573278652,24.06193365769457,163649200
2016-01-04,23.688671112060547,23.693169210190845,22.935400934284008,23.072563763387645,270597600
2016-01-05,23.09505271911621,23.80110327006872,23.027596676308974,23.778617922466307,223164000
2016-01-06,22.643085479736328,23.018597745768474,22.456455586733096,22.611605656072086,273829600
2016-01-07,21.68744659423828,22.514920027214217,21.68295021121818,22.188878219315704,324377600
2016-01-08,21.802125930786133,22.28556863356253,21.7571552346999,22.159649312103408,283192000
2016-01-11,22.1551456451416,22.274319503789176,21.887565438767243,22.25408321029279,198957600
2016-01-12,22.47669792175293,22.640844231136107,22.224857549233676,22.609364399011472,196616800
2016-01-13,21.89881134033203,22.753268167980142,21.878575044643163,22.557642065378527,249758400
2016-01-14,22.377761840820312,22.593626012174315,21.527802884882284,22.02698556453409,252680400
2016-01-15,21.840349197387695,21.97076660584606,21.442353255290477,21.631232220212024,319335600
2016-01-19,21.73466682434082,22.18213153478481,21.473832020329265,22.128166363980363,212350800
2016-01-20,21.763893127441406,22.0786930375486,21.00612498071098,21.383884529735315,289337600
2016-01-21,21.653722763061523,22.008995404035435,21.347917205004382,21.824612792458826,208646000
2016-01-22,22.804983139038086,22.813977619619987,22.119170721005172,22.1776322715049,263202000
2016-01-25,22.359764099121094,22.829714058251447,22.308046272524383,22.827465009567725,207178000
2016-01-26,22.48343849182129,22.683560973693744,22.051713702760832,22.469947628263718,300308000
2016-01-27,21.006122589111328,21.727912736842057,20.988133632748376,21.59524804358822,533478800
2016-01-28,21.156780242919922,21.2534687572687,20.774524283227525,21.08932421707389,222715200
2016-01-29,21.8875675201416,21.8875675201416,21.21524594021095,21.314183514770498,257666000
2016-02-01,21.682950973510742,21.74591063113724,21.45134864058955,21.6919454553891,163774000
2016-02-02,21.244482040405273,21.595258278117893,21.19950962818435,21.455846373516206,149428800
2016-02-03,21.664955139160156,21.775134505065417,21.154530891968424,21.361398763000754,183857200
2016-02-04,21.83904266357422,22.004079668837694,21.520274920299574,21.671746129691293,185886800
2016-02-05,21.255756378173828,21.911379949023637,21.181152287478877,21.820948814280484,185672400
2016-02-08,21.47957992553711,21.635571909323836,21.034207883414375,21.054553988974455,216085600
2016-02-09,21.475055694580078,21.689829898955924,21.235414604793277,21.31680247016064,177324800
2016-02-10,21.31228256225586,21.78252323619257,21.27384987804408,21.685310036530954,169374400
2016-02-11,21.18341636657715,21.414015895957743,20.93247073304399,21.20376419556052,200298800
2016-02-12,21.248981475830078,21.36428125444165,21.02742693243012,21.294197920790996,161405600
2016-02-16,21.848081588745117,21.89555755273619,21.38914554533407,21.48183622031741,196231600
2016-02-17,22.182682037353516,22.203028145099864,21.737309947373852,21.854869261180895,179452800
2016-02-18,21.762176513671875,22.35675851231295,21.723742105717225,22.345453970297296,156084000
2016-02-19,21.712434768676758,21.875210480764,21.65817677292454,21.70339148191296,141496800
2016-02-22,21.902339935302734,21.906862441372297,21.685306214392327,21.77347610961122,137123200
2016-02-23,21.407236099243164,21.816435001733918,21.37558545069863,21.793827642035104,127770400
2016-02-24,21.725997924804688,21.789299204664644,21.097504182151525,21.246715820247577,145022800
2016-02-25,21.875215530395508,21.875215530395508,21.53383870678927,21.714701034154015,110330800
2016-02-26,21.909120559692383,22.160064416066504,21.83451474369525,21.974681364844525,115964400
2016-02-29,21.859386444091797,22.207545243210323,21.85034315679682,21.897819121472434,140865200
2016-03-01,22.727521896362305,22.78177989666207,22.024422246230593,22.076420718272963,201628400
2016-03-02,22.777259826660156,22.808910471559376,22.526314195794363,22.723001824665893,132678400
2016-03-03,22.946823120117188,22.994299098903202,22.709441501355908,22.738832625007632,147822800
2016-03-04,23.288188934326172,23.45548540753342,22.917422845147737,23.14349981293119,184220400
2016-03-07,23.03046226501465,23.24749595592753,22.824731388052065,23.148021534114374,143315600
2016-03-08,22.840559005737305,23.00559597445837,22.69813111685274,22.784039755807306,126247600
2016-03-09,22.860910415649414,22.964905644840265,22.66874355590432,22.90386387944355,108806800
2016-03-10,22.87220573425293,23.114108013570352,22.64160799291954,22.926465446779883,134054400
2016-03-11,23.118635177612305,23.123155958818757,22.946816169645622,23.114112671575178,109632800
2016-03-14,23.17740821838379,23.265579815968454,23.010111757879287,23.039502865350926,100304400
2016-03-15,23.643136978149414,23.778782855582488,23.478099981971386,23.50296859406439,160270800
2016-03-16,23.957378387451172,24.03424373446791,23.645391044116028,23.649913549723195,153214000
2016-03-17,23.918949127197266,24.070420314872738,23.72904353569829,23.8556461134771,137682800
2016-03-18,23.946075439453125,24.07720051348592,23.781040195265838,24.041027365546956,176820800
2016-03-21,23.94382095336914,24.337194533472676,23.769740660709026,23.948341735398174,142010800
2016-03-22,24.12694549560547,24.25580935816386,23.785568632577355,23.794611922473,129777600
2016-03-23,23.993549346923828,24.206062260782247,23.941552607254522,24.072677670053565,102814000
2016-03-24,23.889556884765625,24.020681962615026,23.7132170955071,23.8443421733565,104532000
2016-03-28,23.78104591369629,24.007122968185787,23.751654792720785,23.96416777588685,77645600
2016-03-29,24.343969345092773,24.368837950950414,23.710953109348186,23.713214362107195,124760400
2016-03-30,24.768991470336914,24.96341779615798,24.551957793222076,24.563262331284133,182404400
2016-03-31,24.64012908935547,24.845859965083974,24.615260484051355,24.805166040480007,103553600
2016-04-01,24.866214752197266,24.868476005695932,24.461536617488488,24.592661723114336,103496000
2016-04-04,25.121688842773438,25.36359127915601,24.92952192125458,24.96343383239505,149424800
2016-04-05,24.825511932373047,25.03350405906762,24.737342050608234,24.75768987515496,106314800
2016-04-06,25.085506439208984,25.090028945605624,24.68761039301472,24.92047117717879,105616400
2016-04-07,24.538394927978516,24.963419017519364,24.44344301300084,24.857162563926547,127207600
2016-04-08,24.565521240234375,24.816465057933872,24.454742297251965,24.622040475491865,94326800
2016-04-11,24.64690589904785,25.00636911100423,24.6039524556691,24.635603087560845,117630000
2016-04-12,24.967947006225586,24.981511075678288,24.565530180707952,24.719260900720705,108929200
2016-04-13,25.32967185974121,25.397493937086743,25.049336812084945,25.049336812084945,133029200
2016-04-14,25.343233108520508,25.408795650036424,25.16915456540157,25.234717106917486,101895600
2016-04-15,24.834556579589844,25.388446230465966,24.80742844514777,25.345491051158653,187756000
2016-04-18,24.298755645751953,24.631087372216538,24.176673864164115,24.617523304761406,243286000
2016-04-19,24.169897079467773,24.416320224181874,24.016164623877835,24.389190358549207,129539600
2016-04-20,24.219636917114258,24.43667070655504,23.97773451093046,24.108859631060692,122444000
2016-04-21,23.957378387451172,24.17441208617142,23.85564270925603,24.17441208617142,126210000
2016-04-22,23.891815185546875,24.072677458496123,23.65217413999502,23.7403440237294,134732400
2016-04-25,23.756168365478516,23.885032169081093,23.62730456187594,23.738081793961914,112126400
2016-04-26,23.59113883972168,23.805913063172742,23.49166611475082,23.49166611475082,224064800
2016-04-27,22.114852905273438,22.31606130487743,21.63104824500871,21.703392818744632,458408400
2016-04-28,21.438880920410156,22.128414690369752,21.307755855035232,22.067374663291364,328970800
2016-04-29,21.192461013793945,21.414017269485193,20.91438722355462,21.248980273172936,274126000
2016-05-02,21.169851303100586,21.269325740502186,20.889516290677836,21.244457131151787,192640400
2016-05-03,21.518007278442383,21.644609836785463,21.178891804454427,21.2964510765115,227325200
2016-05-04,21.294198989868164,21.68079055833006,21.210549856114113,21.522535580268162,164102000
2016-05-05,21.207763671875,21.396550491732608,21.080390268275877,21.38062881628272,143562000
2016-05-06,21.089487075805664,21.25552714546316,20.89160192224227,21.237332185801375,174799600
2016-05-09,21.105411529541016,21.32831499891088,21.059919786064714,21.1531765586917,131745600
2016-05-10,21.248699188232422,21.28281755007838,20.950735747797133,21.22822921232403,134747200
2016-05-11,21.041725158691406,21.282825329286673,21.030351788808286,21.26235534589618,114876400
2016-05-12,20.54815101623535,21.103138183364223,20.35026755623948,21.089491526904567,305258800
2016-05-13,20.58908462524414,20.850656428310423,20.47080959999029,20.47080959999029,177571200
2016-05-16,21.35333251953125,21.469334282624654,20.846112220421773,21.014427313211556,245039200
2016-05-17,21.26462745666504,21.539845986370324,21.155450747282906,21.505729349271224,187667600
2016-05-18,21.507997512817383,21.655842601257323,21.355604118958222,21.417017521776273,168249600
2016-05-19,21.42612075805664,21.52620086154741,21.28282566605792,21.52620086154741,121768400
2016-05-20,21.65812110900879,21.70588613259609,21.49890262838541,21.526197671292028,128104000
2016-05-23,21.93333625793457,22.106201365867136,21.760471150002004,21.805962881211684,152074400
2016-05-24,22.2676944732666,22.31090945140186,22.026592621394197,22.113026048329143,140560800
2016-05-25,22.658920288085938,22.686213599874208,22.315464986978153,22.442838402877136,152675200
2016-05-26,22.838603973388672,22.91138901506927,22.436010355864525,22.672562175159538,225324800
2016-05-27,22.8249568939209,22.85225193686595,22.574758407254578,22.617975124751148,145364800
2016-05-31,22.713502883911133,22.83632796179195,22.47695107488128,22.65436449782062,169228800
2016-06-01,22.39506721496582,22.64071736552092,22.365498890213363,22.522440595846764,116693200
2016-06-02,22.226755142211914,22.2540484501803,21.978829937727227,22.199460098911132,160766400
2016-06-03,22.272241592407227,22.351849953501652,22.16533819236666,22.24267326838133,114019600
2016-06-06,22.433732986450195,23.17523171397771,22.18808458108011,22.28816291833011,93170000
2016-06-07,22.52471923828125,22.715781075657503,22.50879756311093,22.574759284625802,89638000
2016-06-08,22.504247665405273,22.645267711132405,22.44510927524069,22.522442624790106,83392400
2016-06-09,22.665735244750977,22.743068580032585,22.395065100601336,22.40416344628129,106405600
2016-06-10,22.479225158691406,22.597500190611726,22.39961679727079,22.41098842871252,126851600
2016-06-13,22.14031982421875,22.545188456438392,22.08573147758946,22.44738339542261,152082000
2016-06-14,22.167612075805664,22.39961555661814,22.00612034148782,22.135768733001132,127727600
2016-06-15,22.09482765197754,22.383694500789666,22.069807634038472,22.24949606499538,117780800
2016-06-16,22.188087463378906,22.233577464826187,21.851455552539154,21.937887249421912,125307200
2016-06-17,21.683143615722656,21.983382180768608,21.67632028804725,21.9765588530932,244032800
2016-06-20,21.63082504272461,21.96518192734931,21.61490336894878,21.835533516508335,137647600
2016-06-21,21.815059661865234,21.91513799268005,21.535291174833038,21.594429553495416,142185600
2016-06-22,21.733179092407227,22.037965899988716,21.68768735858985,21.892395822437525,116876400
2016-06-23,21.858272552490234,21.901489256088983,21.664937499300375,21.821880908932197,128960800
2016-06-24,21.24415397644043,21.530745828211515,21.073563877703485,21.132702264491982,301245600
2016-06-27,20.934818267822266,21.164546765885873,20.811993181788228,21.15317339788312,181958400
2016-06-28,21.287372589111328,21.303296000297614,20.957565702712195,21.130430851504904,161779600
2016-06-29,21.471603393554688,21.505721753936463,21.296463286749802,21.37379835263728,146124000
2016-06-30,21.744548797607422,21.783215466426835,21.44886036298996,21.480703706174424,143345600
2016-07-01,21.810514450073242,21.942437887322246,21.683141054292065,21.719532709372814,104106000
2016-07-05,21.605806350708008,21.699063113797113,21.485256279657133,21.696788093022835,110820800
2016-07-06,21.7286376953125,21.75820776789023,21.464792475539262,21.51710582107496,123796400
2016-07-07,21.82188606262207,21.949259448154788,21.749101022984483,21.767295981394707,100558400
2016-07-08,21.990205764770508,22.037970794387704,21.846910675918924,21.94698904187908,115648400
2016-07-11,22.058441162109375,22.210834590412393,22.001577787190417,22.006126093637636,95179600
2016-07-12,22.158517837524414,22.222204534939202,22.09028283400815,22.101654466928018,96670000
2016-07-13,22.033414840698242,22.215376547230882,22.026589779979425,22.15623990365707,103568800
2016-07-14,22.470134735107422,22.515624747577967,22.13577776391744,22.151699441815403,155676000
2016-07-15,22.46785545349121,22.586132240019165,22.404168753975735,22.49969880324895,120548000
2016-07-18,22.70667839050293,22.77491338448554,22.426909882711097,22.4496548807053,145975600
2016-07-19,22.715774536132812,22.74534285712758,22.595222761311202,22.645262793249994,95119600
2016-07-20,22.736248016357422,22.849974748173135,22.686207976705354,22.745346363142545,105104000
2016-07-21,22.615694046020508,22.972795852733885,22.547457324602394,22.706675762800685,130808000
2016-07-22,22.4405574798584,22.586127544295724,22.360947386682817,22.577029198351884,113254800
2016-07-25,22.14031982421875,22.48150002748326,22.044789783784427,22.347303313825364,161531600
2016-07-26,21.987930297851562,22.283620553675192,21.93106692060337,22.02204867126699,224959200
2016-07-27,23.416332244873047,23.734767425495647,23.370842248497873,23.716570732812727,369379200
2016-07-28,23.73249626159668,23.757516284268405,23.3867677211011,23.389042741889188,159479200
2016-07-29,23.70292854309082,23.780263633885653,23.5823784682039,23.698380236729925,110934800
2016-08-01,24.12143898010254,24.144183977954523,23.748415462267246,23.748415462267246,152671600
2016-08-02,23.764339447021484,24.12598963346021,23.655161017241863,24.12144132758002,135266400
2016-08-03,24.06230926513672,24.073680900492946,23.830305691610768,23.839404041095385,120810400
2016-08-04,24.210947036743164,24.240675539017396,24.076021614689463,24.14462799807037,109634800
2016-08-05,24.579130172729492,24.618006307760453,24.281838181325405,24.302419048789062,162213600
2016-08-08,24.782665252685547,24.782665252685547,24.505955817357165,24.5882810486413,112148800
2016-08-09,24.883283615112305,24.91301386456508,24.70033615226784,24.750647271588278,105260800
2016-08-10,24.698047637939453,24.903865050535522,24.643163576158123,24.860414223228336,96034000
2016-08-11,24.682043075561523,24.910728732985522,24.663747804231658,24.816966775969792,109938000
2016-08-12,24.739212036132812,24.798670789690842,24.647737433289596,24.647737433289596,74641600
2016-08-15,25.036510467529297,25.05023105081117,24.716350147996348,24.73007073127822,103472800
2016-08-16,25.013628005981445,25.208012143941268,24.974751876282482,25.07079940073845,135177600
2016-08-17,24.9770450592041,25.011348253023485,24.775800585987955,24.949602155202015,101424000
2016-08-18,24.94502830505371,25.063944061948497,24.931305981184153,24.97933149762833,87938800
2016-08-19,25.00905990600586,25.0845265804378,24.78037428268447,24.87413448098516,101472400
2016-08-22,24.814680099487305,24.949603794044457,24.66374673466097,24.894719727168077,103280800
2016-08-23,24.89243507385254,24.99991761896039,24.81925572852661,24.83297631054609,85030800
2016-08-24,24.70490837097168,24.869562304003725,24.624868749284683,24.828398820745715,94700400
2016-08-25,24.599712371826172,24.670604356571072,24.396182307137458,24.558548889937846,100344800
2016-08-26,24.45564842224121,24.686619714589067,24.31157531987898,24.563130976469107,111065200
2016-08-29,24.428199768066406,24.56998549165305,24.30699665914969,24.382463338384497,99881200
2016-08-30,24.240671157836914,24.35501394631728,24.126328369356553,24.194934740337764,99455600
2016-08-31,24.26354217529297,24.371024688063702,24.15834700708172,24.162921696200687,118649600
2016-09-01,24.407621383666992,24.423629310159114,24.153780160196813,24.272695936319277,106806000
2016-09-02,24.636308670043945,24.698053034948686,24.428203867184916,24.629446634180532,107210000
2016-09-06,24.62944221496582,24.7666549918823,24.585993130693005,24.675180388848958,107521600
2016-09-07,24.780372619628906,24.871847211765008,24.485367975974665,24.65916952655998,169457200
2016-09-08,24.130903244018555,24.531103035721326,24.066871556503333,24.52653009149851,212008000
2016-09-09,23.5843505859375,24.176647329951983,23.5843505859375,23.929666407859465,186228000
2016-09-12,24.11261749267578,24.176649200825196,23.44714135855181,23.47458426693007,181171200
2016-09-13,24.686616897583008,24.878713763901224,24.524250284414737,24.585996391162194,248704800
2016-09-14,25.560192108154297,25.848336490600545,24.835259079485677,24.864989328027217,443554800
2016-09-15,26.429201126098633,26.465791668436328,25.953534544107114,26.038148864713218,359934400
2016-09-16,26.28055191040039,26.557261310484716,26.0793091861753,26.326290082769418,319547600
2016-09-19,25.974117279052734,26.56869963689273,25.89865059368618,26.342301325526172,188092000
2016-09-20,25.971826553344727,26.097604345917137,25.729420347368304,25.852910795148613,138057200
2016-09-21,25.967256546020508,26.06787704672819,25.713415332100855,26.035861194948506,144012800
2016-09-22,26.21194839477539,26.285127728976082,26.070162671440883,26.150202295608366,124296000
2016-09-23,25.775156021118164,26.25082252945932,25.509881609176286,26.166208221954566,209924800
2016-09-26,25.814029693603516,25.93065983719661,25.50987917403096,25.530460040394807,119477600
2016-09-27,25.86205291748047,25.882635528145318,25.69053872244807,25.841472051548237,98429600
2016-09-28,26.05872917175293,26.216522828883264,25.939813401197508,25.999272158841745,118564400
2016-09-29,25.653961181640625,26.024432633431566,25.567061246163757,25.878073929084536,143548000
2016-09-30,25.852909088134766,25.92608841405423,25.56705207364735,25.71798367003567,145516400
2016-10-03,25.73171043395996,25.852915302814093,25.676826362510184,25.7751612689215,86807200
2016-10-04,25.841476440429688,26.141054060318368,25.75686212840585,25.855197020048127,118947200
2016-10-05,25.852909088134766,25.992407450783244,25.77058212838377,25.93294870324469,85812400
2016-10-06,26.045001983642578,26.14790980234844,25.871200444861515,26.00155116276416,115117200
2016-10-07,26.083879470825195,26.19822227298695,25.958103435286883,26.141050871906074,97433600
2016-10-10,26.538970947265625,26.6990502077917,26.234818607533,26.303423257158567,144944000
2016-10-11,26.596141815185547,27.142700379565017,26.57327185437994,26.91630032966746,256164000
2016-10-12,26.83397674560547,26.980337185370352,26.69905303242109,26.83626409092157,150347200
2016-10-13,26.75164794921875,26.856843138239455,26.46350354336801,26.708197117656685,140769600
2016-10-14,26.900285720825195,27.023776150616655,26.785942924136727,26.95745711916943,142608800
2016-10-17,26.881999969482422,26.948317275365774,26.70591103463414,26.831688845240055,94499600
2016-10-18,26.86370277404785,27.032929661416194,26.859128084135385,27.02606937128049,98214000
2016-10-19,26.783662796020508,26.930021466102616,26.024426540694705,26.813391301128977,80138400
2016-10-20,26.769947052001953,26.84312640503255,26.603007470744686,26.724210610632856,96503200
2016-10-21,26.664752960205078,26.73564671545606,26.59157360410309,26.71277674907824,92770800
2016-10-24,26.90486717224121,26.92544804334645,26.756221150237725,26.779089366376784,94154800
2016-10-25,27.04207420349121,27.067229760933547,26.827109165250445,26.97346782051524,192516000
2016-10-26,26.433767318725586,26.458922873973215,25.91236443674318,26.141050033734246,264536800
2016-10-27,26.179933547973633,26.495519111665708,26.093031885777496,26.388036578780813,138248000
2016-10-28,26.006132125854492,26.346873252274538,25.944386023948137,26.040435321943242,151446800
2016-10-31,25.964967727661133,26.122761377288192,25.887213702941654,25.99012328759394,105677600
2016-11-01,25.49616241455078,26.01756541298802,25.276624401773685,25.94667342040158,175303200
2016-11-02,25.51903533935547,25.69283695248327,25.43671009601425,25.475586244623532,113326800
2016-11-03,25.245492935180664,25.620163639537257,25.18113249553074,25.50983195833466,107730400
2016-11-04,25.01793098449707,25.342034030192046,24.850134371624602,24.946675032758666,123348000
2016-11-07,25.378820419311523,25.40180604772153,25.160452565188898,25.302966267236577,130240000
2016-11-08,25.52822494506836,25.67993323177175,25.215615524307584,25.355830121282235,97016800
2016-11-09,25.48684310913086,25.587981939123118,24.836341485717092,25.25698340728689,236705600
2016-11-10,24.776582717895508,25.535118842363453,24.326057817339162,25.535118842363453,228538000
2016-11-11,24.92369842529297,25.024837299452674,24.491562628440704,24.622582645560723,136575600
2016-11-14,24.298477172851562,24.781182360897954,23.92380636217132,24.758196733598787,204702000
2016-11-15,24.620275497436523,24.75129547166917,24.401909458278958,24.496151034422876,129058000
2016-11-16,25.28227996826172,25.3374475852264,24.503055353970133,24.526040984193163,235362000
2016-11-17,25.273082733154297,25.365026998161273,25.015640895563948,25.2409025034555,110528000
2016-11-18,25.298362731933594,25.40869618010387,25.20642023776414,25.220211261151423,113715600
2016-11-21,25.68222999572754,25.741992266573043,25.286870955041636,25.312155667203456,117058400
2016-11-22,25.698322296142578,25.84083422734658,25.60637803987788,25.73279985776237,103862000
2016-11-23,25.567304611206055,25.631665070299782,25.360430454339802,25.597185751873575,109705600
2016-11-25,25.696020126342773,25.714409326128887,25.502937035969804,25.54431185864325,45903600
2016-11-28,25.64545249938965,25.85232662724157,25.604077673819265,25.6132722743561,108776000
2016-11-29,25.620162963867188,25.751182927896465,25.300658108538062,25.463858291543627,114115200
2016-11-30,25.404102325439453,25.79026682920152,25.346637379961116,25.652351310791705,144649200
2016-12-01,25.167341232299805,25.500638891499555,25.06160596742316,25.369618916142567,148347600
2016-12-02,25.261585235595703,25.30525739275054,25.020231812289612,25.09378685736632,106112000
2016-12-05,25.079999923706055,25.29147049357029,24.882320379013997,25.2845749809842,137298000
2016-12-06,25.273082733154297,25.36732608705147,25.09839055870113,25.169646531078318,104782000
2016-12-07,25.521326065063477,25.558104464389725,25.091489483504244,25.114475106237848,119994800
2016-12-08,25.771875381469727,25.84313134162784,25.422487585094927,25.48225161015469,108273200
2016-12-09,26.19251823425293,26.364913049538554,25.815548378456956,25.815548378456956,137610400
2016-12-12,26.043113708496094,26.433874632014717,25.856926094665106,26.04081461966854,105497600
2016-12-13,26.47754669189453,26.645343337012505,26.146548071609143,26.16723460853157,174935200
2016-12-14,26.47754669189453,26.709703790136704,26.42927635205138,26.443067376666335,136127200
2016-12-15,26.622360229492188,26.831533475621246,26.486743798109075,26.5212213629075,186098000
2016-12-16,26.656837463378906,26.77866285931573,26.58328240807606,26.771767346895285,177404400
2016-12-19,26.81084442138672,26.980940166427025,26.60626935883651,26.61776304923679,111117600
2016-12-20,26.882102966308594,27.00852655805679,26.820041591799274,26.833832618647765,85700000
2016-12-21,26.907392501831055,26.985545759910035,26.843032026760966,26.84763020566107,95132800
2016-12-22,26.730392456054688,26.78096188527395,26.580983257095284,26.74418348086327,104343600
2016-12-23,26.783262252807617,26.783262252807617,26.569492575616366,26.569492575616366,56998000
2016-12-27,26.953353881835938,27.077478353160902,26.776360898141007,26.78325640982173,73187600
2016-12-28,26.83842658996582,27.128048630534312,26.709703929355662,27.013118748301817,83623600
2016-12-29,26.83152961730957,26.918875691723734,26.755675478278704,26.767167413662005,60158000
2016-12-30,26.622360229492188,26.93956610147463,26.532715053634302,26.81314427193476,122345200
2017-01-03,26.698211669921875,26.739586497171988,26.37870674148132,26.61776110407188,115127600
2017-01-04,26.668331146240234,26.78096370212091,26.606269776700465,26.629255404171083,84472400
2017-01-05,26.80394744873047,26.861412390220124,26.620058934487233,26.645343649037947,88774400
2017-01-06,27.102767944335938,27.160232890274713,26.771769294547475,26.843025266330446,127007600
2017-01-09,27.351015090942383,27.45215395665387,27.109663370982208,27.111960706154942,134247600
2017-01-10,27.378597259521484,27.44065862560375,27.192411407583823,27.30044402604622,97848400
2017-01-11,27.52570915222168,27.56708398351671,27.261370049708496,27.29355027919452,110354400
2017-01-12,27.4107723236084,27.42226601138382,27.171717998142032,27.330321770252056,108344800
2017-01-13,27.362506866455078,27.49582595216352,27.309638348435918,27.378596979992935,104447600
2017-01-17,27.58316993713379,27.638335785974654,27.174019863656817,27.201601911231894,137759200
2017-01-18,27.58086585998535,27.69809480204808,27.516505422363586,27.58316494809767,94852000
2017-01-19,27.53260612487793,27.603862100561834,27.438364520298357,27.44526003359795,102389200
2017-01-20,27.58316993713379,27.686606122921752,27.52110857639915,27.686606122921752,130391600
2017-01-23,27.6015567779541,27.769353398657703,27.530299069199586,27.583167578682577,88200800
2017-01-24,27.576274871826172,27.606156008413322,27.468240507232313,27.47973419636854,92844000
2017-01-25,28.015308380126953,28.06587781055767,27.647533095663874,27.679713323448713,129510400
2017-01-26,28.029096603393555,28.14402647071442,27.950943381696252,27.96703349297355,105350400
2017-01-27,28.031400680541992,28.123344947252377,27.95095010480454,28.075074601809906,82251600
2017-01-30,27.957839965820312,27.957839965820312,27.734877487763406,27.796938846873953,121510000
2017-01-31,27.89348030090332,27.90267490134263,27.725683665535442,27.847509052397502,196804000
2017-02-01,29.59444236755371,29.994399589197755,29.19448689960036,29.199083322907335,447940000
2017-02-02,29.54387664794922,29.741556195064256,29.371481816420356,29.417454823709267,134841600
2017-02-03,29.670299530029297,29.695584245022474,29.458828962532614,29.493306525077063,98029200
2017-02-06,29.948421478271484,29.996693562884683,29.628916606670863,29.681786867766508,107383600
2017-02-07,30.233449935913086,30.362170823232386,29.98520100720538,30.00588754108574,152735200
2017-02-08,30.350685119628906,30.39206170565568,30.16220191572174,30.19208481077541,92016400
2017-02-09,30.569995880126953,30.576921288465538,30.269881935965092,30.39223551339761,113399600
2017-02-10,30.50074005126953,30.690043950455642,30.484581938400783,30.579233887993837,80262000
2017-02-13,30.770837783813477,30.89319487594774,30.646176919165736,30.722359928568,92141600
2017-02-14,31.170211791992188,31.1863698977111,30.76159524407677,30.812383900770744,132904800
2017-02-15,31.283340454101562,31.458793521847717,31.077878458389428,31.285651271890703,142492400
2017-02-16,31.24640464782715,31.37337280708474,31.12866566893952,31.32027683925404,90338400
2017-02-17,31.331815719604492,31.357210052212658,31.18868594813342,31.18868594813342,88792800
2017-02-21,31.558061599731445,31.56960512147816,31.391844749825925,31.449558835971224,98028800
2017-02-22,31.6527156829834,31.65502297845318,31.421859322819444,31.495731526325887,83347600
2017-02-23,31.518815994262695,31.738128813968785,31.465720022091123,31.715045293392897,83152800
2017-02-24,31.548831939697266,31.548831939697262,31.230249026210306,31.375689664556717,87106400
2017-02-27,31.611154556274414,31.728893535232476,31.46109935565045,31.659635933949133,81029600
2017-02-28,31.62500762939453,31.728892265869515,31.55805732588351,31.64578385217197,93931600
2017-03-01,32.27140426635742,32.35451268463319,31.765831871316816,31.83277865592797,145658400
2017-03-02,32.079803466796875,32.38453205049584,32.03362937365845,32.319892547208525,104844000
2017-03-03,32.26908874511719,32.280632262993784,31.994369223554767,32.03823247793358,84432400
2017-03-06,32.16752243041992,32.26679249102052,31.996690988707904,32.17444783899807,87000000
2017-03-07,32.20907974243164,32.315271693433274,32.0405520664607,32.10288426884158,69785200
2017-03-08,32.08902359008789,32.27370932246198,32.04747114966208,32.07748007132938,74828800
2017-03-09,32.015159606933594,32.040553948462716,31.638866120296644,32.02901394806746,88623600
2017-03-10,32.1213493347168,32.1721380086802,32.00592117072506,32.1467436716985,78451200
2017-03-13,32.13520050048828,32.18829647017765,32.04747749025978,32.054402898367606,69686800
2017-03-14,32.086734771728516,32.23909733027807,32.05210419551182,32.158299697617885,61236400
2017-03-15,32.426090240478516,32.49303704395142,32.09596376949352,32.183690325330886,102767200
2017-03-16,32.47917175292969,32.55535475075194,32.379901717250725,32.48609715976922,76928000
2017-03-17,32.31757736206055,32.550740976098126,32.294490321127455,32.550740976098126,175540000
2017-03-20,32.65694046020508,32.66617316416422,32.37298461657809,32.412229772933976,86168000
2017-03-21,32.28295135498047,32.96628770549994,32.25755701540671,32.806996259318026,158119600
2017-03-22,32.64771270751953,32.68926869259248,32.26449022586433,32.285269979695414,103440800
2017-03-23,32.53226852416992,32.684634523614065,32.46070363665184,32.61075881870024,81385200
2017-03-24,32.4676399230957,32.72158334059533,32.40069312534872,32.66617654334396,89582400
2017-03-27,32.52302932739258,32.601519606248125,32.001291952746996,32.179052249932504,94300400
2017-03-28,33.19715118408203,33.2525544658913,32.463025996807076,32.529976325778776,133499200
2017-03-29,33.271018981933594,33.35643823436015,33.05632424825825,33.16944161532169,116760000
2017-03-30,33.22715759277344,33.358747422236675,33.127891038691786,33.28718250695198,84829200
2017-03-31,33.16482925415039,33.30565179049683,33.01477048971529,33.17868007369449,78646800
2017-04-03,33.1740608215332,33.27102007760433,33.02400558483501,33.176371639770544,79942800
2017-04-04,33.42107009887695,33.44877172977211,33.0516985815315,33.07016750965756,79565600
2017-04-05,33.24794006347656,33.58037384658186,33.199458669028225,33.294110639443595,110871600
2017-04-06,33.16482925415039,33.36336588698982,33.116347863157166,33.31026638195226,84596000
2017-04-07,33.090946197509766,33.284864673395035,33.07478808581338,33.18098002721279,66688800
2017-04-10,33.05170440673828,33.21561397112792,32.98937220365056,33.15097447258824,75733600
2017-04-11,32.69618606567383,33.093259270548934,32.33373990435652,32.998607321373136,121517600
2017-04-12,32.735416412353516,32.81621398496325,32.553038005225446,32.689245867635556,81400000
2017-04-13,32.562286376953125,32.86932572163703,32.562286376953125,32.76082296364392,71291600
2017-04-17,32.742347717285156,32.753891236191194,32.520724131086446,32.66154660753031,66328400
2017-04-18,32.59691619873047,32.7908346889943,32.57613997247114,32.64539758259062,58790000
2017-04-19,32.476863861083984,32.78159587982304,32.4237678963356,32.75389424996957,69313600
2017-04-20,32.883174896240234,32.99398494389246,32.58767908744237,32.60152990307541,93278400
2017-04-21,32.843936920166016,32.9385853551999,32.74697766696316,32.88318208056322,69283600
2017-04-24,33.16019821166992,33.23176309980541,33.05400276558699,33.12787847113817,68537200
2017-04-25,33.36566162109375,33.4510773270773,33.21329561372768,33.22253183861588,75486000
2017-04-26,33.16943359375,33.38182450307761,33.10017951743427,33.35181205494892,80164800
2017-04-27,33.19482421875,33.280243440970935,33.08401418644334,33.2248366635239,56985200
2017-04-28,33.16250228881836,33.31256098018901,33.0747793002223,33.264079612801645,83441600
2017-05-01,33.83891677856445,33.9820465569213,33.46493070087719,33.49725044187994,134411600
2017-05-02,34.05361557006836,34.187512662605755,33.8989422534962,34.06054097807995,181408800
2017-05-03,33.94973373413086,34.049003794817544,33.30564607768654,33.61037462315417,182788000
2017-05-04,33.827369689941406,33.96819215857823,33.66115289015409,33.82506239532307,93487600
2017-05-05,34.38836669921875,34.392981290391695,33.8804798630999,33.8804798630999,109310800
2017-05-08,35.323326110839844,35.48261754362255,34.40451889529334,34.40451889529334,195009600
2017-05-09,35.54956817626953,35.755030172831056,35.42490378313578,35.52186302080197,156521600
2017-05-10,35.381038665771484,35.53802279658451,35.1155553043252,35.46645790032966,103222800
2017-05-11,35.68703079223633,35.71485030550532,35.30686379075656,35.33931694196356,109020400
2017-05-12,36.18543243408203,36.259609569317824,35.85394330228609,35.86089729817916,130108000
2017-05-15,36.09269332885742,36.31291137117154,35.942018757044565,36.16455361809518,104038800
2017-05-16,36.03938674926758,36.176153366846144,35.865529800340305,36.14833738689896,80194000
2017-05-17,34.829349517822266,35.83076745469259,34.70417404427819,35.605912136565586,203070800
2017-05-18,35.36016845703125,35.545616496374166,35.03332022274331,35.065773364343784,134272800
2017-05-19,35.48072052001953,35.693984589220776,35.38104424797981,35.554901172156406,107843200
2017-05-22,35.6963005065918,35.8330670876935,35.44594614245283,35.698617325259924,91865600
2017-05-23,35.65225601196289,35.907244012150436,35.53866822949923,35.907244012150436,79675600
2017-05-24,35.54563903808594,35.738041191419825,35.39032722356737,35.66154369403676,76712000
2017-05-25,35.66847610473633,35.77974705384383,35.47375724948908,35.63602296219512,76942400
2017-05-26,35.608211517333984,35.75425244588684,35.538668049588445,35.69861696426487,87710400
2017-05-30,35.62213134765625,35.79830512567792,35.54331704199883,35.5641790281207,80507600
2017-05-31,35.41117858886719,35.73803046949931,35.323093482019345,35.69166932845386,97804800
2017-06-01,35.50853729248047,35.54331080037268,35.286002405334635,35.50622047347229,65616400
2017-06-02,36.03474807739258,36.03474807739258,35.44131694896753,35.60126590128008,111082800
2017-06-05,35.682395935058594,35.80293773471264,35.57344884238732,35.77743857588445,101326800
2017-06-06,35.80293655395508,36.11819726310274,35.647624786988494,35.67544076401883,106499600
2017-06-07,36.01619338989258,36.15759713991396,35.809883348431306,35.935062294156516,84278400
2017-06-08,35.928096771240234,36.0555889575003,35.791326702265714,35.98836586905638,85003200
2017-06-09,34.534942626953125,35.97447969049698,33.84878919690239,35.97447969049698,259530800
2017-06-12,33.70969772338867,33.86500948267044,33.035132016753906,33.78387837463687,289229200
2017-06-13,33.98091125488281,34.180267317025965,33.64710542644517,34.113044202442644,136661600
2017-06-14,33.6494255065918,34.19185820479447,33.34343565398856,34.19185820479447,126124800
2017-06-15,33.44774627685547,33.49179058864316,32.96558627709412,33.2228946180029,128661600
2017-06-16,32.97950744628906,33.49644115327569,32.96327909877355,33.329538187742344,201444400
2017-06-19,33.92296600341797,34.01569182899518,33.30171888912925,33.30171888912925,130165600
2017-06-20,33.614654541015625,34.04581984224662,33.59842973452533,34.04581984224662,99600400
2017-06-21,33.81401062011719,33.86037529495847,33.52193226910873,33.7328795134011,85063200
2017-06-22,33.75838088989258,34.00641493839107,33.64015591325134,33.79083404213897,76425200
2017-06-23,33.9090461730957,34.11303938100419,33.637829860105015,33.64246703404675,141757600
2017-06-26,33.80241775512695,34.37266638125484,33.70042114567253,34.11535803908664,102769600
2017-06-27,33.31792449951172,33.88122251178401,33.29242535431212,33.614639896128885,99047600
2017-06-28,33.80473709106445,33.869643386073044,33.18580693265038,33.49411360250508,88329600
2017-06-29,33.30635070800781,33.64247694381055,32.981819179038446,33.54511748511974,125997600
2017-06-30,33.38516616821289,33.6030674095259,33.32953067985804,33.48484243891286,92096400
2017-07-03,33.264617919921875,33.68187515874708,33.171895661128474,33.584515725875775,57111200
2017-07-05,33.40139389038086,33.563659657502356,33.08381635064818,33.308671605490986,86278400
2017-07-06,33.08612823486328,33.26462232063813,33.011951125440845,33.15335488794052,96515200
2017-07-07,33.4222526550293,33.55438561225656,33.125537127404115,33.125537127404115,76806800
2017-07-10,33.62623596191406,33.832545971468484,33.23447791815715,33.40601796879169,84362400
2017-07-11,33.73519515991211,33.80937580737774,33.4686159744794,33.54974707837599,79127200
2017-07-12,33.78388595581055,33.885879068472086,33.570621841307265,33.81401875715488,99538000
2017-07-13,34.25444412231445,34.42134701782428,33.714328298946185,33.728236284050766,100797600
2017-07-14,34.5488395690918,34.61606621390877,34.15244784131849,34.300805579062285,80528400
2017-07-17,34.66938400268555,34.980007487299616,34.4398951543656,34.49784745539633,95174000
2017-07-18,34.78994369506836,34.80153486866919,34.463091700024776,34.58595035850846,71475200
2017-07-19,35.007835388183594,35.100557677206574,34.75979778249779,34.882656407161114,83692000
2017-07-20,34.85019302368164,35.17472801426754,34.81542305978523,35.119092534905725,68974800
2017-07-21,34.83396911621094,34.87337625535041,34.511754473009255,34.76906282384856,105010400
2017-07-24,35.255859375,35.336994007540355,34.74819667551784,34.905828766334864,85972800
2017-07-25,35.40653991699219,35.66152792505456,35.188638694216536,35.188638694216536,75415600
2017-07-26,35.573448181152344,35.68239527179852,35.48072236116956,35.54794902279812,63124000
2017-07-27,34.90119171142578,35.69629908680656,34.14549501172972,35.640663606834835,129905200
2017-07-28,34.65548324584961,34.82470300976447,34.58362294352118,34.7458887128319,68854800
2017-07-31,34.47697830200195,34.847874404325744,34.33789491647606,34.748194617761186,79383600
2017-08-01,34.78296661376953,34.82237374815517,34.40279971702467,34.56274861002519,141474400
2017-08-02,36.426490783691406,37.0315128248501,36.19931880026317,36.92256223810729,279747200
2017-08-03,36.06256103515625,36.442728003738814,35.93506526032993,36.40563768067518,108389200
2017-08-04,36.252647399902344,36.48677346215096,36.090381637099924,36.178470281390524,82239600
2017-08-07,36.81362533569336,36.8391244939229,36.31755369687816,36.40795916021411,87481200
2017-08-08,37.10802459716797,37.51369077846636,36.688450427022744,36.76494790280871,144823600
2017-08-09,37.33519744873047,37.38387894784038,36.88317011611761,36.9179400889615,104526000
2017-08-10,36.145999908447266,37.235125628594886,35.985422861011024,37.211852254669694,163217200
2017-08-11,36.648658752441406,36.90232565697976,36.32052701990321,36.44386804688207,105028400
2017-08-14,37.20022201538086,37.28400119660953,36.94422908634365,37.07688093621345,88490800
2017-08-15,37.60747528076172,37.747104860028465,37.267703224278414,37.388718367124,117862000
2017-08-16,37.45620346069336,37.81924531879083,37.27002714727937,37.686597048032674,110686400
2017-08-17,36.73710250854492,37.400354541802336,36.73244712399428,37.356137266116114,111762400
2017-08-18,36.6533203125,37.11875930059524,36.47179939122427,36.73709947239785,109712400
2017-08-21,36.58583068847656,36.744078228983426,36.09711836440786,36.653317774629805,105474000
2017-08-22,37.183929443359375,37.23512802848002,36.77434431341276,36.823213430379774,86418400
2017-08-23,37.23046875,37.34450259602937,36.97447940218413,37.018696680257115,77596400
2017-08-24,37.06523132324219,37.40732923138063,36.89767301921449,37.335183212160295,79275600
2017-08-25,37.202537536621094,37.36544046820543,37.06523389078698,37.153664881637,101920400
2017-08-28,37.57722473144531,37.70056580462589,37.21883464818906,37.267707314457965,103864000
2017-08-29,37.912330627441406,37.96119972875437,37.235116101108325,37.25838946907847,118067600
2017-08-30,38.014739990234375,38.14040698504185,37.8425262445174,38.11946307774369,109078400
2017-08-31,38.1660041809082,38.28701933479134,38.04498902702507,38.08222500529962,107140400
2017-09-01,38.177635192871094,38.38475540858457,38.0798934276935,38.35217482019203,66364400
2017-09-05,37.719181060791016,38.224182004222335,37.36544638829334,38.10782224165241,117874000
2017-09-06,37.67961502075195,37.93095250636385,37.356135058449354,37.86579133057755,86606800
2017-09-07,37.52834701538086,37.756414692589225,37.31890087616771,37.721504635375084,87714000
2017-09-08,36.91630172729492,37.50275241073847,36.8930283529123,37.43526530665827,114446000
2017-09-11,37.584197998046875,37.712194428986784,37.20951947348694,37.35147850579891,126323200
2017-09-12,37.435272216796875,38.15670434360597,36.94888914117721,37.84253148653965,286856000
2017-09-13,37.15366744995117,37.22581347915636,36.748737785023984,37.204866024990814,179629600
2017-09-14,36.8348388671875,37.09548354744911,36.79062159799653,37.00007125979313,95042800
2017-09-15,37.20720672607422,37.46087021016209,36.76969278946842,36.87907127361987,196458400
2017-09-18,36.92559814453125,37.35147520381836,36.76967652463116,37.26071475190585,113077600
2017-09-19,36.93956756591797,37.181597849722785,36.87208046911773,37.12108850326259,83242400
2017-09-20,36.32053756713867,36.83019033836307,35.79924455857201,36.74641116825446,211805600
2017-09-21,35.69685745239258,36.257712511577544,35.547917058150425,36.257712511577544,150046800
2017-09-22,35.347782135009766,35.43621672492268,35.03826462133408,35.26632884945634,186581600
2017-09-25,35.03593444824219,35.33381523479958,34.712454365136004,34.90561204800071,177549200
2017-09-26,35.638668060302734,35.82018900645393,35.30122545789439,35.32216936298457,146640000
2017-09-27,35.892337799072266,36.006371665189434,35.73176072979134,35.79227008982112,102016800
2017-09-28,35.6712532043457,35.90397275998524,35.53627543595255,35.81321227532656,88022000
2017-09-29,35.866722106933594,35.86905157418899,35.373357987122894,35.65495009670478,105199200
2017-10-02,35.79457092285156,35.943511199211855,35.54090762500637,35.89929394433647,74795200
2017-10-03,35.95050811767578,36.09246715768579,35.81785984643047,35.84112966630654,64921200
2017-10-04,35.71779251098633,35.80622706881335,35.480421146847824,35.752702571137206,80655200
2017-10-05,36.16228485107422,36.17392153688535,35.85044155703644,35.880692678923836,85135200
2017-10-06,36.14134216308594,36.18555944004501,35.96912843993429,36.064544295370396,69630400
2017-10-09,36.26700210571289,36.474122296273464,36.185552420131806,36.260020805549296,65051600
2017-10-10,36.280967712402344,36.7696800704547,36.09479495792304,36.31820368370527,62468000
2017-10-11,36.43223571777344,36.532303390821,36.246059421456515,36.29725799171911,67622400
2017-10-12,36.30424118041992,36.623065751896675,36.241405922553476,36.3856944239882,64500400
2017-10-13,36.534637451171875,36.602124547174284,36.39965970814911,36.47412810542701,65576800
2017-10-16,37.20720672607422,37.235131938702196,36.68823951794495,36.74641941159917,96486000
2017-10-17,37.34450149536133,37.437587882547504,37.05592801345531,37.183924459099835,75989200
2017-10-18,37.17927551269531,37.40036193482916,37.142043081984205,37.33287127406661,65496800
2017-10-19,36.299591064453125,36.55558396623373,36.07618230564295,36.47878609569955,170336800
2017-10-20,36.362430572509766,36.71150990600586,36.29494346381537,36.446209754589574,95896400
2017-10-23,36.34381103515625,36.69754573899603,36.187889365619526,36.51136939218465,87937200
2017-10-24,36.56024169921875,36.63471010659891,36.35079197948656,36.371735886154255,71028800
2017-10-25,36.3996696472168,36.66496982118057,36.134369473253024,36.51602943493808,84828400
2017-10-26,36.63238525390625,36.73012703888052,36.48577080093559,36.59049388833527,68002000
2017-10-27,37.944923400878906,38.07291986379571,36.932591936286045,37.069895618770204,177816800
2017-10-30,38.79901123046875,39.113184104676954,38.10085244424537,38.140414349342386,178803200
2017-10-31,39.338905334472656,39.48086438095683,38.8501964825732,39.073605228864956,144187200
2017-11-01,38.838565826416016,39.54836116903505,38.54068508443468,39.53206909593334,134551200
2017-11-02,39.122474670410156,39.21323513193892,38.463878069668525,38.77106950931524,165573600
2017-11-03,40.14412307739258,40.553708214192326,39.82296895644749,40.49320240850034,237594400
2017-11-06,40.5513801574707,40.72359389676432,39.9626000008153,40.11386628257354,140105200
2017-11-07,40.68169403076172,40.784091175914,40.4001054326106,40.47224790732671,97446000
2017-11-08,41.01448059082031,41.01448059082031,40.56998555174691,40.64678340281854,97638000
2017-11-09,40.93071746826172,40.98191605569224,40.293064593639,40.751522412254914,117930400
2017-11-10,40.79524230957031,40.9610687035548,40.70182129794561,40.89800756062739,100582000
2017-11-13,40.63175582885742,40.75554027927347,40.49862713853262,40.52198417452118,67928400
2017-11-14,40.01749801635742,40.51730788656065,39.980128188133286,40.41454264083575,99130000
2017-11-15,39.48965835571289,39.77926914796486,39.32616982935395,39.697523102894095,116632400
2017-11-16,39.96145248413086,40.14128812577622,39.7746068803929,39.98013383709953,94550000
2017-11-17,39.73957824707031,40.02918916149896,39.62046589128432,39.947443081942396,87598000
2017-11-20,39.69987869262695,39.835341705411594,39.601785524152106,39.77228053861187,65049600
2017-11-21,40.43790817260742,40.568699035095165,39.886715563706446,39.886715563706446,100525200
2017-11-22,40.862979888916016,40.87232056555196,40.416886849149655,40.4892886753747,102355600
2017-11-24,40.86532211303711,40.98910659428749,40.79058243028295,40.89568555462902,56106800
2017-11-27,40.65978240966797,40.891004241956935,40.48461532684453,40.88399784374668,82867200
2017-11-28,40.42155075073242,40.84194882576043,40.138946337931515,40.70882371901031,105715200
2017-11-29,39.58309555053711,40.38652928174377,39.04124713233191,40.31879956588713,166665600
2017-11-30,40.136627197265625,40.204356915053424,39.34019984279144,39.80497431661484,166108800
2017-12-01,39.949771881103516,40.094575523647414,39.35420310942091,39.69285874389665,159037200
2017-12-04,39.657840728759766,40.31646731402012,39.61813660516114,40.28376959083393,130169600
2017-12-05,39.62045669555664,40.05954330434528,39.33084584834535,39.484993729786034,109400800
2017-12-06,39.47332000732422,39.75125237053263,38.87775473048756,39.12065153613966,114240000
2017-12-07,39.545719146728516,39.80730082895225,39.44996029384907,39.477985884435,102693200
2017-12-08,39.557395935058594,39.93809352249656,39.428942929726325,39.81898119319847,93420800
2017-12-11,40.3281364440918,40.379519077673,39.42193752142367,39.517696389805344,141095200
2017-12-12,40.101593017578125,40.262747342436676,40.04554181852073,40.20669257959501,77636800
2017-12-13,40.23472213745117,40.5313359054632,40.17166097410895,40.28843905833601,95273600
2017-12-14,40.22304153442383,40.435578492024916,40.08991281467893,40.265079931953295,81906000
2017-12-15,40.63175582885742,40.67846633705121,40.27908739364348,40.552347608549645,160677200
2017-12-18,41.2039680480957,41.386141526801474,40.83962109068416,40.84429321069244,117684400
2017-12-19,40.764888763427734,40.963412916005446,40.659789208915306,40.879332559638705,109745600
2017-12-20,40.72052001953125,40.970423270439085,40.4636068047808,40.84196666306386,93902400
2017-12-21,40.87465286254883,41.110546810628996,40.66211951438505,40.67846658865148,83799600
2017-12-22,40.87465286254883,40.97041172139755,40.75554053135045,40.79757891984987,65397600
2017-12-26,39.83768081665039,40.047879960963776,39.629812387476896,39.89139774219099,132742000
2017-12-27,39.844688415527344,39.88672682014047,39.63682354388698,39.72791031766681,85992800
2017-12-28,39.95680236816406,40.136641672630205,39.81666719724244,39.93811744112215,65920800
2017-12-29,39.52470779418945,39.84234431301682,39.52237351556149,39.82599723505273,103999600
2018-01-02,40.23236846923828,40.24171270802003,39.53170023948906,39.74190284668357,102223600
2018-01-03,40.22536849975586,40.767220394628254,40.162310914925996,40.29543604668363,118071600
2018-01-04,40.41221237182617,40.514977627745246,40.19033478588271,40.29776859795569,89738400
2018-01-05,40.87232208251953,40.95873670879751,40.4168883492139,40.507975095875025,94640000
2018-01-08,40.72052001953125,41.01479951333092,40.622423291146994,40.72052001953125,82271200
2018-01-09,40.71583938598633,40.886334358066584,40.500968180291736,40.767222018194126,86336000
2018-01-10,40.70648956298828,40.70882740472124,40.40520377343591,40.44257360333201,95839600
2018-01-11,40.93771743774414,40.98676579221811,40.7532096664602,40.776563140765795,74670800
2018-01-12,41.36044692993164,41.42350807179687,41.024125591694585,41.14791003371474,101672400
2018-01-16,41.15025329589844,41.897632166104536,41.13857477715793,41.54963226482539,118263600
2018-01-17,41.82990264892578,41.86493464152241,40.88867176747151,41.14090924173439,137547200
2018-01-18,41.867271423339844,42.06346128496343,41.63138101025512,41.892962740708185,124773600
2018-01-19,41.68043899536133,41.94202078624338,41.4352042845171,41.71547099814567,129700400
2018-01-22,41.33943557739258,41.52160907619025,41.246014549623844,41.40950313011101,108434400
2018-01-23,41.3487663269043,41.90930305028433,41.297387268616134,41.40949318777898,130756400
2018-01-24,40.690147399902344,41.409500675183416,40.451919160296335,41.39782215645873,204420400
2018-01-25,39.96379470825195,40.86064950797437,39.828331707702596,40.75788422729664,166116000
2018-01-26,40.05722427368164,40.17166809948578,39.718568482111564,40.17166809948578,156572000
2018-01-29,39.228084564208984,39.74190727721749,39.020219775428046,39.74190727721749,202561600
2018-01-30,38.99686813354492,39.09028916200144,38.4666947094055,38.66054672904738,184192800
2018-01-31,39.10429382324219,39.34018775125438,38.88708837357323,38.97350298510393,129915600
2018-02-01,39.186058044433594,39.382244392587005,38.94782972808462,39.04358862317785,188923200
2018-02-02,37.48576736450195,38.95717202988417,37.392346316833205,38.77032637076214,346375200
2018-02-05,36.549198150634766,38.275177718301975,36.43475436997214,37.158779760529875,290954000
2018-02-06,38.076656341552734,38.237810644644064,35.967644731061384,36.16149675044778,272975200
2018-02-07,37.26153564453125,38.163062260948806,37.15176756499472,38.090660445947215,206434400
2018-02-08,36.23623275756836,37.60253756671725,36.208207161904596,37.43671114354451,217562000
2018-02-09,36.679443359375,37.02651463480095,35.2325276054813,36.83421969320604,282690400
2018-02-12,38.15685272216797,38.43357083958652,36.937406518800216,37.169571058398745,243278000
2018-02-13,38.53909683227539,38.63524610322422,37.90826887268811,37.97862208504854,130196800
2018-02-14,39.249664306640625,39.28953029970094,38.19672402713639,38.23424264640194,162579600
2018-02-15,40.5676155090332,40.59106420557337,39.631925564032265,39.81718565345298,204588800
2018-02-16,40.43627166748047,40.99675003968103,40.28149888137807,40.41985794427395,160704400
2018-02-20,40.30027389526367,40.865436474773354,40.199433412721696,40.347174864167464,135722000
2018-02-21,40.11735153198242,40.832599250578035,40.10327802296101,40.53008500542689,149886400
2018-02-22,40.45267868041992,40.79271497395517,40.26741871193517,40.28852359853867,123967600
2018-02-23,41.15621566772461,41.19139048910668,40.696577724555915,40.72706495529602,135249600
2018-02-26,41.9699592590332,42.068452335634156,41.32271750780691,41.35554853334056,152648800
2018-02-27,41.83394241333008,42.32406398260265,41.780006497336466,42.00044490832769,155712400
2018-02-28,41.77062225341797,42.35689307363016,41.75420853117485,42.037961604302204,151128400
2018-03-01,41.03895568847656,42.15990516330248,40.490207082637184,41.869113560517185,195208000
2018-03-02,41.32272720336914,41.34383210081118,40.44097331932767,40.52305269157681,153816000
2018-03-05,41.465763092041016,41.68151031825082,40.926393237359996,41.0882045515956,113605600
2018-03-06,41.43059158325195,41.80111522190971,41.30395864315268,41.72138323820596,95154000
2018-03-07,41.045997619628906,41.23829619080357,40.86777255571941,41.024892726201514,126814000
2018-03-08,41.49391555786133,41.536125350937226,41.055386008773716,41.15153173021796,95096400
2018-03-09,42.20680236816406,42.21149353604005,41.59942673663496,41.73309818375583,128740800
2018-03-12,42.614864349365234,42.77198453917445,42.260757973375576,42.27951549540932,128828400
2018-03-13,42.20447540283203,43.03228973656736,42.033285279377445,42.81888624202116,126774000
2018-03-14,41.84566116333008,42.33343885135158,41.69791979089834,42.286537907531034,117473600
2018-03-15,41.89492416381836,42.26779523875993,41.75891244094542,41.8597493351985,90975200
2018-03-16,41.74717712402344,42.005134159904195,41.653371637810366,41.894914950049724,157618800
2018-03-19,41.10932159423828,41.61820437252176,40.72472797672701,41.58302954525192,133787200
2018-03-20,41.09525680541992,41.46108936805779,41.02490356376313,41.09525680541992,78597600
2018-03-21,40.16424560546875,41.06006563057241,40.16189823187742,41.04833949755598,148219600
2018-03-22,39.596744537353516,40.494908555129875,39.53811743769994,39.866427764434306,165963200
2018-03-23,38.6798095703125,39.847660204185324,38.6798095703125,39.48886269872853,164115200
2018-03-26,40.51601791381836,40.593406116445934,39.0315792888296,39.413829131964945,150164800
2018-03-27,39.47713088989258,41.074132023484395,39.144129495106135,40.72940449669083,163690400
2018-03-28,39.040958404541016,39.87112016511795,38.73844413544846,39.22153087897611,166674000
2018-03-29,39.3458137512207,40.27681225973409,39.139445242034746,39.35284871600534,153594000
2018-04-02,39.08785629272461,39.61784753834901,38.56959476044656,39.07847753168714,150347200
2018-04-03,39.488861083984375,39.57328423348167,38.6657380601208,39.31297982072446,121112000
2018-04-04,40.24397277832031,40.33777467462215,38.639936734693165,38.665732792923116,138422000
2018-04-05,40.523048400878906,40.85839366355364,40.35420208259207,40.471456271496045,107732800
2018-04-06,39.48651885986328,40.448000990287476,39.444305494278204,40.09389465436021,140021200
2018-04-09,39.878150939941406,40.59105484435307,39.83124997936275,39.838284944533854,116070800
2018-04-10,40.62857437133789,40.80445564567269,40.22521969593166,40.56994727989296,113634400
2018-04-11,40.438621520996094,40.78569288629012,40.26508404919231,40.38937319172964,89726400
2018-04-12,40.83728790283203,41.03896524660504,40.579327261385,40.66609779258834,91557200
2018-04-13,40.97564697265625,41.23595140956656,40.7692820378696,40.98737310695765,100497200
2018-04-16,41.23126220703125,41.318029156505595,40.99909763886708,41.04599859592581,86313600
2018-04-17,41.79877853393555,41.96293369838951,41.36962773223247,41.38838883364353,106421600
2018-04-18,41.7049674987793,41.93478827686572,41.479841468316096,41.69793253397193,83018000
2018-04-19,40.523048400878906,41.1304242406062,40.49021737111835,40.74817443971879,139235200
2018-04-20,38.862735748291016,40.15253206159745,38.794726302460546,40.00713798588537,261964400
2018-04-23,38.75015640258789,39.14412866582664,38.48046968538976,39.12302377564878,146062000
2018-04-24,38.21079635620117,39.005779628477015,37.8074416526787,38.85100323747827,134768000
2018-04-25,38.377288818359375,38.79236958650734,38.08650076378324,38.135745511852214,113528400
2018-04-26,38.510963439941406,38.86506977787231,38.311629901195275,38.48751117244882,111852000
2018-04-27,38.06539535522461,38.53675582905527,37.66907568925189,38.45936764768368,142623200
2018-04-30,38.75484085083008,39.22385745665149,37.952822884273004,38.020832295972234,169709600
2018-05-01,39.65536117553711,39.678809862224035,38.75719381639185,39.02453317715288,214277600
2018-05-02,41.40714645385742,41.68386462519915,40.75755723807973,41.09290250453425,266157600
2018-05-03,41.482173919677734,41.625224128830446,40.90762928820995,41.24532181986966,136272800
2018-05-04,43.10967254638672,43.20816562887036,41.78235436081041,41.80111545913781,224805200
2018-05-07,43.421566009521484,44.010180667150244,43.32541672929725,43.42625360003483,169805600
2018-05-08,43.630279541015625,43.67014553139931,43.07214851901718,43.38170126079182,113611200
2018-05-09,43.93748474121094,43.946863500783344,43.43563701372067,43.74753354962685,92844800
2018-05-10,44.56595993041992,44.643348106063584,44.00548518407308,44.026593652567186,111957200
2018-05-11,44.39647674560547,44.74253367480774,44.12810643235804,44.60835031424025,104848800
2018-05-14,44.292884826660156,44.61775540501517,44.22461674459871,44.49533983182012,83115200
2018-05-15,43.89033889770508,44.0386500297141,43.574886781090854,43.970378343631864,94780800
2018-05-16,44.29994583129883,44.36586467071861,43.78674803552611,43.80322864340894,76732400
2018-05-17,44.019813537597656,44.47180540297354,43.87150241585593,44.2575790253715,69176000
2018-05-18,43.85972213745117,44.21284104716232,43.81734959249926,44.066886380624,73190800
2018-05-21,44.17047882080078,44.556555441924544,44.00098141717452,44.25758035606822,73603200
2018-05-22,44.05984878540039,44.46475898101943,43.97039079572937,44.34705261234211,60962800
2018-05-23,44.342323303222656,44.37528092786658,43.73024902599362,43.86914520823956,80233600
2018-05-24,44.292884826660156,44.455320115837665,43.83618734256598,44.43884309966214,92936000
2018-05-25,44.39411163330078,44.64600126495954,44.17517603214325,44.31171578071335,69844000
2018-05-29,44.234039306640625,44.434141513213916,43.99156454363286,44.16341837924985,90056400
2018-05-30,44.13986587524414,44.25757218424479,43.97036850291428,44.191656938573345,74762000
2018-05-31,43.99156188964844,44.311723245583195,43.81971165651136,44.07395775611649,109931200
2018-06-01,44.784908294677734,44.78961396182632,44.198729444569345,44.25522977936332,93770000
2018-06-04,45.159202575683594,45.53350777316066,45.04620552575139,45.11447360388858,105064800
2018-06-05,45.50761413574219,45.65592523952757,45.28397285957056,45.45111740448041,86264000
2018-06-06,45.66535568237305,45.68889838980698,45.18040608298171,45.58296339057992,83734400
2018-06-07,45.54292678833008,45.71712982719416,45.27926221278443,45.703005644811824,85388800
2018-06-08,45.128597259521484,45.19922176194681,44.67425263998206,45.003828861818356,106627200
2018-06-11,45.01795959472656,45.19216624711074,44.777841280495316,45.046211555074656,73234000
2018-06-12,45.265140533447266,45.342827132957446,44.99912311016498,45.05562343493012,67644400
2018-06-13,44.893192291259766,45.40639374364206,44.8319862945275,45.29810234253357,86553600
2018-06-14,44.9167366027832,45.09800535821275,44.78019682784647,45.093296099183995,86440400
2018-06-15,44.455326080322266,44.766072517330024,44.31878630576844,44.73546772189716,246876800
2018-06-18,44.431785583496094,44.54478265155956,44.06924808496244,44.22933055748837,73939600
2018-06-19,43.713775634765625,43.86443958736214,43.18645000462183,43.58429795860175,134314000
2018-06-20,43.90446853637695,44.06925670790328,43.72319975164164,43.869158068233006,82514800
2018-06-21,43.659629821777344,44.33997220811124,43.53721424311076,44.08101686710727,102847600
2018-06-22,43.53250503540039,43.82206157732559,43.48071396713906,43.81499948548194,108801600
2018-06-25,42.88511657714844,43.53250128249265,42.546121829430355,43.17467309411117,126652400
2018-06-26,43.41714859008789,43.91151653812936,42.9722188736952,43.07815742835521,98276800
2018-06-27,43.35360336303711,44.088089831952125,43.32299856279475,43.605493082214934,101141200
2018-06-28,43.669044494628906,43.836189048695495,43.26884372711666,43.33946823717454,69460800
2018-06-29,43.57723617553711,44.06689492297677,43.05932905932024,43.855021380811685,90950800
2018-07-02,44.064544677734375,44.09279664258604,43.17939427481984,43.27356150413788,70925200
2018-07-03,43.297096252441406,44.24580899048829,43.20763829163599,44.20814210255842,55819200
2018-07-05,43.6455078125,43.88327690941216,43.381846770178385,43.6125501822098,66416800
2018-07-06,44.25053024291992,44.35881808492786,43.59843598832857,43.650227075241276,69940800
2018-07-09,44.86493682861328,44.888475934967545,44.563608967231666,44.61069077205164,79026400
2018-07-10,44.8108024597168,45.0297345151261,44.7707791453936,44.89555116325542,63756400
2018-07-11,44.22932815551758,44.67661073672415,44.16576573663476,44.375282843511165,75326000
2018-07-12,44.970890045166016,45.06034802512094,44.56597989352456,44.61777097748658,72164400
2018-07-13,45.041507720947266,45.16156689252232,44.94027840238948,44.982654551959264,50055600
2018-07-16,44.942626953125,45.35224263855551,44.82727346896064,45.086228803977875,60172400
2018-07-17,45.06974411010742,45.16861697666692,44.54006573003852,44.669543385810975,62138000
2018-07-18,44.82256317138672,45.15214300759659,44.711918948272675,45.147433749220426,65573600
2018-07-19,45.170982360839844,45.328708412023275,44.655428060581336,44.655428060581336,81147200
2018-07-20,45.06740188598633,45.30045812912671,44.76842679084426,45.147441331264595,82704800
2018-07-23,45.107418060302734,45.18981392473907,44.624821408844134,44.88848242766125,63957600
2018-07-24,45.43465042114258,45.59002366292814,45.211009077906645,45.305172719654614,74791600
2018-07-25,45.86309051513672,45.87015260670079,45.300450878380246,45.44876198544905,66839600
2018-07-26,45.71949005126953,46.13146216817286,45.578241031486534,45.813653669717006,76304000
2018-07-27,44.95911407470703,45.95020307009098,44.75195335224335,45.903121250990715,96096000
2018-07-30,44.70722198486328,45.24631543024671,44.50947619991051,45.17569090930291,84118000
2018-07-31,44.79667282104492,45.2321876723777,44.57303151581136,44.799029246561446,157492000
2018-08-01,47.4356575012207,47.496863508061736,46.44927774568807,46.877730569913155,271742800
2018-08-02,48.82223129272461,49.05529111870741,47.16492775096106,47.21907165683549,249616000
2018-08-03,48.96345901489258,49.14001843261122,48.37257119797678,48.737461379684085,133789600
2018-08-06,49.21772384643555,49.26009639869382,48.74689855230227,48.965830589860516,101701600
2018-08-07,48.75632095336914,49.31895712244186,48.67392507741745,49.27658456368668,102349600
2018-08-08,48.789268493652344,48.921098994216976,48.14659300734389,48.50677405071217,90102000
2018-08-09,49.17299270629883,49.384862642496735,48.77749760872117,49.32600948331823,93970400
2018-08-10,49.02651596069336,49.39741168464637,48.82335095371793,48.98635589712612,98444800
2018-08-13,49.34309387207031,49.83446998162701,49.06669548632789,49.447039303572176,103563600
2018-08-14,49.55097579956055,49.74232821635951,49.1989794890338,49.6478343527854,82992000
2018-08-15,49.6667366027832,49.78485574116098,49.21552062904969,49.42577255117373,115230400
2018-08-16,50.394344329833984,50.51009876327454,49.95730213317231,50.02344855362679,114001600
2018-08-17,51.400718688964844,51.488125687654055,50.356546060158145,50.42269248155154,141708000
2018-08-20,50.89989471435547,51.77869768428093,50.81720988532367,51.523563547511685,121150800
2018-08-21,50.80067443847656,51.308588866242836,50.5620750907815,51.216456087953674,104639200
2018-08-22,50.80305099487305,51.11252261462643,50.5172010440877,50.57862531376805,76072400
2018-08-23,50.906986236572266,51.27551736200739,50.696734319896585,50.708543349660324,75532800
2018-08-24,51.06526184082031,51.240075841735475,50.81721095322185,51.16920724931565,73905600
2018-08-27,51.48576736450195,51.6747586949245,51.10542361873389,51.29913711900238,82100400
2018-08-28,51.90155029296875,52.09998958647139,51.717284719757714,51.738545300195106,91107200
2018-08-29,52.67640686035156,52.796890681463665,51.83303813611593,52.00785214367495,109019200
2018-08-30,53.16069793701172,53.92374654449071,52.5393901295794,52.740194102199645,195175200
2018-08-31,53.77491760253906,54.067850745143865,53.38984807574226,53.51032829361586,173360400
2018-09-04,53.947383880615234,54.141097432089055,53.538692588900716,53.95919651777223,109560400
2018-09-05,53.595375061035156,54.25684293673854,53.177235919309275,54.09620264370011,133332000
2018-09-06,52.70476150512695,53.70877419122638,52.279531881836945,53.44418486745145,137160000
2018-09-07,52.279537200927734,53.241025220168055,52.14015746721869,52.40946898858465,150479200
2018-09-10,51.57789611816406,52.40945574431646,51.13849284121695,52.19683916241394,158066000
2018-09-11,52.88193893432617,52.9882454363978,51.159759902867926,51.502304678303155,142996000
2018-09-12,52.225196838378906,53.15361152271487,51.93462116666355,53.13943780306241,197114800
2018-09-13,53.486690521240234,53.94499319566094,52.579536718822695,52.80396228282111,166825600
2018-09-14,52.879581451416016,53.58829636809597,52.567748762526286,53.3307974801661,127997200
2018-09-17,51.47159194946289,52.66931802312977,51.32748647029409,52.48032669893483,148780400
2018-09-18,51.556640625,52.409460912019995,51.29205131507944,51.450330521211534,126286800
2018-09-19,51.58735275268555,51.88265060670735,50.86210309765727,51.61806488301106,108495200
2018-09-20,51.9795036315918,52.51103971221684,51.77161281099577,52.02911525185576,106435200
2018-09-21,51.41962814331055,52.293709113672655,51.33221752297712,52.156690470038114,384986800
2018-09-24,52.1590461730957,52.27007844864043,51.17629770710372,51.221183555265625,110773600
2018-09-25,52.489784240722656,52.638615511284215,51.901549623240875,51.91336225823483,98217600
2018-09-26,52.071632385253906,52.85830615636971,51.91571428185233,52.208650996905945,95938800
2018-09-27,53.14179992675781,53.493796258750265,52.80870308957469,52.87485312376238,120724800
2018-09-28,53.328433990478516,53.35205565714324,52.92210383485802,53.10400472654661,91717600
2018-10-01,53.68751525878906,54.19779085665743,53.472541143372936,53.850520264056215,94403200
2018-10-02,54.16470718383789,54.33479901696342,53.53867724574372,53.685143811325815,99152800
2018-10-03,54.82381057739258,55.15454267446678,54.2828229843168,54.34660831900594,114619200
2018-10-04,53.85996627807617,54.88996531394605,53.56230374089691,54.51906948736873,128168000
2018-10-05,52.98588180541992,53.95918596232943,52.10943981236538,53.85287945813357,134322000
2018-10-08,52.863037109375,53.1063622318355,52.01966478038702,52.49450599592842,118655600
2018-10-09,53.595375061035156,53.689872531684166,52.50395540918603,52.83232645968275,107564000
2018-10-10,51.112510681152344,53.47253222410703,51.03927739644141,53.26228031441347,167962400
2018-10-11,50.661293029785156,51.854296937675905,50.15810799817568,50.677831437884706,212497600
2018-10-12,52.470882415771484,52.65278689341281,51.22590572066078,52.07163916179051,161351600
2018-10-15,51.3487434387207,52.40472864854832,51.32748286247947,52.24644946201455,123164000
2018-10-16,52.48033142089844,52.678774311748526,51.20700726110125,51.719643885984794,116736000
2018-10-17,52.25353240966797,52.59607710740567,51.816490261193174,52.51575697781101,91541600
2018-10-18,51.03218460083008,51.91099112455737,50.31874412087741,51.466862088668904,130325200
2018-10-19,51.80940628051758,52.270070113730455,51.36527724915882,51.51410848939273,132314800
2018-10-22,52.1259651184082,52.766172321422964,51.72199975513701,51.922800092090434,115168400
2018-10-23,52.617340087890625,52.740184977111134,50.720347384705434,50.98729773876846,155071200
2018-10-24,50.812477111816406,52.97169426601147,50.68254537182525,52.58662842439474,163702000
2018-10-25,51.9251823425293,52.298439312683776,51.204654761051046,51.4314451294564,119423200
2018-10-26,51.09833526611328,52.017301933671156,50.240789247146296,51.00383780130841,189033600
2018-10-29,50.13921356201172,51.899188017139984,48.68634598538271,51.781068877806405,183742000
2018-10-30,50.38961410522461,50.8337395169499,49.4375743470066,49.88169975873189,146640000
2018-10-31,51.70310974121094,52.07872773863771,51.17393470003853,51.23535895942081,153435600
2018-11-01,52.496864318847656,52.52993752973202,51.21881451840618,51.74798949726561,233292800
2018-11-02,49.014713287353516,50.47230292231517,48.53042413230621,49.50372821693035,365314800
2018-11-05,47.62327194213867,48.28473981849687,46.81533749201692,48.26347923934601,264654800
2018-11-06,48.13827133178711,48.362696958228696,47.64689531758217,47.70122910815629,127531600
2018-11-07,49.59821319580078,49.62419954399411,48.22330864016884,48.65798609657618,133697600
2018-11-08,49.4251823425293,49.811591917382664,49.01269211992505,49.77840329836541,101450400
2018-11-09,48.47217559814453,48.83725030122931,47.9458964943367,48.72820356356081,137463200
2018-11-12,46.030433654785156,47.376950783365466,45.940348730689024,47.17544617439907,204542000
2018-11-13,45.57052993774414,46.743988758610655,45.38562145044577,45.42829458759235,187531600
2018-11-14,44.28327560424805,46.103913863049335,44.077028770048315,45.96641717934507,243204000
2018-11-15,45.37614059448242,45.5088950350297,44.30698624887807,44.66021072748847,185915200
2018-11-16,45.87871170043945,46.22008232656418,44.913869072574464,45.160412515171664,147713200
2018-11-19,44.060447692871094,45.207829618939165,43.854204422517,45.04188654984463,167701200
2018-11-20,41.955326080322266,43.01973815578726,41.60684386740584,42.28484285652294,271300800
2018-11-21,41.907920837402344,42.73527050896908,41.85339745914007,42.60725469548126,124496800
2018-11-23,40.843505859375,41.8652485061949,40.79846701261189,41.47172379819083,94496000
2018-11-26,41.395870208740234,41.47410130110637,40.36227712419676,41.305788880160506,179994000
2018-11-27,41.305782318115234,41.43142518724016,40.50925196099607,40.65859891607065,165549600
2018-11-28,42.89409637451172,42.97706609276824,41.469348200420384,41.89606149396926,184250000
2018-11-29,42.56458282470703,43.3350361348104,42.126015647425476,43.301847521528224,167080000
2018-11-30,42.33462142944336,42.749480801948096,41.96717383319612,42.7399962763246,158126000
2018-12-03,43.813899993896484,43.84234634091446,42.95810408732895,43.7285573355553,163210000
2018-12-04,41.88658905029297,43.23784507191264,41.787023197888146,42.8964743680744,165377200
2018-12-06,41.4195671081543,41.43379028172995,40.40019746688139,40.71786040102842,172393600
2018-12-07,39.94267654418945,41.36505206470577,39.89763407394036,41.12798947795305,169126400
2018-12-10,40.205810546875,40.32196888310216,38.71942732261499,39.11532135314505,248104000
2018-12-11,39.975860595703125,40.72497553514085,39.58944746589914,40.69415986213853,189126800
2018-12-12,40.087276458740234,40.75579093217634,40.06831102170334,40.39545486304984,142510800
2018-12-13,40.52584457397461,40.90988838723615,40.193958431440095,40.416797820265124,127594400
2018-12-14,39.22911071777344,40.08253736549948,39.181698930074774,40.06357192696252,162814800
2018-12-17,38.86404037475586,39.909487232293245,38.57719305816961,39.22200357230007,177151600
2018-12-18,39.36897277832031,39.715082017295266,38.97070588046719,39.20539906762815,135366000
2018-12-19,38.1409912109375,39.69612086582762,37.714277923367106,39.35238091263852,196189200
2018-12-20,37.17851638793945,38.43020623587975,36.815811012529885,38.02482772479942,259092000
2018-12-21,35.732444763183594,37.49382176601955,35.47167807298712,37.18563966188898,382978400
2018-12-24,34.807899475097656,35.926835155569904,34.751003152988105,35.12082020348033,148676800
2018-12-26,37.259117126464844,37.27334029939218,34.78181443000984,35.15637365867392,234330000
2018-12-27,37.017311096191406,37.16429231852565,35.575974156047664,36.94382229366778,212468400
2018-12-28,37.036277770996094,37.579152986301054,36.638014459884026,37.337348194676096,169165600
2018-12-31,37.394248962402344,37.77828914637844,37.09554782616534,37.58152679042015,140014000
2019-01-02,37.43690490722656,37.65737488578006,36.562143812317146,36.7186059109956,148158800
2019-01-03,33.70792007446289,34.54475047514119,33.66287761719509,34.13226039084803,365248800
2019-01-04,35.14689254760742,35.21564271315385,34.0895955946681,34.262650244247524,234428400
2019-01-07,35.06867218017578,35.28203071183349,34.58743534355033,35.25121141322671,219111200
2019-01-08,35.73716735839844,35.990825937637695,35.20851906305133,35.45506244028608,164101200
2019-01-09,36.34406661987305,36.63328328119753,35.47167798834808,35.86519915512934,180396400
2019-01-10,36.46022033691406,36.50052053570231,35.76325587216913,36.15203830332984,143122800
2019-01-11,36.10224151611328,36.436500462808716,35.917333081193725,36.24211112081289,108092800
2019-01-14,35.559383392333984,35.860453851229586,35.37447488807685,35.760888011805555,129756800
2019-01-15,36.28715896606445,36.36301708581701,35.571229196224785,35.62338323611761,114843600
2019-01-16,36.730472564697266,36.95331194342955,36.270570632809374,36.28953607113632,122278800
2019-01-17,36.948570251464844,37.37528357720768,36.33220615680434,36.55504553898602,119284800
2019-01-18,37.176151275634766,37.427437002899225,36.97701598209478,37.33735207528084,135004000
2019-01-22,36.3416862487793,37.154808983139375,36.18048184882576,37.07895085520432,121576000
2019-01-23,36.48866271972656,36.777879284107165,35.96238363485609,36.54318608659887,92522400
2019-01-24,36.19943618774414,36.621407068642455,35.97185825641871,36.53369511774474,101766000
2019-01-25,37.39899444580078,37.486710067491146,36.583502140932886,36.85849200758815,134142000
2019-01-28,37.052886962890625,37.05999855186445,36.42704181217523,36.93198271575881,104768400
2019-01-29,36.668827056884766,37.4866956045575,36.53370330810849,37.04101693130822,166348800
2019-01-30,39.17457962036133,39.38793443159078,37.98452481209461,38.70045460226316,244439200
2019-01-31,39.45669174194336,40.06357129642498,39.011012986557645,39.37846066569241,162958400
2019-02-01,39.47565841674805,40.058830287377425,39.33578875751876,39.5799665216834,130672400
2019-02-04,40.596961975097656,40.6941584894352,39.65582335554743,39.68664264479774,125982000
2019-02-05,41.291561126708984,41.504919632922416,40.8577397603801,40.978640381799345,144406400
2019-02-06,41.305782318115234,41.6210759612757,40.97626549992744,41.402975219897854,112958400
2019-02-07,40.523475646972656,41.23466334560738,40.381236660330636,40.86958496796045,126966800
2019-02-08,40.57107925415039,40.63059905695286,40.097300316034534,40.233007210168395,95280000
2019-02-11,40.3377685546875,40.761552993076776,40.29491603027586,40.723459438398876,83973600
2019-02-12,40.68537139892578,40.71156026721677,40.40205645090563,40.497290350510035,89134000
2019-02-13,40.51633071899414,41.06391379755997,40.45443141309773,40.80440825043843,89960800
2019-02-14,40.66393280029297,40.773447210619636,40.325860733039946,40.40442731408336,87342800
2019-02-15,40.57347106933594,40.87821226167595,40.41395838528309,40.77107731063168,98507200
2019-02-19,40.69488525390625,40.81630799877144,40.35205417876045,40.404431905407954,75891200
2019-02-20,40.95677947998047,41.2639037947893,40.70917861976395,40.75679375063616,104457600
2019-02-21,40.72583770751953,41.03772095743167,40.54489877740289,40.90201766804449,68998800
2019-02-22,41.18055725097656,41.18769933595995,40.802012215656816,40.84962732647941,75652800
2019-02-25,41.48055648803711,41.87100640476121,41.41389457294777,41.46389282566573,87493600
2019-02-26,41.504356384277344,41.73529354904754,41.22818358043654,41.356748410721536,68280800
2019-02-27,41.63291931152344,41.663870778026364,41.12342983703562,41.237710498215094,111341600
2019-02-28,41.22342300415039,41.64244483272273,41.16866579075333,41.501978939190536,112861600
2019-03-01,41.656734466552734,41.69958699583566,41.1615290978513,41.492459172031374,103544800
2019-03-04,41.866233825683594,42.31858290715454,41.41864371317076,41.82814027721426,109744800
2019-03-05,41.7900505065918,41.90194804483561,41.554350741031215,41.8876638710685,78949600
2019-03-06,41.54957962036133,41.78051671619437,41.41149325966116,41.58529004433551,83241600
2019-03-07,41.068660736083984,41.53053495111754,40.95438374078502,41.39482806754987,99185600
2019-03-08,41.166290283203125,41.204383840899425,40.35443904470858,40.54966580330091,95997600
2019-03-11,42.59237289428711,42.64475061563465,41.74719453203529,41.78052547900183,128044000
2019-03-12,43.070919036865234,43.48993721924746,42.704274948579794,42.85426604222394,129870400
2019-03-13,43.26138687133789,43.63993204857632,43.07330220879454,43.38994808203721,124130000
2019-03-14,43.74230194091797,43.83039373846659,43.46374963935355,43.78277497966139,94318000
2019-03-15,44.31131362915039,44.599391151169385,43.74468742331031,44.00895556463961,156171600
2019-03-18,44.763668060302734,44.851756233015,44.23274864058947,44.23513175842596,104879200
2019-03-19,44.40890884399414,44.99458522112746,44.263680399898476,44.84221469230578,126585600
2019-03-20,44.79698944091797,45.113635257364436,43.98037578107166,44.33749463127132,124140800
2019-03-21,46.4468879699707,46.742107598369216,45.18982960517974,45.23982785468012,204136800
2019-03-22,45.485050201416016,47.065896580642246,45.42076777434819,46.50640878224067,169630800
2019-03-25,44.935081481933594,45.70645597035694,44.42559200356954,45.59455842593482,175381200
2019-03-26,44.470829010009766,45.9207346479957,43.94467581313153,45.63027762337992,199202000
2019-03-27,44.87079620361328,45.17791683539124,44.413684482957166,44.937458102492236,119393600
2019-03-28,44.930328369140625,45.13031412076302,44.64701340460789,44.98508559410347,83121600
2019-03-29,45.22316360473633,45.25411507712012,44.88747091024145,45.19459525041401,94256000
2019-04-01,45.5302734375,45.63502524757183,44.849366691628894,45.62550367676558,111448000
2019-04-02,46.192142486572266,46.29689795003126,45.485046741025556,45.49456831370297,91062800
2019-04-03,46.5087776184082,46.78256727145678,45.98500042210558,46.008809797501385,93087200
2019-04-04,46.5897331237793,46.75162528431652,45.98263025616197,46.37545960019598,76457200
2019-04-05,46.901615142822266,46.92542452241121,46.64686858586537,46.7706708206856,74106400
2019-04-08,47.63966369628906,47.67061153128953,46.744483310155175,46.76353008781775,103526800
2019-04-09,47.49681091308594,48.294377862741904,47.432528497673395,47.692037644042145,143072800
2019-04-10,47.76346206665039,47.792034049404215,47.182548065607946,47.30158770081168,86781200
2019-04-11,47.365875244140625,47.85393852782556,47.24445611090851,47.81822808652252,83603200
2019-04-12,47.34682846069336,47.649190183974554,46.71354029389259,47.425395064355484,111042800
2019-04-15,47.432525634765625,47.58013723283315,47.142068673382234,47.27777558297322,70146400
2019-04-16,47.437278747558594,47.94200546935276,47.27300352472555,47.487276976038274,102785600
2019-04-17,48.36104965209961,48.42056947744496,47.28493019267118,47.506342199211,115627200
2019-04-18,48.534828186035156,48.60386955891566,48.215802914600246,48.35864826177386,96783200
2019-04-22,48.69435119628906,48.79196456564161,48.172957030939074,48.28961717719952,77758000
2019-04-23,49.39668273925781,49.46096515519979,48.544358571646036,48.67054028599068,93292000
2019-04-24,49.32050323486328,49.63476598723901,49.29431436943186,49.36811836306549,70162400
2019-04-25,48.87290954589844,49.46334508558559,48.83481599293768,49.24193312050334,74172800
2019-04-26,48.63958740234375,48.80624213673832,48.12057279202839,48.78243276062449,74596400
2019-04-29,48.71339797973633,49.03718592161168,48.53483853310215,48.66339973624621,88818800
2019-04-30,47.77536392211914,48.42531927458395,47.403960863567825,48.34437319932044,186139600
2019-05-01,50.120452880859375,51.260851075448706,49.81332856402731,49.96808228138352,259309200
2019-05-02,49.79427719116211,50.62755462484601,49.55143895467689,49.95855246647943,127985200
2019-05-03,50.41327667236328,50.43470293107204,50.05139522758998,50.208528390389,83569600
2019-05-06,49.634765625,49.720474308259035,48.44913186725117,48.63721289375776,129772400
2019-05-07,48.2967529296875,49.382393641433325,47.813452381544515,49.01575322424928,155054800
2019-05-08,48.30628204345703,48.88719603885827,48.03249233826774,48.06820277536153,105358000
2019-05-09,47.787269592285156,48.01582364863785,46.82066837319086,47.711082484966774,139634400
2019-05-10,47.12525177001953,47.52437848755979,46.07128168416476,47.182612149934656,164834800
2019-05-13,44.3863410949707,45.28496481669525,43.70042368502518,44.861944487281036,229722400
2019-05-14,45.08900451660156,45.33755885279071,44.31226720167281,44.551263298573964,146118800
2019-05-15,45.62914276123047,45.827509995697774,44.4580631300962,44.517812165292675,106178800
2019-05-16,45.42838668823242,45.99958731645048,45.13203016205216,45.38775778208372,132125600
2019-05-17,45.17026901245117,45.62436020518247,44.63491636316234,44.675545268045326,131516400
2019-05-20,43.75779342651367,44.05893083512368,43.086214994281725,43.860563641976256,154449200
2019-05-21,44.5966682434082,44.93126128361247,44.14257352108455,44.26685249892783,113459200
2019-05-22,43.68370819091797,44.38396868148397,43.62874010735263,44.13302203951607,118994400
2019-05-23,42.93804168701172,43.14835578247127,42.4958974279958,42.97150099629786,146118800
2019-05-24,42.77313232421875,43.53074952387793,42.68948223047205,43.067096506223606,94858800
2019-05-28,42.59627914428711,43.16031015583973,42.51980227917044,42.76118705714658,111792800
2019-05-29,42.393131256103516,42.86395388562777,42.0633154565731,42.163693385388605,113924800
2019-05-30,42.61300277709961,42.835267386171125,42.223437990733274,42.5293526884522,84873600
2019-05-31,41.8410530090332,42.53892125066101,41.82193288157596,42.118285740184604,108174400
2019-06-03,41.418025970458984,42.522186815106615,40.693868059775646,41.96771774456351,161584400
2019-06-04,42.93326950073242,42.97867935405244,41.7096103437768,41.92948637061777,123872000
2019-06-05,43.6263427734375,44.21188608599536,43.29174972065366,44.04219726486092,119093600
2019-06-06,44.2668571472168,44.326606171155184,43.5331373827937,43.75540564817583,90105200
2019-06-07,45.44511413574219,45.86813832067342,44.39831353218565,44.57516834017903,122737600
2019-06-10,46.02587127685547,46.692668818811526,45.79643340678976,45.84184325115213,104883600
2019-06-11,46.5588264465332,46.84323236940541,46.26964322768004,46.57077698006724,107731600
2019-06-12,46.410648345947266,46.836061067320955,46.21945075676128,46.35328797515427,73012800
2019-06-13,46.40108871459961,47.032038236807054,46.26964378451583,46.532537291474256,86698400
2019-06-14,46.06410598754883,46.26725046842475,45.48095496613412,45.779700067531756,75046000
2019-06-17,46.33896255493164,46.59469018135157,45.92788889248645,46.102355057787285,58676400
2019-06-18,47.428775787353516,47.86852774049729,46.65443074959841,46.85518660036521,106204000
2019-06-19,47.290157318115234,47.77054181487059,47.156320085097796,47.72273967725771,84496800
2019-06-20,47.67017364501953,47.94501775858043,47.32840725446429,47.88765736978177,86056000
2019-06-21,47.50764465332031,48.002368332728025,47.35707594275429,47.512425596440636,191202400
2019-06-24,47.45984649658203,47.837460776342034,47.361857219276544,47.45028461027407,72881600
2019-06-25,46.7404670715332,47.622359580324556,46.67354481128587,47.4239923880106,84281200
2019-06-26,47.75142288208008,48.03582883274254,47.16588314960564,47.266261076876305,104270000
2019-06-27,47.73707962036133,48.17444289617968,47.69645072327974,47.86852455047612,83598800
2019-06-28,47.30210876464844,47.67972304896698,47.09418331982912,47.48374449199016,124442400
2019-07-01,48.1696662902832,48.87231543119535,47.9545676050374,48.556838818217976,109012000
2019-07-02,48.451663970947266,48.54726457068613,48.124240577967875,48.13619110878398,67740800
2019-07-03,48.85319137573242,48.86036096665152,48.44211781134659,48.583124628476725,45448000
2019-07-05,48.81017303466797,49.013321180685026,48.49230778045325,48.59985894410412,69062000
2019-07-08,47.804012298583984,48.133824515110454,47.419228340309814,47.9928176578452,101354400
2019-07-09,48.09557342529297,48.16009974250935,47.514811042809626,47.60801937002413,82312000
2019-07-10,48.571170806884766,48.690668843168744,48.17204780331115,48.24135870655863,71588400
2019-07-11,48.217472076416016,48.84842175102384,48.207913835239545,48.59030547775813,80767200
2019-07-12,48.58790969848633,48.75520624546054,48.32501251981883,48.38476154708042,70380800
2019-07-15,49.04438400268555,49.202118633701346,48.75519716004061,48.776705930616785,67789600
2019-07-16,48.874691009521484,49.2594747863238,48.63569496546515,48.8961997782569,67467200
2019-07-17,48.599853515625,49.0157043539387,48.58073339192921,48.76715003947481,56430000
2019-07-18,49.15194320678711,49.20452264524316,48.68350920421264,48.75520876999739,74162400
2019-07-19,48.41822814941406,49.352703951769605,48.36326005715543,49.183015084199354,83717200
2019-07-22,49.524776458740234,49.52716510710405,48.66200031652238,48.67155855676903,89111600
2019-07-23,49.91193771362305,49.928669188757965,49.54149308073725,49.821121688059655,73420800
2019-07-24,49.87131118774414,49.98602828414967,49.512817070534965,49.63231510960469,59966400
2019-07-25,49.47698211669922,50.00755384131004,49.40767119362579,49.9239037332674,55638400
2019-07-26,49.649051666259766,50.12465157648066,49.50565254598537,49.58691034563834,70475600
2019-07-29,50.112693786621094,50.34213161648365,49.81634099625393,49.82112193871518,86693600
2019-07-30,49.89760971069336,50.2274255237216,49.54628512206538,49.89282876718518,135742800
2019-07-31,50.91572952270508,52.906567550868054,50.49987862645295,51.72353753914433,277125600
2019-08-01,49.81394577026367,52.10830934671211,49.410045502425135,51.121254477006445,216071600
2019-08-02,48.75998306274414,49.33596086524618,48.18878255632911,49.12086584402196,163448400
2019-08-05,46.20750427246094,47.47657295728015,46.02586855255384,47.31883830566207,209572000
2019-08-06,47.08224105834961,47.33796868663929,46.374810857148454,46.917333133084945,143299200
2019-08-07,47.569786071777344,47.694065075152395,46.322229681695646,46.702232636878804,133457600
2019-08-08,48.618980407714844,48.642881479152365,47.65343765837779,47.84702393793063,108038000
2019-08-09,48.21833801269531,48.64296573649967,47.810498015760096,48.292707715938555,98478800
2019-08-12,48.09598159790039,48.472632859788966,47.77690864820563,47.889663888347634,89927600
2019-08-13,50.132774353027344,50.893270127420344,48.09598664589979,48.22553694677137,188874000
2019-08-14,48.64057159423828,49.5258185877482,48.60218604759379,48.7389331847721,146189600
2019-08-15,48.398258209228516,49.21393074829478,47.90165492656464,48.81089358611512,108909600
2019-08-16,49.54020309448242,49.69854069963497,48.902057226913584,49.00761563034861,110481600
2019-08-19,50.46384811401367,51.034817600178286,50.387077015671984,50.528619610011084,97654400
2019-08-20,50.46623992919922,51.18355469517102,50.45664537335362,50.590991119074104,107537200
2019-08-21,51.013221740722656,51.25552363068702,50.763723018625974,51.097189663129065,86141600
2019-08-22,50.97005081176758,51.44506012952433,50.55981299599053,51.1451798626442,89014800
2019-08-23,48.61417007446289,50.87166869175943,48.22072746939714,50.243117416600434,187272000
2019-08-26,49.53780746459961,49.70573963141325,49.19474263893695,49.38666668414398,104174400
2019-08-27,48.97883224487305,50.03201131914729,48.82769145865033,49.86647686959799,103493200
2019-08-28,49.30750274658203,49.35308512364201,48.77731659181928,48.96444154769402,63755200
2019-08-29,50.14236831665039,50.21674168290386,49.5785957240762,50.02001851007021,83962000
2019-08-30,50.07758712768555,50.48782112129382,49.70813273439135,50.418250537454604,84573600
2019-09-03,49.34828186035156,49.65535887288814,48.99322475097742,49.52341086109975,80092000
2019-09-04,50.185543060302734,50.255113643880186,49.736923530779784,49.99361903365806,76752400
2019-09-05,51.16675567626953,51.332290121775586,50.74212431527314,50.859678663980254,95654800
2019-09-06,51.16195297241211,51.440242639191425,50.982024876577526,51.351479283319904,77449200
2019-09-09,51.380279541015625,51.92486307314199,50.63657875407816,51.5410149078116,109237600
2019-09-10,51.98722457885742,52.00641734866052,50.790105305142255,51.305897723756836,127111600
2019-09-11,53.640167236328125,53.66895822314736,52.234328791439815,52.31589898333976,177158400
2019-09-12,53.520206451416016,54.319087568486395,53.46502953168453,53.93044408583179,128906800
2019-09-13,52.47903060913086,52.968433443898334,52.06399747203743,52.77891078404018,159053200
2019-09-16,52.75493240356445,52.810113005531775,52.193557451057096,52.23434072600189,84632400
2019-09-17,52.94684600830078,52.9756369959949,52.56779700604228,52.76931927731361,73274800
2019-09-18,53.443458557128906,53.462651332010914,52.644577148321865,53.033220772901906,101360000
2019-09-19,53.00922393798828,53.68095264649306,52.86767770380978,53.26112037335412,88242400
2019-09-20,52.234336853027344,53.39307449871104,52.171963083144945,53.10998931926708,221652400
2019-09-23,52.47183609008789,52.74052756724027,52.21513689194302,52.52701301972165,76662000
2019-09-24,52.22232437133789,53.37626620352909,52.104773701458775,53.02600459584214,124763200
2019-09-25,53.026023864746094,53.138779129113395,52.092796693735195,52.4310624868371,87613600
2019-09-26,52.752532958984375,53.00443309427309,52.4982350995939,52.778922566693616,75334000
2019-09-27,52.49583053588867,53.00922529663117,52.1263760760949,52.90846232712596,101408000
2019-09-30,53.7313346862793,53.877676369428805,52.96843755851151,52.99482716237936,103909600
2019-10-01,53.88007354736328,54.75092680553321,53.78651107289727,53.995230177972914,139223200
2019-10-02,52.529422760009766,53.63777894021879,52.28231807789279,53.51302773713352,138449200
2019-10-03,52.97563934326172,53.009225779853956,51.61058406203605,52.402264876088374,114426000
2019-10-04,54.46064758300781,54.57580422718632,53.712147699084255,54.13198002178577,138478800
2019-10-07,54.47264099121094,55.161164797015786,54.17995760700077,54.283118305032474,122306000
2019-10-08,53.834495544433594,54.712545705751026,53.817704155676886,54.17516269518079,111820000
2019-10-09,54.46544647216797,54.64777233374476,54.13197980362061,54.46544647216797,74770400
2019-10-10,55.19955062866211,55.28351855399068,54.530219592534166,54.68135673321952,113013600
2019-10-11,56.66775894165039,57.01082010729211,55.73213059230201,55.88566909661836,166795600
2019-10-14,56.58618927001953,57.128374978236515,56.298305029368485,56.35348195750364,96427600
2019-10-15,56.45425033569336,57.01322382343534,56.34869191650956,56.710945890847526,87360000
2019-10-16,56.22633743286133,56.4350565436216,55.945650001818564,55.98643327019431,73903200
2019-10-17,56.44465255737305,56.653368012877294,56.02242253800609,56.39907017958543,67585200
2019-10-18,56.71573257446289,56.99641994908582,56.20713336260034,56.27910532906305,97433600
2019-10-21,57.69934844970703,57.8145050826637,56.93405725098848,56.9820373510636,87247200
2019-10-22,57.567405700683594,58.104788693598735,57.48583550156147,57.85528996983772,82293600
2019-10-23,58.339900970458984,58.35429829724787,57.869690793486676,58.08080765861978,75828800
2019-10-24,58.43585205078125,58.72853540039477,58.011220689350694,58.65896114841544,69275200
2019-10-25,59.15555953979492,59.19154369426081,58.26791501005417,58.33508787215478,73477200
2019-10-28,59.748130798339844,59.79611089742203,59.1891536754474,59.35708585255852,96572800
2019-10-29,58.36628341674805,59.916065952572374,58.19355578359902,59.72894099440109,142839600
2019-10-30,58.35908889770508,58.84849546974143,57.86728826237409,58.718945163935885,124522000
2019-10-31,59.678558349609375,59.7769199351258,56.919660471431264,59.31390665702909,139162000
2019-11-01,61.372283935546875,61.3986698789117,59.77452135224457,59.865682443755965,151125200
2019-11-04,61.77532196044922,61.859289881741645,61.26672630639548,61.7345350313778,103272000
2019-11-05,61.686561584472656,61.94085942383755,61.49223978875598,61.667365150580366,79897600
2019-11-06,61.71295166015625,61.77292770781891,61.26433199504674,61.60019639769865,75864400
2019-11-07,62.425193786621094,62.64657149210632,62.107567778293316,62.25916234332588,94940400
2019-11-08,62.596031188964844,62.66821556732877,61.8043749042975,62.247122892567724,69986400
2019-11-11,63.091712951660156,63.156678888188175,62.148462187224695,62.15327203106168,81821200
2019-11-12,63.033958435058594,63.23368077605803,62.78371437532705,62.93530156134261,87388800
2019-11-13,63.63793182373047,63.7125247961215,62.81981037786936,62.834247253604815,102734400
2019-11-14,63.19759750366211,63.73659382314395,63.06765826833198,63.46468706949581,89182800
2019-11-15,63.94832229614258,63.95313213901472,63.28660540928107,63.44781959312071,100206400
2019-11-18,64.27079010009766,64.3501929351306,63.580199124620194,63.95797391868933,86703200
2019-11-19,64.07587432861328,64.48734000161132,63.859313834576106,64.46327609265741,76167200
2019-11-20,63.329933166503906,64.02533382823812,62.65858906891337,63.895401946077534,106234400
2019-11-21,63.04601287841797,63.52726176608309,62.846290477802796,63.450260181670615,121395200
2019-11-22,62.99067687988281,63.32754968750172,62.76448927835088,63.18558212369363,65325200
2019-11-25,64.09512329101562,64.1119687621998,63.16871783845167,63.214437064080556,84020400
2019-11-26,63.59463119506836,64.28522211832744,63.16391141917877,64.23228445121657,105207600
2019-11-27,64.4488525390625,64.48254348721751,63.84007296737668,63.90503892603565,65235600
2019-11-29,64.30689239501953,64.48736075534232,63.98204787778324,64.15048795139506,46617600
2019-12-02,63.5633430480957,64.54749597316658,63.3925017784307,64.31168141512865,94487200
2019-12-03,62.430015563964844,62.44926228863821,61.66964143204824,62.15570017026076,114430400
2019-12-04,62.981021881103516,63.358803914149256,62.725960629775706,62.81980766127134,67181600
2019-12-05,63.9050407409668,63.97964107924649,63.21926690581925,63.474328245499024,74424400
2019-12-06,65.13944244384766,65.20922559007963,64.3189121926835,64.36223017433375,106075600
2019-12-09,64.22745513916016,65.16107145471474,63.74379784275475,64.96857491080652,128042400
2019-12-10,64.60285949707031,64.98545151813082,63.972417225633926,64.6317332581653,90420400
2019-12-11,65.15387725830078,65.23328743607989,64.60766242070665,64.68225540996873,78756800
2019-12-12,65.31990814208984,65.58459649359327,64.3237267833271,64.43441196912849,137310400
2019-12-13,66.20781707763672,66.24390927709698,65.19238158759332,65.31991225453659,133587600
2019-12-16,67.34114837646484,67.56493467366947,66.64815619751495,66.65296604245897,128186000
2019-12-17,67.47350311279297,67.80074884102518,67.08609392860065,67.27137945536563,114158400
2019-12-18,67.31226348876953,67.8320130444866,67.16307754415392,67.32670036448889,116028400
2019-12-19,67.37965393066406,67.6587791659251,67.12219135736983,67.25453186379887,98369200
2019-12-20,67.24008178710938,68.01248404193913,67.02833114376412,67.91142590788041,275978000
2019-12-23,68.33732604980469,68.39748214667952,67.46385834825841,67.50235913145113,98572000
2019-12-24,68.40229797363281,68.55149127528131,68.07746089671582,68.50336345626253,48478800
2019-12-26,69.75942993164062,69.7762754042592,68.50577869758881,68.53465245449213,93121200
2019-12-27,69.73294067382812,70.73634754482153,69.32869348774332,70.05056661001181,146266000
2019-12-30,70.14681243896484,70.42834617784854,68.6308818725006,69.65112683312934,144114400
2019-12-31,70.65934753417969,70.66656597182994,69.66556767244613,69.76422454918179,100805600
2020-01-02,72.27154541015625,72.33170151465225,71.02992253216576,71.28257523373918,135480400
2020-01-03,71.56892395019531,72.32688945190185,71.34514498799838,71.5015494021164,146322800
2020-01-06,72.13919830322266,72.17769909168206,70.442799076604,70.69305052995288,118387200
2020-01-07,71.7999267578125,72.40388908002937,71.5809576466451,72.14882777323544,108872000
2020-01-08,72.95489501953125,73.25567544777785,71.50393052740053,71.50393052740053,132079200
2020-01-09,74.50455474853516,74.69705138445374,73.67921459070213,73.92945874874111,170108400
2020-01-10,74.67295837402344,75.23602586841082,74.17246290967955,74.73793165436904,140644800
2020-01-13,76.26832580566406,76.29479831442737,74.87029829848657,74.98820927579929,121532000
2020-01-14,75.23843383789062,76.41509065064128,75.11572039023919,76.20574860255036,161954400
2020-01-15,74.91600799560547,75.91700649010697,74.48528821645434,75.0387288028542,121923600
2020-01-16,75.85443115234375,75.96512366006613,75.09646578451866,75.45740237331857,108829200
2020-01-17,76.69422912597656,76.69663037690943,75.79669733616299,76.10228772628851,137816400
2020-01-21,76.1744613647461,76.7639866868858,76.03730370643434,76.32364730468942,110843200
2020-01-22,76.44637298583984,76.9973975614814,76.3525259473167,76.65811628441689,101832400
2020-01-23,76.81453704833984,76.89393987673444,75.95309750344295,76.49931964228543,104472000
2020-01-24,76.59315490722656,77.80108679471296,76.40305956833261,77.05996684733118,146537600
2020-01-27,74.34092712402344,75.01948249541286,73.36158384540518,74.60801674004179,161940000
2020-01-28,76.4439926147461,76.61483394161012,75.12055795784767,75.21921487710054,162234000
2020-01-29,78.04412841796875,78.8887225352215,77.33188214601793,78.07060092433913,216229200
2020-01-30,77.9310073852539,77.98394503620604,76.69901188302893,77.12973152744519,126743200
2020-01-31,74.47566223144531,77.64468154540367,74.18210016247106,77.22358883501371,199588400
2020-02-03,74.27113342285156,75.4333461257712,72.7215115901091,73.22200714636392,173788400
2020-02-04,76.72308349609375,76.91317880860565,75.467023963902,75.87127115182567,136616400
2020-02-05,77.34872436523438,78.14519062464261,76.74716330264357,77.84681134417079,118826800
2020-02-06,78.25345611572266,78.25586470947945,77.06236978662149,77.6182115421901,105425600
2020-02-07,77.18978881835938,78.00261640454451,76.70016229061778,77.75418535570422,117684000
2020-02-10,77.55640411376953,77.55640411376953,75.69920332307832,75.7787945932457,109348800
2020-02-11,77.0884780883789,78.12320868151228,76.87140364468625,78.05085298718184,94323200
2020-02-12,78.91914367675781,78.92396493526354,77.5370912824159,77.5370912824159,113730400
2020-02-13,78.357177734375,78.68279311833038,77.99056323907321,78.1931665675849,94747600
2020-02-14,78.37646484375,78.62489586415948,77.86995292388279,78.32580849927255,80113600
2020-02-18,76.94136047363281,77.12225708916644,75.88250875090567,76.0634053664393,152531200
2020-02-19,78.0556869506836,78.28482562119284,77.18256041371585,77.18256041371585,93984000
2020-02-20,77.2549057006836,78.30410746194534,76.75080805425196,77.81689526489554,100566000
2020-02-21,75.50624084472656,77.29109325633112,74.89119532498566,76.84970141309908,129554000
2020-02-24,71.919677734375,73.3668508412422,69.76098226638659,71.69778197998241,222195200
2020-02-25,69.48359680175781,72.96887474112613,69.0132699904686,72.58778908763885,230673600
2020-02-26,70.58586883544922,71.8473240795573,69.10251783059799,69.10975340191128,198054800
2020-02-27,65.9717788696289,68.98190082835502,65.8367100023176,67.80004455903044,320605600
2020-02-28,65.93321228027344,67.15125422909904,61.83530222470277,62.04996979820484,426510000
2020-03-02,72.07160949707031,72.70595468778731,66.98479850420505,68.08464913181372,341397200
2020-03-03,69.7826919555664,73.32344054146022,68.93367898581513,73.24384925589773,319475600
2020-03-04,73.0195083618164,73.1786982425022,70.70162361460446,71.49997996726277,219178400
2020-03-05,70.65099334716797,72.2501134253378,70.28678576484225,71.27809579631553,187572800
2020-03-06,69.71273040771484,70.14447238483373,67.83140857783133,68.01712645055636,226176800
2020-03-09,64.19900512695312,67.07405117029745,63.43441220501271,63.61530881776465,286744800
2020-03-10,68.82273864746094,69.08805522958923,64.97084534712401,66.84493951670424,285290000
2020-03-11,66.43245697021484,67.82898060143201,65.57138749972806,66.90520532305104,255598800
2020-03-12,59.8719482421875,65.12277445766078,59.816474316666195,61.73156686549944,418474000
2020-03-13,67.04512023925781,67.51545445631106,61.01040718580854,63.89028601752773,370732000
2020-03-16,58.41995620727539,62.488918914128035,57.88691260105301,58.35724302986641,322423600
2020-03-17,60.98868942260742,62.1343642760622,57.50100115086754,59.698292128180576,324056000
2020-03-18,59.49568557739258,60.29886692649559,57.19226812473029,57.831438322361606,300233600
2020-03-19,59.039833068847656,60.98386817289122,58.51643928547833,59.669353459047855,271857200
2020-03-20,55.29166030883789,60.740266023209095,54.99257655004273,59.61870468799079,401693200
2020-03-23,54.117027282714844,55.113165767293296,51.28056983554764,55.01186410993206,336752800
2020-03-24,59.54634475708008,59.74171251843163,56.51210499986582,57.008967128821915,287531200
2020-03-25,59.218318939208984,62.28873655883238,58.924060140998606,60.47977034705603,303602000
2020-03-26,62.334564208984375,62.392448772259634,59.42092219277503,59.45951435519265,252087200
2020-03-27,59.753780364990234,61.71469746998704,59.58735486478481,60.96216861377286,204216800
2020-03-30,61.45901870727539,61.63026911474741,60.154150297630075,60.477355032834254,167976400
2020-03-31,61.33360290527344,63.3114052959559,60.78126682215682,61.64957210604245,197002000
2020-04-01,58.10639572143555,59.99013156396864,57.67706812240997,59.45467737995239,176218400
2020-04-02,59.07600784301758,59.129071143668284,57.13920841031964,57.968921460111474,165934000
2020-04-03,58.22700119018555,59.26172817079223,57.63848363538416,58.56226275717802,129880000
2020-04-06,63.306575775146484,63.46093704952722,60.14932793269973,60.51594239996791,201820400
2020-04-07,62.57334899902344,65.53282259895241,62.46963669694467,65.31574075275601,202887200
2020-04-08,64.17488098144531,64.48843215066613,63.00749578061629,63.371695937944736,168895200
2020-04-09,64.63799285888672,65.13968372309436,63.84446480191953,64.80924699848376,161834800
2020-04-13,65.90666961669922,66.0152105347314,64.11699578858152,64.7151632715521,131022800
2020-04-14,69.23516082763672,69.5245983530926,67.06440146882377,67.53473560751405,194994800
2020-04-15,68.60322570800781,69.06149562848323,67.68668586705697,68.11359919874643,131154400
2020-04-16,69.14833068847656,69.51253820784274,68.10154321976958,69.31475615357093,157125200
2020-04-17,68.21009063720703,69.21105794148095,66.7773886485133,68.66595370665648,215250000
2020-04-20,66.79426574707031,67.93994433259655,66.77497334644413,67.04028985944329,130015200
2020-04-21,64.7296371459961,66.87145442951221,64.02052176535352,66.63749449289608,180991600
2020-04-22,66.59407806396484,67.02822701343717,65.65341709963987,65.99349627232849,116862400
2020-04-23,66.33600616455078,67.95684041674475,66.29741399655765,66.5386095259871,124814400
2020-04-24,68.25108337402344,68.2607332539519,66.81114610399659,66.8593881429372,126161200
2020-04-27,68.29932403564453,68.62976064968919,67.52267433285353,67.96888006089833,117087600
2020-04-28,67.19222259521484,68.94088953934559,67.10057451078693,68.75999295891828,112004800
2020-04-29,69.3991928100586,69.86711272922732,68.47300285396169,68.67560621679193,137280800
2020-04-30,70.86324310302734,71.03931848812404,69.54873189331651,69.93705315982548,183064000
2020-05-01,69.72237396240234,72.11744313333922,68.94572428038448,69.04220099303798,240616800
2020-05-04,70.7088851928711,70.83671853428713,69.05910858714758,69.74651734637497,133568000
2020-05-05,71.77012634277344,72.59983938170623,71.02241888364539,71.16713764358983,147751200
2020-05-06,72.51058959960938,73.14010619347668,72.08608325049667,72.46958313423785,142333600
2020-05-07,73.26070404052734,73.60561913010429,72.8337907414733,73.13528505567275,115215200
2020-05-08,75.00444030761719,75.05764724717811,73.5920466345589,73.91854342819974,133838400
2020-05-11,76.18467712402344,76.67804261253256,74.3055100788998,74.51350356888688,145946400
2020-05-12,75.31400299072266,77.31650723109308,75.19307880379056,76.86666541777984,162301200
2020-05-13,74.40465545654297,76.41200151515211,73.33084801811279,75.49297320787404,200622400
2020-05-14,74.86177062988281,74.92223274185808,72.92456220039374,73.64527323216542,158929200
2020-05-15,74.41915893554688,74.46511071572239,72.6052961832284,72.6391584973057,166348400
2020-05-18,76.17257690429688,76.54502554064396,75.05040406447124,75.73967354309555,135178400
2020-05-19,75.73240661621094,77.03354472425552,75.70096514534589,76.18949622469526,101729600
2020-05-20,77.20526885986328,77.27539958314759,76.54985436932522,76.58855099973772,111504800
2020-05-21,76.6296615600586,77.60673109306647,76.39264748790822,77.06740654244075,102688800
2020-05-22,77.12303924560547,77.20526681531915,76.26689384939174,76.3684660434856,81803200
2020-05-26,76.60064697265625,78.41692345166804,76.54501918320653,78.23795799610525,125522000
2020-05-27,76.93437194824219,77.0794824284683,75.72029593762247,76.4579378035112,112945200
2020-05-28,76.96826171875,78.22345564249268,76.33462002234297,76.610323390573,133560800
2020-05-29,76.89326477050781,77.66959590522207,76.53774740179506,77.21008551765564,153532400
2020-06-01,77.83891296386719,77.95983717000007,76.71673278825261,76.84733299745191,80791200
2020-06-02,78.19925689697266,78.22344321190015,77.13270462012565,77.57287045767401,87642800
2020-06-03,78.62977600097656,78.89097649041749,77.94776152153949,78.51852776765237,104491200
2020-06-04,77.95256805419922,78.75066471951315,77.58011949942701,78.4531959492946,87560400
2020-06-05,80.17273712158203,80.23319921594221,78.17265369717333,78.20167432156592,137250400
2020-06-08,80.6467514038086,80.68061371663406,79.1618063233987,79.87042024109125,95654400
2020-06-09,83.19342803955078,83.58522126328481,80.29608895604107,80.32753042867137,147712400
2020-06-10,85.33378601074219,85.800551637391,83.70130935970825,84.13905436012791,166651600
2020-06-11,81.23686981201172,84.90329215862222,81.13529762500492,84.4800574912979,201662400
2020-06-12,81.93822479248047,84.11486012218111,80.83056250550848,83.36997039015924,200146000
2020-06-15,82.95158386230469,83.60215667626827,80.43394102615576,80.59598270848474,138808800
2020-06-16,85.14998626708984,85.42086269022191,83.36998548456056,85.00004143146272,165428800
2020-06-17,85.0314712524414,85.95291299210936,84.9105470621372,85.89245089695726,114406400
2020-06-18,85.06534576416016,85.4813253336703,84.45830388000144,84.98795249991922,96820400
2020-06-19,84.5792236328125,86.2334658205362,83.47397466183713,85.76912102080368,264476000
2020-06-22,86.79212951660156,86.93481917934642,84.92505967255737,84.97101145656654,135445200
2020-06-23,88.64470672607422,90.05952154919635,87.61443002953723,88.03283047977783,212155600
2020-06-24,87.0799560546875,89.19129577084878,86.70750735912304,88.27468803942486,192623200
2020-06-25,88.23597717285156,88.27467380594872,86.47774180640029,87.23472854623947,137522400
2020-06-26,85.52486419677734,88.35207302367702,85.37733281186723,88.13199005971511,205256800
2020-06-29,87.49592590332031,87.5902503350082,84.95651735369147,85.43295906251363,130646000
2020-06-30,88.226318359375,88.51170516149259,87.06544866278962,87.08479329279324,140223200
2020-07-01,88.05941772460938,88.84542502767371,88.01105247279727,88.30368697136247,110737200
2020-07-02,88.05941772460938,89.59757739253234,87.94575606156859,88.96393576296241,114041600
2020-07-06,90.4150161743164,90.88178176519018,89.45245698793732,89.48389845748481,118655600
2020-07-07,90.13449096679688,91.56865036942912,90.0232427568075,90.79231898432114,112424400
2020-07-08,92.23371124267578,92.2651527115249,91.0220485529992,91.10911780370648,117092000
2020-07-09,92.63036346435547,93.1769358615014,91.58557654388848,93.12372891516388,125642800
2020-07-10,92.79238891601562,92.85043754869993,91.61700927809584,92.22646456657715,90257200
2020-07-13,92.36431121826172,96.69581637996168,92.1514834732687,94.09352557539032,191649200
2020-07-14,93.8927993774414,94.08385428390145,90.81648768360292,91.74759804361886,170989200
2020-07-15,94.53852081298828,96.01137641424255,93.34378934479908,95.76227290297543,153198000
2020-07-16,93.37525177001953,94.22897636244912,92.77788590184623,93.41394840131093,110577600
2020-07-17,93.18659973144531,93.97986213133798,92.71499243301174,93.82508300436295,92186800
2020-07-20,95.15042877197266,95.28828415237645,92.93026189226053,93.27368992018475,90318000
2020-07-21,93.8371810913086,96.01381673517915,93.58807752951296,95.93884432011826,103433200
2020-07-22,94.10079193115234,94.78038533647508,93.45263999834938,93.53970187859424,89001600
2020-07-23,89.81766510009766,93.91215697447913,89.00989228366163,93.83476371071059,197004400
2020-07-24,89.59518432617188,89.93861240946849,86.23832629937318,88.02075576670072,185438800
2020-07-27,91.71855926513672,91.81046281239644,90.43193174537683,90.65442807814999,121214000
2020-07-28,90.21187591552734,91.46706972799262,90.20703422382543,91.29051773530753,103625600
2020-07-29,91.94107818603516,92.12488531095718,90.65686391835999,90.69313969811391,90329200
2020-07-30,93.05357360839844,93.15756662766064,90.71006250391486,91.11636596100388,158130000
2020-07-31,102.79524993896484,102.94519477180637,97.53746050279906,99.53029641393837,374336800
2020-08-03,105.38542938232422,107.99738887948055,104.37450494640413,104.67197372398552,308151200
2020-08-04,106.08920288085938,107.177520504938,104.85335391870223,105.57406469122863,173071600
2020-08-05,106.47376251220703,106.7930041847868,105.34674803582895,105.8111002305475,121776800
2020-08-06,110.18854522705078,110.68191802624929,106.21739865938491,106.80508849601155,202428800
2020-08-07,107.68334197998047,110.16675794348517,106.88864916741639,109.71126193007606,198045600
2020-08-10,109.24846649169922,110.26363878240565,106.60514263588735,109.12489907394888,212403600
2020-08-11,105.99943542480469,109.01102903844416,105.74018931676449,108.51434892717005,187902400
2020-08-12,109.52227783203125,109.77909878796228,106.89348975910477,107.08731438450859,165598000
2020-08-13,111.4605484008789,112.46118443380263,110.41145251692377,110.8984466622293,210082000
2020-08-14,111.36119842529297,111.45084248513194,109.55617638834046,111.28609084035034,165565200
2020-08-17,111.07044219970703,112.50476918474725,110.4453516645563,112.48053926454652,119561600
2020-08-18,111.99597930908203,112.41997706741819,110.48896983798126,110.82332353901295,105633600
2020-08-19,112.13650512695312,113.54660235506186,112.04201803934366,112.40301949215254,145538000
2020-08-20,114.62477111816406,114.73864510178977,112.16073508691606,112.17769677241944,126907200
2020-08-21,120.53166961669922,121.0138133012155,115.56968146956478,115.58179273436723,338054800
2020-08-24,121.9732437133789,124.81039959352069,120.11250114343171,124.72559117385076,345937600
2020-08-25,120.97264099121094,121.31668821491573,119.25484487147963,120.84908093113634,211495600
2020-08-26,122.61772155761719,123.07321745146164,121.22216092863566,122.28579308436115,163022400
2020-08-27,121.15192413330078,123.55053882206776,120.0107589966192,123.21861029302171,155552400
2020-08-28,120.95567321777344,122.54020825717129,120.73276826199735,122.12347869162592,187630000
2020-08-31,125.05754852294922,126.95706531989478,122.11137580386827,123.64261546547715,225702700
2020-09-01,130.0389404296875,130.63981609482647,126.50159235410271,128.66276613112478,151948100
2020-09-02,127.34468078613281,133.7216082722021,123.08048105831436,133.34364518172669,200119000
2020-09-03,117.14936065673828,124.86369573915263,116.78109099839352,122.99326710598547,257599600
2020-09-04,117.2269058227539,119.88234128870778,107.46768860387866,116.36437378387909,332607200
2020-09-08,109.33811950683594,115.3176975867679,109.20244081478072,110.4332424909772,231366600
2020-09-09,113.69925689697266,115.46308756005234,111.70283521072183,113.6411109896637,176940500
2020-09-10,109.98745727539062,116.78111596753853,109.02801283276419,116.6454372541948,182274400
2020-09-11,108.54341888427734,111.67373680721721,106.6051435470581,111.03410239684672,180860300
2020-09-14,111.79972839355469,112.3521366002866,109.31873818703018,111.17948084192356,140150100
2020-09-15,111.97417449951172,115.16263852668574,110.10373838004288,114.67806966043925,184642000
2020-09-16,108.6694107055664,112.41997637221431,108.58219185919356,111.67374357548836,154679000
2020-09-17,106.9346694946289,108.73726653223142,105.35497742143326,106.33380874471821,178011000
2020-09-18,103.54267120361328,107.45798850796619,102.81581790836313,106.99280653960918,287104900
2020-09-21,106.68269348144531,106.78929923364105,99.91810821399545,101.31366904715068,195713800
2020-09-22,108.35929107666016,109.3768886869023,105.79108191602546,109.20244359354463,183055400
2020-09-23,103.81404113769531,108.65003656547653,103.47483700123934,108.17516112594639,150718700
2020-09-24,104.88008117675781,106.84742948908296,101.75945665626949,101.9242082877403,167743300
2020-09-25,108.81478881835938,108.96985441233768,104.34706305845842,105.08360984198643,149981400
2020-09-28,111.41207122802734,111.76096139819123,109.29935070600561,111.46053107152444,137672400
2020-09-29,110.56890869140625,111.75125778339695,110.06496037698288,111.01471850800384,99382200
2020-09-30,112.23585510253906,113.64110945971419,110.11344818104769,110.27819984549522,142675200
2020-10-01,113.18561553955078,114.0869140768239,112.25524404848423,114.00938127075119,116120400
2020-10-02,109.53194427490234,111.80942388224,108.75663851817679,109.40595903034216,144712000
2020-10-05,112.90455627441406,113.04992842651572,110.04560265679896,110.39449286426901,106243800
2020-10-06,109.66765594482422,112.53630344118018,108.78573684536278,112.12925987546326,161498200
2020-10-07,111.52838897705078,111.9838849635665,110.60770355491991,111.08258643963451,96849000
2020-10-08,111.42178344726562,112.80765091391855,111.05350632008391,112.66227875286972,83477200
2020-10-09,113.36004638671875,113.38911933685253,111.37331099631979,111.72220118579409,100506900
2020-10-12,120.56075286865234,121.31667922649164,115.59876429754219,116.35469065538149,240226800
2020-10-13,117.36259460449219,121.52019695499536,115.95734765025159,121.40389774875266,262330500
2020-10-14,117.4498291015625,119.23303935883797,115.92828283428057,117.26569052723717,150712000
2020-10-15,116.984619140625,117.45949457685697,114.50362881948811,115.0560370517392,112559200
2020-10-16,115.34678649902344,117.79871153091253,115.1432684327753,117.53704016435405,115393800
2020-10-19,112.4006118774414,116.70357893346838,112.09048805904365,116.25777640664253,120639300
2020-10-20,113.88336944580078,115.3080030009005,112.06138589770217,112.61379407274761,124423700
2020-10-21,113.26314544677734,115.04635557719843,112.8561019222811,113.06931343655647,89946000
2020-10-22,112.17769622802734,114.39702259575029,111.0534928722476,113.8252274699149,101988000
2020-10-23,111.48961639404297,112.95301658165369,110.75306957595657,112.79795098039979,82572600
2020-10-26,111.49929809570312,112.9530046815979,109.39626361538546,110.491393975544,111850700
2020-10-27,113.00144958496094,113.66046348898027,111.00502837304953,111.92570619172447,92276800
2020-10-28,107.76811218261719,111.86756801727019,107.67119988879593,111.49929834317572,143937800
2020-10-29,111.76097106933594,113.32128352260756,108.7372584642391,108.90201751002611,146129200
2020-10-30,105.50035095214844,108.53374987611883,104.39553435267372,107.63245134560678,190272600
2020-11-02,105.41313171386719,107.26418875001484,104.00788464199921,105.74264246216923,122866900
2020-11-03,107.03157806396484,108.0491682897085,105.37435335866708,106.27565178371685,107624400
2020-11-04,111.40238952636719,112.02263714006965,108.88263267145909,110.61739025769825,138235500
2020-11-05,115.35647583007812,115.92827100011738,113.26314194201399,114.30980518907859,126387100
2020-11-06,115.22541046142578,115.7205180962264,112.74013248938302,114.86620819105919,114457900
2020-11-09,112.92459106445312,118.4290806298261,112.66247568801708,116.98257616030648,154515300
2020-11-10,112.5848159790039,114.15752314668202,110.79852205922379,112.17707763232374,138023400
2020-11-11,116.0020523071289,116.13796507649292,113.04108708119541,113.7691943770842,112295000
2020-11-12,115.730224609375,117.011693129965,115.10890698767624,116.12826014557999,103162300
2020-11-13,115.7787857055664,116.17681389575209,114.42936059587085,115.95353177622367,81581900
2020-11-16,116.78841400146484,117.45826768159665,114.7011715913371,115.44869182782028,91183000
2020-11-17,115.90499114990234,117.14762661304611,115.48754260462515,116.06032428614111,74271000
2020-11-18,114.5846939086914,116.32244455787598,114.55557079610209,115.14776544105797,76322100
2020-11-19,115.17686462402344,115.58460292894434,113.40028105826617,114.15751145503081,74113000
2020-11-20,113.91484832763672,115.30310700290967,113.86631226889004,115.17690436213682,73604300
2020-11-23,110.52669525146484,114.1866523784184,110.42961575192224,113.75949369240169,127959300
2020-11-24,111.80815124511719,112.46830213663921,109.30346044434035,110.58493635731566,113874200
2020-11-25,112.64307403564453,113.34205836437563,111.80817691040372,112.17708942095175,76499200
2020-11-27,113.18671417236328,114.06044449798334,112.82751927666311,113.1673012347678,46691300
2020-11-30,115.57490539550781,117.4388583652438,113.40028619079179,113.5556193082818,169410200
2020-12-01,119.13778686523438,119.86589425816237,116.50689304092421,117.47770289816154,127728200
2020-12-02,119.4872817993164,119.76881755329892,117.36120579212971,118.45821829004096,89004200
2020-12-03,119.35137176513672,120.16684852789926,118.64267727747634,119.91443587941438,78967600
2020-12-04,118.68150329589844,119.27369789260959,117.97280885162905,119.0212852595791,78260400
2020-12-07,120.13772583007812,120.93378965648249,118.68151097153174,118.73975719573221,86712000
2020-12-08,120.74930572509766,121.33179746034605,119.49696034501777,120.73960296108292,82225500
2020-12-09,118.22520446777344,122.27347915241411,117.46797408436613,120.89493115150903,115089200
2020-12-10,119.64259338378906,120.25420827611856,116.64279476467264,116.98257670113864,81312200
2020-12-11,118.83682250976562,119.17660443365664,117.03111582087004,118.85623544540636,86939800
2020-12-14,118.22520446777344,119.74937540549305,117.99221221288433,119.02126812811062,79184500
2020-12-15,124.14716339111328,124.16658373624205,120.50662638207584,120.71049556577894,157243700
2020-12-16,124.07918548583984,124.62283654813265,122.8656733598718,123.69086753088224,98208600
2020-12-17,124.94322967529297,125.79754711737371,124.30249159373241,125.13738869029768,94359800
2020-12-18,122.96278381347656,125.33156230733624,122.43854558581786,125.19564951572379,192541500
2020-12-21,124.4869613647461,124.56462794186098,119.84649077917257,121.37066217326294,121251600
2020-12-22,128.0303955078125,130.48654300822767,125.86547908382497,127.76827272564631,168904800
2020-12-23,127.13726806640625,128.56434495791908,126.96251458550923,128.30223695664824,88223700
2020-12-24,128.11773681640625,129.56424837102043,127.27313725268434,127.48671653761738,54930100
2020-12-28,132.69996643066406,133.33098674453512,129.61278420351022,130.07878347656896,124486200
2020-12-29,130.93310546875,134.7386778886634,130.41857748936,134.02028815847115,121047300
2020-12-30,129.81668090820312,132.02042318765425,129.50601467789232,131.62238763508645,96452100
2020-12-31,128.81674194335938,130.80690479845464,127.8750553457784,130.1661668388547,99116600
2021-01-04,125.63249969482422,129.70989788960378,123.05985224509121,129.62252856286995,143301900
2021-01-05,127.18576049804688,127.89446217243118,124.68106994978552,125.12764888414577,97664900
2021-01-06,122.90449523925781,127.22460245109659,122.69091593982311,123.99180466970292,155088000
2021-01-07,127.09842681884766,127.78770834669253,124.1277509770645,124.61315591365346,109578200
2021-01-08,128.1954345703125,128.75850602101508,126.42855365810287,128.56433221406948,105158200
2021-01-11,125.21504211425781,126.37030813032683,124.74905756448756,125.41891868730954,100384500
2021-01-12,125.04029083251953,125.90431086268742,123.15691766682359,124.74904496331433,91951100
2021-01-13,127.0693130493164,127.61296424812167,124.73937510775554,125.00148312714683,88636800
2021-01-14,125.1470947265625,127.17608365097323,125.00146436870398,126.98192465387714,90221800
2021-01-15,123.42875671386719,126.41885265934873,123.29284393513538,125.02088418474625,111598500
2021-01-19,124.09862518310547,124.9529425933155,123.23460500719132,124.05008172781939,90757300
2021-01-20,128.17601013183594,128.6225891348087,124.79759634893936,124.90438601399495,104319500
2021-01-21,132.87477111816406,135.5930423091138,129.69051523583008,129.89439187084045,120150900
2021-01-22,135.01055908203125,135.76778972652718,131.0787754658343,132.3019907807772,114459400
2021-01-25,138.74810791015625,140.85476298969073,132.55433784796116,138.8937382399215,157611700
2021-01-26,138.98117065429688,140.08789352147755,137.24341236503608,139.40832944748692,98390600
2021-01-27,137.9132537841797,140.0878733207545,136.31142335408737,139.24325862387312,140843800
2021-01-28,133.08828735351562,137.84526338322206,132.709672193958,135.44736243489726,142621100
2021-01-29,128.1080322265625,132.74850059959678,126.40911554734014,131.86506037119048,177523800
2021-02-01,130.22439575195312,131.42820495734406,127.10809049941766,129.84578061037203,106239800
2021-02-02,131.04962158203125,132.33108282824628,130.68070911395654,131.76801136085197,83305400
2021-02-03,130.03025817871094,131.80684177003687,129.70988918879502,131.7971241921303,89880900
2021-02-04,133.37957763671875,133.38928040334213,130.66130683037125,132.32139835278772,84183100
2021-02-05,132.96636962890625,133.60806525933478,132.09134092233725,133.54001472396752,75693800
2021-02-08,133.11219787597656,133.1608138714623,131.1773940055882,132.25660382908822,71297200
2021-02-09,132.23715209960938,134.05528941674183,132.0816016865625,132.83023162868662,76774200
2021-02-10,131.6343536376953,133.18997643259982,130.6718103643523,132.6941140635208,73046600
2021-02-11,131.38156127929688,132.6066041234454,130.05928645451803,132.13019115518452,64280000
2021-02-12,131.61489868164062,131.77046392162595,129.98150816834826,130.62320365664934,60145100
2021-02-16,129.49537658691406,132.23714344471992,129.10646349095452,131.731578673249,80576300
2021-02-17,127.21054077148438,128.55226480330498,125.8785488379043,127.60917107594058,97918500
2021-02-18,126.1119155883789,126.39386460486962,123.8757134782661,125.61605324019762,96856700
2021-02-19,126.26751708984375,127.0842275127841,125.2272056515802,126.62726370745071,87668800
2021-02-22,122.50482177734375,126.1216319880877,122.11591609767342,124.45906002205308,103916400
2021-02-23,122.36871337890625,123.19513336260104,115.10592588579131,120.32696770808406,158273000
2021-02-24,121.87284088134766,122.07701467726875,118.83939315022482,121.4742179705755,111039900
2021-02-25,117.6338119506836,122.95207880188819,117.19629763278513,121.2214560613868,148199500
2021-02-26,117.89630126953125,121.3867126364465,117.83796059992733,119.18940199791072,164560400
2021-03-01,124.24518585205078,124.38130174579385,119.38388273905605,120.31725204661986,116307900
2021-03-02,121.64923858642578,125.14937496490815,121.54228933610958,124.84797657824923,102260900
2021-03-03,118.67411804199219,122.22287046374831,118.46021953832745,121.34783450228308,112966300
2021-03-04,116.79766845703125,120.17141407750445,115.3295602258347,118.3727333702154,178155000
2021-03-05,118.05184936523438,118.55742889881681,114.30864851877307,117.62405985730818,153766600
2021-03-08,113.13223266601562,117.6435208042625,112.98639210708664,117.57546286579684,154376600
2021-03-09,117.73102569580078,118.67411961018901,115.4948308955723,115.72817134912674,129525800
2021-03-10,116.6518325805664,118.78107829664711,116.1365282204776,118.31439735247595,111943300
2021-03-11,118.576904296875,119.79223007158603,117.89632483014077,119.1408172366033,103026500
2021-03-12,117.67267608642578,117.80879195023273,115.85455386939371,117.06015469929451,88105100
2021-03-15,120.55057525634766,120.56029993815383,117.07960562741921,118.04214884674406,92403800
2021-03-16,122.08675384521484,123.69098519524891,121.26033388239702,122.21314504308985,115227900
2021-03-17,121.2992172241211,122.36870224795845,118.9463412703685,120.60891318675553,111932600
2021-03-18,117.18653869628906,119.76303010508991,116.98236491309837,119.47134903324158,121229700
2021-03-19,116.66152954101562,118.06158696536845,116.36013117462356,116.57402966087285,185549500
2021-03-22,119.96722412109375,120.4339124312078,116.92405138540522,116.99210932461362,111912300
2021-03-23,119.14080047607422,120.79364033005854,118.75189479932533,119.90888714776963,95467100
2021-03-24,116.75877380371094,119.49083117848545,116.73933185520713,119.41304854895056,88530500
2021-03-25,117.24488830566406,118.28521414548541,115.6989976953015,116.22401924724316,98844700
2021-03-26,117.84769439697266,118.11020888610055,115.62121696029041,117.0115497729694,94071200
2021-03-29,118.02269744873047,119.1796897776827,117.3810093980004,118.27548724702227,80819200
2021-03-30,116.57402801513672,117.06015823420087,115.56287626935224,116.77820181701264,85671900
2021-03-31,118.76161193847656,120.09360396821516,117.7893515172328,118.27548172785468,118323800
2021-04-01,119.58804321289062,120.7353109160336,119.09218827381586,120.22973871260609,75089100
2021-04-05,122.40760803222656,122.66039785902176,119.65610882120376,120.43392024929994,88651200
2021-04-06,122.70899200439453,123.6034698490668,122.16452851942161,122.99094842847227,80171300
2021-04-07,124.35209655761719,124.3715385002267,121.66865599429306,122.33951798956349,83466700
2021-04-08,126.74388122558594,126.77304785417073,124.95492543996741,125.3729903400282,88844600
2021-04-09,129.3105926513672,129.34947652754695,125.87851570242371,126.19936331407573,106686700
2021-04-12,127.59943389892578,129.16477341324395,127.00635458392291,128.8439257672083,91420000
2021-04-13,130.70095825195312,130.9245888251844,128.2703072556539,128.7661695536294,91266500
2021-04-14,128.3675537109375,131.25516860713591,128.00782207026887,131.19683535032675,87222800
2021-04-15,130.76905822753906,131.2551885555225,129.93291346998677,130.10792810253133,89347100
2021-04-16,130.43846130371094,130.9343087763494,129.5828673880838,130.57457716887737,84922400
2021-04-19,131.099609375,131.71213827061115,129.6412185458448,129.80650105955348,94264200
2021-04-20,129.4176025390625,131.7704712922572,128.15366085563892,131.27462375202614,94812300
2021-04-21,129.7967529296875,130.03981801008018,127.657783189335,128.68837675651753,68847100
2021-04-22,128.28009033203125,130.42877835874506,127.76479330288149,129.3495682940966,84566500
2021-04-23,130.5940399169922,131.37183646308597,128.49395363729542,128.49395363729542,78657500
2021-04-26,130.9829559326172,131.31352099303626,129.85513001828372,131.08990519751984,66905100
2021-04-27,130.66207885742188,131.6537886519638,130.38984712331498,131.26487557787047,66015800
2021-04-28,129.87457275390625,131.2746303918658,129.38844245381026,130.58431883810096,107760100
2021-04-29,129.77734375,133.2677706601101,128.775916495569,132.68440835234537,151101000
2021-04-30,127.8133773803711,129.8551156172827,127.4341963624076,128.1244930393449,109839500
2021-05-03,128.86338806152344,130.35096013574108,128.17309147912826,128.3772578570978,75135100
2021-05-04,124.30349731445312,127.84253218435018,123.18539631101322,127.55085108162373,137564700
2021-05-05,124.54656219482422,126.83136521554766,124.42016359645294,125.61603972510449,84000900
2021-05-06,126.14107513427734,126.15079239791494,123.60346736850425,124.34238738168023,78128300
2021-05-07,126.81310272216797,127.83569855183693,126.10213618024181,127.43640587981206,78973300
2021-05-10,123.54071044921875,126.16052814080854,123.50175308554266,126.03392971198666,88071200
2021-05-11,122.62525177001953,122.97585322059021,119.56716154628263,120.2781205077101,126142800
2021-05-12,119.56718444824219,121.38840273799539,119.06075342898632,120.18075382257017,112172300
2021-05-13,121.70974731445312,122.85896342688866,121.01827089354752,121.32992234283394,105861300
2021-05-14,124.12507629394531,124.55359993393608,122.56681864446786,122.95638491442686,81918000
2021-05-17,122.97586059570312,123.61864605940792,121.9045589198871,123.51151514879045,74244600
2021-05-18,121.59292602539062,123.67709735626846,121.52475247458096,123.25831484976348,63342900
2021-05-19,121.43708801269531,121.66108360866002,119.65482729355216,119.94700386173781,92612000
2021-05-20,123.98872375488281,124.3880312073582,121.83637931031465,121.96299261493283,76857100
2021-05-21,122.15777587890625,124.66072928690556,121.94351406158702,124.48542483913151,79295400
2021-05-24,123.7842025756836,124.60229244585756,122.65446862112498,122.72264215777629,63092900
2021-05-25,123.58943939208984,124.97240013629873,123.02456862546644,124.48543668582127,72009500
2021-05-26,123.54071044921875,124.06662371330985,123.12192807764754,123.64784134173864,56575900
2021-05-27,122.01168823242188,124.31012103497811,121.816908814046,123.14142966400581,94625600
2021-05-28,121.35916137695312,122.51811890538758,121.30072904118603,122.29411590101695,71311100
2021-06-01,121.03778839111328,122.07987398745031,120.7066618606694,121.81692100329542,67637100
2021-06-02,121.79744720458984,121.97275168319568,120.81380131441908,121.03779694075112,59278900
2021-06-03,120.31709289550781,121.59291527515944,119.91778539724056,121.42735201359653,76229200
2021-06-04,122.60577392578125,122.86873431142617,120.61899267015994,120.83325448650514,75169300
2021-06-07,122.61550903320312,123.02455024570587,121.57342360305104,122.878461975424,71057600
2021-06-08,123.43360900878906,125.10874632513031,122.91743682004416,123.29726191856811,74403800
2021-06-09,123.81343078613281,124.41725890545642,123.21934386738059,123.89134552998598,56877900
2021-06-10,122.82003021240234,124.84576874618693,122.654466972811,123.70628617695928,71186400
2021-06-11,124.02767944335938,124.11533537847384,122.81028956380078,123.22907197958327,53522400
2021-06-14,127.0760269165039,127.13445925571631,123.75499103493249,124.48542499652146,96906500
2021-06-15,126.2579345703125,127.19289650672997,126.0144566021608,126.5501111042377,62746300
2021-06-16,126.75465393066406,127.47535423486387,125.1087549638898,126.96891578162294,91815000
2021-06-17,128.3518524169922,129.0920350275276,126.26768138864819,126.41377710106734,96721700
2021-06-18,127.05656433105469,128.07916002857564,126.84230250511071,127.30004232774398,108953300
2021-06-21,128.8485565185547,128.95568742961305,125.8391720998025,126.90073257983343,79663300
2021-06-22,130.4846954345703,130.58209255634193,128.18626305147518,128.6829675675103,74783600
2021-06-23,130.21202087402344,130.81585637036997,129.75428108226635,130.28020184164183,60214200
2021-06-24,129.92959594726562,131.12750347675475,129.46210751467535,130.94245782977737,68711000
2021-06-25,129.63742065429688,130.39707078875628,129.3452440962624,129.97829578212327,70783700
2021-06-28,131.26385498046875,131.72159479819973,129.87116798746578,129.9296003283306,62111300
2021-06-29,132.7733917236328,132.92922117145156,130.84505060419642,131.28330792306184,64556100
2021-06-30,133.38697814941406,133.82523552499876,132.32540290188453,132.61757943917965,63261400
2021-07-01,133.68885803222656,133.747290354245,132.21824191143713,133.03633900183303,52485800
2021-07-02,136.3087158203125,136.3476657575281,134.15636398642496,134.30244482687868,78852600
2021-07-06,138.31497192382812,139.41548226335163,136.4158466947496,136.4158466947496,108181800
2021-07-07,140.79847717285156,141.11012131228122,138.93830152510142,139.79533405407227,104911600
2021-07-08,139.50315856933594,140.30175867225685,137.00019762598444,137.88646110200742,105575500
2021-07-09,141.32435607910156,141.8502619651795,138.92852627188464,139.02592340594762,99890800
2021-07-12,140.7302703857422,142.5027971874123,140.24331443285035,142.39566628334748,76299700
2021-07-13,141.84056091308594,143.61308810901411,139.88300289690474,140.27256180158014,100827100
2021-07-14,145.25897216796875,145.66802829472786,143.82732030646622,144.23637643322533,127050800
2021-07-15,144.60647583007812,146.08682649960923,143.2527384989439,145.3466585952039,106820300
2021-07-16,142.5709686279297,145.85304711779946,142.0742788872529,144.58697348148013,93251400
2021-07-19,138.73373413085938,140.3114813657128,137.97408410918416,139.9998224538897,121434600
2021-07-20,142.3372039794922,143.26243208036362,139.2304378127707,139.71739371398104,96350000
2021-07-21,141.60678100585938,142.31774737595725,140.85687956010295,141.73339430532917,74993500
2021-07-22,142.9702606201172,144.33373124740575,142.006082551789,142.13269584600698,77338200
2021-07-23,144.68435668945312,144.84018616778306,143.0871416883638,143.7007109713398,71447400
2021-07-26,145.10317993164062,145.9212625899734,143.8468249071035,144.40196197857813,72434100
2021-07-27,142.94107055664062,145.31741825019225,141.7528967098648,145.22975487472473,104818600
2021-07-28,141.19776916503906,143.13585955365372,138.82142131266863,141.03220589476328,118931200
2021-07-29,141.84056091308594,142.72682451105,140.8082164410485,140.91534736894218,56699500
2021-07-30,142.05479431152344,142.51253410621536,140.35044843873504,140.61340882010876,70440600
2021-08-02,141.72369384765625,143.11638102630255,141.46073341799487,142.5417764502479,62880000
2021-08-03,143.51568603515625,144.17793912255732,141.39254995347815,142.0061193250026,64786600
2021-08-04,143.11636352539062,143.9344460279435,142.4638442773508,143.42802249439222,56368300
2021-08-05,143.22348022460938,143.9831303102646,142.35669923658142,143.1455654900914,46397700
2021-08-06,142.54074096679688,143.48685218422662,142.0433070322341,142.74557545925379,54126800
2021-08-09,142.49195861816406,143.08693557693016,141.93600483737242,142.59925003312128,48908700
2021-08-10,142.01402282714844,144.072056221946,141.72140855204836,142.83333089104445,69023100
2021-08-11,142.26763916015625,143.10645895995768,141.94576488875748,142.45296206335397,48493500
2021-08-12,145.22299194335938,145.37905487994794,142.24810732768088,142.58949314109574,72282600
2021-08-13,145.4278106689453,145.75943321107025,144.6182510163609,145.3010076863179,59375000
2021-08-16,147.39810180664062,147.4663849394875,142.86263134674047,144.88164213986906,103296000
2021-08-17,146.490966796875,147.94426000150526,145.41805278817236,146.52997508674613,92229700
2021-08-18,142.7553253173828,147.00794422226895,142.55049082276733,146.1106045300614,86326000
2021-08-19,143.08692932128906,144.35491465635323,140.9411159989395,141.45806146213795,86960300
2021-08-20,144.540283203125,144.84264594132074,143.16500602328074,143.80875468826986,60549600
2021-08-23,146.02284240722656,146.49101645929602,144.24765951519495,144.65731367112883,60131800
2021-08-24,145.93502807617188,147.14449367144724,145.4766024407117,145.7692167650667,48606400
2021-08-25,144.7060546875,146.6177885615759,144.15984926147306,146.12033978338724,58991300
2021-08-26,143.90625,145.44733817166107,143.87699005673284,144.6963131171606,48597200
2021-08-27,144.94017028808594,145.08647001894514,143.2137590490284,143.84774439339665,55802400
2021-08-30,149.3488311767578,149.70972863585897,144.94991248756867,145.33030665463397,90956700
2021-08-31,148.0906219482422,149.03673327230263,147.56391312712373,148.90018188960238,86453100
2021-09-01,148.75384521484375,151.1630130890743,148.58803390921838,149.06597111930256,80313700
2021-09-02,149.8657684326172,150.90942268736845,148.64655451799135,150.08035127222993,71115500
2021-09-03,150.499755859375,150.82163009154993,149.31955034140017,149.9730471583683,57808700
2021-09-07,152.83091735839844,153.3868712092461,150.58756059759483,151.1532776856572,82278300
2021-09-08,151.28977966308594,153.1722383409362,150.18760579250247,153.11371846868906,74420200
2021-09-09,150.2754364013672,152.26518694823613,150.15838174591684,151.66046161317462,57305700
2021-09-10,145.30104064941406,151.65070144497142,145.03768627305047,151.1825274626448,140893200
2021-09-13,145.8667449951172,147.69068411470718,145.0864451705449,146.9201475258426,102404300
2021-09-14,144.47195434570312,147.34931083330153,143.29176371635268,146.64704249063803,109296300
2021-09-15,145.3595733642578,145.7594791408811,142.76508231790012,144.90114769505237,83281300
2021-09-16,145.12548828125,145.30106285331667,143.59416308886955,144.78411725815147,68034100
2021-09-17,142.46273803710938,145.1547725078231,142.17012365338147,145.1547725078231,129868800
2021-09-20,139.41954040527344,141.272739448902,137.79067253613061,140.25836010441694,123478900
2021-09-21,139.89747619628906,141.03867353306788,139.2634909051742,140.38516176883357,75834000
2021-09-22,142.25790405273438,142.82360628582634,140.16084691647131,140.89237536058963,76404300
2021-09-23,143.2137451171875,143.457587900221,142.0530510886709,143.03817057425258,64838200
2021-09-24,143.301513671875,143.8379707289355,141.97500844122595,142.0725514999574,53477900
2021-09-27,141.78970336914062,142.36518367517027,140.2778899497781,141.8872464401241,74150700
2021-09-28,138.4149169921875,141.18496735666514,138.2003341585889,139.7219107001194,108972300
2021-09-29,139.31224060058594,140.89233684538155,138.53194083023718,138.961106448078,74602000
2021-09-30,138.01504516601562,140.8241193990878,137.8004622797123,140.12185084081975,89056700
2021-10-01,139.1366729736328,139.40002732180153,135.68386603878685,138.40514469326044,94639600
2021-10-04,135.713134765625,138.7075311976416,134.86456666800945,138.26860229461653,98322000
2021-10-05,137.63462829589844,138.73680249578317,135.92772872481194,136.0545317412187,80861100
2021-10-06,138.502685546875,138.6489852474294,134.96208396365105,136.03499804431914,83221100
2021-10-07,139.76089477539062,140.66799748439982,139.20494108139994,139.5365636274982,61732700
2021-10-08,139.3805389404297,140.62901288949595,139.04891630336158,140.48271316225515,58773200
2021-10-11,139.29275512695312,141.2434974770439,138.31738395190774,138.76606124094116,64452200
2021-10-12,138.02481079101562,139.72196249967246,137.56638501137246,139.70245090311667,73035900
2021-10-13,137.43959045410156,137.91751292510295,135.77169877629538,137.76146480887073,78762700
2021-10-14,140.21932983398438,140.33638447460456,138.02474508035556,138.6099736345154,69907100
2021-10-15,141.27273559570312,141.33125547588753,139.97549034735292,140.22909633879294,67940300
2021-10-18,142.94065856933594,143.2235096811566,139.63415065247935,139.9170017643,85589200
2021-10-19,145.09620666503906,145.49611240776287,142.94064476173952,143.38930715549284,76378900
2021-10-20,145.58387756347656,146.06181473584434,144.4719551618084,145.03767215675973,58418800
2021-10-21,145.7984161376953,145.9544790302465,144.22806862846846,145.14491951848592,61421000
2021-10-22,145.0279083251953,146.48120150945985,144.97913680130506,146.0032792710822,58883400
2021-10-25,144.97915649414062,145.69117321411855,143.98427382696465,145.0181647887637,50720600
2021-10-26,145.6424560546875,147.12500978003416,145.34007843670338,145.65220441024096,60893400
2021-10-27,145.1840362548828,146.04235295115012,144.8329019618233,145.68147030213953,56094900
2021-10-28,148.81240844726562,149.39762230558532,146.03259425054543,146.13013733509126,100077900
2021-10-29,146.11061096191406,146.24716233667445,142.8041031388741,143.59415144162946,124953200
2021-11-01,145.2913055419922,146.01307072992742,144.1598713388164,145.3205654883688,74588300
2021-11-02,146.3251190185547,147.8369466053322,144.9888510168731,144.99861424914022,69122000
2021-11-03,147.7589569091797,148.22713081802038,146.13008913879244,146.686042864982,54511500
2021-11-04,147.24203491210938,148.6758168059769,146.92990900121129,147.84676026074618,60394600
2021-11-05,147.76950073242188,148.66815006608644,146.57781000839395,148.36534609443586,65463900
2021-11-08,146.948974609375,148.0527572213007,146.67547332752292,147.8964665160418,55020900
2021-11-09,147.31040954589844,147.9160175036458,146.57781350486675,146.71456416967115,56787900
2021-11-10,144.48748779296875,146.64621090035791,144.4191199061072,146.53876287411308,65187100
2021-11-11,144.43862915039062,145.96242651484354,144.25303577054234,145.5033467129879,41000000
2021-11-12,146.50942993164062,146.90990439693277,144.05766590459464,144.9856178095641,63804000
2021-11-15,146.51918029785156,148.35555879375588,145.96240025846288,146.88058950641502,59222800
2021-11-16,147.49598693847656,147.97462166575806,145.87450429964008,146.46058703081326,59256200
2021-11-17,149.92823791503906,151.40319268452978,147.48625093625634,147.4960135184774,88807000
2021-11-18,154.20655822753906,154.98799688592075,149.4984160214015,150.1431040324191,137827700
2021-11-19,156.82440185546875,157.2834965855034,152.897682743032,153.99168810581827,117305600
2021-11-22,157.2834930419922,161.85488526610547,157.26395297389544,157.92816624213555,117467900
2021-11-23,157.66445922851562,158.04540862120066,155.36898538496055,157.38118037733318,96041900
2021-11-24,158.18214416503906,158.37750013405517,155.9355132595911,157.01975602804134,69463600
2021-11-26,153.171142578125,156.72667394842426,152.73158803573577,155.86710492688786,76959800
2021-11-29,156.52159118652344,157.44954318891868,155.10522691977297,155.67176964553224,88748200
2021-11-30,161.46417236328125,161.67906839694083,156.2090119296681,156.2773947152438,174048100
2021-12-01,160.94644165039062,166.3481143018466,160.7120055934647,163.59354652559932,152052500
2021-12-02,159.95986938476562,160.38966136948252,154.13818224096923,155.05637149837315,136739200
2021-12-03,158.08447265625,161.13208267929107,156.0136723737617,160.21389314884243,118023100
2021-12-06,161.4837188720703,163.98431110380426,160.46784396248754,160.47760654451426,107497000
2021-12-07,167.20770263671875,167.598429443289,164.4336093812365,165.15644279486372,120405400
2021-12-08,171.0172119140625,171.87679598965886,166.7388465074218,168.13567063026588,116998900
2021-12-09,170.50929260253906,172.64847553279014,169.8841445461616,170.85117673379307,108923700
2021-12-10,175.2858123779297,175.46164318083981,170.63627480069655,171.1442122366866,115402700
2021-12-13,171.66192626953125,177.90364454540125,171.45679280017228,176.91707224257422,153237000
2021-12-14,170.28460693359375,173.6154801461527,168.21380712036787,171.1832561903654,139380400
2021-12-15,175.13926696777344,175.33462289814014,168.31146765189683,171.04649539113694,131063300
2021-12-16,168.2626495361328,176.93659123544322,166.78769490587976,175.11975249855263,150185800
2021-12-17,167.1686248779297,169.444558052229,165.75227570894924,165.98669687061619,195432700
2021-12-20,165.81088256835938,166.62162387110183,163.57402950297322,164.374993320752,107499100
2021-12-21,168.97569274902344,169.1808112556796,165.19548774606798,167.57886880713295,91185900
2021-12-22,171.564208984375,171.77910499631244,168.15519034473417,169.02453697313442,92135300
2021-12-23,172.18939208984375,172.74617229930396,171.20283467351487,171.76937746561768,68356600
2021-12-27,176.1453857421875,176.2332936859138,172.96104046356876,172.9805656257053,74919600
2021-12-28,175.12954711914062,177.12221701690328,174.38718837755263,175.97936879820426,79144300
2021-12-29,175.2174072265625,176.43840038673264,174.0061766459811,175.16856451921535,62348900
2021-12-30,174.0648193359375,176.379833000267,173.95737131856603,175.30535282655248,59773000
2021-12-31,173.44943237304688,175.0709001571645,173.14661351296067,173.9573548573712,64062300
2022-01-03,177.78640747070312,178.6362290402615,173.58620196027948,173.70341256103026,104487900
2022-01-04,175.53001403808594,178.69483440178558,174.9634712930882,178.3920304132724,99310400
2022-01-05,170.86093139648438,175.9891036993743,170.58743006603996,175.44210103848545,94537600
2022-01-06,168.0086669921875,171.23209207239668,167.65702034880644,168.6924202141222,96904000
2022-01-07,168.1747283935547,170.09901499255682,167.06118311991872,168.8780217142409,86709100
2022-01-10,168.1942596435547,168.4970635759533,164.26754129298973,165.15642793014217,106765600
2022-01-11,171.0172119140625,171.1148824378415,166.85607200254188,168.32126400156088,76138300
2022-01-12,171.45675659179688,173.06846173538992,170.7632407657719,172.0330618342014,74805200
2022-01-13,168.1942596435547,172.52145244084235,167.80353287215138,171.70094857794888,84505800
2022-01-14,169.05386352539062,169.74737940608347,167.11979931497876,167.36399798657283,80440800
2022-01-18,165.85972595214844,168.53613361538314,165.47877665458643,167.53003637041928,90956700
2022-01-19,162.37258911132812,167.11004966883394,162.08932518842298,166.0551095373263,94815000
2022-01-20,160.69247436523438,165.74250066133902,160.3701303584997,163.10515822088573,91420500
2022-01-21,158.64122009277344,162.470253269675,158.5337720868401,160.60457194151562,122848900
2022-01-24,157.8695526123047,158.53378075020058,151.11013516388041,156.30669005524535,162294600
2022-01-25,156.0722198486328,158.98306320756222,153.37627246633923,155.2907812885663,115798400
2022-01-26,155.98434448242188,160.57527648713483,154.15774320444362,159.70592982008216,108275300
2022-01-27,155.52525329589844,160.0380400395087,154.6070638933257,158.68029600296296,121954600
2022-01-28,166.37742614746094,166.39696621279427,159.02216399560837,161.86463986114418,179935700
2022-01-31,170.72413635253906,170.9390323284137,165.5764253199615,166.2113506685732,115541600
2022-02-01,170.55812072753906,170.78277933201363,168.31148996868112,169.9720379540269,86213900
2022-02-02,171.7595977783203,171.79867791780276,169.30784814286474,170.6948950003688,84914300
2022-02-03,168.88780212402344,172.15030783567607,168.125903430298,170.4311395793071,89418100
2022-02-04,168.60414123535156,170.27659447810953,166.9316879925936,167.9097269846018,82465400
2022-02-07,167.8902130126953,170.1299162190593,167.19579861278513,169.0638570704662,77251200
2022-02-08,170.9906005859375,171.499185164809,167.66525824555538,167.9586729996618,74829200
2022-02-09,172.4087677001953,172.7706374679008,171.05906868207904,172.18382283840776,71285000
2022-02-10,168.34010314941406,171.6263154743887,167.78262856301606,170.31574652168356,90865900
2022-02-11,164.9365234375,169.27901969811438,164.34969397169522,168.545490327705,98670700
2022-02-14,165.1712188720703,165.8558431366665,162.90216139662053,163.6943705402025,86185500
2022-02-15,168.99537658691406,169.1518664311418,166.5111637354937,167.2153531108256,62527400
2022-02-16,168.76065063476562,169.53329496166765,166.31555287107355,168.0760262456703,61177400
2022-02-17,165.1712188720703,168.1346756288642,164.77021933006054,167.27399659697775,69589300
2022-02-18,163.62596130371094,166.79479876362558,162.54033719370844,166.0906242687398,82772700
2022-02-22,160.71139526367188,163.02934320107533,158.58903724171788,161.35688974047144,91162800
2022-02-23,156.55474853515625,162.50121399005073,156.24176881453315,161.90460945584556,90009200
2022-02-24,159.1660919189453,159.27367681919955,148.66194638721413,149.22921086821898,141147500
2022-02-25,161.22976684570312,161.4938266826065,157.3371601146723,160.24193771015948,91974200
2022-02-28,161.4938201904297,161.78723492110947,158.86289248069977,159.479061922758,95056600
2022-03-01,159.61599731445312,162.9413396082361,158.4130132555384,161.08305614073245,83474400
2022-03-02,162.90220642089844,163.68464076398826,159.37148431939156,160.77986315221446,79724800
2022-03-03,162.5794677734375,165.20062084345977,161.9144082164394,164.7702811660162,76678400
2022-03-04,159.58665466308594,161.91439273743828,158.54016047816125,160.87767357199544,83737200
2022-03-07,155.8016357421875,161.3960207362876,155.54733601828758,159.7724722055909,96418800
2022-03-08,153.98248291015625,159.30301816152476,152.37849933499598,155.33218168421902,131148300
2022-03-09,159.37149047851562,159.82139509337992,155.90923815043413,157.9337716080875,91454900
2022-03-10,155.0387725830078,156.86770104560523,152.55454474714313,156.68187121650197,105342000
2022-03-11,151.33200073242188,155.78208206231224,151.10705589580672,155.4397623739769,96970100
2022-03-14,147.31228637695312,150.73542420084024,146.80371664532285,148.1240608517471,108732100
2022-03-15,151.68409729003906,152.15356685525754,147.07754097449947,147.58611061794517,92964300
2022-03-16,156.0852813720703,156.48628104894496,151.06795013405093,153.60106822684398,102300200
2022-03-17,157.09262084960938,157.46428044860957,154.16829376386883,155.12676781405298,75615400
2022-03-18,160.3788604736328,160.86788006337628,156.25153394230247,156.98506332691767,123511700
2022-03-21,161.74813842773438,162.69683770871782,159.43017522147943,159.91919485399893,95811400
2022-03-22,165.11256408691406,165.69937857870127,161.2884277154457,161.8752422072329,81532000
2022-03-23,166.4720458984375,168.84867380689857,163.9682532045546,164.30079784879288,98062700
2022-03-24,170.24729919433594,170.31575418142768,166.47206709718986,167.30339150441574,90131400
2022-03-25,170.8830108642578,171.43071043053845,168.95627243907444,170.06146151483682,80546200
2022-03-28,171.7436981201172,171.87083307439428,168.22275085370143,168.38901573521346,90371900
2022-03-29,175.0299072265625,175.07879724912362,172.46743429498167,172.80975399507543,100589400
2022-03-30,173.86602783203125,175.66561632731086,172.81951875433577,174.6288971925018,92633200
2022-03-31,170.7754364013672,174.12032889178556,170.57004158960083,173.9344990439243,103049300
2022-04-01,170.4820098876953,171.0394993928561,168.1640617684755,170.20816010667752,78751300
2022-04-04,174.5213165283203,174.57022147286082,170.60915974417932,170.73630961524591,76468400
2022-04-05,171.21551513671875,174.38436705774205,170.589570736433,173.6019328264619,73401800
2022-04-06,168.05650329589844,169.8169771105806,166.39383938569154,168.57486295748595,89058800
2022-04-07,168.3596649169922,169.55287391806212,166.11996174699982,167.401190693142,77594700
2022-04-08,166.35467529296875,168.00756384278074,165.48422104719532,168.00756384278074,76575500
2022-04-11,162.1099395751953,165.3179058130145,161.8654298624122,165.00494114097017,72246700
2022-04-12,163.9780731201172,166.13953162244414,162.98046885243798,164.33016786613953,79265200
2022-04-13,166.65786743164062,167.28381189911025,163.10759541750994,163.7139749230824,70618900
2022-04-14,161.6600799560547,167.5087646523774,161.41557017548345,166.8730302686766,75329400
2022-04-18,161.44493103027344,162.94132974863555,159.977872292766,160.32017704396847,69023900
2022-04-19,163.72373962402344,164.13452917950872,160.31039271090148,161.3960167105301,67723800
2022-04-20,163.55747985839844,165.17125338034182,162.45230578739907,165.05387853639598,67929800
2022-04-21,162.76528930664062,167.76307044383682,162.26649466439048,165.2006123983915,87227800
2022-04-22,158.23690795898438,164.18338629543857,157.9532832428045,162.8043627806477,84882400
2022-04-25,159.3030242919922,159.58664908398902,154.98009296481885,157.5816658069576,96046400
2022-04-26,153.35655212402344,158.7748828167284,153.2783071958642,158.6868628689345,95623200
2022-04-27,153.13157653808594,156.28084845296394,151.96770771639416,152.48606720314393,88063200
2022-04-28,160.04635620117188,160.90703559165522,155.43978436635686,155.7527641169675,130216800
2022-04-29,154.18788146972656,162.55012002443183,153.7966717400247,158.2858683064252,131747600
2022-05-02,154.49107360839844,154.7551334388098,149.9040675207667,153.2685246478865,123055300
2022-05-03,155.9776611328125,157.18065989099466,152.88706912402677,154.67686742533908,88966500
2022-05-04,162.3740234375,162.82391297722876,155.7624708783281,156.16347041168282,108256500
2022-05-05,153.32717895507812,160.47664169209344,151.54714080304078,160.25169689963175,130525300
2022-05-06,154.05203247070312,156.16770488216497,151.0156499387557,152.80809337522012,116124600
2022-05-09,148.93911743164062,152.63174611813972,148.38082388612466,151.7502087551316,131577900
2022-05-10,151.33883666992188,153.52307898712107,149.7912627423493,152.32811702969943,115366700
2022-05-11,143.4932403564453,152.25954795565056,142.81739949520818,150.34957266016625,142689800
2022-05-12,139.63414001464844,143.1994331763469,135.95131447864176,139.83983661531016,182602000
2022-05-13,144.09071350097656,145.0604001115948,140.17280954058904,141.62242982115953,113990900
2022-05-16,142.55294799804688,144.49232147743598,141.22085987637433,142.56275232444813,86643800
2022-05-17,146.17701721191406,146.69613834453236,143.66954586445135,145.80481151470883,78336300
2022-05-18,137.9298095703125,144.3355756662519,137.02867854993576,143.83604831537036,109742900
2022-05-19,134.5310821533203,138.7526228149115,133.79647489353653,137.0091561140078,136095600
2022-05-20,134.76612854003906,137.81230015984903,129.8883411847853,136.23534285932448,137426100
2022-05-23,140.1728515625,140.31976702681078,134.82490447725766,134.96203055915507,117726300
2022-05-24,137.47926330566406,139.05622039365426,134.51145197634384,137.92002455292192,104132700
2022-05-25,137.63601684570312,138.87994101283223,135.5007506936718,135.58889997563415,92482700
2022-05-26,140.8290557861328,141.37755994588284,134.32533585009304,134.57020484609697,90601500
2022-05-27,146.56884765625,146.6080201361109,142.2787362487316,142.40607296312103,90978500
2022-05-31,145.7852325439453,147.56788638378129,143.82628016379354,146.01052282850958,103718400
2022-06-01,145.6579132080078,148.62572491730577,144.6490389655957,146.8234773391278,74286600
2022-06-02,148.10658264160156,148.16534881431244,143.84585577263883,144.7959487531145,72348100
2022-06-03,142.39625549316406,144.93309527765794,141.49513917786348,143.88504856420633,88570300
2022-06-06,143.14065551757812,145.5207905259265,141.9260996131152,144.01238876362018,71598400
2022-06-07,145.6579132080078,145.94195473174813,141.14252729935507,141.3873963509184,67808200
2022-06-08,144.92330932617188,146.7940975636926,144.43357121198528,145.53057980516448,53950200
2022-06-09,139.71250915527344,144.91352630119295,139.60476615648915,144.06138663984123,69473000
2022-06-10,134.31558227539062,137.87107088214006,134.24701176433422,137.40092646925825,91437900
2022-06-13,129.17330932617188,132.4251621177248,128.74233746263164,130.1429810735186,122207100
2022-06-14,130.03524780273438,131.1420606306549,128.7815195311164,130.39766413988795,84784300
2022-06-15,132.65042114257812,134.52122379977993,129.44754553707168,131.5338191539686,91533000
2022-06-16,127.39070129394531,129.67288315497842,126.39163115684893,129.36924785488642,108123900
2022-06-17,128.8599090576172,130.34871732723784,127.14582540730095,127.4004988291183,134520300
2022-06-21,133.08143615722656,134.24701531100777,130.58378362269173,130.68172228241795,81000500
2022-06-22,132.57211303710938,134.93263938077834,131.16166488175563,132.0235937967665,73409200
2022-06-23,135.4321746826172,135.74559928638683,132.84635818263115,134.0119372202921,72433800
2022-06-24,138.75257873535156,138.99744774415504,136.901369626622,137.02869134817942,89116800
2022-06-27,138.75257873535156,140.5450216732672,138.07673787975503,139.77122723590202,70207900
2022-06-28,134.61920166015625,140.47646473111445,134.50166930718802,139.21294709984699,67083400
2022-06-29,136.37246704101562,137.7829151592785,133.8650103621575,134.63880492913648,66242400
2022-06-30,133.91400146484375,135.53013138802967,131.0245493574635,134.4331227102609,98964500
2022-07-01,136.07859802246094,136.18634098386156,132.87572215700436,133.2479128863371,71051600
2022-07-05,138.6546173095703,138.70359409768392,134.1196387404863,134.94240992218974,73353800
2022-07-06,139.9867401123047,141.16210859174285,138.1845074474581,138.44897021265854,74064300
2022-07-07,143.34634399414062,143.5422362397496,140.3393449670909,140.34913434840425,66253700
2022-07-08,144.0221405029297,144.52168281438622,142.02401609395528,142.27867446652914,64547800
2022-07-11,141.89669799804688,143.63037488194183,140.82907263468897,142.6802818681296,63141600
2022-07-12,142.8663787841797,145.40321819395862,142.07300556646354,142.768425199881,77588800
2022-07-13,142.50399780273438,143.44428658574307,139.20315284375937,140.05530730128564,71185600
2022-07-14,145.42279052734375,145.89293478252006,140.30992504725015,141.1228918514691,78140700
2022-07-15,147.08790588378906,147.76374670018814,145.15833701067942,146.70591085003534,76259900
2022-07-18,144.05157470703125,148.4592176926782,143.68915834296686,147.64625063740658,81420900
2022-07-19,147.90090942382812,148.1261847699647,143.89485526545627,144.88412086859606,82982400
2022-07-20,149.89906311035156,150.5651148404318,147.2838628908706,148.01847019788067,64823400
2022-07-21,152.16162109375,152.3771070356204,148.821603940378,151.32906041419434,65086600
2022-07-22,150.927490234375,153.0725455912705,150.26145356507448,152.20081233549695,66675400
2022-07-25,149.81085205078125,151.85795331530994,149.15460492057616,150.84909422530328,53623900
2022-07-26,148.4885711669922,149.9479808770686,147.70498735893062,149.1350139839463,55138700
2022-07-27,153.57205200195312,154.1009774684585,149.03708779660727,149.44846596743406,78620700
2022-07-28,154.12057495117188,154.40461645264705,151.24091273921562,153.7581586202447,81378700
2022-07-29,159.1746826171875,160.27170619819887,156.226464436767,157.93075852013737,101786900
2022-08-01,158.1951904296875,160.2325026515257,157.58791998844677,157.7054523459462,67829400
2022-08-02,156.72593688964844,159.0766880696811,156.35374620232938,156.81410108129182,59907000
2022-08-03,162.7203826904297,163.17093336402678,157.45079605540153,157.53894532472003,82507500
2022-08-04,162.4069061279297,163.75858773192834,161.05522452393103,162.6027983303137,55474100
2022-08-05,162.18133544921875,162.67175374212067,159.87636348602825,160.08234575425365,56697000
2022-08-08,161.7105255126953,164.59418751238474,161.0533667864172,163.18178041324063,60276900
2022-08-09,161.75958251953125,162.6423445061743,160.1215870695177,160.8768354992681,63135500
2022-08-10,165.99681091308594,166.09488560468589,163.70164162721542,164.46669306704544,70170500
2022-08-11,165.26116943359375,167.713261012407,164.9669154508603,166.80107516257124,57149200
2022-08-12,168.80201721191406,168.87066800455992,166.15374591104305,166.56571053244468,68039400
2022-08-15,169.8711395263672,170.06730390664768,168.06640328157403,168.2331437531316,54091700
2022-08-16,169.7141571044922,170.38113378052608,168.37041574061854,169.4689479524639,56377100
2022-08-17,171.20506286621094,172.77439273368478,169.26301023326062,169.45917459589717,79542000
2022-08-18,170.812744140625,171.54837183281785,169.8024833073242,170.42041535800897,62290100
2022-08-19,168.23312377929688,170.4105825645676,168.02714147630917,169.71418188591318,70346300
2022-08-22,164.35885620117188,166.6049662493079,163.93708852680126,166.43822576244926,69026800
2022-08-23,164.02529907226562,165.4769480040651,163.4564120530002,163.87817957003261,54147100
2022-08-24,164.319580078125,164.88846719098774,163.06411023124903,164.11361274111158,53841500
2022-08-25,166.77162170410156,166.87951431310276,165.12382363903936,165.54557613198625,51218200
2022-08-26,160.48446655273438,167.77208967610682,160.42561875617696,167.30129233726979,78961000
2022-08-29,158.2873992919922,159.7782599974509,156.75729674532928,158.06179612101135,73314000
2022-08-30,155.86476135253906,159.44480926961938,154.6975633016655,159.02305667853338,77906200
2022-08-31,154.20712280273438,157.5027341926007,154.12865408316875,157.23790413486398,87991100
2022-09-01,154.93299865722656,155.38417523650494,151.7060369719439,153.63828680423725,74229900
2022-09-02,152.82412719726562,157.2869361057138,152.00022815870258,156.68862526348613,76957800
2022-09-06,151.56871032714844,154.07965015411935,150.74481100262022,153.47153612406976,73714800
2022-09-07,152.97129821777344,153.6676838931478,150.66632598771957,151.85314497915547,87449600
2022-09-08,151.50003051757812,153.36361410419434,149.75412756943635,151.6765739248584,84923800
2022-09-09,154.35427856445312,154.79566708651402,151.7844910019974,152.49069467763707,68028800
2022-09-12,160.29812622070312,161.11222243462,156.24728104104713,156.53171708379904,104956000
2022-09-13,150.8918914794922,157.46349338077283,150.43089710301157,156.8357585865151,122656600
2022-09-14,152.333740234375,154.08944624806267,150.66632089509483,151.82370097735972,87965400
2022-09-15,149.45010375976562,152.26511565335673,148.47908487159995,151.6864105462559,90481100
2022-09-16,147.8120880126953,148.44964084888636,145.52673670084437,148.31232430924803,162278800
2022-09-19,151.51963806152344,151.59810678770754,146.2427471814607,146.44871449211215,81474200
2022-09-20,153.8932647705078,155.05065980282333,150.14647654096675,150.4603364872082,107689800
2022-09-21,150.7742462158203,155.69805153828966,150.65655057959955,154.32487092805448,101696800
2022-09-22,149.81301879882812,151.5098622787984,148.01808565192604,149.45991695080835,86652500
2022-09-23,147.54722595214844,148.56730428254153,145.71306650576898,148.2926712627535,96029900
2022-09-26,147.8807373046875,150.82324708343862,146.77238716545008,146.79200808789446,93339400
2022-09-27,148.85177612304688,151.75505941669135,147.07646404392761,149.81300689014782,84442700
2022-09-28,146.96856689453125,147.75323924438212,142.06438341593866,144.81072915722658,146691400
2022-09-29,139.7495880126953,143.90834038923484,137.9840792223541,143.3002265150421,128138200
2022-09-30,135.55162048339844,140.35772899315157,135.35545614892226,138.5725991267457,124925300
2022-10-03,139.72015380859375,140.32828260431316,135.05137754414199,135.56141670515206,114311700
2022-10-04,143.30023193359375,143.41792753527417,141.4954812316815,142.25072959734777,87830100
2022-10-05,143.594482421875,144.55571313373582,140.26944671107276,141.3091461524557,79471000
2022-10-06,142.6431121826172,144.71267877084333,142.43714480179722,143.01583501737528,68402200
2022-10-07,137.4053955078125,140.35772324812106,136.7776606833551,139.80844218113944,85925600
2022-10-10,137.7290802001953,139.17091126885134,135.91454138275128,137.7290802001953,74899000
2022-10-11,136.31668090820312,138.64127407342733,135.57125040118655,137.21904887976436,77033700
2022-10-12,135.68894958496094,137.67024396939837,135.51240615749046,136.46381898254117,70433700
2022-10-13,140.24984741210938,140.8383404618952,131.7950247428473,132.4031536839207,113224000
2022-10-14,135.7281494140625,141.75048447082304,135.54178809850927,141.54450223616521,88598000
2022-10-17,139.68093872070312,140.1615390587515,137.58194907165392,138.36662131640782,85250900
2022-10-18,140.99525451660156,143.8887193551449,137.91542833833753,142.70191550699425,99136600
2022-10-19,141.10317993164062,142.1722884311379,138.78840452952474,138.97476591255997,61758300
2022-10-20,140.6421661376953,143.09425775385319,139.91634163141597,140.2792613677454,64522000
2022-10-21,144.44784545898438,145.01673262152644,139.91636908601356,140.13215438788754,86548600
2022-10-24,146.58609008789062,147.35114176848754,143.2022053519604,144.3694038039028,75981900
2022-10-25,149.4206085205078,149.56774295534717,146.49772033814378,147.21372669529455,74732300
2022-10-26,146.4879608154297,149.07736899312695,145.20305222207165,148.06710843299678,88194300
2022-10-27,142.02513122558594,146.19368643958677,141.3679725525205,145.23247083964995,109180200
2022-10-28,152.75547790527344,154.48174471225758,144.98725482427943,145.3599625074013,164762400
2022-10-31,150.40150451660156,151.2842665764986,149.0087181195706,150.22496108445085,97943200
2022-11-01,147.76303100585938,152.4710497811702,146.27217011734126,152.10814502054632,80379300
2022-11-02,142.25074768066406,149.25392123210702,142.2213237765035,146.0956258102425,93604600
2022-11-03,136.21859741210938,140.06347524662803,136.0910838596121,139.3376507448135,97918500
2022-11-04,135.9533233642578,140.16808578570755,132.02346880241154,139.59825507529519,140814800
2022-11-07,136.48387145996094,136.70983394000362,133.29086405936027,134.70561435237354,83374600
2022-11-08,137.05369567871094,138.9498435557623,135.0789489012502,137.94774130575934,89908500
2022-11-09,132.5048828125,136.12035725287217,132.2297941583769,136.07123106652006,74917800
2022-11-10,144.29443359375,144.29443359375,137.05368118428237,138.7631733571785,118854000
2022-11-11,147.07479858398438,147.37935990276293,141.83826577346156,143.26284999283982,93979700
2022-11-14,145.6797332763672,147.64466090619808,144.8446330372058,146.35763570725214,73374100
2022-11-15,147.40884399414062,150.89659305740093,145.95480194485347,149.55062261259357,89868300
2022-11-16,146.18080139160156,147.2418642338074,144.707105498184,146.51485052076237,64218300
2022-11-17,148.07691955566406,148.82358651784583,143.58705356948877,143.8621421866718,80389400
2022-11-18,148.63693237304688,150.02220984195606,147.34008803390304,149.63904958366277,74829600
2022-11-21,145.4144744873047,147.73308985978306,145.12956655626695,147.52678083863384,58724100
2022-11-22,147.54640197753906,147.7821986794849,144.3533947208252,145.53236323934706,51804100
2022-11-23,148.42080688476562,149.16747394284351,146.72113379241404,146.82920540527334,58301400
2022-11-25,145.5126953125,146.2691965387926,144.5400508786952,145.70918504900035,35195900
2022-11-28,141.6909637451172,144.06852490110793,140.86569755699705,142.5948288546599,69246000
2022-11-29,138.69439697265625,142.2705641956943,137.88878454429147,141.75967888062996,83763800
2022-11-30,145.4341278076172,146.1120302873751,138.08530213977906,138.92038744793726,111380900
2022-12-01,145.70916748046875,146.51479479155137,144.03898243478534,145.61093011966628,71250400
2022-12-02,145.21795654296875,145.4046270438478,143.09583136119605,143.40040769964443,65447400
2022-12-05,144.05870056152344,148.27346450913342,143.21378092513402,145.1787089175549,68826400
2022-12-06,140.4038848876953,144.71689974436399,139.43124046996064,144.49093730068225,64727200
2022-12-07,138.4684600830078,140.85584008868295,137.5449416476374,139.69653991914743,69721100
2022-12-08,140.14845275878906,141.0032064446931,138.62564588690643,139.86354485762612,62128300
2022-12-09,139.66705322265625,143.01725827820258,138.42913927736055,139.84388950557997,76097000
2022-12-12,141.9561767578125,141.96599599737974,138.58631867677312,140.19755844692216,70462700
2022-12-13,142.91900634765625,147.34009332894186,141.71058010364294,146.87833415604433,93886200
2022-12-14,140.69866943359375,144.08816707629325,138.68461532986467,142.801141695283,82291200
2022-12-15,134.1063232421875,139.31338494507114,133.64456400681874,138.63548245096763,98931900
2022-12-16,132.15121459960938,135.23615066480997,131.3848939522239,134.29299371012456,160156900
2022-12-19,130.0487518310547,132.829126684755,129.01717664823065,132.74070852472047,79592600
2022-12-20,129.97996520996094,130.91330283228723,127.6122238272619,129.08591954394805,77432800
2022-12-21,133.07470703125,134.41085828161889,130.42205800232537,130.64802045895354,85928000
2022-12-22,129.9111785888672,132.20032094511618,128.0150307307424,131.99401195090732,77852100
2022-12-23,129.54766845703125,130.0978457490201,127.3665977700706,128.62415014924704,63814900
2022-12-27,127.74974822998047,129.10555287498912,126.46272323679953,129.0760801645503,69007800
2022-12-28,123.82975006103516,128.7322427918136,123.6627329980518,127.39609129673738,85438400
2022-12-29,127.33712768554688,128.19186635387044,125.49009852746012,125.74553370652504,75703700
2022-12-30,127.65151977539062,127.67117324976594,125.19536766637758,126.15818552945343,77034200
2023-01-03,122.87673950195312,128.6044974020352,121.99252063798394,127.9953746812147,112117500
2023-01-04,124.14411163330078,126.40378110334795,122.88655931785308,124.66481618620305,89113600
2023-01-05,122.8276138305664,125.52938912334946,122.57217865426507,124.90061292758642,80962700
2023-01-06,127.346923828125,128.00517262460522,122.69987531467847,123.80023721738742,87754700
2023-01-09,127.86763763427734,131.07047871721036,127.61220248294386,128.18203319703136,70790800
2023-01-10,128.43746948242188,128.958174020526,125.87323874198964,127.9757103650532,63896200
2023-01-11,131.1490936279297,131.1687321095965,128.17222961380043,128.94836939344688,69458900
2023-01-12,131.0705108642578,131.90559617413024,129.13505580606935,131.53227009080283,71379600
2023-01-13,132.39683532714844,132.55403315564018,129.35120610397337,129.71471296505177,57809700
2023-01-17,133.55612182617188,134.88243886666353,131.77786487384603,132.4655864864573,63646600
2023-01-18,132.83892822265625,136.1792989256054,132.6620769549058,134.42069543585905,69672800
2023-01-19,132.8979034423828,133.86071392112063,131.42420750930626,131.72876893688178,58280400
2023-01-20,135.45228576660156,135.59966433835268,131.86629872212012,132.90770800117681,80223600
2023-01-23,138.63546752929688,140.80671912517695,135.4817521326256,135.6978953680963,81760300
2023-01-24,140.03057861328125,140.64953566811175,137.8396883115422,137.84950755371702,66435100
2023-01-25,139.372314453125,139.93231102042415,136.37579688239575,138.41932337339787,65799300
2023-01-26,141.4355010986328,141.72040901629467,139.41161299424252,140.65934626942868,54105100
2023-01-27,143.3709259033203,144.64813175929368,140.57091324840124,140.64951214628343,70555800
2023-01-30,140.4923095703125,142.9975950119405,140.34494601130174,142.41794502488958,64015300
2023-01-31,141.75970458984375,141.80883078137197,139.78495761656453,140.19759064122545,65874500
2023-02-01,142.87973022460938,144.03904552300298,138.84181763550876,141.44534120076577,77663600
2023-02-02,148.1752166748047,148.52888929698446,145.5716782733727,146.28887274258696,118339000
2023-02-03,151.79063415527344,154.6201342687517,145.23760339877686,145.43409313083382,154357300
2023-02-06,149.0692138671875,150.41519933800663,148.1358763450209,149.8944947732861,69858300
2023-02-07,151.93800354003906,152.50783427872634,147.99832954313612,147.99832954313612,83322600
2023-02-08,149.2559051513672,151.86926257026718,148.51905726950346,151.18154087876943,64120100
2023-02-09,148.2243194580078,151.62365104865805,147.78221371418798,151.08329292122983,56007100
2023-02-10,148.58836364746094,148.9130734935689,146.8270751036462,147.0632318137508,57450700
2023-02-13,151.3828125,151.78622618296893,148.499791218323,148.5293089264892,62199000
2023-02-14,150.74325561523438,151.30412220458746,148.44078385852455,149.68057287811524,61707600
2023-02-15,152.83908081054688,153.00635283510616,150.42837278798947,150.65468023132328,65573800
2023-02-16,151.24505615234375,153.8230360580732,150.89082864502956,151.0482514150965,68167900
2023-02-17,150.10369873046875,150.5464794908576,148.4309630722788,149.90690894964015,59144100
2023-02-21,146.09896850585938,148.87375415444836,146.0300988341385,147.79138776370112,58867200
2023-02-22,146.52206420898438,147.54538003263738,144.80012742797703,146.48269724609548,51011300
2023-02-23,147.0041961669922,147.92912460701393,144.87884561858363,147.68313363952294,48394200
2023-02-24,144.3573455810547,144.8296440334222,143.38321594733068,144.75092512234477,55469600
2023-02-27,145.54791259765625,146.77786725557394,145.0854484451516,145.34128862301924,44998500
2023-02-28,145.04612731933594,146.68934528974674,144.47542643511753,144.69189970203135,50547000
2023-03-01,142.97975158691406,144.86895994047165,142.68455949733774,144.47538049709883,55479000
2023-03-02,143.57015991210938,144.3573339453376,141.59238308918532,142.0646965175798,52238100
2023-03-03,148.60806274414062,148.68678165578146,144.96739941181147,145.66600535471582,70732300
2023-03-06,151.3631591796875,153.79355106354063,150.99909736370918,151.32379221822697,87558000
2023-03-07,149.16891479492188,151.55993956940895,148.7064506179963,151.23522972088062,56182000
2023-03-08,150.41854858398438,151.00893289820618,149.39523278864294,150.35951315538156,47204800
2023-03-09,148.17510986328125,152.06176399701366,147.82088228318355,151.09748364556307,53833600
2023-03-10,146.11862182617188,148.5194958597798,145.242894659562,147.80120650188752,68572400
2023-03-13,148.05706787109375,150.6842500131036,145.33148332105827,145.43971996424668,84457100
2023-03-14,150.14300537109375,150.94001350209345,147.69294556307145,148.85401542944305,73695900
2023-03-15,150.53665161132812,150.79247683579462,147.51587504804607,148.7655134809102,77167900
2023-03-16,153.35073852539062,153.95095694332394,149.2082450157043,149.7199103098672,76161100
2023-03-17,152.51437377929688,154.22647602550626,151.80591871287191,153.5770563789343,98944600
2023-03-20,154.87591552734375,155.28919358755078,151.6780327765039,152.5832927983786,73641400
2023-03-21,156.72576904296875,156.84383990664745,154.02970254755692,154.79720820376127,73938300
2023-03-22,155.2990264892578,159.5399085601911,155.27934300701256,156.7454546452784,75701800
2023-03-23,156.38136291503906,158.9593583364734,155.15140813839363,156.28297554136526,67622100
2023-03-24,157.68020629882812,157.76875944157217,155.31869907440637,156.31249715364865,59196500
2023-03-27,155.7418212890625,158.19189706310823,155.3383924442017,157.3752051384263,52390300
2023-03-28,155.1219024658203,155.94844355059743,153.47868455836303,155.4367781198492,45992200
2023-03-29,158.19186401367188,158.46737267599337,156.7946372221569,156.8143056879684,51305700
2023-03-30,159.75637817382812,159.8646148025582,158.68386113447403,158.9396863414281,49501700
2023-03-31,162.25563049316406,162.35403288236776,159.31358823359025,159.8350878653574,68749800
2023-04-03,163.5052490234375,163.6233198649464,161.586522778444,161.6357239671043,56976200
2023-04-04,162.9739532470703,164.16454121432164,162.46228779099377,163.92839947620809,46278300
2023-04-05,161.13388061523438,162.40320212135714,159.20532028473036,162.09817579458004,51511700
2023-04-06,162.0194854736328,162.31467762112032,159.40213812085784,159.8252353547828,45390100
2023-04-10,159.43167114257812,159.43167114257812,157.51294452082058,158.8314525568901,47716900
2023-04-11,158.22134399414062,159.75632475075687,157.935986152869,159.74649052019637,47644200
2023-04-12,157.53260803222656,159.4611686435216,157.21773241416443,158.6346426672523,50133100
2023-04-13,162.90504455566406,163.14120127307194,158.83143501847854,159.03807402297244,68445600
2023-04-14,162.56065368652344,163.6528540223282,161.19294470872245,161.95058596716467,49386500
2023-04-17,162.58033752441406,162.7377753387549,161.39958394505072,162.44258319038994,41516200
2023-04-18,163.80044555664062,164.72537387764507,162.99358808032773,163.4363837761115,49923000
2023-04-19,164.9418487548828,165.46334834295578,162.8853530999642,163.14119328481948,47720200
2023-04-20,163.9775848388672,165.1780220485777,162.90506774605808,163.42656743390464,52456400
2023-04-21,162.3737335205078,163.78079474740133,161.85223383363555,162.40325123756864,58337300
2023-04-24,162.6787109375,162.9443853251193,161.26180088898863,162.35400113354166,41949600
2023-04-25,161.1437530517578,163.64301445601814,161.1043860925183,162.54097982284455,48714100
2023-04-26,161.13388061523438,162.6295095550799,160.18928392676938,160.4451090686258,45498800
2023-04-27,165.70936584472656,165.85695442572842,162.54100085037314,162.54100085037314,64902300
2023-04-28,166.95896911621094,167.12625617335198,165.1878463008649,165.78806481489534,55275900
2023-05-01,166.87042236328125,167.71663185783257,165.9356597273935,166.56539597816914,52472900
2023-05-02,165.83721923828125,167.61820597364212,164.85325563412508,167.36236582754194,48425700
2023-05-03,164.7647247314453,168.17908009941613,164.47938185396285,166.7818533947913,65136000
2023-05-04,163.13136291503906,164.36131774887434,161.67510059572527,162.24580144031648,81235400
2023-05-05,170.78660583496094,171.504895212846,168.02165491497223,168.23812815446027,113453200
2023-05-08,170.7177276611328,171.06212101363838,169.35001851271124,169.71408033203093,55962800
2023-05-09,169.0155029296875,170.75710842473805,168.84823084895888,170.27497566678477,45326900
2023-05-10,170.77674865722656,171.23921282792068,169.14336520388548,170.24541483030967,53724500
2023-05-11,170.9636993408203,171.7902252766967,169.4090348343318,171.0621017201797,49514700
2023-05-12,170.03750610351562,171.50563041723674,168.49053896760506,171.07208510437357,45533100
2023-05-15,169.5448455810547,170.66811525184778,168.95364468701064,170.6188460048669,37266700
2023-05-16,169.5448455810547,170.5991352991019,169.27880367524853,169.46601779285794,42110300
2023-05-17,170.15574645996094,170.39221479568312,167.91905489711874,169.19013234108013,57951600
2023-05-18,172.48110961914062,172.6683237371227,170.04735615510018,170.46119076780954,65496700
2023-05-19,172.58950805664062,173.80145343851697,172.37273538217633,173.80145343851697,55809500
2023-05-22,171.64356994628906,172.1460951955022,170.9045763773169,171.42679729660153,43570900
2023-05-23,169.04234313964844,170.83564173486545,168.7664533611328,170.58931050155752,50747300
2023-05-24,169.3182373046875,169.8897275849513,168.01761617725649,168.57924358561866,45143500
2023-05-25,170.45135498046875,171.34798918728478,169.17042964019168,169.87986475065702,56058300
2023-05-26,172.85552978515625,173.19055165787438,170.56958397024448,170.77650880236848,54835000
2023-05-30,174.6980743408203,176.36327550868927,173.97879151124883,174.36306754730614,55964400
2023-05-31,174.64883422851562,176.71802248155805,174.16601962684186,174.72766202276017,99625300
2023-06-01,177.4471435546875,177.47670209655325,174.33351350934285,175.09221783191245,68901800
2023-06-02,178.29454040527344,179.11236188910445,176.62933889294345,178.37336820267623,61996900
2023-06-05,176.94464111328125,182.2358308287415,175.4272324012079,179.949884959394,121946500
2023-06-06,176.5800323486328,177.47666632929963,174.8261406871695,177.32887364975582,64848400
2023-06-07,175.21047973632812,178.55073052308683,174.71781728969785,175.82137635899298,61944600
2023-06-08,177.9200897216797,178.1861165677113,174.85572927872582,175.2892595209165,50214900
2023-06-09,178.30441284179688,179.555764726174,177.97925379814166,178.83648170922714,48900000
2023-06-12,181.09283447265625,181.19137296447727,178.31422641468646,178.60982685528654,54274900
2023-06-13,180.61988830566406,181.4475575367352,179.76266053311636,180.11737806569877,54929100
2023-06-14,181.25048828125,181.68403358526143,179.34881869349235,180.67899811094975,57462900
2023-06-15,183.2802734375,183.78279874291368,181.08300318978328,181.26036948430115,65433200
2023-06-16,182.20628356933594,184.245913383536,181.56582838117956,183.98971928038128,101256200
2023-06-20,182.29493713378906,183.36895259993452,181.7037512704965,181.7037512704965,49799100
2023-06-21,181.2603759765625,182.68909408055805,179.91047063421516,182.18656875714527,49515700
2023-06-22,184.25572204589844,184.304991288712,180.97458893469445,181.04356888160584,51245300
2023-06-23,183.9404296875,184.8075203379306,182.29493904669715,182.8270228675936,53117000
2023-06-26,182.55116271972656,185.290364953315,182.51174130111704,184.0882672784463,48088700
2023-06-27,185.30018615722656,185.6253451571229,182.94526040179295,183.1620330683905,50730800
2023-06-28,186.4727325439453,187.11318769857849,184.84695251457532,185.17209649255778,51216800
2023-06-29,186.80772399902344,187.2806907250245,186.16726889716722,186.3052137668684,46347300
2023-06-30,191.1234588623047,191.62596911406445,188.45322195229386,188.81780236383452,85213200
2023-07-03,189.63565063476562,191.03481029014517,188.94591112680644,190.93627177904648,31458200
2023-07-05,188.52220153808594,190.1479814937267,187.82261429340878,188.75868490984942,46920300
2023-07-06,188.9951629638672,189.20208780415717,186.42346442381324,187.05407174607458,45094300
2023-07-07,187.8817596435547,189.84256176290307,187.44822928239464,188.60105770280973,46815000
2023-07-10,185.8420867919922,187.2018396490787,184.2951198418446,186.4825418141745,59922200
2023-07-11,185.3199005126953,186.52199803845542,183.86162393721375,186.3840531601648,46638100
2023-07-12,186.985107421875,188.88677723101014,185.70418206587038,186.8964167558296,60750200
2023-07-13,187.74380493164062,188.38427515496102,186.994963399846,187.70439854991048,41342300
2023-07-14,187.89158630371094,188.37438582770977,186.8471444335954,187.4383302857117,41616200
2023-07-17,191.14315795898438,191.46831693797242,188.9951421376018,189.08381775872684,50520200
2023-07-18,190.88697814941406,191.47817907078496,189.5962050071137,190.5125649317522,48288200
2023-07-19,192.2368621826172,195.3209183853995,189.82280454932882,190.26621270882248,80507300
2023-07-20,190.2957763671875,193.58675746858663,189.6750169550875,192.22700448393437,59581200
2023-07-21,189.12326049804688,192.10879369152832,188.42367321559357,191.25156585425083,71951700
2023-07-24,189.92135620117188,192.04966138875844,189.4286937985748,190.57167418096722,45377800
2023-07-25,190.7786102294922,191.5865838976961,190.08888577789457,190.49287261199655,37283200
2023-07-26,191.64566040039062,192.76892999363082,190.4829844332044,190.82783906853456,47471900
2023-07-27,190.3844757080078,194.30606454519102,189.72430983845956,193.14338839624878,47460200
2023-07-28,192.9561767578125,193.74443968391378,191.2909752730755,191.81319626670884,48291400
2023-07-31,193.5670623779297,193.60648379116893,192.39452340931743,193.1827862905988,38824100
2023-08-01,192.73939514160156,193.842954166062,192.41423613585215,193.3601546102926,35175100
2023-08-02,189.75384521484375,192.3156805851802,189.03456234552243,192.17773571935334,50389300
2023-08-03,188.36456298828125,189.54694988427917,187.89161123685508,188.75870197685728,61235200
2023-08-04,179.3192596435547,184.6301595328746,179.25027969317492,182.79745486603875,115956800
2023-08-07,176.22535705566406,180.44254624962392,174.74736976708382,179.4572213905704,97576100
2023-08-08,177.16140747070312,177.62451134366992,174.97398514494694,177.05302113799038,67823000
2023-08-09,175.5750274658203,178.27480777933516,174.41233639065635,178.2156906972674,60378500
2023-08-10,175.3582305908203,178.09743193733033,174.99366527850802,176.8460654118823,54686900
2023-08-11,175.41744995117188,176.2363757071569,174.1940069392339,174.95373578240464,52036700
2023-08-14,177.06515502929688,177.29208151781367,174.943837241764,175.59503330985302,43675600
2023-08-15,175.08197021484375,177.08487915778778,174.68731413890805,176.49289504388423,43622600
2023-08-16,174.2137451171875,176.15744233651847,174.14467201512105,174.76626971305478,46964900
2023-08-17,171.67803955078125,175.1411945839284,171.1649745274817,174.7761369036864,66062900
2023-08-18,172.16148376464844,172.76334408254257,169.6652471318657,170.00070631097662,61172200
2023-08-21,173.4934844970703,173.77962299820936,171.42151715942626,172.7337706675176,46311900
2023-08-22,174.86492919921875,175.30892111024494,173.89801113995804,174.69719959083847,42038900
2023-08-23,178.7030029296875,179.12727253692543,175.95024126986627,176.13770818549477,52722800
2023-08-24,174.0262908935547,178.68330576322634,173.66121814414575,178.25903609639087,54945800
2023-08-25,176.2265167236328,176.7593040006282,173.4737548580186,175.0129348306344,51449600
2023-08-28,177.7854461669922,178.1801023209798,176.1673318473753,177.68677460091166,43820700
2023-08-29,181.66297912597656,182.4325690983829,177.1046362040057,177.30196426395187,53003900
2023-08-30,185.1458740234375,185.34321714142652,182.27471834075723,182.47204640358012,60813900
2023-08-31,185.36297607421875,186.59629552977228,184.97818100629283,185.333377611699,60794500
2023-09-01,186.93174743652344,187.38560051082152,185.76748618147488,186.96134589549212,45766500
2023-09-05,187.16848754882812,187.44474979911595,185.1063818037642,185.76743897803604,45280000
2023-09-06,180.4691162109375,186.3298508313997,179.048330235654,185.88584392275033,81755800
2023-09-07,175.19052124023438,175.83185624974686,171.22416252451072,172.84227669356144,112488800
2023-09-08,175.80223083496094,177.83475336123297,175.4174358773743,175.96997548136457,65551300
2023-09-11,176.96653747558594,177.8939960879197,174.97348907813478,177.66706953016848,58953100
2023-09-12,173.9473114013672,177.72620255078303,172.4870659491005,177.09474383722204,90370200
2023-09-13,171.88522338867188,174.93398459835862,171.6582818339781,174.15451849429098,84267900
2023-09-14,173.39480590820312,173.75000241444866,171.2636268707299,171.67802028548886,60895800
2023-09-15,172.67454528808594,174.14466716160445,171.50043808217407,174.12492983939754,109259500
2023-09-18,175.5950469970703,176.9862345995646,173.81906442528665,174.12492516303394,67257600
2023-09-19,176.68038940429688,177.23291401853146,174.7662755227223,175.15107052586188,51826900
2023-09-20,173.14817810058594,177.3019893003594,173.05936766417838,176.86785847407558,58436200
2023-09-21,171.60899353027344,173.94737743416857,171.5399354700809,172.22073021215786,63149100
2023-09-22,172.45748901367188,174.7169382879251,171.7273736602944,172.33909518451154,56725400
2023-09-25,173.73028564453125,174.60840835340898,171.82603288281885,171.87536866413782,46172700
2023-09-26,169.665283203125,172.86203732750283,169.36928354767613,172.48711848209095,64588900
2023-09-27,168.15565490722656,170.730825832551,166.79408083596385,170.31643241476104,66921800
2023-09-28,168.41221618652344,169.7343308371659,165.38317681816312,167.08022534636603,56294400
2023-09-29,168.92530822753906,170.7604882058458,168.06690763668684,169.72449683733615,51861100
2023-10-02,171.43136596679688,171.9740294168616,168.6489906711008,168.93512915166482,52164500
2023-10-03,170.099365234375,171.31296207551728,168.54046313149794,169.96123409658216,49594600
2023-10-04,171.3425750732422,171.88523853747708,168.68846972057472,168.80686354725646,53020300
2023-10-05,172.57589721679688,173.10868450108188,170.3756448658088,171.47083294671847,48527900
2023-10-06,175.12147521972656,175.61480292776608,170.8689777300858,171.48071432556827,57266700
2023-10-09,176.60145568847656,176.66065260372454,173.45402254968238,174.45053908507856,42390800
2023-10-10,176.00946044921875,177.32171396949087,175.57532965392068,175.72333700059065,43698000
2023-10-11,177.400634765625,177.4499705441094,175.22999600880442,175.82198018511957,47551100
2023-10-12,178.29849243164062,179.906730392158,176.6507647716162,177.6670336186698,56743100
2023-10-13,176.4633331298828,179.5022186651883,175.76280113660414,178.99902980590412,51427100
2023-10-16,176.33502197265625,176.69021845376034,174.15450731404093,174.3913099864983,52517000
2023-10-17,174.78602600097656,176.03908277453434,172.46739447379485,174.2926982221929,57549400
2023-10-18,173.4934844970703,175.21027033840411,172.77323025982977,173.23695950912395,54764400
2023-10-19,173.11854553222656,175.46677490830675,172.85214438582656,173.69079235758196,59302900
2023-10-20,170.57298278808594,173.07908076842247,170.33618008275127,172.97054807703984,64244000
2023-10-23,170.69140625,171.68792291287053,167.6623665542272,168.62929981085605,55980100
2023-10-24,171.12548828125,171.3524147723922,169.16203892177992,170.74069333750268,43816600
2023-10-25,168.81674194335938,170.75057806188605,168.3727349771656,169.58633193718455,57157000
2023-10-26,164.6629180908203,169.0930062294273,163.459197305812,168.0964746462511,70625300
2023-10-27,165.97520446777344,166.70533502385422,164.6037538005945,164.68268805437373,58499100
2023-10-30,168.0175323486328,168.8857938712959,166.61648356307745,166.76449089816728,51131000
2023-10-31,168.49111938476562,168.619374328328,165.65940861123508,167.09007075196132,44846000
2023-11-01,171.6484375,171.90496247869652,167.849808268541,168.71806981976965,56934900
2023-11-02,175.20042419433594,175.4076134182441,173.11858048911532,173.17777741023195,77334800
2023-11-03,174.29266357421875,174.46040823420765,171.03671292563865,171.91483559510309,79829200
2023-11-06,176.83822631835938,177.03555436857033,173.858538133294,174.02626772873157,63841300
2023-11-07,179.39369201660156,180.00541354681909,176.58171810512866,176.7889073081916,70530000
2023-11-08,180.44943237304688,181.00195707049215,179.1667771510238,179.91664500198718,49340300
2023-11-09,179.975830078125,181.66300252138785,179.38383076688,180.51849360423827,53763500
2023-11-10,184.1548614501953,184.3228271167955,181.31943456996746,181.75413731292954,66133400
2023-11-13,182.57411193847656,183.7892925333636,181.9912220269046,183.58183039704093,43627500
2023-11-14,185.1823272705078,185.84425545326624,184.0560589323069,185.4391901985185,60108400
2023-11-15,185.74546813964844,187.21752694473682,185.51824264456812,185.5874067506803,53790500
2023-11-16,187.4250030517578,188.65994715340477,186.37775779056014,187.28668991537342,54412900
2023-11-17,187.40524291992188,188.08693448765234,186.29873780998344,187.9584954748911,50922700
2023-11-20,189.14402770996094,189.598493753426,187.59294582194016,187.60281994734135,46505100
2023-11-21,188.3437957763672,189.21320125507725,187.45464204586924,189.10452557023848,38134500
2023-11-22,189.00570678710938,190.60618938615343,188.53149251239262,189.18354656200316,39617700
2023-11-24,187.68185424804688,188.60064536615056,186.970525284031,188.57100791556658,24048300
2023-11-27,187.5040283203125,188.37343380166539,186.6247487130357,187.63246733233092,40552600
2023-11-28,188.10667419433594,188.77849160556613,187.11871894105684,187.49414676130317,38415400
2023-11-29,187.08908081054688,189.77632029571453,186.69390474066958,188.6006511365786,43014200
2023-11-30,187.66209411621094,188.02764780463457,185.92329832735996,187.55341843722022,48794400
2023-12-01,188.93655395507812,189.2526917735191,186.95075439627809,188.0375111237308,45704800
2023-12-04,187.14834594726562,187.7608884211111,185.19219887595256,187.69172432124148,43389500
2023-12-05,191.09030151367188,192.05849343193452,187.8893210956394,187.91897362196437,66628400
2023-12-06,190.00355529785156,192.4141533735728,189.79607806848605,192.10788966712872,41089700
2023-12-07,191.93006896972656,192.6512720749557,191.2582515665674,191.29777821822415,47477700
2023-12-08,193.3527374267578,193.629363703371,191.33730018286,191.86091528323507,53406400
2023-12-11,190.8531951904297,191.15947399253523,189.11439931154695,190.78404615931,60943700
2023-12-12,192.36476135253906,192.3746354774224,189.41076991243543,190.75438957156285,52696900
2023-12-13,195.57565307617188,195.61516465825315,192.5031112505093,192.74021089300243,70404200
2023-12-14,195.72381591796875,197.21562292408947,193.79730618821,195.63490356313392,66831600
2023-12-15,195.1903076171875,196.01029713155143,194.6271659416612,195.1507809689053,128538400
2023-12-18,193.5305633544922,194.26165570440122,192.04863040265064,193.7281513997374,55751900
2023-12-19,194.56790161132812,194.57777573643529,193.5305456250714,193.79729775296602,40714100
2023-12-20,192.48330688476562,195.29897006409448,192.48330688476562,194.52836624027822,52242800
2023-12-21,192.3351287841797,194.70623052718972,191.16934877699248,193.73803856316968,46482500
2023-12-22,191.2681121826172,193.05630849032943,190.6456956495467,192.829067964765,37149600
2023-12-26,190.72476196289062,191.55464074590694,190.5074106042434,191.27801448490152,28919300
2023-12-27,190.82354736328125,191.16933772508392,188.78836199381533,190.17150836602553,48087700
2023-12-28,191.24835205078125,192.31534537884878,190.84328683757997,191.80160450052028,34049900
2023-12-29,190.2110137939453,192.05848519728596,189.42064661751613,191.56450759639273,42672100
2024-01-02,183.4040069580078,186.17028459685415,181.6750853181039,184.89581391743906,82488700
2024-01-03,182.03077697753906,183.64114905512682,181.22064633789287,182.00113952243032,58414500
2024-01-04,179.7189178466797,180.88469764157387,178.70132528842504,179.95601742530297,71983600
2024-01-05,178.99774169921875,180.5587129492039,177.99991223040004,179.79799818956093,62379700
2024-01-08,183.3249969482422,183.36452360523833,179.3139005382843,179.89679059145493,59144500
2024-01-09,182.91004943847656,182.9199235647891,180.52907347198328,181.70474272826013,42841800
2024-01-10,183.94740295410156,184.15486512874935,181.7047401626592,182.12956878813148,46792900
2024-01-11,183.35459899902344,184.7970202008086,181.40832608034748,184.293153408918,49128400
2024-01-12,183.68064880371094,184.49077939116623,182.95944565085554,183.81896194364214,40477800
2024-01-16,181.41822814941406,182.04062970854807,178.7507369031224,179.96593271976667,65603000
2024-01-17,180.47964477539062,180.72663357001974,178.12832170152117,179.08663943068214,47317400
2024-01-18,186.35801696777344,186.86186875433015,183.59173905481111,183.84860201119264,78005800
2024-01-19,189.252685546875,189.6379874512041,186.54569809210085,187.04954979006996,68903000
2024-01-22,191.55462646484375,192.97728431537942,189.94425472083472,189.98378136946042,60133900
2024-01-23,192.82908630371094,193.39222799671276,191.49535584528522,192.67102493067515,42355600
2024-01-24,192.1573028564453,194.01466361551059,191.99922639290756,193.06621990928542,53631300
2024-01-25,191.8312530517578,193.9059649333701,190.78402298627717,192.86860899256396,54822100
2024-01-26,190.10232543945312,192.41413683944202,189.6281111952244,191.93004847085402,44594000
2024-01-29,189.420654296875,189.88499446653958,187.29655655692048,189.69728055859,47145600
2024-01-30,185.77508544921875,189.48980657471878,185.21195883551243,188.64016451675863,55859400
2024-01-31,182.17893981933594,184.846431021382,182.12955411744667,184.7871410441138,55467800
2024-02-01,184.6092987060547,184.69821105096443,181.60592170299904,181.77387226838383,64885400
2024-02-02,183.61148071289062,185.07365019396582,177.09097033579843,177.6936236133024,102551700
2024-02-05,185.41941833496094,186.97051518171523,183.60158444736317,185.88375846902116,69668800
2024-02-06,187.01991271972656,187.02978684421677,184.5203873987695,184.60929974417922,43490800
2024-02-07,187.12860107421875,188.74884702540382,186.33823388644547,188.3437817688575,53439000
2024-02-08,186.0517578125,187.25704946443747,185.0934399218184,187.1088621926835,40962000
2024-02-09,186.81341552734375,187.941120969739,185.9725760341758,186.6155602859614,45155200
2024-02-12,185.13177490234375,186.6353875018477,184.77565652599384,186.38808349311134,41781900
2024-02-13,183.0445098876953,184.2019058140478,181.53101071537256,183.76664838776776,56529500
2024-02-14,182.16409301757812,183.52921572281525,180.4725423642709,183.32148884677065,54630500
2024-02-15,181.8772430419922,182.50045391335385,179.39431647047905,181.57058851615943,65434500
2024-02-16,180.3439483642578,182.8565652037317,179.7108507918506,181.44197861733377,49752500
2024-02-20,179.60203552246094,180.46264852115328,178.0588611409836,179.82955095197704,53665600
2024-02-21,180.3538360595703,180.91768122956833,178.71173417109264,179.97792921674792,41371400
2024-02-22,182.38172912597656,182.9653779737103,180.49233824441416,181.50132758611662,52292200
2024-02-23,180.55169677734375,183.04451006700117,180.2648157032703,183.0148347964746,45119700
2024-02-26,179.2063446044922,180.78908088671756,178.70183486744935,180.2746995194681,40867400
2024-02-27,180.66049194335938,181.9365737231629,177.62359209867634,179.14699293032547,54318900
2024-02-28,179.4635467529297,181.14521076395337,178.1874648834917,180.54178846123017,48953900
2024-02-29,178.80079650878906,180.60117691942332,177.59395175081718,179.3151930681472,136682600
2024-03-01,177.72251892089844,178.5831318593588,175.46710804516843,177.61370457626955,73563100
2024-03-04,173.21170043945312,174.9922768844708,171.91581500377694,174.25036500096815,81510100
2024-03-05,168.285400390625,170.1846930657021,167.7907924514621,168.91849794898403,95132400
2024-03-06,167.29620361328125,169.39335177885377,166.8609461620447,169.2152850514215,68587700
2024-03-07,167.177490234375,168.88882954707424,166.67299554984157,167.32586658446218,71765100
2024-03-08,168.88882446289062,171.82679686006907,167.11813466346086,167.1774852017091,76267000
2024-03-11,170.8870391845703,172.49946586057737,170.1945911039721,171.07499261235472,60139500
2024-03-12,171.3618621826172,172.15323790323208,169.16580172767317,171.28272310113206,59825400
2024-03-13,169.28453063964844,171.3223130850131,168.91851047344855,170.90684419661972,52488700
2024-03-14,171.13436889648438,172.43023944819464,170.19461671040915,171.0453430786352,72913500
2024-03-15,170.7584686279297,170.7584686279297,168.45359343487303,169.3241083834579,121752700
2024-03-18,171.8465576171875,175.7935338090815,171.64871749027145,173.67661275318792,75604200
2024-03-19,174.18112182617188,174.70540499850514,171.1640105835326,172.45988088096897,55215200
2024-03-20,176.7432098388672,176.7432098388672,173.2018149693641,173.82502584048726,53423100
2024-03-21,169.5219268798828,175.57593855649498,168.99764365136926,175.14068113790177,106181300
2024-03-22,170.42213439941406,171.18383495977668,168.22607363158104,169.90773784358905,71160100
2024-03-25,169.00753784179688,170.08577952012527,167.6226265638577,168.7305586050563,54288300
2024-03-26,167.8798370361328,169.57138777241732,167.7512341389727,168.16670300567833,57388400
2024-03-27,171.44100952148438,171.72789059246503,168.27552158079686,168.5722893771007,60273300
2024-03-28,169.6307373046875,170.37264922530974,168.67119667981044,169.89782982249778,65672700
2024-04-01,168.1963653564453,169.40320986933065,167.65229363436822,169.34385933496506,46240500
2024-04-02,167.01922607421875,167.51383407497934,166.4158037095213,167.2566433485096,49329500
2024-04-03,167.82049560546875,168.83938692190523,166.76204228878962,166.9697692049817,47691700
2024-04-04,166.9994354248047,170.06599565718972,166.9994354248047,168.4535689105981,53704400
2024-04-05,167.75125122070312,168.55251376624304,167.12804031006615,167.76113794678497,42104800
2024-04-08,166.63340759277344,167.37531948329715,166.425680716199,167.20715459942008,37425500
2024-04-09,167.8402557373047,168.2458378687617,166.53449863101693,166.88071513080217,42373800
2024-04-10,165.9706573486328,167.26652787853376,165.30788444762385,166.97966188332379,49709300
2024-04-11,173.15231323242188,173.56779711833587,166.34651933326788,166.52457091788756,91070300
2024-04-12,174.64608764648438,176.43656618963917,172.33132583138607,172.38077455594663,101670900
2024-04-15,170.82774353027344,174.72525767153107,170.63979004210503,173.46894890396405,73531800
2024-04-16,167.5533905029297,171.88614579113815,166.45536027289515,169.8978273072319,73711200
2024-04-17,166.18826293945312,168.80967890645843,166.18826293945312,167.780901063059,50901200
2024-04-18,165.23861694335938,166.8213684176903,164.75391081370103,166.21794611620325,43122900
2024-04-19,163.22064208984375,164.60553846988037,162.3105651694999,164.41760010663418,68149400
2024-04-22,164.05152893066406,165.45621342076493,162.99307597508283,163.734987753996,48116400
2024-04-23,165.10012817382812,165.24851961582092,163.14148491226467,163.56685559955991,49537800
2024-04-24,167.197265625,167.4742448528629,164.41757152765254,164.7439994721628,48251800
2024-04-25,168.0579071044922,168.7701438382538,166.33666581552853,167.7017887376114,50558300
2024-04-26,167.47425842285156,169.49225225997063,167.35554224826544,168.04800546826704,44838400
2024-04-29,171.62896728515625,174.13168243053624,171.2332869429431,171.5003643815301,68169400
2024-04-30,168.49313354492188,173.10288291918897,168.16669051085722,171.46078102452523,65934800
2024-05-01,167.47425842285156,170.84748833564953,167.28630498280754,167.75123767315736,50383100
2024-05-02,171.1640167236328,171.5498103000238,169.04709541575278,170.64962025703286,94214900
2024-05-03,181.40240478515625,184.98336128032037,180.69016817589636,184.63712970012278,163224100
2024-05-06,179.7504119873047,182.21354970089277,178.474315136007,180.38350950373416,78569700
2024-05-07,180.43295288085938,182.90599233972114,179.3646131175579,181.47163247242833,77305800
2024-05-08,180.76931762695312,181.09576068278213,179.4932206728727,180.87813197889614,45057100
2024-05-09,182.57958984375,182.66861565405213,180.14611203583203,180.5912561815798,48983000
2024-05-10,181.3215789794922,183.34230991411323,180.4102677646858,183.15410154420678,50759500
2024-05-13,184.5210723876953,185.3333368917867,182.87674310968822,183.68900761377958,72044800
2024-05-14,185.66021728515625,186.52201273815805,184.53098214319476,185.7394637127145,52393600
2024-05-15,187.92860412597656,188.84981551266446,185.60078753373725,186.13569714479723,70400000
2024-05-16,188.04747009277344,189.29558246787192,187.86917696187996,188.6715262803227,52845200
2024-05-17,188.0771942138672,189.00832091255782,187.39370695143634,187.72059282106466,41282900
2024-05-20,189.23611450195312,190.10781001398533,187.22528381236822,187.54226949481966,44361300
2024-05-21,190.5337677001953,190.91016932460286,189.11726241831752,189.28565540299905,42309400
2024-05-22,189.09744262695312,190.99932654838926,188.47340160760692,190.45451683728567,34648500
2024-05-23,185.11541748046875,189.19651013997458,184.86777806929078,189.1766947549615,51005900
2024-05-24,188.18614196777344,188.78048261582597,186.26445766907554,187.03710655742805,36327000
2024-05-28,188.19606018066406,191.17763337385156,187.31446444482384,189.70169698060212,52280100
2024-05-29,188.49319458007812,190.4346940804733,187.72056087959155,187.81962268312432,53068000
2024-05-30,189.48374938964844,190.365345015264,188.82999288588945,188.95875509095092,49889100
2024-05-31,190.4346923828125,190.7516780595243,188.1167913020161,189.6323431713606,75158300
2024-06-03,192.1979217529297,193.1488638569082,190.7021849704834,191.07858664282506,50080500
2024-06-04,192.51486206054688,193.47570407411885,191.207318865485,192.80211709386347,47471400
2024-06-05,194.02052307128906,195.04079624688396,193.02996541617088,193.5549597642067,54156800
2024-06-06,192.64366149902344,194.64459232913165,192.33659102362645,193.84224299284628,41181800
2024-06-07,195.03089904785156,195.08042995429523,192.3068654552658,192.8120444256859,53103900
2024-06-10,191.29647827148438,195.4370168860641,190.3356361933404,195.04078477848907,97010200
2024-06-11,205.19400024414062,205.20391549352811,191.8016724106265,191.82147267998263,172373300
2024-06-12,211.05813598632812,218.12080209568063,204.94638168818946,205.41194501546696,198134300
2024-06-13,212.21707153320312,214.70336573665497,209.60200000148347,212.71235034689784,97862700
2024-06-14,210.48361206054688,213.13829945342002,209.30484597389386,211.8307711431916,70122700
2024-06-17,214.62413024902344,216.88260054537645,210.71143044440285,211.35528688913016,93728300
2024-06-18,212.26658630371094,216.5656178731208,210.98877362098574,215.5354294813442,79943300
2024-06-20,207.7001190185547,212.2170745602359,206.87796947703916,211.90998899500866,86172500
2024-06-21,205.5308074951172,209.88925500861833,205.1543907600995,208.40341856791886,241805100
2024-06-24,206.17466735839844,210.69160779538842,204.63929998769706,205.75863496180304,80727000
2024-06-25,207.09593200683594,209.38411816731477,206.64026875624833,207.17516333199532,55549700
2024-06-26,211.2364044189453,212.8312027309874,208.65104852463386,209.5029286499739,66213200
2024-06-27,212.07839965820312,213.70291360533915,210.34492376459474,212.66282504623206,49772700
2024-06-28,208.63125610351562,214.02980761283354,208.3142855019514,213.73263728250333,82542700
2024-07-01,214.703369140625,215.4561875080808,209.91897391071575,210.0873668962765,60402900
2024-07-02,218.19012451171875,218.29908645117231,213.0689435868198,214.1090169642201,58046200
2024-07-03,219.45802307128906,219.45802307128906,216.96181387179615,217.92265588190668,37369800
2024-07-05,224.2028045654297,224.3117665065084,219.55708698216947,219.55708698216947,60412400
2024-07-08,225.66885375976562,225.69856928044194,221.14199799041046,224.9457357840812,59085900
2024-07-09,226.52072143554688,227.23392416937492,224.23253562897796,225.77780318070188,48076100
2024-07-10,230.7801055908203,230.8791673967792,227.0853299721382,227.13486087511765,62627700
2024-07-11,225.42120361328125,230.19568345608255,223.63819688403007,229.2051258414663,64710600
2024-07-12,228.36314392089844,230.44332094014862,226.5207061684713,226.7584454352943,53046500
2024-07-15,232.1867218017578,234.99000194235262,230.88909361652622,234.2470836578572,62631300
2024-07-16,232.6027374267578,234.03904289009895,230.13624361936286,232.7810305355119,43234300
2024-07-17,226.7188262939453,229.27446669281912,224.49997184852458,227.28343626123907,57345900
2024-07-18,222.06320190429688,228.26410233218343,220.17124832102243,228.10560948409145,66034600
2024-07-19,222.1919708251953,224.65846466815103,221.17169771561296,222.6971648700337,49151500
2024-07-22,221.8452911376953,225.62921338494564,220.98349573063444,224.86647978572938,48201800
2024-07-23,222.88536071777344,224.7971447504236,220.57735968997056,222.25140445670337,39960300
2024-07-24,216.4764862060547,222.67738745667293,215.07981125172523,221.88493822578135,61777600
2024-07-25,215.43638610839844,218.76466037633443,212.59347540961954,216.86277641061952,51391200
2024-07-26,215.90194702148438,217.41749898154802,213.9703475571551,216.6349499920164,41601300
2024-07-29,216.17929077148438,217.22927938341869,213.7127969665886,214.91137828370984,36311800
2024-07-30,216.73399353027344,218.24954536257854,214.0792914541732,217.12031036763145,41643800
2024-07-31,219.98304748535156,221.70662325926872,218.54674189777583,219.34909118598728,50036300
2024-08-01,216.29815673828125,222.36036437427163,214.97081319041698,222.2514024343897,62501000
2024-08-02,217.78399658203125,223.46980270062375,215.65430376795194,217.08069402896655,105568600
2024-08-05,207.2939910888672,211.484045462397,194.14928763761037,197.21010696314244,119548600
2024-08-06,205.27325439453125,208.00720313955475,199.17143085232243,203.36148541473497,69660500
2024-08-07,207.83880615234375,211.62272838414273,204.441185671316,204.9463646139573,63516400
2024-08-08,211.29583740234375,212.1774330540979,206.85814362500793,211.0977289070064,47161100
2024-08-09,214.19818115234375,214.7330756065884,209.96849596255686,210.09727328743648,42201600
2024-08-12,215.7254180908203,217.68898821235913,213.81143620679725,214.27753840147545,38028100
2024-08-13,219.4344024658203,220.04925425523973,217.19314118814535,217.19314118814535,44155300
2024-08-14,219.88064575195312,221.1797757696837,217.87739912826086,218.7401920302427,41960600
2024-08-15,222.8557586669922,223.48053712623224,220.9120118672479,222.7367590108339,46414000
2024-08-16,224.1747283935547,224.94825642777528,221.79462933024135,222.06239369045758,44340200
2024-08-19,224.0160369873047,224.1152134494971,221.18967426906008,223.84744910734045,40687800
2024-08-20,224.63092041015625,225.28544883578485,223.57971634413767,223.8970689622142,30299000
2024-08-21,224.52183532714844,226.08872985229075,223.1830436738614,224.64085012661386,34765500
2024-08-22,222.66734313964844,226.4457337259973,222.04256465043304,225.90029338876204,43695300
2024-08-23,224.9581756591797,226.32673228874265,222.46900358067504,223.78797197411373,38677300
2024-08-26,225.29534912109375,225.39452559231563,222.0326490158817,224.87883517993083,30602200
2024-08-27,226.13829040527344,226.95149505120298,223.0243400581704,224.1251322421701,35934600
2024-08-28,224.611083984375,227.95312221094204,223.80779089178384,226.02921369079436,38052200
2024-08-29,227.88372802734375,230.98776737752962,226.98128860061004,228.1911690762387,51906300
2024-08-30,227.1002655029297,228.4886453526855,225.59287085733376,228.28039594132485,52990800
2024-09-03,220.92193603515625,227.10024860517055,219.33520335446548,226.65398476754012,50190600
2024-09-04,219.01788330078125,219.94016096302124,215.67582978550038,219.82116129878526,43840200
2024-09-05,220.53518676757812,223.60946073514918,219.6823205428289,219.79140861107143,36615400
2024-09-06,218.98812866210938,223.37145940933704,217.94683622588397,222.09215251756703,48423000
2024-09-09,219.077392578125,219.4344067184307,214.91223769602945,218.98814282610013,67180000
2024-09-10,218.2840118408203,219.6426417511051,214.9320468059923,217.10388142289187,51591000
2024-09-11,220.8128662109375,221.2392917639212,216.08243282408242,219.6228241682371,44587100
2024-09-12,220.92193603515625,221.69546405563682,217.99641184157417,220.65417167969628,37455600
2024-09-13,220.65419006347656,222.18140791181287,220.06908820245332,221.72523244234597,36766600
2024-09-16,214.52545166015625,215.41797935337752,212.14535259122513,214.7436126542421,59357400
2024-09-17,214.99154663085938,215.1006346980314,212.72055067344832,213.96018092212807,45519300
2024-09-18,218.85919189453125,220.86243852013078,215.7353147340035,215.745241460142,59894900
2024-09-19,226.97134399414062,227.91347512552952,222.76652771175563,223.12354184254357,66781300
2024-09-20,226.30690002441406,231.15633305592988,225.7317097608303,228.06222073119503,318679900
2024-09-23,224.59124755859375,227.54652178723228,223.9367191660146,225.4540253555904,54146000
2024-09-24,225.48377990722656,227.44736512534206,223.85738561877668,226.75316007712865,43556100
2024-09-25,224.49209594726562,225.40446208089242,222.1615999382144,223.0640393442997,42308700
2024-09-26,225.63253784179688,226.60440369502516,223.54004142995942,225.41436171300208,36636700
2024-09-27,225.90028381347656,227.61594290444046,225.41435845997736,226.56473891662026,34026000
2024-09-30,231.06707763671875,231.06707763671875,227.74486252768645,228.13162655878588,54541900
2024-10-01,224.33340454101562,227.74485413807125,221.88389405688537,227.615942887257,63285000
2024-10-02,224.898681640625,225.48378349827837,221.16987922367838,224.0160654907427,32880600
2024-10-03,223.7978973388672,224.92843958391967,221.46740141968138,223.2722952944607,34044200
2024-10-04,224.9185028076172,226.1085447535635,222.27065455992025,226.00936828631617,37245100
2024-10-07,219.8509063720703,223.81772316941647,219.49389225502094,222.63759275105315,39505400
2024-10-08,223.89706420898438,224.10531361949606,221.3979653574062,222.43925780658088,31855700
2024-10-09,227.63577270507812,227.84403724277382,222.96485445261254,223.36153007501719,33591100
2024-10-10,227.13990783691406,227.59609839600836,225.2854259515482,225.8903660776275,28183500
2024-10-11,225.6623077392578,227.5068782710055,225.45404318616428,227.39779019694814,31759200
2024-10-14,229.3812255859375,229.80765120488402,226.70362679261842,226.8027881510626,39882100
2024-10-15,231.9100341796875,235.51983687729248,230.44230106244424,231.67201972311165,64751400
2024-10-16,229.85719299316406,230.19436878170097,227.93328446814013,229.67869350471682,34082200
2024-10-17,230.22415161132812,231.91006105945496,228.6076838612002,231.49353192911767,32993800
2024-10-18,233.05047607421875,234.2206797118992,232.0686835146529,234.2206797118992,46431500
2024-10-21,234.5181884765625,234.8851292946414,232.5050303027995,232.5050303027995,36254500
2024-10-22,233.90335083007812,234.26036494372266,230.67040061866737,231.94969236544068,38846600
2024-10-23,228.8456573486328,233.18932661738793,225.87054472777703,232.13812257917175,52287000
2024-10-24,228.65724182128906,228.90516786821388,226.51515714412935,228.07212485007065,31109500
2024-10-25,229.49029541015625,231.28527776977737,227.66556313214858,227.83415104707473,38802300
2024-10-28,231.4637451171875,232.78271346714027,230.62080565968694,231.38442210065006,36087100
2024-10-29,231.7315216064453,232.38605001867157,230.3927299983884,231.1662580738538,35417200
2024-10-30,228.191162109375,231.53320070866118,227.64572172599728,230.68033441798144,47070900
2024-10-31,224.03590393066406,227.92338265648337,223.50037517792762,227.43744214117888,64370100
2024-11-01,221.06077575683594,223.4805363045207,218.44267740554844,219.1368672842602,65276700
2024-11-04,220.16824340820312,220.94177147156717,217.88733586004025,219.15671602208408,44944500
2024-11-05,221.59629821777344,222.09215031274817,219.3054639601429,219.9599923572388,28111300
2024-11-06,220.87234497070312,224.19455985797964,219.3550388628842,220.76325691115125,54561100
2024-11-07,225.59286499023438,225.9895557457087,222.7070172967094,222.7665171269793,42137700
2024-11-08,225.32481384277344,227.01256271730918,224.77877343219782,225.53329235935942,38328800
2024-11-11,222.6144561767578,224.07386628495595,219.9041296110407,223.3789126974454,42005600
2024-11-12,222.6144561767578,223.964658210572,221.750729228627,222.93215790182094,40398300
2024-11-13,223.49807739257812,225.0170530189228,221.15507983350162,222.39607398240116,48566200
2024-11-14,226.57574462890625,227.22105551450989,223.3789425502784,223.398802697962,44923900
2024-11-15,223.37892150878906,225.28508648780175,222.65418524957263,224.76882873863602,47923700
2024-11-18,226.377197265625,228.08480645929455,223.5477244921184,223.6271499370396,44633700
2024-11-19,226.6352996826172,228.50175961033486,225.02697621656037,225.34466282087314,36211800
2024-11-20,227.35012817382812,228.27342054954684,224.26253412411586,226.41689814964724,35169600
2024-11-21,226.8735809326172,228.50176458087773,224.0838286281757,227.230987838277,42108300
2024-11-22,228.21383666992188,229.05771868234922,226.4168797117104,226.4168797117104,38168300
2024-11-25,231.1922149658203,231.56948199204686,228.0847762696763,229.79238523732437,90152800
2024-11-26,233.36647033691406,233.87280565588551,231.64893863936055,231.64893863936055,45986200
2024-11-27,233.23739624023438,233.99193037541463,232.125470334311,232.78071887838198,33498400
2024-11-29,235.62008666992188,236.0966241243161,232.28429419145726,233.1182385238603,28481400
2024-12-02,237.86383056640625,239.0551819380818,235.45134517492735,235.5605532676808,48137100
2024-12-03,240.9017791748047,241.01098726633802,237.1787967118795,238.08224409194108,38861000
2024-12-04,241.25918579101562,242.35126670496282,239.5118714775545,241.12019505186365,44383900
2024-12-05,241.28895568847656,242.77814859306412,240.38552350615552,242.2321233137982,40033900
2024-12-06,241.0903778076172,242.86748966267425,240.33585892461636,241.1598807416467,36870600
2024-12-09,244.97222900390625,245.45870413211114,240.0082527322972,240.08767817050534,44649200
2024-12-10,245.98486328125,246.42169557945553,243.57236314301568,245.11119868483894,36914800
2024-12-11,244.714111328125,248.9930565140259,244.48575750906295,246.17352158557497,45205800
2024-12-12,246.17352294921875,246.9479020514793,243.9099357862414,245.11122473397327,32777500
2024-12-13,246.34230041503906,247.4939314395242,244.46591792091505,246.03453629863122,33155300
2024-12-16,249.2313232421875,249.56888515433104,245.86574781090837,246.2033097230519,51694800
2024-12-17,251.6537322998047,252.0012166921119,247.98039295462073,248.2782345553336,51356400
2024-12-18,246.26287841796875,252.4479889260113,245.95511429725673,250.34326772719038,56774100
2024-12-19,247.99032592773438,250.184410158509,245.3097817058068,245.71683140567848,60882300
2024-12-20,252.65647888183594,253.16279902630112,243.919877297432,246.2529371403228,147495300
2024-12-23,253.4308624267578,253.80811434244586,251.6239676953758,252.93446477293034,40858800
2024-12-24,256.33978271484375,256.34969006633503,253.4507293352449,253.64930053302467,23234700
2024-12-26,257.1538391113281,258.2260750496306,255.77386933789322,256.32983230675023,27237100
2024-12-27,253.74853515625,256.836144148833,251.2367643772991,255.97238682838486,42355300
2024-12-30,250.3829345703125,251.67357129905236,248.94338462815534,250.41271721299594,35557500
2024-12-31,248.61578369140625,251.45517870098834,247.63291094425557,250.62123433005314,39480700
2025-01-02,242.0931396484375,247.3053149666319,240.07776640397734,247.1365264348607,55740700
2025-01-03,241.60665893554688,242.42074318433572,240.14724866814672,241.60665893554688,40244100
2025-01-06,243.23484802246094,245.54806288478193,241.4478134561986,242.5498168429892,45045600
2025-01-07,240.46493530273438,243.78086767976055,239.6111308132576,241.22937670987722,40856000
2025-01-08,240.951416015625,241.9541489627904,238.32051453305579,240.17703689438372,37628900
2025-01-10,235.14356994628906,238.4297199246896,231.32130202918376,238.28079154222544,61710900
2025-01-13,232.71119689941406,232.9792558543989,228.06492247356016,231.84746989306117,49630700
2025-01-14,231.5992889404297,234.41882398797216,230.79512716232853,233.05869925952226,39435300
2025-01-15,236.1562042236328,237.2383625727966,232.74098609709984,232.94947976770305,39832000
2025-01-16,226.6154327392578,236.29518618874627,226.38709407905125,235.63995285298606,71759100
2025-01-17,228.32305908203125,230.6164138035219,226.833866130533,230.44764042021458,68488300
2025-01-21,221.03591918945312,222.80309340530198,217.79941234276583,222.38612124582832,98070400
2025-01-22,222.2173614501953,222.5052654056773,218.2064601780486,218.2064601780486,64126500
2025-01-23,222.04859924316406,225.394314538592,220.69839703644928,223.1208199792776,60234800
2025-01-24,221.17491149902344,224.00438385368136,219.81478693461753,223.16050188156166,54697900
2025-01-27,228.20391845703125,230.47741293083342,222.36627749626697,222.4059977899183,94863400
2025-01-28,236.54342651367188,238.45952951277917,229.1471038145918,229.18682411394477,75707600
2025-01-29,237.6354522705078,238.13184985503437,232.3239920565328,232.43320013108274,45486100
2025-01-30,235.87823486328125,239.05517683623282,235.50098294542886,236.95045561956258,55658300
2025-01-31,234.2996826171875,245.40906406001392,231.75812916176676,245.40906406001392,100959800
2025-02-03,226.36721801757812,230.15970278413624,224.07386363152474,228.3329633332112,73063300
2025-02-04,231.12271118164062,231.45033539507892,225.0170119929568,225.61269513536308,45067300
2025-02-05,230.79510498046875,230.99366099381652,226.62536810475493,226.88348940722173,39620300
2025-02-06,231.53970336914062,232.11552641696264,228.76979621063217,229.62360070928509,29925300
2025-02-07,225.99000549316406,232.31410688860944,225.622660920367,230.92419948813392,39707200
2025-02-10,226.25833129882812,229.1803610121675,225.81108525741098,228.16660736242451,33115600
2025-02-11,231.1979522705078,233.79199753404617,226.7354100570617,226.80497424991785,53718400
2025-02-12,235.42196655273438,235.51142789245534,229.26980470124647,229.78663009476247,45243300
2025-02-13,240.053466796875,240.85851264219508,234.12991022790982,235.46171484030373,53614100
2025-02-14,243.104736328125,244.0489258287467,239.5168040933544,239.77520922194773,40896200
2025-02-18,242.97552490234375,243.6811760890431,240.3615975750387,242.65747382373942,48822500
2025-02-19,243.373046875,244.50607717853558,241.67350900245088,243.16433914739287,32204200
2025-02-20,244.32717895507812,245.2713683243621,242.79658488378954,243.44262036367402,32316900
2025-02-21,244.0489044189453,247.1697083342209,243.72091995824803,244.44645306890683,53197400
2025-02-24,245.58944702148438,247.33868242018207,242.92582237394555,243.43269920852308,51326400
2025-02-25,245.52980041503906,248.47171215983582,243.41283173998391,246.48393846255715,48013300
2025-02-26,238.89064025878906,243.48239258336395,237.66816369812489,242.83637220684057,44433600
2025-02-27,235.84933471679688,240.97779411500133,235.61079643123784,237.94643641845556,41153600
2025-02-28,240.361572265625,240.61004395755495,228.79273089598732,235.50146657809572,56833400
2025-03-03,236.5748748779297,242.5381957053339,234.66661403302143,240.31188380351972,47184000
2025-03-04,234.48770141601562,238.60240725621293,233.24534293735957,236.25683384188991,53798100
2025-03-05,234.2988739013672,235.1039197629907,227.82866128733946,233.98082285378285,47227600
2025-03-06,233.8914031982422,236.4059358119138,231.73467047090975,233.00684447444675,45170400
2025-03-07,237.60853576660156,239.89446338205195,233.32487071745646,233.67273718007357,46273600
2025-03-10,226.08937072753906,234.71631625547707,222.84930513729455,234.10009611136832,72071200
2025-03-11,219.48997497558594,224.45940937640347,216.12069905845206,222.44182022291236,76137400
2025-03-12,215.65357971191406,220.39442456790263,213.5962416730392,218.7942660196618,62547500
2025-03-13,208.39817810058594,215.5144112677834,207.14588618522245,214.6298526174969,61368300
2025-03-14,212.18490600585938,212.64208545758027,208.2988048386841,209.9585940343847,60107600
2025-03-17,212.69178771972656,213.9043309003415,208.68642489319868,212.00600336087763,48073400
2025-03-18,211.38980102539062,213.83475423543342,210.19713981325924,212.85081593904235,42432400
2025-03-19,213.92420959472656,217.4226803637017,212.443312738742,212.91044076829724,54385400
2025-03-20,212.7911834716797,216.16045933121794,210.92267131595005,212.6818553101102,48862900
2025-03-21,216.93568420410156,217.5021918152461,209.9884097524224,210.26669685360034,94127800
2025-03-24,219.38063049316406,220.1260455978378,217.24377992596973,219.64898417718916,44299500
2025-03-25,222.38218688964844,222.73005335992565,218.73462390108503,219.4204082670252,34493600
2025-03-26,220.1757354736328,223.64440576884627,219.12221792138408,222.1436270366165,34466100
2025-03-27,222.48158264160156,223.61461307047793,219.21168633594712,220.03661426059983,37094800
2025-03-28,216.5679168701172,222.44179120535847,216.34926057176412,220.31487416588553,39818600
2025-03-31,220.77207946777344,224.24073468961828,214.90813825561798,215.683368745432,65299300
2025-04-01,221.8256072998047,222.31260214779184,217.5618242432653,218.46626491168394,36412700
2025-04-02,222.52133178710938,223.81338775742097,219.66888130946384,219.96705040499884,35905900
2025-04-03,201.9478759765625,206.22159255986557,200.01973301812973,204.2835010267849,103419000
2025-04-04,187.22840881347656,198.65810753704542,186.19475800144227,192.70471987275084,125910900
2025-04-07,180.3507080078125,192.96311894309866,173.55251067175698,176.11674047268428,160466300
2025-04-08,171.36598205566406,189.1764339595553,168.1756135141289,185.5586861535385,120859500
2025-04-09,197.6343994140625,199.38363475051753,170.83920418374143,170.89883496621582,184395900
2025-04-10,189.2559356689453,193.5892830219747,181.88129692496375,187.9141974958541,121880000
2025-04-11,196.93869018554688,198.32019241914816,184.9226007761468,184.96236474624945,87435900
2025-04-14,201.28196716308594,211.63826622013798,199.9302804535287,210.14743595954587,101352900
2025-04-15,200.90428161621094,202.26590170954893,198.57859009217825,200.6259945192588,51343900
2025-04-16,193.0823974609375,199.47308245703653,191.19400339685228,197.1473909296092,59732400
2025-04-17,195.77581787109375,197.61451451967758,193.2314700862815,195.99447418061752,52164700
2025-04-21,191.97915649414062,192.6152433685041,188.6496300196632,192.088484636555,46742500
2025-04-22,198.5189666748047,200.3576482646354,194.77200897005906,194.92108593270402,52976400
2025-04-23,203.34922790527344,206.72843666924064,201.56022878561117,204.7406632397287,52929200
2025-04-24,207.09622192382812,207.5534166002877,201.6994229864575,203.6374995339798,47311000
2025-04-25,208.00064086914062,208.46776890662989,204.9394675201618,205.10842646651815,38222300
2025-04-28,208.85537719726562,210.2070638884643,206.1917677806294,208.71623364812058,38743100
2025-04-29,209.91883850097656,210.94254069563792,207.09618845243054,207.4142395090872,36827600
2025-04-30,211.20095825195312,212.2743578831654,205.4065960245207,208.0205233254963,52286500
2025-05-01,212.0159454345703,213.2483553954001,207.62295230903422,207.80185982414434,57365700
2025-05-02,204.09466552734375,205.72463931330321,200.92416412992952,204.83013207172814,101010600
2025-05-05,197.6741485595703,202.85230555244996,196.99831280299983,201.85841873478097,69018500
2025-05-06,197.29647827148438,199.42339557924856,195.81559653234874,196.99832434112832,51216500
2025-05-07,195.05029296875,198.2207944248892,192.0686324392914,197.9524407308952,68536700
2025-05-08,196.28271484375,198.82706269335065,193.48988012199126,196.51130456752412,50478900
2025-05-09,197.31634521484375,199.31405222350435,196.3323918231404,197.7834732241415,36453900
2025-05-12,209.776123046875,210.2538252478288,205.75556156059073,209.95526516858178,63775800
2025-05-13,211.9058380126953,212.3735786127325,207.99474788922345,209.4178625594749,51909300
2025-05-14,211.30874633789062,212.91100323820055,209.5671634108319,211.40825625105518,49325800
2025-05-15,210.43296813964844,211.93571508448807,208.53215118256114,209.9353730316401,45029500
2025-05-16,210.24388122558594,211.54759317457453,208.76105751069144,211.33859654598928,54737900
2025-05-19,207.7758026123047,208.47243269467637,203.2775387890809,206.90999202317107,46140500
2025-05-20,205.8650360107422,207.46729276724128,204.04383620537516,206.67113760639387,42496600
2025-05-21,201.1179962158203,206.0441849710538,199.7446439816099,204.18318404217405,59211800
2025-05-22,200.39149475097656,201.77480849030061,198.7394754118135,199.7446272097534,46742400
2025-05-23,194.33078002929688,196.74908474491085,192.52948833207407,192.73846975457602,78432900
2025-05-27,199.2470245361328,199.77447409530296,196.48038197740732,197.34620772495165,56288500
2025-05-28,199.4560089111328,201.75489573800118,198.9385057789635,199.6251894151235,45339700
2025-05-29,198.98828125,202.82971610271787,197.55520490499057,202.60082660426147,51396800
2025-05-30,199.8839569091797,200.98861863398105,195.8335255231089,198.41106448584634,70819900
2025-06-02,200.7298583984375,201.15779807678393,199.15745607510846,199.31669015009302,35423300
2025-06-03,202.2923126220703,202.78990771325485,199.99342573046133,200.38154929416936,46381600
2025-06-04,201.84445190429688,205.24800003069532,201.1279138581714,201.93401536371383,43604000
2025-06-05,199.66500854492188,203.76518718349973,199.18730633012683,202.52119947175674,55126100
2025-06-06,202.93917846679688,204.7106157617459,201.07817770068002,202.0236053289331,46607700
2025-06-09,200.48106384277344,205.0091823144686,199.05794913802782,203.40692547634254,72862600
2025-06-10,201.6951904296875,203.36711781582227,199.60530017876516,199.63515466910712,54672600
2025-06-11,197.8238983154297,203.51638723180633,197.45568281643992,202.5211970741936,60989900
2025-06-12,198.24188232421875,198.71956936233477,196.4107360236097,198.12246436103902,43904600
2025-06-13,195.50511169433594,199.40625545491926,194.7587190445596,198.769334334526,51447300
2025-06-16,197.46563720703125,197.73434281232372,195.61458283187793,196.3510290449251,43020700
2025-06-17,194.69898986816406,197.43576263348734,194.27106541566712,196.2514839890114,38856200
2025-06-18,195.6344757080078,196.6197193940347,194.13174409281177,194.9975546383106,45394700
2025-06-20,200.03323364257812,200.72986375748766,195.9131467510872,197.28651411005004,96813500
2025-06-23,200.53082275390625,201.3269779408771,198.00304635957568,200.6602023375907,55814300
2025-06-24,199.3365936279297,202.46149014710028,199.23706853700068,201.61557243039425,54064000
2025-06-25,200.59051513671875,202.6903668657116,199.65503400834336,200.4810436177515,39525700
2025-06-26,200.03323364257812,201.66534499125092,198.5006473897771,200.461158146952,50799100
2025-06-27,200.11285400390625,202.24256049649406,199.03804672932017,200.91895566349635,73188600
2025-06-30,204.18316650390625,206.39248990855162,198.3015889216639,201.03836190454115,91912800
2025-07-01,206.82041931152344,209.17901505124104,205.1484920031366,205.6759415551798,78788900
2025-07-02,211.41819763183594,212.3138626915596,207.13887695509675,207.90517762155153,67941800
2025-07-03,212.52285766601562,213.61755770997246,210.7912213537831,211.12958235725722,34955800
2025-07-07,208.94015502929688,215.18994753990862,207.79569250723537,211.65701970580338,50229000
2025-07-08,208.99989318847656,210.41306148236814,207.44739887083225,209.08947184941582,42848900
2025-07-09,210.12445068359375,210.31353924447487,206.22330706177223,208.52219391164948,48749400
2025-07-10,211.3883514404297,212.45319704499605,209.0197939340788,209.49748097232364,44443600
2025-07-11,210.14434814453125,211.1096837700706,208.85059795908091,209.55718962168862,39765800
2025-07-14,207.61656188964844,209.89555581124029,206.54175471753558,208.92025854176603,38840100
2025-07-15,208.10423278808594,210.8708604550018,207.915144211828,208.2137043224775,42296300
2025-07-16,209.149169921875,211.37838618562168,207.63647661047767,209.28849593835915,47490500
2025-07-17,209.00982666015625,210.7812638030366,208.58188702565155,209.55718424596662,48068100
2025-07-18,210.16424560546875,210.77131219576944,208.69136845628208,209.85573909301036,48974600
2025-07-21,211.4580078125,214.74213848423943,210.61210526026528,211.07984586548804,51377400
2025-07-22,213.36875915527344,213.91611676733493,211.20919838168209,212.1148250502387,46404100
2025-07-23,213.11997985839844,214.11517007989065,211.38835859165647,213.96589762082587,46989300
2025-07-24,212.73184204101562,214.65256693634578,212.50295255730364,212.87116805528336,46022600
2025-07-25,212.8512725830078,214.2047317845148,212.37357038101962,213.6673206036272,40268800
2025-07-28,213.02047729492188,213.8166325366559,212.03523347491873,213.000569237894,37858000
2025-07-29,210.2538299560547,213.7767964509494,209.80599741985404,213.14982178903043,51411700
2025-07-30,208.04449462890625,211.36842593737322,206.72088996610802,210.88077731884883,45512500
2025-07-31,206.57162475585938,208.83069544134486,206.16359315375274,207.48719786288635,80698400
2025-08-01,201.40658569335938,212.5527122409286,200.53081350952442,209.85574027592583,104434500
2025-08-04,202.37193298339844,206.88014336875773,200.70995198839026,203.52634207300898,75109300
2025-08-05,201.94398498535156,204.35234334482283,201.18764593221573,202.42167200915333,44155100
2025-08-06,212.22430419921875,214.3440641251077,204.60114383647723,204.6409599471833,108483100
2025-08-07,218.9716796875,219.78774287041324,215.5382768294147,217.8272171299369,90224800
2025-08-08,228.24685668945312,229.8889142887861,218.19543055331755,219.76783274169614,113854000
2025-08-11,226.34388732910156,228.71513292468896,223.9327956372812,227.08116933177635,61806100
2025-08-12,228.80479431152344,229.95057099439725,226.23430307406312,227.17083074525974,55626200
2025-08-13,232.47125244140625,234.1351043372746,229.58191650034667,230.2195756343437,69878500
2025-08-14,231.9232635498047,234.2546476473393,230.00037411625505,233.19855135713797,51916300
2025-08-15,230.73764038085938,233.41774239633352,228.49592139875156,233.13877413921495,56038700
2025-08-18,230.0402374267578,232.26202593201924,229.26310933608104,230.8472538899505,37476200
2025-08-19,229.71144104003906,232.01293684851592,228.50590285589897,230.4287923573085,39402600
2025-08-20,225.17819213867188,229.6217843388592,224.93908515924198,229.13358225147155,42263900
2025-08-21,224.07228088378906,225.68632903786573,222.9564077521854,225.43724912794482,30621200
2025-08-22,226.9217529296875,228.2468598588307,224.58041092619504,225.33760837029214,42477800
2025-08-25,226.32395935058594,228.45608264282492,225.3973742361901,225.64645413109014,30983100
2025-08-26,228.46604919433594,228.6453946309622,223.86305742355088,226.03502689374838,54575100
2025-08-27,229.64170837402344,230.05018785299507,227.41990473660533,227.76862267507164,31259500
2025-08-28,231.7041015625,232.55097936868034,228.49595098757067,229.97051505486425,38074700
2025-08-29,231.28562927246094,232.52107103838586,230.51845893056873,231.65426265633033,39418400
2025-09-02,228.8745574951172,230.00040359535532,226.13467838242784,228.4062860305561,44075600
2025-09-03,237.59234619140625,237.9709525201245,233.49747185558658,236.33698891571112,66427800
2025-09-04,238.8975067138672,239.0170601981439,235.8687018920251,237.57239985348932,47549400
2025-09-05,238.80783081054688,240.43183651086895,237.61225041390915,239.11668743272676,54870400
2025-09-08,237.00450134277344,239.2661357937392,235.4701607098454,238.41927329094256,48999500
2025-09-09,233.4875030517578,237.90119155812317,232.5011411802574,236.12774389612645,66313900
2025-09-10,225.955322265625,231.56460664903227,225.118417424808,231.33545739080094,83440800
2025-09-11,229.1833953857422,229.60184779162614,225.81583028738913,226.04499474029723,50208600
2025-09-12,233.2085418701172,233.6469097348115,228.17712472443904,228.37638560886936,55824200
2025-09-15,235.82884216308594,237.31336381412066,234.16499028444412,236.1277410783948,42699500
2025-09-16,237.2735137939453,240.33222235518573,235.45026224943368,236.30708253667353,63421100
2025-09-17,238.11044311523438,239.21635855568803,236.85507060288438,238.09051246512186,46508000
2025-09-18,237.00450134277344,240.31227437025743,235.77901734043184,239.0868055705458,44249600
2025-09-19,244.59646606445312,245.3935247988757,239.32594197772087,240.34217704154452,163741300
2025-09-22,255.13751220703125,255.69547916115815,247.2068166293636,247.38616206443075,105517400
2025-09-23,253.49359130859375,256.3928850249964,252.64672876089196,254.9382669065294,60275200
2025-09-24,251.38140869140625,254.79879299943292,250.11607847800005,254.2807025242173,42303700
2025-09-25,255.9246063232422,256.22352044118514,250.7836088309123,252.27808820484515,55202100
2025-09-26,254.51980590820312,256.6519291955366,252.84598111295833,253.16481067495934,46076300
2025-09-29,253.49359130859375,254.06150078407975,252.07881928540593,253.62311772285494,40127700
2025-09-30,253.69287109375,254.97811672142575,252.17846100632588,253.92202035086734,37704300
2025-10-01,254.5098419189453,257.83756097799323,253.9917514638179,254.10134722927504,48713900
2025-10-02,256.18365478515625,257.229778167004,253.21461153357077,255.63566078088252,42630200
2025-10-03,257.07037353515625,258.2858846694617,253.01536064819075,253.73271197999827,49155600
2025-10-06,255.74526977539062,258.11651518827176,254.11130630837613,257.0404730386864,44664100
2025-10-07,255.53607177734375,256.45266881763376,254.48991791397023,255.86484387966763,31955800
2025-10-08,257.1102600097656,257.5685585594684,255.16742442767125,255.57591915435188,36496900
2025-10-09,253.10501098632812,257.0504430809132,252.20832947523735,256.86113993459566,38322000
2025-10-10,244.3673095703125,255.436420799504,243.10197943699816,254.00171816056968,61999100
2025-10-13,246.74851989746094,248.7710475029622,244.6562426215344,248.46219085423505,38142900
2025-10-14,246.8581085205078,247.93413549962378,243.79940008876653,245.69241642712313,35478000
2025-10-15,248.42233276367188,250.89321639065437,246.559219921403,248.57178982967116,33893600
2025-10-16,246.53929138183594,248.1234359576197,244.22783772705108,247.33635013275978,39777000
2025-10-17,251.36146545410156,252.44746537322095,246.35995200283696,247.10719170360767,49147000
2025-10-20,261.27484130859375,263.4069798400544,254.68918336894043,254.94822099113512,90483000
2025-10-21,261.8028564453125,264.313600971564,260.8663137101643,260.916147926868,46695900
2025-10-22,257.4988098144531,261.882609922878,254.4899051977633,261.6833338430701,45015300
2025-10-23,258.6246032714844,259.66078406832133,257.06040475940137,258.98329410338334,32754900
2025-10-24,261.8527526855469,263.1579290692685,258.2261343576155,260.2287466983284,38253700
2025-10-27,267.8206787109375,268.1295353654346,263.67598537979285,263.90514984178776,44888200
2025-10-28,268.0099792480469,268.89671830922975,267.1631014853557,268.00000632210845,41534800
2025-10-29,268.7073974609375,270.4110953948544,266.1269030442272,268.28892986747474,51086700
2025-10-30,270.401123046875,273.1310593223432,267.49188695276854,270.98894793982623,69886500
2025-10-31,269.37493896484375,276.29937269597025,268.16940070155243,275.9705701844509,86167100
2025-11-03,268.05975341796875,269.8531467885877,265.2700709373508,269.424736694289,50194600
2025-11-04,269.0461730957031,270.49081837885313,266.6350661079627,267.3424445625432,49274800
2025-11-05,269.14581298828125,270.7000692568828,265.94760492323326,267.6214146886098,43683100
2025-11-06,268.7771301269531,272.3937751745226,266.90407480138714,266.90407480138714,51204000
2025-11-07,267.48193359375,271.2878818962731,265.7881780523408,268.80702532983145,48227400
2025-11-10,268.6986083984375,272.9869540449525,266.7339548671466,268.22988302493957,41312400
2025-11-11,274.5028076171875,275.16101963639426,269.0675899882029,269.07757258136417,46208300
2025-11-12,272.7276611328125,274.9815360542478,270.9624767916609,274.2535066981436,48398000
2025-11-13,272.2090759277344,275.9488963676571,271.3513946141157,273.36590026791555,49602800
2025-11-14,271.6705017089844,275.21085247368256,268.8681323529343,270.31417782757546,47431300
2025-11-17,266.73394775390625,269.7557213346742,265.00866346949266,268.09027174019775,45018300
2025-11-18,266.7140197753906,269.9751321987233,264.59977951795884,269.2570854665072,45677300
2025-11-19,267.8309631347656,271.47104873805114,264.77927226211665,264.80918960656476,40424500
2025-11-20,265.5272521972656,274.68232536305425,265.1981613886433,270.09480618650156,45823600
2025-11-21,270.75299072265625,272.5879921198442,264.9488130991126,265.2280517805383,59030800
2025-11-24,275.1709899902344,276.24804478801667,270.16459800357205,270.16459800357205,65585800
2025-11-25,276.2181701660156,279.6189174225992,274.50283786370125,274.52277261748515,46914200
2025-11-26,276.79656982421875,278.7712060098946,275.8790842359358,276.2081750495132,33431400
2025-11-28,278.0930480957031,278.242634823177,275.2407959413455,276.50736791500816,20135600
2025-12-01,282.3315124511719,282.65065109438723,275.3904143522869,277.2553332443013,46587700
2025-12-02,285.4131164550781,286.619823290159,281.86278279875575,282.231773534172,53669500
2025-12-03,283.378662109375,287.8365294074879,282.5309633672564,285.4231155973949,43538700
2025-12-04,279.9380187988281,283.95707766942763,277.83373081751637,283.3287830094401,43989100
2025-12-05,278.0232238769531,280.37683325787106,277.2951945750906,279.77845592816414,47265800
2025-12-08,277.1356506347656,278.9108174051644,275.4003533668138,277.374989388386,38211800
2025-12-09,276.42755126953125,279.26982065807096,276.16827776921565,277.4049018876359,32193300
2025-12-10,278.0232238769531,278.9905919368044,275.68957968235776,276.9960211276047,33038300
2025-12-11,277.2752685546875,278.8310314000742,273.0667227973629,278.34237127554803,33248000
2025-12-12,277.52459716796875,278.4620479370953,276.0685689150702,277.14562382282355,39532900
2025-12-15,273.3658752441406,279.3894873363706,272.0993337942639,279.3894873363706,50409100
2025-12-16,273.8645324707031,274.752131096348,271.0522107383373,272.07941349564567,37648600
2025-12-17,271.10205078125,275.41033087528734,270.9026119684932,274.2634587890498,50138700
2025-12-18,271.4511413574219,272.88723490520505,266.22537510199504,272.8672697170699,51630700
2025-12-19,272.9271240234375,273.8545921928022,269.1673383776201,271.4112306527045,144632000
2025-12-22,270.23443603515625,273.13654030849926,269.7756932559407,272.1192896847017,36571800
2025-12-23,271.62066650390625,271.7603010837797,268.8282792538215,270.1048034873943,29642000
2025-12-24,273.06671142578125,274.6823088952694,271.46109654935304,271.60070067851706,17910600
2025-12-26,272.6578369140625,274.6224904749486,272.11929424741834,273.41578359787746,21521800
2025-12-29,273.0168762207031,273.61522314661676,271.6107000753325,271.9497734782625,23715200
2025-12-30,272.3387145996094,273.3360001129787,271.54089836280934,272.0694584675055,22139600
2025-12-31,271.12200927734375,272.9370761103812,271.0123224859311,272.3187639976345,27293600
2026-01-02,270.2743225097656,277.0857683126949,268.2697691424855,271.52092924369913,37838100
2026-01-05,266.5345153808594,270.7729784841199,265.41756056202854,269.9053450243044,45647200
2026-01-06,261.6477966308594,266.82371056256306,261.40845786144683,266.27521573774703,52352100
2026-01-07,259.623291015625,262.964203143993,259.1047135716701,262.48552563718374,48309800
2026-01-08,258.3368225097656,258.58614386359903,255.00587765735156,256.3222864925608,50419300
2026-01-09,258.6659240722656,259.5036402038468,255.52448097015204,258.3767027680543,39997000
2026-01-12,259.5435485839844,260.59068617382866,256.1029014720883,258.4565110528425,45263800
2026-01-13,260.34136962890625,261.0993163539261,257.68861696081353,258.01770778709204,45730800
2026-01-14,259.2543029785156,261.1092696408236,256.0131254420647,258.78557762508564,40019400
2026-01-15,257.5090637207031,260.3313985459844,256.35220896361545,259.9424426175537,39388600
2026-01-16,254.8363494873047,258.1971965798445,254.23797213114116,257.1999111311508,72142800
2026-01-20,246.0303192138672,254.09835490933511,242.75922413209136,252.04394930256512,80267500
2026-01-21,246.9777374267578,250.87712721718017,244.51444112970407,248.02489020045314,54641700
2026-01-22,247.67584228515625,250.31864258405668,247.47637302553753,248.52352576906395,39708300
2026-01-23,247.36666870117188,248.73296007338791,244.0157890837153,246.64863719927277,41689000
2026-01-26,254.7166748046875,255.86354695988197,249.12190294519746,250.7973351598156,55969200
2026-01-27,257.5688781738281,261.23891141767155,257.50904348719195,258.4664593428383,49648300
2026-01-28,255.743896484375,258.15731035497566,253.8191275531099,256.95060341967536,41288000
2026-01-29,257.5788879394531,258.94516415300217,253.7193980705993,257.29964922744847,67253000
2026-01-30,258.775634765625,261.1890484668085,251.49543285360957,254.47732177254832,92443400
2026-02-02,269.2770690917969,269.7557466562268,258.50636737104884,259.3241487899344,73913400
2026-02-03,268.7485046386719,271.1419837262723,266.88355520832346,268.4692659190308,64394700
2026-02-04,275.7394104003906,278.19275421850585,271.55083028665655,271.55083028665655,90545700
2026-02-05,275.1610412597656,278.7412924914769,272.48832346973,277.37501624935936,52977400
2026-02-06,277.364990234375,280.1474248180158,276.1782182606431,276.3677049075235,50453400
2026-02-09,274.13079833984375,277.70443813431814,271.2160169672847,277.41494619870406,44623400
2026-02-10,273.19244384765625,274.87943562430115,272.4537718732244,274.40031021957236,34376900
2026-02-11,275.00921630859375,279.6808719096702,273.9610989943363,274.2106536370846,51931300
2026-02-12,261.2637939453125,275.22886395053104,259.7165366668213,275.09909064411113,81077200
2026-02-13,255.32435607910156,261.7628783299504,254.9949421084194,261.5432690161623,56290700
2026-02-17,263.4099426269531,265.8156532326085,255.08478749757862,257.5903108294174,58469100
2026-02-18,263.8791198730469,266.3447212846438,261.9825104325609,263.13045584681157,34203300
2026-02-19,260.11578369140625,264.00886051677537,259.5867290635135,262.13220471573277,30845300
2026-02-20,264.1086730957031,264.2783836675007,257.7001265171608,258.50868117461044,42070500
2026-02-23,265.705810546875,268.95002088588865,262.91081074777924,263.0206001676805,37308200
2026-02-24,271.6552429199219,274.4003442568012,267.233111068832,267.38283777638213,47014600
2026-02-25,273.74151611328125,274.45024283739696,270.567157599074,271.29586819299504,33714300
2026-02-26,272.4637756347656,275.61811956353745,270.31758130113775,274.4602128097023,32345100
2026-02-27,263.7093811035156,272.3240124520744,262.4217010495403,272.3240124520744,72366500
2026-03-02,264.2484130859375,266.05518620599753,259.73647625260065,261.94253069595567,41827900
2026-03-03,263.2801818847656,265.08695529305965,259.6666350681776,263.0106738027697,38568900
2026-03-04,262.0523376464844,265.67587606267574,260.95432154975975,264.17854815272653,39803100
2026-03-05,259.8263244628906,261.09405110124777,256.79173142961054,260.3254337562426,49658600
2026-03-06,257.0013427734375,258.3090066542827,253.916851068475,258.16927189629365,41120000
2026-03-09,259.41705322265625,260.68477987096253,253.22808575123491,255.2345148744848,38218500
2026-03-10,260.3653564453125,262.01244158439727,256.4922936817907,257.19102845716964,30590800
2026-03-11,260.3453674316406,261.6630231774062,259.08760235948154,260.62486739620806,26218900
2026-03-12,255.30438232421875,258.48871731031414,253.72719511663234,258.1992253881205,40794000
2026-03-13,249.6744384765625,255.87336762960538,249.07551643845036,255.024890934378,36930000
2026-03-16,252.36964416503906,253.43773019062647,249.4348789230203,251.66090222791988,32074200
2026-03-17,253.77711486816406,254.67552076289968,251.7307636559193,252.5093881906664,32361600
2026-03-18,249.49476623535156,254.48585937367065,248.55643828829037,252.1799767808244,35757900
2026-03-19,248.5165252685547,251.38140795985734,246.85947863088072,248.95572868612365,34864100
2026-03-20,247.54823303222656,248.75606899357115,245.56177255944445,247.53824109812177,88331100
2026-03-23,251.04200744628906,254.14646797882926,249.83415620831627,253.51758537106093,40546100
2026-03-24,251.1917266845703,254.37604644028636,249.10545347620703,249.90403139868116,45152300
2026-03-25,252.16998291015625,254.5457480998694,251.15181088451408,253.6473574345128,28476700
2026-03-26,252.43951416015625,256.5421934269488,250.32329549316128,251.67088153367666,41796700
2026-03-27,248.35679626464844,255.03488128462607,247.6281009352486,253.4477020992108,47900000
2026-03-30,246.19065856933594,250.4230956915925,245.07264337813007,249.62453299565456,39446200
2026-03-31,253.337890625,255.02488248828539,246.65982101631488,247.46837564153284,49598100
2026-04-01,255.17462158203125,255.7236296181179,252.8787157917901,253.62737973002484,40059400
2026-04-02,255.464111328125,255.6737439434535,250.20349485503914,253.74717405681358,31289400
2026-04-06,258.3988342285156,261.6929736576745,256.003115847535,256.053045051996,29329900
2026-04-07,253.0484161376953,255.7436185540334,245.2623079794448,255.70368128016966,62148000
2026-04-08,258.43878173828125,259.2872736156141,256.0730086009651,257.98960165960847,41032800
2026-04-09,260.02593994140625,260.65482250105316,255.6138310165902,258.5386040524215,28121600
2026-04-10,260.0159912109375,261.7229364827484,258.5585701252562,259.5168819122501,31291500
2026-04-13,258.73828125,259.71651601158027,256.2027973984465,259.2673359057164,36234700
2026-04-14,258.368896484375,261.4633801130582,256.73183388682423,258.78816168339415,48370700
2026-04-15,265.95538330078125,266.08515659729386,257.35074355126085,257.7001261657452,49913500
2026-04-16,262.9307556152344,266.6840670491935,260.804545264895,266.3246925362851,43323100
2026-04-17,269.7486267089844,271.8149160854778,266.24486962975914,266.4844323486072,61436200
2026-04-20,272.5635681152344,273.7913879220191,269.80850557942483,269.84841238867654,36590200
2026-04-21,265.69586181640625,272.3140256362382,264.9272139873882,271.0163536236942,50209800
2026-04-22,272.68341064453125,273.2523721409737,266.39461467279705,267.3429346055621,43249200
2026-04-23,272.9429016113281,275.2787294551341,271.1660737405759,274.56001085217736,33399600
2026-04-24,270.5771179199219,272.5735550213531,269.16962610782736,272.2741016414235,38157100
2026-04-27,267.1332702636719,267.88193422863776,264.59781690250213,265.6159889280984,41466800
2026-04-28,270.2277526855469,272.7432830913257,268.181416710472,271.8548539018017,40018900
2026-04-29,269.688720703125,270.55716597281076,266.56429174844374,267.07336249706583,30047900
2026-04-30,270.86663818359375,275.50834883767226,267.6623648300734,270.018146234023,91848200
2026-05-01,279.6409606933594,286.7083346607987,277.87409435408995,278.36321169794013,79915400
2026-05-04,276.33685302734375,280.13010214166496,274.3703610857382,279.16182884121525,46668400
2026-05-05,283.67376708984375,284.0630869835518,276.00745521106614,276.43668191704,49311700
2026-05-06,286.9978332519531,287.5168959460148,280.5693031693742,281.4177950537395,58336100
2026-05-07,286.9279479980469,291.60959552514373,285.2709015174152,288.75467457606095,45224300
2026-05-08,292.7974853515625,294.2349225642168,289.48339230776435,289.49338424193445,52692800
2026-05-11,292.42779541015625,293.6267735875138,289.979924827367,291.72841688276577,42247300
2026-05-12,294.54595947265625,295.0155556946294,292.3078994315659,292.3078994315659,45748100
2026-05-13,298.6124572753906,300.6607090744109,293.24708951115105,293.24708951115105,52684300
2026-05-14,297.9530334472656,300.1911240450107,295.12548538387824,299.5616620172475,35324900
2026-05-15,299.9713134765625,302.93875555297063,296.26448829773227,297.643304079477,54862800
2026-05-18,297.5833435058594,300.4009207908792,294.6558756451712,299.98126929450746,34483000
2026-05-19,298.7123718261719,300.2510533099592,296.09463441963413,296.7140952726279,42243600
2026-05-20,301.98956298828125,302.5390768782648,297.82314269813475,297.9230626302997,38229800
2026-05-21,304.7271728515625,305.27671719779084,300.1411318265125,300.80056674721834,42965100
2026-05-22,308.55389404296875,311.13165741506583,305.57645096183757,305.85620846339293,43670200
2026-05-26,308.0643005371094,311.5513139598484,307.4048960873393,309.29325163060713,48000500
2026-05-27,310.5821533203125,312.9900803339556,308.0343323058515,308.0643052358437,50430900
2026-05-28,312.24072265625,312.5304508120942,309.30325358892543,310.412282475935,48220400
2026-05-29,311.7911071777344,314.7285763294451,309.2632884033746,311.5113496628706,70026800
2026-06-01,306.0460510253906,310.67206624496237,304.7571540774977,309.363197507879,48849900
2026-06-02,314.92840576171875,315.1781903378333,306.42572903356995,307.1950545511415,44534700
2026-06-03,309.9926452636719,316.6668815001487,308.5838566628498,313.9092501546009,50836700
2026-06-04,310.9618225097656,313.26982953176514,309.38316692864953,312.96009909963743,44869100
2026-06-05,307.0751647949219,314.8984348439246,306.8853260765596,312.5903972939029,65310500
2026-06-08,301.2801818847656,317.1265012321255,300.9105055796523,308.4739595974908,77949100
2026-06-09,290.29962158203125,300.4908444635933,287.5320194610898,300.0212482417878,70108800
2026-06-10,291.3287353515625,294.4960172141002,287.1323727394638,290.4894628291428,52793300
2026-06-11,295.375244140625,296.7440586571729,289.3404406054596,293.4668864344149,42572500
2026-06-12,290.879150390625,296.88398158337014,289.3704417369658,295.7749221682621,38742100
2026-06-15,296.1645812988281,297.5233947188816,291.4486474146935,293.8665449684006,45732600
2026-06-16,298.9821472167969,300.2210994929347,293.71669913987887,294.99559499590845,39874400
2026-06-17,295.6949768066406,301.8096980081642,294.10632015937927,300.59074812548096,42745100
2026-06-18,297.7532043457031,300.31099586682666,295.3652492546472,297.8530937792582,85962200
2026-06-22,296.75408935546875,302.1594314563154,296.5043047694293,297.05381866220307,44879900
2026-06-23,294.04638671875,301.3800886038737,293.9264950024863,297.2836155142734,52010900
2026-06-24,292.8274230957031,299.4417438827621,292.68755959702736,295.1054570720635,53081900
2026-06-25,274.91290283203125,288.55113481081804,273.5141152813601,287.1523472601469,107013700
2026-06-26,283.53546142578125,285.70360492137456,273.9737007161028,274.7630284991681,261775500
2026-06-29,281.4972229003906,288.12151489662153,279.6088673150861,286.4829438934296,66427000
2026-06-30,289.11065673828125,289.69017405322865,280.45814550695326,280.9277417485351,65100200
2026-07-01,294.1263427734375,296.33442991747245,288.95081360688545,293.1871503157195,50164200
2026-07-02,308.3640441894531,309.15337194761725,293.4269150966668,293.866538367699,75352800
2026-07-06,312.3905944824219,313.9292760509671,306.7354678654279,307.0951430290638,53590000
2026-07-07,310.3923034667969,315.20815732134815,309.88273318392555,315.0183186077797,42490000
2026-07-08,313.1199645996094,314.5487250421545,306.7854009831778,311.6412289475945,41323500
2026-07-09,315.947509765625,316.2572401947346,307.8944576262147,310.24243869469103,48124500
2026-07-10,315.0483093261719,316.6369356310425,311.9010296470402,314.4488202226986,34132300
2026-07-13,317.03656005859375,323.171283634363,315.5078797345754,316.7468014245228,43257800
2026-07-14,314.58868408203125,315.91755515351207,311.64124426456783,313.48965629761443,36336800
2026-07-15,327.2178039550781,328.44675508114506,317.0465830462295,317.34631234952286,60957600
2026-07-16,332.97283935546875,334.3915986652446,326.50841333986017,327.72736328456057,62970600
2026-07-17,333.452392578125,334.7013154010385,328.71648699084636,331.693929977533,63407100
2026-07-20,326.3085632324219,333.4224228207836,323.4010672140761,333.2226134619852,53468000
2026-07-21,327.45758056640625,329.3159936819017,321.94234806189104,322.85156758462244,41338900
2026-07-22,325.60919189453125,328.7164973399543,323.0613709608057,327.58746619388995,38755900
2026-07-23,321.3828430175781,323.0214140443725,319.0748358849152,321.4527900194849,40840800
2026-07-24,332.7330322265625,334.0818750563203,321.3428614810286,321.5127284115298,47489400
2026-07-27,336.61968994140625,339.277401491225,333.73216560461384,334.2517370375488,49604300
2026-07-28,339.78692626953125,342.59453283396704,335.31080637618777,339.73698155301014,51859000
2026-07-29,337.8985900878906,344.2730974331505,337.0593175600121,339.43727163464206,56090800
2026-07-30,333.1426696777344,334.4615395264105,329.30598233808786,332.8129674612056,74817800
2026-07-31,308.6438293457031,310.4222943774597,299.7415030462749,304.54735603914753,132489100
2026-08-03,303.1585693359375,311.5313230344714,302.29929450581176,309.313234694189,75052000
2026-08-04,309.1134033203125,310.1525156602479,301.0603512911937,302.46913991298527,68001000
2026-08-05,310.7320251464844,311.4414048335362,305.40663118634393,309.09342362565195,49438800
2026-08-06,312.14080810546875,316.0174696892129,308.96355554648414,314.06913775686996,46139900
2026-08-07,313.05999755859375,314.53873325457766,310.47223295908327,311.1816431226555,34437200
2026-08-10,308.260009765625,308.260009765625,304.6099853515625,306.8299865722656,44812500
2026-08-11,304.9100036621094,309.9700012207031,302.7900085449219,307.75,37476700
2026-08-12,302.25,305.6600036621094,300.57000732421875,305.1000061035156,41657800
2026-08-13,305.260009765625,306.0,302.04998779296875,304.2099914550781,40349300
2026-08-14,305.92999267578125,307.489990234375,304.29998779296875,306.0,28229400
2026-08-17,305.5899963378906,307.6600036621094,302.94000244140625,306.2099914550781,38169300
2026-08-18,310.0299987792969,311.489990234375,305.739990234375,307.5799865722656,53424500
2026-08-19,316.8299865722656,319.2799987792969,309.6000061035156,310.1400146484375,50505600
2026-08-20,311.29998779296875,320.2799987792969,310.6499938964844,317.4599914550781,40959200
2026-08-21,309.3500061035156,312.3800048828125,307.010009765625,312.04998779296875,46876800
2026-08-24,310.3399963378906,313.3599853515625,309.9700012207031,311.4700012207031,34673600
2026-08-25,309.8999938964844,313.5899963378906,308.2099914550781,310.7900085449219,25869800
2026-08-26,313.45001220703125,315.42999267578125,308.79998779296875,310.29998779296875,34024500
2026-08-27,314.5799865722656,315.3999938964844,309.3999938964844,310.54998779296875,32419200
2026-08-28,319.70001220703125,322.3699951171875,315.45001220703125,316.8500061035156,38649400
2026-08-31,316.8500061035156,321.239990234375,312.79998779296875,319.6000061035156,41242700
2026-09-01,325.1300048828125,327.29998779296875,314.7300109863281,316.9800109863281,53167400
2026-09-02,324.9599914550781,328.3999938964844,323.5299987792969,326.8699951171875,33776400
2026-09-03,328.2099914550781,330.80999755859375,324.1099853515625,324.8699951171875,37225800
2026-09-04,319.9700012207031,328.92999267578125,317.8599853515625,328.30499267578125,38007287
