Price,Close,High,Low,Open,Volume
Ticker,GOOGL,GOOGL,GOOGL,GOOGL,GOOGL
Date,,,,,
2004-08-19,2.488940715789795,2.581215643676131,2.380294273451942,2.4805075283482223,893181924
2004-08-20,2.6866369247436523,2.705737498830779,2.4929096876436994,2.5055605330860438,456686856
2004-08-23,2.713674783706665,2.8148794078934913,2.7049929849345746,2.7471619919110366,365122512
2004-08-24,2.6013073921203613,2.768246221493962,2.5690613501000383,2.759316282910154,304946748
2004-08-25,2.629338264465332,2.6789483847272337,2.576751655149251,2.6035410019291434,183772044
2004-08-26,2.6767146587371826,2.6777069791286072,2.5960984934202957,2.603291693723747,141897960
2004-08-27,2.6330580711364746,2.694326950083828,2.6216483940352813,2.6814282014123236,124235640
2004-08-30,2.5303659439086914,2.6166874355851193,2.5303659439086914,2.6114786387859383,103935960
2004-08-31,2.539295196533203,2.5725335578651247,2.5340864006589863,2.537558694918769,98357544
2004-09-01,2.486708879470825,2.5541786391867367,2.4723215318484084,2.5474810074691465,182765052
2004-09-02,2.51796293258667,2.539295579274233,2.4542140770337095,2.460415194239856,302373324
2004-09-03,2.480755567550659,2.5236680515790026,2.463639398280675,2.504071908261782,103048848
2004-09-07,2.5196993350982666,2.530117873298317,2.47083363541321,2.5055605993673633,116950932
2004-09-08,2.5375590324401855,2.55566634162594,2.492909807731657,2.4988630219379235,99712188
2004-09-09,2.537806749343872,2.5477287732177833,2.5053130369086882,2.5432643942014193,81234684
2004-09-10,2.612718343734741,2.64322883046959,2.512753695666572,2.5201957446791363,173977848
2004-09-13,2.6665451526641846,2.689118020805163,2.6407478929184083,2.644964368659599,156882960
2004-09-14,2.765517473220825,2.7781683183535546,2.648933171757235,2.6653051595235286,216579204
2004-09-15,2.778168201446533,2.8334836248022044,2.7335189818604446,2.7424489203068756,214261524
2004-09-16,2.8270342350006104,2.8724276412513663,2.769486497386777,2.7866017224515853,185326488
2004-09-17,2.9143478870391846,2.9143478870391846,2.8166164903165263,2.8381960931706742,189450360
2004-09-20,2.960733652114868,3.01629674643716,2.8964882851927563,2.9009536092563835,212575212
2004-09-21,2.923030376434326,2.9870278495168,2.914844853732908,2.971896082372653,144575280
2004-09-22,2.9364240169525146,2.9684233394741373,2.89748034162045,2.9121155917547994,151624224
2004-09-23,2.9969494342803955,3.041846323735094,2.9026891497167817,2.9478348873436437,170713116
2004-09-24,2.9723920822143555,3.0783099437347357,2.9706555804852894,2.9999258437755603,182469348
2004-09-27,2.93344783782959,2.9984373922805023,2.922037923470676,2.965694830311455,141322536
2004-09-28,3.1467721462249756,3.16016646526663,2.9818179334081525,3.0088561286548754,338581080
2004-09-29,3.2514491081237793,3.3491814602202896,3.1311448303638874,3.1428033565200293,610329060
2004-09-30,3.2147371768951416,3.2817113653435395,3.1998542602296576,3.222179226035506,275160564
2004-10-01,3.28865647315979,3.3298324535668207,3.197373864835561,3.244503058828954,302497200
2004-10-04,3.350173234939575,3.395070124506872,3.324623877241176,3.3548864618703216,260455284
2004-10-05,3.4322781562805176,3.4362469654993837,3.2802224736539642,3.3402511266546395,299464236
2004-10-06,3.4002790451049805,3.4342627737380336,3.3734896993788133,3.4119378069329316,267628104
2004-10-07,3.4441845417022705,3.46973389843732,3.3871323781538334,3.396309983496493,282301416
2004-10-08,3.41640305519104,3.4647722400396614,3.3987913158804353,3.4409593837800165,221390388
2004-10-11,3.3551342487335205,3.444432455342151,3.3201593836752306,3.398294398705991,209442348
2004-10-12,3.4082162380218506,3.413426215545089,3.308996013802865,3.3347932720998013,233310456
2004-10-13,3.495034694671631,3.5607677134936595,3.4746950791024376,3.5550633478179745,395324280
2004-10-14,3.5223207473754883,3.5317460192911514,3.43699040469946,3.497763474706827,208842948
2004-10-15,3.5746586322784424,3.6091379291486243,3.521079706397451,3.5949994299549877,263895840
2004-10-18,3.699924945831299,3.700917029993303,3.5027244681664986,3.552086917787017,280726992
2004-10-19,3.6696622371673584,3.780293087899399,3.655026987527331,3.7331631837234776,362197440
2004-10-20,3.4848647117614746,3.6957071668520562,3.4627876495216023,3.671894311870324,454453092
2004-10-21,3.7053818702697754,3.7239856945071206,3.5128946078052055,3.5818532052088394,582996420
2004-10-22,4.277138710021973,4.469130398134185,4.070016201804847,4.230257414442483,1474200324
2004-10-25,4.648470401763916,4.82284984620663,4.280114663160553,4.375613738921685,1309257432
2004-10-26,4.5095624923706055,4.778448952153292,4.464913508532028,4.622177036072199,891391716
2004-10-27,4.612998962402344,4.701057174999282,4.508817847808685,4.532383034480603,533725740
2004-10-28,4.794820785522461,4.821858981180498,4.603822585714822,4.630611696851799,593278128
2004-10-29,4.72883939743042,4.959774756600075,4.727847313257655,4.933480981176024,845653500
2004-11-01,4.862538814544678,4.903219465764455,4.744467088261272,4.801022504585252,488507004
2004-11-02,4.833764553070068,4.942410286368203,4.7958120192467115,4.930751525853362,453398148
2004-11-03,4.754388332366943,5.000702155921628,4.731567562546491,4.915868332158325,554992452
2004-11-04,4.581496715545654,4.722885962199443,4.548009738954377,4.674268165825293,575807616
2004-11-05,4.20073938369751,4.521964819152569,4.18089533587813,4.514027200024818,792530676
2004-11-08,4.280115604400635,4.351801843616002,4.201979636034263,4.23993170269396,447224328
2004-11-09,4.184616565704346,4.345848925855646,4.09953506121131,4.318563536780098,442125432
2004-11-10,4.163780212402344,4.279371019168684,4.125827674582644,4.233481807769712,425334240
2004-11-11,4.539824962615967,4.557932509602636,4.1565859692190426,4.195281982879494,598820580
2004-11-12,4.514523506164551,4.708003071496,4.400419178995262,4.594643161910018,669174156
2004-11-15,4.5857133865356445,4.671291157906131,4.433906556253974,4.476075566609066,475583940
2004-11-16,4.279867649078369,4.451766200711628,4.2374504972480525,4.402900738103755,835859304
2004-11-17,4.27887487411499,4.40290051363266,4.192056879188014,4.192553630216504,724590684
2004-11-18,4.155841827392578,4.3265001290225795,4.110943763175837,4.224055520211552,664518816
2004-11-19,4.201979160308838,4.216366507013308,4.130540595755823,4.194537820410179,350421228
2004-11-22,4.0953168869018555,4.204459355837694,4.00130570699724,4.079689792217051,494233272
2004-11-23,4.155345916748047,4.237450692958336,4.130045169708178,4.166507927622202,496035468
2004-11-24,4.334934234619141,4.395707543220576,4.279123237455682,4.336423069844365,610628760
2004-11-26,4.449781894683838,4.46565713148621,4.348824690295761,4.360731117897539,258944796
2004-11-29,4.4909586906433105,4.538088126241059,4.403148603162194,4.473843701851064,426237336
2004-11-30,4.514027118682861,4.539328810923536,4.471114631910177,4.482524781958412,307692000
2004-12-01,4.463921070098877,4.526925738460032,4.453750671651777,4.513282336583743,314249436
2004-12-02,4.450030326843262,4.5023692730442075,4.428946053878029,4.462433034971233,250185564
2004-12-03,4.474836349487305,4.4912073953418075,4.405381465482531,4.463673391927711,234533232
2004-12-06,4.372887134552002,4.482276830417257,4.3661892660667005,4.443333151506357,249909840
2004-12-07,4.252333641052246,4.370653502883334,4.2305049534983405,4.365692609401483,274561164
2004-12-08,4.216366291046143,4.308144229700203,4.185359291785036,4.225543659530097,301370328
2004-12-09,4.301943778991699,4.303680753518991,4.17891115550835,4.223064339022921,305853840
2004-12-10,4.257791042327881,4.337910696362185,4.248861340041507,4.301943275381478,172515312
2004-12-13,4.228024959564209,4.295742856799682,4.203219074333048,4.270689777658571,192551256
2004-12-14,4.432419300079346,4.43564369207847,4.206940620874667,4.24166782371015,443092464
2004-12-15,4.459456443786621,4.482029077826734,4.382064420607338,4.415055120720406,458381160
2004-12-16,4.377349853515625,4.477066813639057,4.36445134448252,4.389256278618335,342569088
2004-12-17,4.466897964477539,4.47731555722178,4.379335547536476,4.384544107585545,295152552
2004-12-20,4.5894341468811035,4.674763780742362,4.51129818645544,4.514523523349296,392986620
2004-12-21,4.557932376861572,4.660377956134141,4.549251285117208,4.621433331728391,220431348
2004-12-22,4.621184349060059,4.634827750190147,4.5395763352748695,4.56165221473801,156123720
2004-12-23,4.660872459411621,4.678236530393205,4.613743502751306,4.649710450039824,144439416
2004-12-27,4.760342121124268,4.794820235877436,4.690639110786504,4.691878861495891,243919836
2004-12-28,4.781426429748535,4.8010228116248,4.73801718972389,4.76530352440223,165666168
2004-12-29,4.784897804260254,4.800277707665594,4.7571161403923234,4.7571161403923234,107016876
2004-12-30,4.901482105255127,4.917109675209765,4.758853115946473,4.786634779821494,235935828
2004-12-31,4.782170295715332,4.95803765268919,4.776464984740244,4.941914749202966,306433260
2005-01-03,5.028235912322998,5.051304347579192,4.848398348058355,4.896520804583226,633134232
2005-01-04,4.824585914611816,5.033693048346843,4.799285642557555,4.995741458650249,549685764
2005-01-05,4.80003023147583,4.884118226050245,4.768279757224776,4.798541396268452,329134536
2005-01-06,4.676995754241943,4.859312824667889,4.656408237478933,4.838973447082539,415068516
2005-01-07,4.808463096618652,4.8183853559666,4.682701425237616,4.7288392458687465,386129484
2005-01-10,4.838478088378906,4.913885479261881,4.758358414994642,4.824587016893159,301282416
2005-01-11,4.800772666931152,4.9042107805839565,4.79184296525903,4.852367181525479,278069652
2005-01-12,4.846414566040039,4.860057495060712,4.7253661244801375,4.820369403951552,326784888
2005-01-13,4.845174789428711,4.896273979492664,4.813424313614183,4.846415012849834,273702024
2005-01-14,4.960270404815674,4.961262961697595,4.815409091130012,4.861794582745108,385226388
2005-01-18,5.057754993438721,5.085536660044583,4.9277754183646545,4.985075726087285,526377096
2005-01-19,4.894040107727051,5.092481501767454,4.879406040383609,5.076357181393397,449857692
2005-01-20,4.810199737548828,4.867995375639497,4.762574025651084,4.774976259387307,359703936
2005-01-21,4.6702985763549805,4.845918242589089,4.666329767668074,4.825577920826434,369965664
2005-01-24,4.482772350311279,4.696343595539896,4.472850565213054,4.680468361265926,560347092
2005-01-25,4.393474102020264,4.520476940393979,4.372886583937741,4.513034655171347,425941632
2005-01-26,4.694112777709961,4.698329726773011,4.443829146685483,4.446805872217773,491823684
2005-01-27,4.665338516235352,4.684685812148458,4.593899947122088,4.682205838003345,264830904
2005-01-28,4.721397876739502,4.829547819709384,4.622177637169397,4.713460257573893,487839672
2005-01-31,4.852367877960205,4.870724507575299,4.755629035422757,4.8044944987837885,383484132
2005-02-01,4.760092258453369,4.878164432998607,4.728590873961631,4.821609028354458,752806440
2005-02-02,5.108852863311768,5.377739831241538,5.051802111657316,5.346733772177839,1310660028
2005-02-03,5.230398178100586,5.2926593820205765,5.1051322978758895,5.109597385999478,519004476
2005-02-04,5.0691633224487305,5.1532527175450715,5.025506429395627,5.121502249870088,592179228
2005-02-07,4.862538814544678,5.119767010354365,4.849640302034073,5.091490011161548,517897584
2005-02-08,4.927279949188232,4.961511343876437,4.82533065539671,4.8856072141069165,458740800
2005-02-09,4.752155780792236,5.000702893658039,4.699569172155672,4.979866761578816,686173140
2005-02-10,4.6628570556640625,4.767782589574258,4.5951396372424895,4.761829139849341,758548692
2005-02-11,4.648470401763916,4.770510915369595,4.615478763540693,4.630114247876129,524115360
2005-02-14,4.787130832672119,4.789363139997865,4.489718301500109,4.535607507144115,1540945512
2005-02-15,4.842695236206055,4.957046303333863,4.789364206523382,4.802262720282767,1030280688
2005-02-16,4.92157506942749,4.944395371025406,4.819625766698339,4.829548027405125,660630708
2005-02-17,4.908923149108887,4.954812826793716,4.881885904438598,4.907187592811612,416159424
2005-02-18,4.9101643562316895,4.932240710254954,4.8781652699920075,4.924055425100914,339096564
2005-02-22,4.746946811676025,4.933728511940426,4.722638150558775,4.87419637352151,538808652
2005-02-23,4.810943603515625,4.824090253356228,4.6797242989929915,4.794819756215164,622816560
2005-02-24,4.685430526733398,4.709243384613732,4.520228411623214,4.548506830244554,1031539428
2005-02-25,4.610518455505371,4.710979382035382,4.601588752918067,4.691878808227192,398541060
2005-02-28,4.6631059646606445,4.709740545521309,4.610023544582196,4.613744687974779,312423264
2005-03-01,4.615231990814209,4.706762275582868,4.514523863647276,4.695352598196199,372075552
2005-03-02,4.593402862548828,4.655167306574934,4.573063483925224,4.612502490512946,291128580
2005-03-03,4.638796806335449,4.657152017002703,4.571822383604391,4.616968119597803,304039656
2005-03-04,4.611263275146484,4.644750253576164,4.590674809650411,4.631107322985159,270693036
2005-03-07,4.683446407318115,4.70304231653303,4.639292749647133,4.657897047247651,346349304
2005-03-08,4.593900203704834,4.709243349169577,4.588194892178692,4.690639524550204,321522156
2005-03-09,4.49839973449707,4.58025683864836,4.4688825133609,4.569342495075375,453961584
2005-03-10,4.464416980743408,4.494679564955331,4.400419281454862,4.489966338089564,437981580
2005-03-11,4.410341262817383,4.488477219837559,4.3942183602194955,4.4758273205314545,320810868
2005-03-14,4.340639591217041,4.425224811386364,4.280612117537499,4.423488782230951,445418136
2005-03-15,4.430434703826904,4.464914240432069,4.321292672925536,4.348329923260859,416467116
2005-03-16,4.355770111083984,4.430434011653787,4.341136043289833,4.383056441677105,283967748
2005-03-17,4.447301864624023,4.455982956134788,4.360731526397688,4.39372317171997,330093576
2005-03-18,4.465905666351318,4.474835368737213,4.422992238180837,4.435394943961192,283316400
2005-03-21,4.486741542816162,4.51873968061287,4.396699161173069,4.44680484191113,299048652
2005-03-22,4.430185794830322,4.513034987525314,4.411582916280267,4.494183024471184,225042732
2005-03-23,4.439611434936523,4.470866099036559,4.4145583594108455,4.4145583594108455,193606200
2005-03-24,4.446309566497803,4.486245326873732,4.4450688704603705,4.482276517492276,148059792
2005-03-28,4.500136375427246,4.5839781231150045,4.488477613897639,4.506586104207925,349170480
2005-03-29,4.454246997833252,4.546274027356834,4.417038879720893,4.49095836490543,258661080
2005-03-30,4.476076126098633,4.500881067972783,4.454990909316413,4.4807893533688645,249194556
2005-03-31,4.477563858032227,4.499392073769804,4.406372954218585,4.4140629065831005,270473256
2005-04-01,4.465905666351318,4.538087703014178,4.464664497745731,4.508570482683819,247032720
2005-04-04,4.596132278442383,4.596876696071262,4.46094509174579,4.4636727324672245,322732944
2005-04-05,4.677492618560791,4.719413020163396,4.652687677962251,4.656656487363862,349118532
2005-04-06,4.693615913391113,4.7042821180120145,4.652935263250599,4.694112191799938,209893896
2005-04-07,4.806230545043945,4.827562479898766,4.679228656775273,4.682701187415345,387300312
2005-04-08,4.7638139724731445,4.839469011810448,4.748930820207579,4.804494147529354,204459336
2005-04-11,4.793084621429443,4.83202829602498,4.770511516811345,4.789611145313143,216203580
2005-04-12,4.811192512512207,4.8226021899499845,4.698329344518551,4.78737965548362,292491216
2005-04-13,4.785642147064209,4.820121677976629,4.70626643847064,4.799037409375229,261969768
2005-04-14,4.748931407928467,4.821114398129775,4.715444429348162,4.794077148691416,245861892
2005-04-15,4.588939189910889,4.72139779384604,4.580504819807079,4.715444343253291,462632904
2005-04-18,4.63780403137207,4.660377134629858,4.551482790550805,4.578520035860767,261749988
2005-04-19,4.747691631317139,4.7625743126976054,4.664097545961611,4.696344773557683,336862800
2005-04-20,4.913883686065674,4.973416760330064,4.859561534130054,4.925790111860145,617441940
2005-04-21,5.065692901611328,5.085040199213447,4.944147689707698,4.971433552085435,709365924
2005-04-22,5.353183269500732,5.556336967489,5.314735398715725,5.529050634684815,1326875796
2005-04-25,5.544677734375,5.574691705350908,5.395598545666062,5.403040830743487,792806400
2005-04-26,5.426109790802002,5.506726676145229,5.414699640835298,5.462573493615939,690189120
2005-04-27,5.451659202575684,5.478200645665311,5.376251822024559,5.407257880400886,410181408
2005-04-28,5.4434733390808105,5.5087107860571,5.400311772271458,5.444713089732273,346964688
2005-04-29,5.457116603851318,5.512927600967431,5.403041163224851,5.504493231262166,366441192
2005-05-02,5.513920307159424,5.548895177423224,5.462325780106441,5.507967328822542,390305304
2005-05-03,5.610658168792725,5.659275957676697,5.489858350407655,5.50300499981325,710496792
2005-05-04,5.667958736419678,5.702190129845646,5.630752035826068,5.636456401545888,482856660
2005-05-05,5.630255699157715,5.670935878897026,5.602970783380943,5.670935878897026,300083616
2005-05-06,5.6560516357421875,5.686562355478938,5.617603771077405,5.66547808833819,270285444
2005-05-09,5.606442451477051,5.667958758915825,5.591806965089171,5.655556997981494,221250528
2005-05-10,5.6505961418151855,5.6505961418151855,5.574196208283844,5.592799558777176,253578168
2005-05-11,5.737164497375488,5.754279956279154,5.6538199828157625,5.6796170044373815,458692848
2005-05-12,5.6734161376953125,5.760482271112092,5.660517626317299,5.7252583223965745,357570072
2005-05-13,5.686314582824707,5.732203789680742,5.638689346956599,5.684826220352881,296323380
2005-05-16,5.731212615966797,5.745351352725941,5.66969630235401,5.697229830841247,227028744
2005-05-17,5.782805919647217,5.790743537316334,5.7101271374047435,5.719057311767033,312043644
2005-05-18,5.9323811531066895,5.952473338894594,5.792480742847816,5.794713050386661,491987520
2005-05-19,5.9328765869140625,5.982238797400103,5.910304428445096,5.961651279788209,388271340
2005-05-20,5.9931535720825195,5.994642407317093,5.944535775659055,5.983231312374775,326213460
2005-05-23,6.336456775665283,6.402190037923484,6.020439893084088,6.031601904383672,854676468
2005-05-24,6.350098133087158,6.584258825035165,6.288086020042878,6.373910988679275,1160562276
2005-05-25,6.469411373138428,6.473628321832307,6.216895456394184,6.268986730710465,721593684
2005-05-26,6.429474353790283,6.542586600090792,6.407150333276631,6.473132201241704,541322136
2005-05-27,6.59814977645874,6.59938952714564,6.430715372690556,6.460728871878087,486876636
2005-05-31,6.877702713012695,6.9057320430749165,6.681742233242917,6.683230123080461,888582528
2005-06-01,7.143861293792725,7.265158358061552,6.995527453541876,7.0247970097930965,1406260332
2005-06-02,7.14138126373291,7.188014420116677,7.059523682912099,7.161968310605201,718245036
2005-06-03,6.951870441436768,7.176107936496963,6.881175344481182,7.113847209415434,750540708
2005-06-06,7.216787815093994,7.286489879673583,6.990813827599692,7.004704423617441,900134964
2005-06-07,7.270862102508545,7.431351441944506,7.200912373365506,7.3695869976017265,971947080
2005-06-08,6.934505939483643,7.2725991356168045,6.895809932017588,7.264165711556798,1027007964
2005-06-09,7.101940155029297,7.156263258511184,6.959310695587165,7.062499731019435,656986356
2005-06-10,7.007433891296387,7.126001424382549,6.945917108158064,7.118808223078078,507356136
2005-06-13,7.01363468170166,7.049353965285439,6.859098786060771,6.940955891172268,511615872
2005-06-14,6.904492378234863,6.976178613912437,6.889609697487086,6.910445828650864,403272324
2005-06-15,6.816433429718018,6.878445538204322,6.633619605102533,6.8213947954196135,834488676
2005-06-16,6.8819193840026855,6.903251319817268,6.773521312624233,6.803038533361974,497997504
2005-06-17,6.95286226272583,6.95286226272583,6.843719299245695,6.9206155102871145,416958624
2005-06-20,7.111614227294922,7.135674748005724,6.740281734968703,6.848432135481902,840147012
2005-06-21,7.139892578125,7.200913083557219,7.06870167335666,7.14559788951018,604686708
2005-06-22,7.176107406616211,7.2510180287160635,7.1604803093590155,7.185285248147234,418541040
2005-06-23,7.186277389526367,7.312783476381872,7.1066535401081765,7.143860712263945,561693744
2005-06-24,7.3733086585998535,7.391911536940583,7.183053473654851,7.215796033096249,710137152
2005-06-27,7.543222427368164,7.552400269403167,7.289219102900909,7.414236360469588,711403884
2005-06-28,7.491132736206055,7.670968910699388,7.491132736206055,7.597298506255814,760698540
2005-06-29,7.260941028594971,7.550168317540272,7.246802292393056,7.503534687555587,731216052
2005-06-30,7.296411514282227,7.414979975584432,7.219267643579479,7.301124740714815,603172224
2005-07-01,7.224477767944336,7.348254326710973,7.174123471162141,7.318488021082421,368734896
2005-07-05,7.335108757019043,7.341806625786688,7.199177138645719,7.245563105671718,299460240
2005-07-06,7.231174468994141,7.381989225381276,7.227702410676258,7.374548357684785,319691988
2005-07-07,7.3308916091918945,7.3373403928413214,7.156512132061246,7.178340347781085,426457116
2005-07-08,7.3480072021484375,7.37950953919924,7.293932703981747,7.34850348058242,298005696
2005-07-11,7.2765679359436035,7.357183869710397,7.218772300331324,7.35222297642864,335276388
2005-07-12,7.237624645233154,7.302613012370028,7.216540375023125,7.277560405441323,234361404
2005-07-13,7.413244247436523,7.42266975599299,7.245562172062773,7.255731625583029,457058484
2005-07-14,7.463598251342773,7.608955355035324,7.443257927164672,7.573980490192031,426281292
2005-07-15,7.471039295196533,7.525859148950537,7.4360639590932225,7.472279991115008,337198464
2005-07-18,7.430110931396484,7.488650981923632,7.385709615137108,7.441521552600354,248063688
2005-07-19,7.68709135055542,7.698254305107074,7.486170930069162,7.493611796929467,504351144
2005-07-20,7.739182949066162,7.754313768830257,7.486171707811728,7.579686157653526,571843584
2005-07-21,7.787304878234863,7.883052585980139,7.719586976589587,7.790033464343984,790784424
2005-07-22,7.501054286956787,7.6709686688757515,7.350487673090465,7.599530101632935,934536528
2005-07-25,7.33858060836792,7.523129988073451,7.31650331101084,7.500805024182115,385965648
2005-07-26,7.344534873962402,7.391911977809898,7.2453146328843125,7.317745763355924,392283324
2005-07-27,7.365370750427246,7.397616557537613,7.253002922770809,7.385462463232924,288427284
2005-07-28,7.2802886962890625,7.377277091557219,7.274831051906858,7.377277091557219,236786976
2005-07-29,7.137907028198242,7.2639168325370935,7.118807400684381,7.246553706668516,334197468
2005-08-01,7.233407974243164,7.255484329480041,7.146342304083242,7.146837637222923,226269504
2005-08-02,7.42142915725708,7.429614442029163,7.221252199882556,7.233158627223679,291316392
2005-08-03,7.374548435211182,7.434577327582105,7.3323794215548075,7.391911562859783,236986776
2005-08-04,7.385214805603027,7.416716195153561,7.323698025822985,7.331138893288274,209250540
2005-08-05,7.2517619132995605,7.404561289202571,7.225964892290896,7.379508213065061,237350412
2005-08-08,7.224477767944336,7.33362025838757,7.205625805889325,7.282768737915814,179092728
2005-08-09,7.232414722442627,7.25994777275527,7.156511075439756,7.242087896488574,230940828
2005-08-10,7.086313247680664,7.251267687040637,7.06646920055048,7.225718328658615,274884840
2005-08-11,7.0458807945251465,7.1086382735263,6.960800239335555,7.091522339628102,300295404
2005-08-12,7.186525821685791,7.198432250384985,6.986101174905757,7.028765995906069,263172564
2005-08-15,7.04464054107666,7.2621815734606425,7.038934757538286,7.188509755542318,326661012
2005-08-16,7.085568428039551,7.138651782827909,7.028269542792401,7.066468799623834,284083632
2005-08-17,7.071927070617676,7.108389828952653,7.044641209540262,7.082096997394096,155176668
2005-08-18,6.945172309875488,6.957823155237426,6.8213952780354825,6.843967910210459,474437088
2005-08-19,6.94542121887207,6.981388172701834,6.9359947641211495,6.969978494719122,221494284
2005-08-22,6.796838283538818,6.981884436177909,6.780467240096973,6.9761786522927585,272247480
2005-08-23,6.93500280380249,6.9389725588600495,6.799567465967205,6.850169908635673,232635132
2005-08-24,7.00916862487793,7.063244061149442,6.857361798561476,6.885143461603196,343380276
2005-08-25,7.0096659660339355,7.044640832480072,6.944676181363045,7.0086734092143335,174888936
2005-08-26,7.0342230796813965,7.0699423629297256,7.011402308333441,7.031741687688837,150061788
2005-08-29,7.155023097991943,7.171642753017199,7.000983950877909,7.000983950877909,235883880
2005-08-30,7.125753879547119,7.181317213103659,7.091274344484004,7.128730604863466,191488320
2005-08-31,7.094250679016113,7.156263738224147,7.053570501636031,7.149566342954355,201158640
2005-09-01,7.100451469421387,7.1314584702458985,7.069445413889036,7.0920180454055375,109574316
2005-09-02,7.155023097991943,7.193223301571023,7.10516507820839,7.106901580001832,137242620
2005-09-06,7.121784210205078,7.178339621157175,7.114094258625224,7.168665501370054,168323508
2005-09-07,7.314271450042725,7.329899020249563,7.076391037895043,7.0915218570648815,299680020
2005-09-08,7.327170372009277,7.423662021280501,7.276816073063353,7.313279775392874,264267468
2005-09-09,7.418948650360107,7.419196316886985,7.356191181328948,7.374050584734693,175444380
2005-09-12,7.6831231117248535,7.724795372286326,7.466327439421538,7.484930316921753,415044540
2005-09-13,7.731245517730713,7.826744610882296,7.594569494900801,7.664767841430701,411584004
2005-09-14,7.515937805175781,7.770933696368988,7.4489638497274235,7.6580705289624005,450580968
2005-09-15,7.506511688232422,7.60895632178123,7.389679706091819,7.429615469295338,618029352
2005-09-16,7.446484088897705,7.553145196951283,7.438297385188735,7.541238768157756,302888808
2005-09-19,7.535533428192139,7.590353289984065,7.459133961883819,7.466328108681551,230245524
2005-09-20,7.637729644775391,7.7218190606401835,7.5712524411468145,7.594072740939881,373665960
2005-09-21,7.7367024421691895,7.7828402668292895,7.589361155432735,7.6501330495806865,404383212
2005-09-22,7.723555564880371,7.918275366692214,7.693789730397209,7.726779956687605,519735744
2005-09-23,7.82252836227417,7.8684175750689995,7.753818849014204,7.763988303154626,339012648
2005-09-26,7.795738220214844,7.9611884589148625,7.753073875028758,7.925220090976844,395380224
2005-09-27,7.787304878234863,7.898183406543327,7.773413808470951,7.812358431653565,274649076
2005-09-28,7.590352535247803,7.816077907939242,7.580430275954218,7.794249221081008,319576104
2005-09-29,7.68014669418335,7.70743255411607,7.592337081921428,7.607220235280539,224327448
2005-09-30,7.849812984466553,7.875610481941759,7.746376273294915,7.794249652754228,365685948
2005-10-03,7.904880523681641,7.940352139729476,7.758779001702528,7.779615131722286,366045588
2005-10-04,7.714378356933594,7.969374250690246,7.707928627891703,7.936383551062225,365406228
2005-10-05,7.707184791564941,7.811117306638181,7.6399626994014485,7.7562983935399314,332802864
2005-10-06,7.757786273956299,7.800698753763195,7.691803940644969,7.7922643850726265,319432248
2005-10-07,7.763740539550781,7.855023158208859,7.702967700871047,7.808389528341571,270541188
2005-10-10,7.705696105957031,7.809132817275424,7.668487985977147,7.77167797602438,222665112
2005-10-11,7.592832565307617,7.755305604028328,7.562074175710385,7.704703640989631,341362296
2005-10-12,7.465583324432373,7.619870139501136,7.416716443091207,7.5705088703286245,371875752
2005-10-13,7.378020286560059,7.491132533481202,7.210338211417238,7.491132533481202,422285292
2005-10-14,7.345774173736572,7.447226709779788,7.256475731672109,7.439040952299018,340423236
2005-10-17,7.565547466278076,7.570508359516775,7.306581371409972,7.379508770720017,302365332
2005-10-18,7.522882461547852,7.63897000724223,7.509487199376115,7.564554719942319,282828888
2005-10-19,7.657325267791748,7.686348099699091,7.539749831503647,7.540741915603859,280147572
2005-10-20,7.520898342132568,7.717602305157165,7.471536128813293,7.689324834327911,555911532
2005-10-21,8.431245803833008,8.593222592288623,8.260090226716084,8.577595964548138,914780304
2005-10-24,8.648287773132324,8.664411621141918,8.488046576242708,8.517317547317168,376890732
2005-10-25,8.605127334594727,8.61728284713167,8.504667350198494,8.577098475256292,274856868
2005-10-26,8.8167142868042,8.830605354832871,8.587267306312368,8.589500086352091,355943700
2005-10-27,8.75767707824707,8.857641712251274,8.723447107921526,8.845488092398867,205170624
2005-10-28,8.884431838989258,8.903780077811854,8.806295884103676,8.812497945610177,235903860
2005-10-31,9.23095989227295,9.295701064909595,8.917672094497217,8.935779166712129,573142284
2005-11-01,9.41054916381836,9.522668390988288,9.153320008781833,9.224015582793346,653589756
2005-11-02,9.417991638183594,9.54995444360752,9.355730905974127,9.46809685667568,422193384
2005-11-03,9.573518753051758,9.58914632549881,9.460159299395185,9.485709605206422,297638064
2005-11-04,9.68464469909668,9.718379339890706,9.561114866823793,9.673481744151276,352643004
2005-11-07,9.798748016357422,9.859272236171648,9.727309453500807,9.8004835727255,383276340
2005-11-08,9.67149829864502,9.8126389341341,9.638755266864814,9.779399623940456,315584100
2005-11-09,9.404844284057617,9.63156223907303,9.377062143964041,9.59137786427283,418257324
2005-11-10,9.701265335083008,9.707467398383562,9.362180450998515,9.385248420930449,364782852
2005-11-11,9.683900833129883,9.845133659676542,9.645452961632191,9.800980949477783,282273444
2005-11-14,9.846869468688965,9.877875052156913,9.711929955443045,9.726564968956788,312003684
2005-11-15,9.743433952331543,9.847614616089318,9.697544737903439,9.782624825562046,344651004
2005-11-16,9.876140594482422,9.8935037231562,9.775928268863703,9.827770933598897,347460192
2005-11-17,10.007604598999023,10.016534772958027,9.910369023266517,9.966676289281338,368119512
2005-11-18,9.927240371704102,10.033654771334549,9.918310194545201,10.008600741968667,280742976
2005-11-21,10.154203414916992,10.169583318073567,9.760547845727238,9.901439858380877,412990596
2005-11-22,10.33056640625,10.351403478707738,10.076563598981862,10.13659058887157,383456160
2005-11-23,10.489072799682617,10.535210621157184,10.31345357973897,10.34470683030429,402996600
2005-11-25,10.631949424743652,10.635173816267866,10.54959651791341,10.56150341783689,193410396
2005-11-28,10.504453659057617,10.696940690442766,10.478656632698142,10.661717209453146,439895664
2005-11-29,10.00984001159668,10.576883939224519,9.975112811846632,10.528761003631644,858972168
2005-11-30,10.043822288513184,10.13163142648088,9.811894846668721,10.027699384710049,623240136
2005-12-01,10.271533966064453,10.305020000900853,10.127664257449934,10.15023689255208,389406204
2005-12-02,10.361079216003418,10.406472146898853,10.265827793913713,10.34222725388664,301438260
2005-12-05,10.067136764526367,10.356116311628329,10.028192624503644,10.34371313523049,411164424
2005-12-06,10.03464412689209,10.329080896822232,9.964198118340883,10.137833165705048,604406988
2005-12-07,10.026705741882324,10.088222515871074,9.897471077729122,10.074826781522617,466169364
2005-12-08,10.186203002929688,10.186203002929688,9.987513001427905,10.053495335397931,356043600
2005-12-09,10.150236129760742,10.313454069137627,10.134360891877364,10.294104882271197,305430264
2005-12-12,10.234821319580078,10.299314824782847,10.168839924464532,10.284927477595762,277725996
2005-12-13,10.355870246887207,10.368520147609635,10.21076032609073,10.232092736014735,326225448
2005-12-14,10.392332077026367,10.411432650273198,10.306259445312177,10.344706367765662,264950784
2005-12-15,10.481383323669434,10.496019283395954,10.331313454368678,10.39605462918944,241590168
2005-12-16,10.669902801513672,10.72819424655487,10.486344066721008,10.550589907486108,652566780
2005-12-19,10.532234191894531,11.06827159929311,10.420858917008085,10.720752874432694,876594528
2005-12-20,10.6597318649292,10.720752365546263,10.533969248393776,10.613097765955635,402984612
2005-12-21,10.57514762878418,10.836345127303007,10.435743481684979,10.754240818685451,448427124
2005-12-22,10.716785430908203,10.737124340051633,10.565225771032988,10.710087089664928,301562136
2005-12-23,10.689249992370605,10.728194141064245,10.635919441449467,10.71951257735721,183620196
2005-12-27,10.53322696685791,10.712319199067226,10.48659380999725,10.712319199067226,267843888
2005-12-28,10.584076881408691,10.611114129613892,10.44938502821611,10.525784491092566,284431284
2005-12-29,10.421852111816406,10.634679942163414,10.397543920840043,10.61607564480367,277554168
2005-12-30,10.290633201599121,10.373731009616192,10.262852006929599,10.350413485069147,303180516
2006-01-03,10.79591178894043,10.806826132607132,10.373977782473853,10.480639827132803,524323152
2006-01-04,11.044211387634277,11.13648609048395,10.908031641004898,11.010973021588073,610844544
2006-01-05,11.19304084777832,11.200730800092177,10.951440223041692,11.063063165767833,431899668
2006-01-06,11.550729751586914,11.670785634166831,11.242650536477637,11.332692448412574,709565724
2006-01-09,11.581487655639648,11.742720463551374,11.433649637297288,11.569333089352924,511164324
2006-01-10,11.652432441711426,11.66458606432951,11.46093702577255,11.51997241814593,363520116
2006-01-11,11.698817253112793,11.785138501624413,11.63804441709308,11.689887077628608,359935704
2006-01-12,11.500375747680664,11.782161680690498,11.447541476048945,11.750658872839667,404606988
2006-01-13,11.565363883972168,11.581239118913986,11.450267957997953,11.517240955520453,305957736
2006-01-17,11.586697578430176,11.655904314444452,11.47309141084929,11.486237590133431,330481188
2006-01-18,11.036025047302246,11.34484726895206,10.994848120887498,11.095309045008877,818608572
2006-01-19,10.826172828674316,11.248852647285124,10.740596476421524,11.191304207019598,580910508
2006-01-20,9.9086332321167,10.914975146516799,9.791553132068193,10.881984451744701,1643023332
2006-01-23,10.604169845581055,10.626246201811629,10.064163115088558,10.105092380827678,908746344
2006-01-24,10.989392280578613,11.037017995866822,10.777309342130025,10.81575721474162,617965416
2006-01-25,10.740596771240234,11.26720769406491,10.646833241178593,11.193537294308644,748842408
2006-01-26,10.772099494934082,10.913985024706705,10.5064373988848,10.902822068611082,516526956
2006-01-27,10.7527494430542,10.870077205897807,10.640878851409742,10.790205696578386,337749912
2006-01-30,10.587300300598145,10.747541497314215,10.542155983979736,10.647080575383999,343212444
2006-01-31,10.732162475585938,10.904310586205245,10.516607491732568,10.680320759914814,881757360
2006-02-01,9.966181755065918,9.971637981193032,9.61246100541991,9.649916315162566,1083815100
2006-02-02,9.823800086975098,10.083261981205565,9.822311251864768,10.016784311914192,471835692
2006-02-03,9.464376449584961,9.770719225155071,9.241627765232902,9.763774162415576,730540728
2006-02-06,9.552433013916016,9.671497282481182,9.415012117735692,9.557641573479305,357258384
2006-02-07,9.126280784606934,9.517705438127388,9.01292230377598,9.500093701402086,664542792
2006-02-08,9.15505599975586,9.19499365121555,8.797615484394601,9.140173318873913,831331836
2006-02-09,8.899314880371094,9.287017945748737,8.833334433987304,9.207642709679446,476019504
2006-02-10,8.994566917419434,9.04144962983943,8.759662748662745,8.978196346936139,608331060
2006-02-13,8.575113296508789,8.696658968033304,8.480606763172851,8.598430819292233,787923288
2006-02-14,8.516077041625977,8.723695328329555,8.493256744862673,8.565935528535533,585573840
2006-02-15,8.49276065826416,8.582555858146826,8.379897491997625,8.465227131367344,517362120
2006-02-16,9.090067863464355,9.103461708728084,8.54509934449323,8.574369372353072,851767380
2006-02-17,9.146869659423828,9.230959065410175,9.01962010574059,9.174404128347456,572235192
2006-02-21,9.093291282653809,9.265686094369165,9.056578973184212,9.08956966763767,347092560
2006-02-22,9.066004753112793,9.151830661751635,9.025573663288776,9.10718167842981,258788952
2006-02-23,9.378053665161133,9.456685904160139,9.063525654457285,9.0689818808918,501561936
2006-02-24,9.361433982849121,9.427663991657406,9.264447001079427,9.35895448135612,259112628
2006-02-27,9.683403968811035,9.716146999626556,9.432873180167423,9.45742998063297,408079512
2006-02-28,8.994816780090332,9.861008857462101,8.396765354667549,9.753355195824154,1575926496
2006-03-01,9.048890113830566,9.164232767728832,8.962072594945447,9.14215641555833,481965552
2006-03-02,9.337870597839355,9.453213262876236,8.984397481272614,9.035991530164686,732478788
2006-03-03,9.380784034729004,9.605517827839394,9.320755137345774,9.532590416924611,478001520
2006-03-06,9.130746841430664,9.510264616582516,9.106933987370333,9.448499228773295,357230412
2006-03-07,9.040206909179688,9.139427598326595,8.883935954402089,9.054346587621229,414736848
2006-03-08,8.778018951416016,8.930570200762563,8.695169765037724,8.779259174734534,469354176
2006-03-09,8.508139610290527,8.893362222441217,8.470931966837952,8.8154748775497,555859584
2006-03-10,8.371712684631348,8.545348698531248,8.224122309139505,8.520543283604892,772250976
2006-03-13,8.360795974731445,8.585034366660357,8.320860222742454,8.456792269994686,545150304
2006-03-14,8.710551261901855,8.740564293583247,8.250664649647977,8.362783883086294,737289972
2006-03-15,8.545348167419434,8.738826799709184,8.446872349449643,8.700875207294006,510241248
2006-03-16,8.403215408325195,8.650769495402754,8.381635330908761,8.647297436865342,400267332
2006-03-17,8.42851448059082,8.477876688247193,8.307962325624054,8.403957682672491,341725932
2006-03-20,8.63687801361084,8.68400839376472,8.471924518948954,8.49176903879673,415887696
2006-03-21,8.431740760803223,8.722951255857616,8.410903684927806,8.68202388494159,392850756
2006-03-22,8.439180374145508,8.535423388798943,8.371710157465035,8.427521142586322,303536160
2006-03-23,8.480606079101562,8.576352828085255,8.438685209134935,8.492015755077327,297090612
2006-03-24,9.07369613647461,9.180110524564503,8.99208810845556,9.143646820068936,606616776
2006-03-27,9.170187950134277,9.220293163256898,9.053851784229405,9.105693499125561,280667052
2006-03-28,9.356472969055176,9.372845430094813,9.206899383010038,9.220293228302799,357474168
2006-03-29,9.797507286071777,9.897224267741674,9.413772541930044,9.424439218909066,760338900
2006-03-30,9.635283470153809,9.760796538134521,9.51547429555972,9.653885876178892,587879532
2006-03-31,9.673978805541992,9.720364294872786,9.525892161928905,9.642723663515635,1459395144
2006-04-03,9.666536331176758,9.735247730864101,9.622632234785625,9.662320327949189,324583092
2006-04-04,10.029685020446777,10.043576091392532,9.627842191731599,9.671499573191873,627999372
2006-04-05,10.120222091674805,10.28344003001685,9.991979966001617,10.125430651885761,535883580
2006-04-06,10.199349403381348,10.266571016767358,10.056719946832034,10.083013247207948,343596060
2006-04-07,10.07482624053955,10.240773205067917,10.02174431080901,10.229858863067903,280754964
2006-04-10,10.328335762023926,10.34793166829027,10.052254682031549,10.097648556359387,372431196
2006-04-11,10.161646842956543,10.395807076469374,10.07631720224985,10.329329399078736,443843712
2006-04-12,10.144033432006836,10.203069759090345,10.05076618765197,10.145273655232838,240439320
2006-04-13,9.975606918334961,10.164125574386379,9.934430940222732,10.13609577335826,261853884
2006-04-17,10.091200828552246,10.232092857051562,9.94286556888669,10.00760674441546,330049620
2006-04-18,10.027201652526855,10.165862777487927,9.959237037209435,10.118732401253595,325178496
2006-04-19,10.182482719421387,10.260370072301289,10.088966850185354,10.23383004779184,270996732
2006-04-20,10.294103622436523,10.318909033078102,10.125429476891735,10.195132482283226,490369140
2006-04-21,10.842297554016113,11.180142156749058,10.819228642735116,11.134997836307877,901149948
2006-04-24,10.926636695861816,11.0308173618112,10.827912257150068,10.899350833212067,353102544
2006-04-25,10.595734596252441,10.940028911603873,10.566960847790021,10.905054046484748,382377240
2006-04-26,10.566216468811035,10.66717272347791,10.505692249318756,10.610120561995457,290820888
2006-04-27,10.418874740600586,10.589533071764986,10.402999503036817,10.490313309637544,333182484
2006-04-28,10.36703109741211,10.56026298851842,10.326351395815509,10.3841465567491,296555148
2006-05-01,9.894742965698242,10.40423938633266,9.886062347514207,10.38017886421154,414033552
2006-05-02,9.79304313659668,9.983793655021866,9.634290760045186,9.948818787926305,523647828
2006-05-03,9.77741527557373,9.959237503526163,9.695807254770688,9.831490715798425,322565112
2006-05-04,9.791802406311035,9.89399983423333,9.728797737370964,9.798748413233236,185893920
2006-05-05,9.780638694763184,9.938895717759388,9.718130309049469,9.862496264567483,242357400
2006-05-08,9.792545318603516,9.850589088073809,9.675217556456492,9.80073154799968,204539256
2006-05-09,10.140314102172852,10.145274995732349,9.766998354190745,9.81536706639584,365258376
2006-05-10,9.995949745178223,10.21249730097878,9.96816760503077,10.128160214225618,247240512
2006-05-11,9.59956169128418,10.038859699964815,9.54945554126734,10.006861564318474,355356288
2006-05-12,9.280323028564453,9.546729085843928,9.265935679751742,9.51373838455854,403100496
2006-05-15,9.331668853759766,9.42964839479986,9.1344676576716,9.324971458214478,343260396
2006-05-16,9.210124969482422,9.348041229911292,9.17515009854788,9.326460206006981,259384356
2006-05-17,9.289498329162598,9.421957376510539,9.18333257995548,9.193006698710583,425326248
2006-05-18,9.202432632446289,9.470823742550863,9.195487571493576,9.395664514118943,233166600
2006-05-19,9.178373336791992,9.289499998605017,8.943965445908999,9.259237413742378,455472072
2006-05-22,9.201441764831543,9.253035811032701,9.060052525579076,9.124545083330524,343831824
2006-05-23,9.316288948059082,9.522171687201585,9.266181847196233,9.28230664064839,358960680
2006-05-24,9.456933975219727,9.511258028260409,9.217813801677616,9.360194660469302,381769848
2006-05-25,9.50009536743164,9.500343979292037,9.2351772158114,9.40310743781741,327456216
2006-05-26,9.4594144821167,9.571782313780282,9.4266714501479,9.538790669957224,146533320
2006-05-30,9.225997924804688,9.450732613102181,9.213843359028784,9.383261444427355,172467360
2006-05-31,9.223021507263184,9.382518757423457,9.098004732761048,9.272135105061576,318932748
2006-06-01,9.490917205810547,9.500095047907145,9.217565165975595,9.265687156665834,250868880
2006-06-02,9.41203498840332,9.601547143825462,9.36267372677207,9.595593694330008,255200544
2006-06-05,9.288010597229004,9.461895198372154,9.280817869229253,9.331171691688281,222117660
2006-06-06,9.67373275756836,9.673980424171948,9.334150649400133,9.34109665780917,409981608
2006-06-07,9.587409973144531,9.794532028838741,9.587161361263469,9.754348597462098,356095548
2006-06-08,9.755836486816406,9.779897957615088,9.39095365000133,9.61816789401226,413965620
2006-06-09,9.588896751403809,9.808669607113588,9.558633224161802,9.728300871017527,246053700
2006-06-12,9.464127540588379,9.686133196026157,9.450733695340276,9.632801700422554,200563236
2006-06-13,9.587656021118164,9.599561974747893,9.379292852323257,9.448250963584472,306057636
2006-06-14,9.534821510314941,9.701263840354581,9.389216256981614,9.66976197666825,310569120
2006-06-15,9.698784828186035,9.729790415014115,9.500344346024917,9.590137659829773,271156572
2006-06-16,9.6913423538208,9.69704813792017,9.624369342280678,9.651654258159436,211971816
2006-06-19,9.627840995788574,9.793043100595506,9.599067245805923,9.695062616366332,305018676
2006-06-20,9.603780746459961,9.720364584963827,9.587409229979526,9.625112211376958,161434404
2006-06-21,9.974863052368164,10.021249485238776,9.66777732333307,9.70027174223481,349426224
2006-06-22,9.92078971862793,10.07086054249993,9.624369686656463,9.961222706039283,236239524
2006-06-23,10.042582511901855,10.16387863153352,9.940386022068173,9.990491237482278,212379408
2006-06-26,10.026705741882324,10.12791060468767,10.002644276770079,10.089462739106214,141905952
2006-06-27,9.979576110839844,10.120469072944175,9.947081692486329,10.063665521139635,164119716
2006-06-28,10.073588371276855,10.082765267773675,9.95005853430653,10.021497100329826,148271580
2006-06-29,10.363807678222656,10.373480853514067,10.066395113377563,10.120221942991895,266061672
2006-06-30,10.401510238647461,10.401510238647461,10.227875205222086,10.308986938841223,250069680
2006-07-03,10.49750804901123,10.511645839634317,10.40448845749721,10.419123471834375,86181732
2006-07-05,10.454346656799316,10.48758596962635,10.309980672831585,10.45583549215758,199224576
2006-07-06,10.497258186340332,10.55158223875279,10.467244213552904,10.501971413272338,147336516
2006-07-07,10.42929458618164,10.61384400130798,10.31593418864353,10.568202453336125,241434324
2006-07-10,10.373479843139648,10.547859772637738,10.328335526966788,10.503459401369875,177278544
2006-07-11,10.531242370605469,10.543395992461463,10.245239488079172,10.381170616308804,238613148
2006-07-12,10.349918365478516,10.486097173422728,10.337019852120202,10.469974268047908,196071732
2006-07-13,10.141057014465332,10.376953718126243,10.091447138630013,10.269299124854289,276703020
2006-07-14,10.008848190307617,10.207041004534654,9.887551121472532,10.178267252979746,301781916
2006-07-17,10.1177396774292,10.194884023584255,10.014302975725656,10.036876552000118,232243524
2006-07-18,9.997685432434082,10.184219960740531,9.865970294821128,10.163879161165717,341130528
2006-07-19,9.897225379943848,9.95030826837599,9.789570767725976,9.798252332098887,340399260
2006-07-20,9.6025390625,10.032162981343472,9.56632303132045,10.02819369978879,501046452
2006-07-21,9.67670726776123,9.717386970733068,9.368628043988187,9.578230511317619,469713816
2006-07-24,9.696303367614746,9.770470999486308,9.455942955639044,9.743929082997782,323120556
2006-07-25,9.65810489654541,9.706475506196197,9.520188632976316,9.550450277040234,230213556
2006-07-26,9.562355041503906,9.721356015433622,9.5003429317867,9.62932898966726,221054724
2006-07-27,9.48546028137207,9.611718239103908,9.375077561480598,9.608741513847308,225418356
2006-07-28,9.62734603881836,9.66306485216061,9.46884132321994,9.475538718883145,163180656
2006-07-31,9.589642524719238,9.653391146905042,9.50803354980087,9.624369727976154,183628188
2006-08-01,9.314554214477539,9.56905432236776,9.314554214477539,9.552682804557456,218309472
2006-08-02,9.109167098999023,9.355729544967016,9.058812330664352,9.31678445306328,283628088
2006-08-03,9.311575889587402,9.374084279262341,9.013170785533983,9.053355155450229,252826920
2006-08-04,9.273377418518066,9.442796475769526,9.221286144085518,9.415013391407623,203604192
2006-08-07,9.375077247619629,9.419230901273375,9.206403087535712,9.215084651156342,157718124
2006-08-08,9.45073413848877,9.537550723929593,9.403356090968662,9.495878460424478,229498272
2006-08-09,9.35002326965332,9.542014934132313,9.335635923659563,9.495381783503925,172267560
2006-08-10,9.282057762145996,9.36813229022233,9.238897610119668,9.274120143403058,170305524
2006-08-11,9.140668869018555,9.308846741695566,9.128266635938406,9.28701805524078,150509340
2006-08-14,9.163738250732422,9.305127496296576,9.144886288304388,9.215084632679268,198533268
2006-08-15,9.44998836517334,9.467351491580613,9.242369121463533,9.27982537803811,267660072
2006-08-16,9.617424011230469,9.63553108402185,9.478515207651874,9.512249851698131,233893872
2006-08-17,9.56979751586914,9.673978164748787,9.523163417772965,9.584431583787712,203004792
2006-08-18,9.509272575378418,9.601795883547052,9.44453140443241,9.58244669787812,197889912
2006-08-21,9.358954429626465,9.401122024742149,9.307359435253051,9.37879800379855,160771068
2006-08-22,9.383512496948242,9.407573022936955,9.297934235906945,9.369622371270399,166397436
2006-08-23,9.262958526611328,9.383015369685607,9.243858896562779,9.367387798096267,145546308
2006-08-24,9.270400047302246,9.3366291079308,9.233936346798608,9.288010840592618,139160700
2006-08-25,9.258743286132812,9.309841063284702,9.239891321102007,9.254277725143718,98569332
2006-08-28,9.449494361877441,9.449494361877441,9.301903970712662,9.317035265971638,166393440
2006-08-29,9.399884223937988,9.483477372918308,9.356474508029832,9.44527716322438,178221600
2006-08-30,9.444533348083496,9.54127362458387,9.38897000749569,9.406334083156342,161614224
2006-08-31,9.389463424682617,9.479256720146124,9.381277195198313,9.462886151761694,118277604
2006-09-01,9.391200065612793,9.457678684689622,9.356225199599887,9.450484065774942,106809084
2006-09-05,9.534079551696777,9.559876579569957,9.362427697413912,9.422704263274424,162809028
2006-09-06,9.429401397705078,9.505056922493802,9.417495441052731,9.478019671825248,148815036
2006-09-07,9.388471603393555,9.46933567612551,9.361433411675232,9.410795623098476,153526320
2006-09-08,9.372597694396973,9.445524159171715,9.344567887230127,9.344567887230127,123212664
2006-09-11,9.52738094329834,9.54226362395646,9.370612736805489,9.382767304126508,180986832
2006-09-12,9.721107482910156,9.741695945900961,9.546976161556932,9.54995288653205,217470312
2006-09-13,10.084999084472656,10.089712311773448,9.800485014478225,9.801726183239944,390337272
2006-09-14,10.020753860473633,10.077805083510649,9.969902809290538,10.02869147947918,214429356
2006-09-15,10.16710376739502,10.17132071601378,10.089216414460097,10.107571153606129,313214472
2006-09-18,10.286418914794922,10.38563869912105,10.15693559323436,10.170081775096591,283983732
2006-09-19,10.0165376663208,10.306261254494855,9.74194537229862,10.305517309439722,571144284
2006-09-20,9.847614288330078,10.105339716169775,9.788577950637388,10.098146042049375,365546088
2006-09-21,10.091944694519043,10.131632792987288,9.91855823008784,9.929472575328148,427256316
2006-09-22,10.015792846679688,10.106827324937026,9.955763953781483,10.045559153916692,185798016
2006-09-25,10.020753860473633,10.156437328567037,9.984042490734504,10.060441955501371,229262508
2006-09-26,10.092440605163574,10.11253184572789,9.965934039705711,10.05845735032744,211364424
2006-09-27,9.994460105895996,10.20034191232581,9.980816703497426,10.078301852749652,234832932
2006-09-28,10.010831832885742,10.09516891463496,9.93542492678813,10.023234066880562,204091704
2006-09-29,9.969159126281738,10.061433822735047,9.957003614099255,10.049278310552564,132303564
2006-10-02,9.957749366760254,10.070860203309756,9.941874128462349,9.969159989690706,145929924
2006-10-03,10.02224063873291,10.08226952569195,9.877131677732304,9.954026467107344,218369412
2006-10-04,10.311468124389648,10.313205571387268,9.997684062269016,10.045309772080797,266205528
2006-10-05,10.214978218078613,10.374473596114743,10.191413027894155,10.286664454896709,231360408
2006-10-06,10.430532455444336,10.465507320413478,10.163877823304274,10.17553705691949,293166540
2006-10-09,10.641377449035645,10.71455252518266,10.50296491609837,10.537196785785902,303028668
2006-10-10,10.583083152770996,10.860899780329955,10.47741367315522,10.7048764800748,391152456
2006-10-11,10.579363822937012,10.663949517825348,10.511398256204673,10.542652453521344,225190584
2006-10-12,10.602681159973145,10.658244491544346,10.517351521594316,10.630462353112634,193566240
2006-10-13,10.599207878112793,10.65377865141742,10.55604678163934,10.610618500236166,144755100
2006-10-16,10.461539268493652,10.646337275559317,10.45136886976828,10.60912962947423,172603224
2006-10-17,10.434005737304688,10.511148190428248,10.336272931467056,10.425570895817787,208231560
2006-10-18,10.401016235351562,10.535955766328827,10.356119577415148,10.492298386601796,240451308
2006-10-19,10.568449020385742,10.653778656565871,10.407464813677805,10.423835383972566,459679860
2006-10-20,11.402146339416504,11.41281301542051,11.251331602647001,11.385278547266958,465450084
2006-10-23,11.925783157348633,12.021529909279797,11.41951114659437,11.46688918947003,603575820
2006-10-24,11.740488052368164,11.853350256131208,11.693357679357646,11.814158446090369,346061592
2006-10-25,12.070148468017578,12.117277900198433,11.785138149512882,11.844173536691386,367132500
2006-10-26,12.032940864562988,12.203102910343855,12.0106158990877,12.096937145321638,280986732
2006-10-27,11.787370681762695,12.036412627609815,11.720148120433336,12.003174264702007,263895840
2006-10-30,11.8213529586792,11.917845546178933,11.658631312082838,11.77794419754226,262261476
2006-10-31,11.816887855529785,11.96001264450734,11.7536345787568,11.858311501425547,251164584
2006-11-01,11.596370697021484,11.884854014847416,11.540807368815774,11.87567617321096,216834948
2006-11-02,11.656152725219727,11.750907873168941,11.568590305856647,11.596371499235266,209258532
2006-11-03,11.703032493591309,11.751403092696071,11.535846234086392,11.713699170165437,196111692
2006-11-06,11.830780029296875,11.898001648665295,11.716180364552917,11.75189917585699,199460340
2006-11-07,11.72213363647461,11.882126243428274,11.702290061183497,11.830780803304068,195688116
2006-11-08,11.782410621643066,11.94959785406099,11.623658232436357,11.667067945531215,318281400
2006-11-09,11.72362232208252,11.893785326375207,11.704521746758022,11.819617695970374,194972832
2006-11-10,11.746442794799805,11.775464210441262,11.665577774082289,11.752146687897117,111756132
2006-11-13,11.93198299407959,11.93545505179741,11.761075135837268,11.779927095289072,173502324
2006-11-14,12.137123107910156,12.153246012234696,11.918838116070695,11.923799009709015,288647064
2006-11-15,12.202361106872559,12.398816473969365,12.202361106872559,12.239567810825067,334493172
2006-11-16,12.300837516784668,12.344990230482956,12.217988316661076,12.278512548055277,203500296
2006-11-17,12.372522354125977,12.394102430055005,12.228900327046333,12.235102389255381,220219560
2006-11-20,12.27975082397461,12.36284672581785,12.220218218249297,12.36284672581785,204775020
2006-11-21,12.641904830932617,12.650587339715415,12.299099343993289,12.316711082820975,336762900
2006-11-22,12.601224899291992,12.725002401960174,12.545909237095783,12.674647633097623,179847972
2006-11-24,12.52656078338623,12.588572889612724,12.50175537372038,12.514157605907261,69238692
2006-11-27,12.024259567260742,12.446689856562996,12.024259567260742,12.436519457745861,292695012
2006-11-28,12.142082214355469,12.151011443473257,11.832762790138652,11.93446298533942,311592096
2006-11-29,12.021778106689453,12.272062176683104,11.96224643993092,12.259658997752085,252359388
2006-11-30,12.02574634552002,12.16440651956816,11.944882276741518,12.010367388083408,222876900
2006-12-01,11.926278114318848,12.114549111282708,11.86922595331448,12.054768837201186,225030744
2006-12-04,12.026739120483398,12.090737293518224,11.890311713214707,11.980849910268404,195800004
2006-12-05,12.080068588256836,12.1405928022682,12.027729658096415,12.089990373601507,163955880
2006-12-06,12.122488021850586,12.214017832345272,12.01855408674901,12.07907831218761,177833988
2006-12-07,11.971920013427734,12.199134216948439,11.966462841817489,12.160190070750813,186385428
2006-12-08,12.008384704589844,12.11975903547693,11.906434937265347,11.954557874260763,158837004
2006-12-11,12.003918647766113,12.127199874522338,12.00069425609281,12.028475448378563,130405464
2006-12-12,11.95058822631836,12.064195333981713,11.913380579875986,12.001934608256237,167072760
2006-12-13,11.881382942199707,12.042863435085517,11.832516059642415,12.02277124843777,186297516
2006-12-14,11.959022521972656,11.99945456147059,11.838469403175978,11.912636086683142,189766044
2006-12-15,11.913874626159668,12.008382087134388,11.902464006102797,11.97191839248823,207424368
2006-12-18,11.479788780212402,11.974401604011279,11.428193784176628,11.96869676531144,320343336
2006-12-19,11.624401092529297,11.641268886792789,11.373126352126999,11.452998817734136,263216520
2006-12-20,11.482266426086426,11.695590492586858,11.468128637551926,11.658382850536414,174537288
2006-12-21,11.316073417663574,11.540559506779077,11.220326666409433,11.514017593801096,277853868
2006-12-22,11.300694465637207,11.376597644125821,11.230000792188081,11.34832017474617,159372468
2006-12-26,11.349066734313965,11.397187783587816,11.276139324787012,11.324012707481094,82889028
2006-12-27,11.609519004821777,11.610759228269654,11.388009614335745,11.410334581689801,169090740
2006-12-28,11.473834037780762,11.623159946358976,11.466144086231816,11.586944859230318,124523352
2006-12-29,11.4222412109375,11.521212363129726,11.406861306199465,11.462424638749985,102265632
2007-01-03,11.598603248596191,11.823584670176468,11.437866717205328,11.559163769637308,307951740
2007-01-04,11.987299919128418,12.004415380238092,11.617456224870311,11.633580074431103,315188496
2007-01-05,12.084782600402832,12.092472551720332,11.859552575736014,11.968447390969235,274609116
2007-01-08,11.995237350463867,12.15126161169408,11.96100642877964,12.097186170543461,189985824
2007-01-09,12.042862892150879,12.111076122700052,11.936200846599737,12.041622668782571,215040744
2007-01-10,12.141092300415039,12.242544851170468,11.957038217941532,12.016323169799248,238501260
2007-01-11,12.395589828491211,12.445943648253065,12.307779754425765,12.333080497572231,288039672
2007-01-12,12.52656078338623,12.52656078338623,12.402535625641157,12.451896887861778,178769052
2007-01-16,12.508703231811523,12.725003108691386,12.484393151600528,12.5898149766723,302453244
2007-01-17,12.335064888000488,12.59527072352171,12.263130993514599,12.486624518955942,267696036
2007-01-18,12.100658416748047,12.315221775537667,12.090736630281972,12.266603509386456,237042720
2007-01-19,12.148284912109375,12.173337991732396,12.073621951654154,12.10437986980583,198932868
2007-01-22,11.927270889282227,12.220218815236974,11.869226170482975,12.21649814535889,215955828
2007-01-23,11.882871627807617,12.024260888804621,11.839214247884334,11.926032729269537,186433380
2007-01-24,12.379467010498047,12.39112624427043,11.98804325966565,12.016817008392547,242129628
2007-01-25,12.107107162475586,12.51415847108708,12.046831553646454,12.427340949192516,254485260
2007-01-26,12.299346923828125,12.350445638194344,12.080814276440558,12.177554533387509,219640140
2007-01-29,12.215752601623535,12.371528230962337,12.166886672155057,12.352924882567171,190836972
2007-01-30,12.261642456054688,12.35292553716873,12.184747666654467,12.253704837927039,167052780
2007-01-31,12.43974494934082,12.52656342886037,12.291162962369986,12.315472098823768,487755756
2007-02-01,11.949845314025879,12.551616492523046,11.9443871963682,12.55136882594419,625721652
2007-02-02,11.943641662597656,12.030459178281935,11.85210997528474,11.971174239869715,251208540
2007-02-05,11.58793830871582,11.85682478772159,11.563876840761703,11.84442160861316,287987724
2007-02-06,11.69509506225586,11.74024032528001,11.590418134809584,11.611254264621936,212663124
2007-02-07,11.6586332321167,11.766287847134485,11.628122977435977,11.753140721651171,164627208
2007-02-08,11.68393325805664,11.751403487234167,11.53807940151098,11.6100142456434,162904932
2007-02-09,11.457216262817383,11.724862530669807,11.447542141881854,11.699313171607324,194149656
2007-02-12,11.367918014526367,11.469618233090271,11.286805317202244,11.427202967098763,229949820
2007-02-13,11.388009071350098,11.47929215957979,11.34236752723525,11.38924929473884,162341496
2007-02-14,11.557427406311035,11.636803588848316,11.390985089528233,11.410333329425494,227724048
2007-02-15,11.446798324584961,11.562390562920664,11.428194971266839,11.559166170737324,161534304
2007-02-16,11.65689754486084,11.66210799645193,11.461433767974171,11.479790400675077,246832920
2007-02-20,11.710474014282227,11.726597862663631,11.527164849105157,11.620431154827319,162541296
2007-02-21,11.803742408752441,11.873693090112509,11.602325207437355,11.654416482279283,225398376
2007-02-22,11.803494453430176,12.011609045259931,11.767279362847509,11.873940466206982,229526244
2007-02-23,11.673762321472168,11.830779126106398,11.603812594136741,11.801012822097299,155148696
2007-02-26,11.532622337341309,11.788610297304709,11.503352310080507,11.728583298173843,158637204
2007-02-27,11.1317720413208,11.405372683098314,11.092083949192935,11.286307461422536,372139488
2007-02-28,11.148639678955078,11.25331756108003,10.989639632636075,11.172453481209917,320970708
2007-03-01,11.118377685546875,11.222311619376985,10.914232378632303,10.980462387144785,347060592
2007-03-02,10.881489753723145,11.13003733588941,10.881489753723145,11.040987024666771,263080656
2007-03-05,10.937796592712402,11.050659746746021,10.839816117996218,10.840311451073095,253949796
2007-03-06,11.349559783935547,11.385527203010529,11.097292517350793,11.09952529728864,301046652
2007-03-07,11.302181243896484,11.48821944721006,11.268695218062893,11.477057438598862,261102636
2007-03-08,11.279363632202148,11.546762241211187,11.263984672064533,11.390986580750317,214297488
2007-03-09,11.23570728302002,11.370646823363739,11.164765926624003,11.360725034661558,198908892
2007-03-12,11.280106544494629,11.292509723392614,11.18981601514321,11.22603204973963,138477384
2007-03-13,10.989392280578613,11.21015772855287,10.984431386730959,11.165012460188489,254836908
2007-03-14,11.112671852111816,11.129043366530752,10.889425990672798,10.994351526643294,320355324
2007-03-15,11.067774772644043,11.157816680514166,11.01196283680509,11.109199362805871,157610232
2007-03-16,10.935317039489746,11.080427913693795,10.911504181402766,11.054381329924645,226137636
2007-03-19,11.093572616577148,11.12507542325209,10.929859357187492,10.994848193498548,207700092
2007-03-20,11.045204162597656,11.102752615463382,11.003531894719854,11.057855010093542,136723140
2007-03-21,11.324755668640137,11.325252892341057,11.043466011874038,11.045699737359348,231700068
2007-03-22,11.460936546325684,11.464160938097953,11.225040762688652,11.301440225434611,227000772
2007-03-23,11.455726623535156,11.4944221592693,11.337902569290355,11.446301115124136,164287548
2007-03-26,11.5343599319458,11.5343599319458,11.301688527007869,11.423977207584949,188223588
2007-03-27,11.500128746032715,11.540064507907026,11.418767441691058,11.498392244161266,149498352
2007-03-28,11.4569673538208,11.545272765518243,11.414053925983719,11.4567177966926,183480336
2007-03-29,11.433155059814453,11.559164400476373,11.28630769792591,11.52319603231846,159380460
2007-03-30,11.364691734313965,11.494671306868225,11.3145865195299,11.462424552940693,135072792
2007-04-02,11.373869895935059,11.373869895935059,11.21486891530114,11.354769322136203,137802060
2007-04-03,11.722878456115723,11.76380677519919,11.509555296560848,11.510794574716803,259811928
2007-04-04,11.683684349060059,11.732798893483446,11.647965539745007,11.711466485453679,151000848
2007-04-05,11.695840835571289,11.71022723805551,11.648958122015383,11.690631330078778,108523368
2007-04-09,11.613983154296875,11.732799769831061,11.548993368592095,11.732303491413365,122361516
2007-04-10,11.571566581726074,11.677980959920722,11.538328217588312,11.586201595479013,119052828
2007-04-11,11.522701263427734,11.643502049990337,11.47507554954426,11.560652856476715,152327520
2007-04-12,11.593642234802246,11.608773526042539,11.465896400672058,11.509553772736885,108207684
2007-04-13,11.566357612609863,11.627874395593283,11.493679764170365,11.619936776669366,111680208
2007-04-16,11.764302253723145,11.831772484361563,11.612493998463652,11.620183950495086,202912884
2007-04-17,11.727838516235352,11.816888822188721,11.698072210301785,11.75264392872869,128275596
2007-04-18,11.807461738586426,11.903954324845238,11.646725207586666,11.689637689789368,226593180
2007-04-19,11.699313163757324,11.954805808918474,11.648215390958898,11.770007790276669,439943616
2007-04-20,11.967951774597168,12.216499353128963,11.956542097293232,12.167384804356747,485973540
2007-04-23,11.883615493774414,12.030461926284643,11.86327469403992,11.908917187504942,226757016
2007-04-24,11.84516716003418,11.905939999710213,11.796053555146825,11.871956742806287,147640212
2007-04-25,11.856576919555664,11.940417720253672,11.809943764965853,11.906434465824422,158513328
2007-04-26,11.935705184936523,12.016816925341812,11.834747980600172,11.859304780733597,164831004
2007-04-27,11.881876945495605,11.965966352947827,11.86500915258026,11.90817119161381,116910972
2007-04-30,11.692614555358887,11.93992188924016,11.692614555358887,11.88535017306798,145502352
2007-05-01,11.63357925415039,11.728085783436205,11.513770089538164,11.71270777052889,146181672
2007-05-02,11.553706169128418,11.68517362564585,11.55246689106826,11.624897069195894,122385492
2007-05-03,11.738506317138672,11.759342449699234,11.541553724128704,11.564621691775715,143624232
2007-05-04,11.686165809631348,11.77844050374495,11.556187192458633,11.661360398083582,157842000
2007-05-07,11.590666770935059,11.72833440631572,11.570822250939548,11.71146755687639,120683196
2007-05-08,11.579257011413574,11.612991655345047,11.527662016025234,11.562389216801721,116087796
2007-05-09,11.63978099822998,11.701296834344154,11.506577981779671,11.562884312502836,155440404
2007-05-10,11.446798324584961,11.645735098253601,11.435636312594088,11.584963198788724,147304548
2007-05-11,11.577519416809082,11.583970090927274,11.435139502435979,11.455727021723801,117646236
2007-05-14,11.454488754272461,11.596621026353773,11.410336037660283,11.546268137003322,154753092
2007-05-15,11.360724449157715,11.473339959117599,11.346090378751622,11.458953555299349,164595240
2007-05-16,11.723124504089355,11.736270681766939,11.386023876951711,11.459942885785683,261905832
2007-05-17,11.682195663452148,11.78786513964182,11.678474993789113,11.719403305374604,186237576
2007-05-18,11.666322708129883,11.725358101221396,11.652183971588702,11.708739863045695,147688164
2007-05-21,11.673267364501953,11.886590501974053,11.577023388064852,11.64672545110693,246125628
2007-05-22,11.803742408752441,11.881878375723081,11.732800115819964,11.732800115819964,153406440
2007-05-23,11.756860733032227,11.991020969236752,11.751404506109944,11.92677607139907,202205592
2007-05-24,11.765790939331055,11.886591728078342,11.695592590661636,11.786131738225071,166777056
2007-05-25,11.993748664855957,12.029220755660825,11.838717903809435,11.898994462641477,213726060
2007-05-29,12.08280086517334,12.199136098031403,12.005656505808487,12.0304619210702,208511280
2007-05-30,12.36780834197998,12.37376179195907,11.98084921801349,12.018057807736733,289542168
2007-05-31,12.350692749023438,12.620324098645074,12.329608953072151,12.416427419336229,356615028
2007-06-01,12.412459373474121,12.52705809663854,12.3511902571433,12.42734205445094,191768040
2007-06-04,12.577906608581543,12.663237182699334,12.342754796241582,12.350692414148805,283755960
2007-06-05,12.869863510131836,12.87383279191511,12.566497514005736,12.64438580688847,417466116
2007-06-06,12.855229377746582,12.91798638331126,12.781061749726812,12.818021730455145,315152532
2007-06-07,12.776100158691406,13.05987119756929,12.712847823453407,12.892436321251825,424794780
2007-06-08,12.78676700592041,12.88970743445457,12.637192477945714,12.804378744648577,254073672
2007-06-11,12.683826446533203,12.855229672686344,12.650588080534424,12.75030412382301,185722092
2007-06-12,12.520856857299805,12.692012413323075,12.481168763123604,12.618588730127934,256523220
2007-06-13,12.532517433166504,12.61437313179409,12.370043423569728,12.578406649267993,281078640
2007-06-14,12.472983360290527,12.54839121116145,12.444704943567821,12.535988031959759,184663152
2007-06-15,12.548638343811035,12.62578174791326,12.433046125640903,12.605689562659451,246717036
2007-06-18,12.779574394226074,12.79941891474781,12.507711174653387,12.555832222701758,193242564
2007-06-19,12.757497787475586,12.830424248417161,12.688787329953449,12.750056446911053,174037788
2007-06-20,12.649843215942383,12.867632878404141,12.627270582323781,12.823231556167055,173354472
2007-06-21,12.75253677368164,12.781806802526983,12.558313249373434,12.674896141037818,176211612
2007-06-22,13.02216625213623,13.022413918666382,12.801896177621547,12.809833795383692,287859852
2007-06-25,13.082693099975586,13.270466905731004,12.982480773740098,13.121388639862104,316683000
2007-06-26,13.153135299682617,13.226061742804092,13.053419280841249,13.214404401668675,227352420
2007-06-27,13.054661750793457,13.096831237917156,12.887724085324768,13.022663608243866,244679076
2007-06-28,13.022911071777344,13.134286347835184,12.99289709812144,13.019686679974242,166569264
2007-06-29,12.96561050415039,13.082194325309063,12.885241768999373,13.047963407439282,155068776
2007-07-02,13.15611457824707,13.192578279532544,13.002819378206588,13.034817519143834,139364496
2007-07-03,13.254342079162598,13.255829969011204,13.084675371813859,13.172981728857847,74797128
2007-07-05,13.435171127319336,13.503881579727626,13.200019300286456,13.284604044208944,197518284
2007-07-06,13.379855155944824,13.490734144477749,13.363236919871907,13.425745308868363,109770120
2007-07-09,13.458240509033203,13.611535710733968,13.401188343034894,13.46915485288144,149042808
2007-07-10,13.47758960723877,13.568376422083972,13.4356687309678,13.488751618355815,154085760
2007-07-11,13.505617141723633,13.55597191067605,13.394987707718132,13.484285678467701,132239628
2007-07-12,13.526949882507324,13.576312092437215,13.400195660298948,13.540096060210747,137526336
2007-07-13,13.696370124816895,13.709020971428348,13.574577721897809,13.590948293639357,209274516
2007-07-16,13.716958045959473,13.85561823885368,13.625674955070684,13.650231757000027,263716020
2007-07-17,13.766817092895508,13.834534050846345,13.701827303179751,13.767808704499876,172970856
2007-07-18,13.630388259887695,13.754413438958402,13.489247619339324,13.73928214591339,242956800
2007-07-19,13.607815742492676,13.730105366037096,13.45030358412184,13.7286165307307,444642912
2007-07-20,12.90161418914795,12.97751831499661,12.638183946735388,12.697716557389546,710181108
2007-07-23,12.712847709655762,12.89863732245246,12.703918479860208,12.87408052257644,254013732
2007-07-24,12.749807357788086,12.866143524919137,12.578900416600952,12.63322352409772,222661116
2007-07-25,12.644633293151855,12.824718064265168,12.540452645593508,12.823725507510462,221578200
2007-07-26,12.600976943969727,12.714831712069243,12.37475340703552,12.61933168170833,275060664
2007-07-27,12.697467803955078,12.814795576935735,12.53896404954333,12.61412328431926,220143636
2007-07-30,12.802145004272461,12.882265128120947,12.66298855192356,12.723017437145435,158373468
2007-07-31,12.650588035583496,12.909552736389555,12.650588035583496,12.904344176125562,170649180
2007-08-01,12.723514556884766,12.812069534716576,12.60445027173526,12.662990330095298,176950872
2007-08-02,12.675641059875488,12.77436549080935,12.625782565982693,12.742862681627807,126069804
2007-08-03,12.476950645446777,12.729961848460238,12.476950645446777,12.651825896751365,126920952
2007-08-06,12.650588035583496,12.654308705855561,12.464549795519044,12.476952975051505,145913940
2007-08-07,12.799914360046387,12.8956620691274,12.626775572541629,12.644387312887455,170401428
2007-08-08,13.042012214660645,13.042012214660645,12.826456272333619,12.882267273429653,162589248
2007-08-09,12.767914772033691,13.067808711841817,12.765434325388911,12.91848185359895,193666140
2007-08-10,12.79321575164795,12.866886147256995,12.542187759034254,12.65505091098003,234772992
2007-08-13,12.787015914916992,12.892437745684179,12.725747741182923,12.887229185230039,127044828
2007-08-14,12.615859985351562,12.834144965041897,12.600977305264932,12.792471759273406,145202652
2007-08-15,12.341764450073242,12.692507563741101,12.32092737379999,12.625782222231317,216163620
2007-08-16,12.192188262939453,12.313981595288146,11.917845572557141,12.204591441357572,345478176
2007-08-17,12.40353012084961,12.427342979360139,12.195415511790026,12.339036607898974,218956824
2007-08-20,12.35094165802002,12.466038550311929,12.303315944494411,12.463557158187664,107784108
2007-08-21,12.566497802734375,12.604945671674693,12.347221211027861,12.376242626323924,144279576
2007-08-22,12.718801498413086,12.805619023791204,12.631983027742777,12.64959476654768,129977892
2007-08-23,12.704909324645996,12.80264118515757,12.576170937684156,12.799416793775544,122944932
2007-08-24,12.774613380432129,12.788256783566508,12.613380552038018,12.715329376581746,98809092
2007-08-27,12.731451988220215,12.835384978817213,12.685315110131775,12.76047435040333,92910996
2007-08-28,12.561290740966797,12.774117629495267,12.546158501903959,12.68854031800359,130825044
2007-08-29,12.722025871276855,12.732442991202959,12.581876851291009,12.597008143365159,101870028
2007-08-30,12.685315132141113,12.784534895829125,12.664974333804203,12.709127988861304,105961932
2007-08-31,12.780814170837402,12.811819756049436,12.687051579630191,12.727482673688238,118984896
2007-09-04,13.026384353637695,13.097078029582054,12.765185943949048,12.775107730707248,147600252
2007-09-05,13.092118263244629,13.133790527450193,12.9544496789546,12.98297576363229,132383484
2007-09-06,12.98595142364502,13.142471958733335,12.85498119108844,13.130812724894627,144890964
2007-09-07,12.882514953613281,12.929395775214855,12.819261671025718,12.845554973700391,146397456
2007-09-10,12.761713981628418,12.949984046065207,12.672416009549421,12.93038813895368,128902968
2007-09-11,12.93162727355957,12.939564891415907,12.792718488427617,12.823973626786785,108035856
2007-09-12,12.964371681213379,13.096584040739437,12.873834422459682,12.911785071646696,119320560
2007-09-13,13.017208099365234,13.07748371750607,12.97851161382146,12.999348691963961,75568356
2007-09-14,13.115683555603027,13.153386537880044,12.953706779467915,12.978014970247743,110485404
2007-09-17,13.030104637145996,13.128828113987476,12.999594387535842,13.060613941463993,87812100
2007-09-18,13.277411460876465,13.326526007008795,13.004555707128976,13.060366703110244,168459372
2007-09-19,13.564655303955078,13.629148816692538,13.366463428899218,13.3766328835064,220854924
2007-09-20,13.71298885345459,13.811464666887597,13.544313751735894,13.568375219027697,220779000
2007-09-21,13.893322944641113,13.91043840698129,13.712990478322025,13.800055680099323,320147532
2007-09-24,14.089777946472168,14.175107583626009,13.890841201013915,13.915645668587326,211668120
2007-09-25,14.11408519744873,14.127976265541804,13.96178256267828,13.990060031949202,109114776
2007-09-26,14.093249320983887,14.183292180724878,13.985347056398096,14.148812649061613,133710156
2007-09-27,14.076879501342773,14.182052713056425,14.034214682562583,14.181805046496395,82169748
2007-09-28,14.071172714233398,14.127728598063644,13.993036755991735,14.064475319375767,105474420
2007-10-01,14.450196266174316,14.494845256458232,14.129219436460469,14.138148667341884,188263548
2007-10-02,14.495837211608887,14.803916460659035,14.387190993154258,14.470784131339315,282417300
2007-10-03,14.486660957336426,14.609941258492267,14.39587508053539,14.541976629481013,155024820
2007-10-04,14.362879753112793,14.513199157994356,14.314013823155067,14.513199157994356,119348532
2007-10-05,14.735452651977539,14.78382325261972,14.560825992442027,14.563305493819483,202545252
2007-10-08,15.121667861938477,15.137543097771186,14.73297225057207,14.759016939012156,200918880
2007-10-09,15.2595853805542,15.472909484100688,15.091158878027093,15.257848878678828,350361288
2007-10-10,15.51284408569336,15.520037759227979,15.299768609948552,15.412880382327725,215208576
2007-10-11,15.428756713867188,15.910221471770909,15.106290112909969,15.717487724901058,471488040
2007-10-12,15.810504913330078,15.835557991596813,15.335487092451748,15.477868889029194,272675052
2007-10-15,15.38187313079834,15.871773649106638,15.268762302073343,15.837295061419201,277474248
2007-10-16,15.279924392700195,15.525991515881843,15.180456965768768,15.341689785345404,240770988
2007-10-17,15.713517189025879,15.726415700788298,15.418584139051664,15.638357953282519,240978780
2007-10-18,15.865822792053223,15.909230611780243,15.589988406584913,15.761391631679912,491076432
2007-10-19,15.99207592010498,16.33388973040615,15.955364559534464,16.236405546396597,630928440
2007-10-22,16.14189910888672,16.24732186805951,15.782970742968455,15.84225473871396,266309424
2007-10-23,16.762523651123047,16.80791658057477,16.37134852184077,16.402354104639947,271476252
2007-10-24,16.763763427734375,16.804692686522973,16.360433742625403,16.686620027318195,295871832
2007-10-25,16.582439422607422,16.84190134700534,16.459405855953314,16.83470767303268,231588180
2007-10-26,16.733501434326172,16.78162247735874,16.571276064448526,16.719363644682613,134021844
2007-10-29,16.848350524902344,16.86745110042042,16.671242456609953,16.812134487623883,122529348
2007-10-30,17.233821868896484,17.361319108980343,16.80568576614031,16.80568576614031,275747976
2007-10-31,17.537185668945312,17.537185668945312,17.265321552180236,17.380664203378927,274796928
2007-11-01,17.443174362182617,17.70387457752246,17.40770133115573,17.432755352749737,260826912
2007-11-02,17.64261245727539,17.700407635542597,17.297573163376853,17.62425676915644,233426340
2007-11-05,17.99980354309082,18.113410670537355,17.51411988642834,17.536941134791775,354992652
2007-11-06,18.4001522064209,18.4001522064209,17.983675415559038,18.29522667454908,337114548
2007-11-07,18.180633544921875,18.535345040700573,17.937544058642537,18.383786320632886,330609060
2007-11-08,17.21075439453125,18.229002515436825,16.79750093872702,18.22180884066804,659827512
2007-11-09,16.469823837280273,16.914082805157477,16.40136199612118,16.762771775793542,455068476
2007-11-12,15.678542137145996,16.61766154558108,15.533184560736983,16.315289049768477,408682908
2007-11-13,16.384990692138672,16.394169479896625,15.678543543557259,15.999024084855183,337478184
2007-11-14,15.916919708251953,16.75557920839979,15.78272507561104,16.70075982042625,323464212
2007-11-15,15.618514060974121,16.061286098810594,15.478365982404878,15.839775773966027,278429292
2007-11-16,15.717239379882812,15.763376256881097,15.280421739233866,15.724927441444208,361350288
2007-11-19,15.52425479888916,15.79512638576307,15.341937239217538,15.61702577455748,220874904
2007-11-20,16.087081909179688,16.34902236230847,15.69838628715703,15.787931921382881,393230376
2007-11-21,16.384246826171875,16.618654714446826,15.926840726489223,15.968760654439093,280259460
2007-11-23,16.78559112548828,16.824782935028562,16.5725147288444,16.61939743472862,109438452
2007-11-26,16.52018165588379,17.199839260649703,16.49537529522294,16.872412693304867,271332396
2007-11-27,16.70795249938965,16.778894787698825,16.129747515839146,16.738462750128736,355823820
2007-11-28,17.171560287475586,17.222161780130257,16.672481915255418,16.919789266428875,316343340
2007-11-29,17.289134979248047,17.43275700146626,17.06018332244117,17.13410328040594,248071680
2007-11-30,17.189916610717773,17.637896283223768,16.919789895260884,17.63640839321072,315504180
2007-12-03,16.90540313720703,17.239526150148656,16.895729015907747,17.14055593793522,172830996
2007-12-04,16.970640182495117,17.165111390332825,16.796012551040214,16.825532139611205,169102728
2007-12-05,17.32659339904785,17.33701241076645,17.053489000969417,17.183220916071992,168215616
2007-12-06,17.74207305908203,17.774320752089686,17.289382149061627,17.308976162682505,196163640
2007-12-07,17.732402801513672,17.810041536826255,17.624002368877974,17.735378581219074,153929916
2007-12-10,17.82046127319336,17.978718327931524,17.71082438231888,17.760185655341278,154093752
2007-12-11,17.343708038330078,17.88421102452002,17.333289027105934,17.858166332336424,245318436
2007-12-12,17.34742546081543,17.718756985114428,17.078291353552682,17.710820312835345,246117636
2007-12-13,17.215961456298828,17.304514535445765,16.89746227758947,17.27201917208665,201430368
2007-12-14,17.1145076751709,17.35610923620174,17.04753561355549,17.053734839787335,146793060
2007-12-17,16.600297927856445,17.24994238757223,16.46238169546143,17.06588833649063,219220560
2007-12-18,16.702495574951172,16.785840093316544,16.185309223905136,16.722586814327563,286381332
2007-12-19,16.80221176147461,16.855047924415,16.594593451615772,16.72382813119198,176667156
2007-12-20,17.10780906677246,17.14030253667303,16.882578104436725,17.01206043215826,176711112
2007-12-21,17.281444549560547,17.345193158408904,17.195867255467576,17.310962240771715,215064720
2007-12-24,17.38166046142578,17.38166046142578,17.191405261540613,17.239278644739883,65070864
2007-12-26,17.6324405670166,17.69147596078176,17.319151798015632,17.338500040499223,101098800
2007-12-27,17.38190460205078,17.76042981120819,17.38190460205078,17.53892140226126,117582300
2007-12-28,17.426307678222656,17.560750909198028,17.277724767243,17.48583839676457,102405492
2007-12-31,17.15221405029297,17.425318458119254,17.12989002656508,17.32808190761341,94952952
2008-01-02,16.996183395385742,17.298310055099765,16.81113870949892,17.186686197154284,172103724
2008-01-03,16.999658584594727,17.03736250528386,16.781125956983203,16.997923028299656,129969900
2008-01-04,16.296934127807617,16.891263987056693,16.247325186848613,16.85976117519694,214177608
2008-01-07,16.10469627380371,16.427906854231434,15.809516447541991,16.221031513196074,255879864
2008-01-08,15.668869018554688,16.370357145895355,15.652001224061506,16.197712754780323,213350436
2008-01-09,16.202672958374023,16.206145961867005,15.441405528328833,15.628187702031983,269318412
2008-01-10,16.042186737060547,16.301894449380054,15.877976232733257,15.99952191498341,253114632
2008-01-11,15.83183765411377,16.110149634082738,15.62992513387081,15.942220367909266,198880920
2008-01-14,16.21805191040039,16.30685265318284,16.005470834821416,16.151573295998446,177722100
2008-01-15,15.816954612731934,16.099733108719768,15.760647336329896,16.0215971443636,222505272
2008-01-16,15.278685569763184,15.875000524647668,14.930918207586812,15.601648462218638,421977600
2008-01-17,14.902639389038086,15.521524992848866,14.833680326993163,15.397997051096375,328343328
2008-01-18,14.889244079589844,15.130845634318112,14.844595094385447,15.090413597497193,341242416
2008-01-22,14.494844436645508,14.821030753668335,13.92060682220826,13.941195286912654,379679940
2008-01-23,13.608559608459473,14.089282311734408,12.873834041050689,13.908453575577308,677949372
2008-01-24,14.250267028808594,14.3792530979398,13.745482872269427,13.861075095891843,375659964
2008-01-25,14.049592971801758,14.759017729220563,14.044135800111325,14.679889212355384,278361360
2008-01-28,13.79112434387207,14.194455010440189,13.608063779378304,14.162953147272418,232435332
2008-01-29,13.655691146850586,13.923832769929563,13.411360492338686,13.902501303151023,251068680
2008-01-30,13.599876403808594,13.901505891115407,13.481803743956565,13.622696701324228,317266416
2008-01-31,13.997503280639648,14.21330687550098,13.253102679269523,13.370182791428656,594257148
2008-02-01,12.796936988830566,13.312138267096099,12.650587791740211,13.11369874190865,703315980
2008-02-04,12.289176940917969,12.719544855118796,12.217738372185007,12.627517821894497,525757716
2008-02-05,12.571211814880371,12.625782590695074,12.117774977727093,12.140347611164003,447683868
2008-02-06,12.444952964782715,12.679609475965785,12.351190372229075,12.67886553096846,305150544
2008-02-07,12.525321006774902,12.754520332928024,12.272557436848087,12.324648708405903,316838844
2008-02-08,12.816533088684082,12.84233105920211,12.618341227090493,12.63595296681133,272882844
2008-02-11,12.927412033081055,12.990665317754017,12.7349250109616,12.911536795271363,232806960
2008-02-12,12.851261138916016,13.161573188292731,12.725748062890133,12.982728611154247,266225508
2008-02-13,13.261287689208984,13.270465531100802,12.866143264167809,12.960650741644207,264723012
2008-02-14,13.202500343322754,13.420537665355214,13.171493813252056,13.353811378210603,258808932
2008-02-15,13.1377592086792,13.21267078136836,13.006044081098823,13.104768510143588,209394396
2008-02-19,12.624542236328125,13.272202591889538,12.56376939874671,13.26922586665165,253761984
2008-02-20,12.625782012939453,12.67564050464831,12.373266107998848,12.48960227355545,266221512
2008-02-21,12.473479270935059,12.730212141793418,12.390134742736997,12.721281965789798,226884888
2008-02-22,12.596016883850098,12.625782245138607,12.341764472465233,12.45363507973431,220415364
2008-02-25,12.066178321838379,12.563767800554034,12.048815196333667,12.55012534480033,334577088
2008-02-26,11.514266967773438,11.57082191024634,11.084146722413033,11.440100286094602,930560508
2008-02-27,11.729326248168945,11.794563697555223,11.401404390082796,11.413558011672341,404471124
2008-02-28,11.792083740234375,11.88386120938619,11.592898396298539,11.67078574265872,263212524
2008-02-29,11.68765640258789,11.899987976479592,11.525679608366909,11.70477281167193,376638984
2008-03-03,11.33641529083252,11.725854897050224,11.165012066101557,11.695840923155941,301877820
2008-03-04,11.028334617614746,11.245626080744822,10.809553374107786,11.18584675253815,544323132
2008-03-05,11.105231285095215,11.265720158406959,11.013451920406768,11.044458449757023,297166536
2008-03-06,10.733154296875,11.244139531172076,10.695450374159632,11.104982128402888,298505196
2008-03-07,10.74927806854248,10.914231547632415,10.572913967984954,10.638399081245444,322549128
2008-03-10,10.259875297546387,10.690987183732329,10.245487949098697,10.637159405633987,319184496
2008-03-11,10.910263061523438,10.917953013673873,10.53347431199636,10.548605604445285,352722924
2008-03-12,10.91869831085205,11.109696500133573,10.866359369667904,10.914480416841727,265809924
2008-03-13,10.98889446258545,11.087371216600015,10.635918596204945,10.732410236724748,308754936
2008-03-14,10.86263656616211,11.145911317832546,10.68155923882517,10.988150566533509,262713024
2008-03-17,10.414907455444336,10.75821021139312,10.222419471579052,10.616323725240866,315212472
2008-03-18,10.89339542388916,10.935067682777406,10.555302235567542,10.640879533388814,289198512
2008-03-19,10.715791702270508,11.100270397722905,10.707606417133137,10.941765692645662,246912840
2008-03-20,10.754239082336426,10.807569629810342,10.3561179480115,10.599703666229786,396139464
2008-03-24,11.424224853515625,11.553706252072917,10.85767626459698,10.875288003502042,270269460
2008-03-25,11.181632041931152,11.347578106332262,11.063064027930405,11.347330439747967,233030736
2008-03-26,11.365436553955078,11.481524111138903,11.144671116762883,11.226527751835892,208818972
2008-03-27,11.015438079833984,11.127804028654452,10.926387765263462,11.06306379581942,233054712
2008-03-28,10.866607666015625,11.250838737721079,10.773092734383601,11.099279077532314,174872952
2008-03-31,10.925890922546387,10.98095797656831,10.716039826919458,10.806082693740695,177678144
2008-04-01,11.551969528198242,11.571566380338272,11.084642598333678,11.106223618755116,243480276
2008-04-02,11.551722526550293,11.800765436905504,11.420007397484817,11.655904128765306,239720040
2008-04-03,11.289284706115723,11.491943069784897,11.11589731611107,11.453246587371499,270864864
2008-04-04,11.685420036315918,11.852607230821638,11.316072675936084,11.336165804552095,235652112
2008-04-07,11.827554702758789,12.041374128240841,11.745945735939525,11.832764208111856,237502260
2008-04-08,11.604061126708984,11.761076997769473,11.460192379630058,11.733792083575931,181698120
2008-04-09,11.514266967773438,11.7079951537465,11.349313476740456,11.636804251951745,241682076
2008-04-10,11.635562896728516,11.754130887374084,11.45622207567074,11.53336642031392,202693104
2008-04-11,11.34708023071289,11.590418287286093,11.286556008725514,11.511289770033695,166621212
2008-04-14,11.203459739685059,11.347080822965031,11.166003480650579,11.339887149149858,153550296
2008-04-15,11.083898544311523,11.403388391453754,11.006506529176363,11.363947966303405,182920896
2008-04-16,11.287053108215332,11.367668575921046,10.939037152209512,11.023375180764946,304922772
2008-04-17,11.150872230529785,11.394705613187176,11.075960663818082,11.301934641956889,533585880
2008-04-18,13.380104064941406,13.585738198297996,13.01695778699686,13.275923414300225,728694576
2008-04-21,13.339919090270996,13.458983360818866,13.153881817428292,13.37960718045362,297290412
2008-04-22,13.766817092895508,13.911430742152767,13.334215423306123,13.33446498046871,317222460
2008-04-23,13.555724143981934,13.87372515628355,13.418303240123977,13.839741902787784,196663140
2008-04-24,13.470147132873535,13.75416489777299,13.395235562705,13.674788712591823,165238596
2008-04-25,13.49544906616211,13.717206125788072,13.46245836583283,13.61848169137577,166409424
2008-04-28,13.695377349853516,13.811712570545849,13.369934041198828,13.540593314144768,160183656
2008-04-29,13.852889060974121,13.975177728087973,13.643037979974427,13.663378776930008,173666160
2008-04-30,14.2453031539917,14.507492185990836,13.852886911426161,13.945656925492072,315803880
2008-05-01,14.711393356323242,14.757282568828186,14.311784289735757,14.345022655995903,263847888
2008-05-02,14.418940544128418,14.943815917995895,14.3695783317492,14.845587771632278,279672048
2008-05-05,14.756539344787598,14.858240507564023,14.56380369755805,14.854767503650534,250988760
2008-05-06,14.54470443725586,14.684604865476496,14.461359903546683,14.65980039486892,184986828
2008-05-07,14.362136840820312,14.870393060973544,14.298388223218296,14.641690948731238,264255480
2008-05-08,14.461605072021484,14.6176283791854,14.359903924221419,14.540733588292483,204711084
2008-05-09,14.218267440795898,14.510967714436687,14.17113800809047,14.362136185618143,179216604
2008-05-12,14.509478569030762,14.554375220624078,14.111853706702993,14.25671500522742,194361444
2008-05-13,14.461358070373535,14.584142074901154,14.350974408993146,14.541477256513675,206333460
2008-05-14,14.295164108276367,14.664512477835713,14.2691194161712,14.547927693910248,174856968
2008-05-15,14.411747932434082,14.460116643122504,14.278048641204439,14.36213616251811,173534292
2008-05-16,14.388678550720215,14.50303055050109,14.345269786713125,14.42241319415396,170793036
2008-05-19,14.325424194335938,14.607211057375414,14.226204439833682,14.35097355052853,223955820
2008-05-20,14.352213859558105,14.448458780243591,14.211073233298425,14.253738049388577,132411456
2008-05-21,13.642542839050293,14.421918339236546,13.590452509573005,14.35023115610907,258465276
2008-05-22,13.62939453125,13.747218583031188,13.400940101091303,13.691159921551764,202848948
2008-05-23,13.50933837890625,13.717204341541937,13.340415616977724,13.567382152798086,177082740
2008-05-27,13.913166999816895,13.955334597215401,13.490240404164012,13.517773931993691,154465380
2008-05-28,14.095234870910645,14.175852230391946,13.918127749675012,14.087794475562482,161853984
2008-05-29,14.461358070373535,14.532796638193734,14.218267672188013,14.257708098863706,193606200
2008-05-30,14.53081226348877,14.633008747628919,14.419188380320497,14.473015208302,128878992
2008-06-02,14.262916564941406,14.483434329107121,14.170394200387017,14.448954796151256,146821032
2008-06-03,14.071917533874512,14.399344044752912,13.90597055310444,14.300123345682165,172039788
2008-06-04,14.19395923614502,14.33733170240611,14.003704058492849,14.0230513537191,134393472
2008-06-05,14.543212890625,14.586374930137278,14.29293072427486,14.314509853446701,156511332
2008-06-06,14.064476013183594,14.404801999123007,14.064476013183594,14.380740531640182,189190620
2008-06-09,13.838006019592285,14.138891585320545,13.528687502042429,14.09077053998593,211320468
2008-06-10,13.746227264404297,13.861569926700023,13.562917148440057,13.631876213614646,146149704
2008-06-11,13.523726463317871,13.82485874708032,13.505369834053734,13.797573832971457,152363484
2008-06-12,13.715964317321777,13.84122969977564,13.565397246555197,13.612030396366265,219444336
2008-06-13,14.176346778869629,14.280280711388375,13.924080429602718,13.927800154424784,247128624
2008-06-16,14.208596229553223,14.364619562915149,14.052075672430757,14.052075672430757,141570288
2008-06-17,14.125495910644531,14.339067657277903,14.098707276330476,14.296402841260027,138377484
2008-06-18,13.94987678527832,14.113837710174332,13.870004324343823,14.002711054602551,135112752
2008-06-19,13.89580249786377,13.98460514117233,13.662882490718628,13.775497990764173,227096676
2008-06-20,13.554234504699707,13.815928228103997,13.506608797438249,13.815928228103997,239084676
2008-06-23,13.523974418640137,13.720926998354626,13.44484589733359,13.527695088825334,145290564
2008-06-24,13.451790809631348,13.672308576690972,13.273194861559894,13.522237766388685,186717096
2008-06-25,13.667595863342285,13.83627003070223,13.485774571413069,13.518021325830059,164723112
2008-06-26,13.117420196533203,13.517029274752618,13.103529126445881,13.496440808845719,226153620
2008-06-27,13.098814010620117,13.146687386059119,12.77684372454425,13.089139890798563,217682100
2008-06-30,13.057887077331543,13.345129250923131,12.97454255059534,13.207957893121089,150461388
2008-07-01,13.264016151428223,13.313377416889175,12.824221814764407,12.88821998386773,198197604
2008-07-02,13.073264122009277,13.404163624217746,13.048955935466523,13.308168265415368,168751080
2008-07-03,13.320323944091797,13.37563866167151,13.084675836111478,13.168516636000355,95923980
2008-07-07,13.491726875305176,13.617985777664083,13.28559739632489,13.45179111434837,170037792
2008-07-08,13.755156517028809,13.771528977766122,13.394739291850973,13.543321263626478,197098704
2008-07-09,13.433187484741211,13.783682931532962,13.412847632190863,13.661641925646446,165993840
2008-07-10,13.4088773727417,13.630386735609898,13.164547712219344,13.518764748633457,173094732
2008-07-11,13.240946769714355,13.382336002053522,12.884497909286013,13.30792071611629,199056744
2008-07-14,12.938822746276855,13.396227920710482,12.78577520575173,13.369934616984802,176815008
2008-07-15,12.801650047302246,13.08467620770287,12.429822191096612,12.806363274277516,242597160
2008-07-16,13.285597801208496,13.307922768549613,12.665470952953017,12.750800594818957,189498312
2008-07-17,13.232017517089844,13.321564100163636,13.010260478908675,13.249876922277412,351144504
2008-07-18,11.939179420471191,12.377237347378646,11.86153972406695,12.361609774284338,451244304
2008-07-21,11.628620147705078,12.007888437027944,11.551723454307606,11.928264575321233,235823940
2008-07-22,11.834749221801758,11.91263657876529,11.549243541404415,11.577024736061873,187472340
2008-07-23,12.135137557983398,12.333826634692068,11.859305075504459,11.946371213486895,195568236
2008-07-24,11.797786712646484,12.324894806159952,11.797786712646484,12.320677858226142,141494364
2008-07-25,12.203600883483887,12.23212696742856,11.94364362673362,12.067420192718156,127212660
2008-07-28,11.834996223449707,12.206327774810633,11.785633067587591,12.206327774810633,126273600
2008-07-29,11.983579635620117,12.086521017456443,11.856825396458756,11.889072151328707,111999888
2008-07-30,11.973408699035645,12.055761605249987,11.72808553676734,12.042862148665305,139488372
2008-07-31,11.75140380859375,11.928510919959093,11.694103976388273,11.771495994378483,114489396
2008-08-01,11.605300903320312,11.738256246778857,11.472345559861768,11.72064545368513,120195684
2008-08-04,11.484749794006348,11.733047820067357,11.457463933063062,11.611751699062726,99380520
2008-08-05,11.902714729309082,11.908420513448814,11.567350554921218,11.598604753233339,143236620
2008-08-06,12.063699722290039,12.148780745148024,11.720645627035937,11.866002260599066,134896968
2008-08-07,11.884607315063477,12.005655767892522,11.817384747818158,11.95604588571062,110841048
2008-08-08,12.278759002685547,12.29711374044479,11.799524239240988,11.910155561222506,149422428
2008-08-11,12.423373222351074,12.622805298775406,12.198638509631987,12.215753970189871,169402428
2008-08-12,12.467279434204102,12.554593246959987,12.35292742613759,12.452148140551786,110117772
2008-08-13,12.403281211853027,12.490347357721491,12.250729942972372,12.442226308684196,144874980
2008-08-14,12.538717269897461,12.591303876776273,12.310510490946506,12.34548535824669,116627256
2008-08-15,12.654309272766113,12.666959174140947,12.538965653288006,12.575924691096503,141686172
2008-08-18,12.360368728637695,12.650588584796296,12.29116293516365,12.646619302491757,133222644
2008-08-19,12.166889190673828,12.359872502042164,12.070893813441344,12.165152688739076,121738140
2008-08-20,12.030461311340332,12.32043254574941,11.970184750843467,12.271565662743287,159124716
2008-08-21,12.06840991973877,12.152003990106149,11.888326104271428,11.97886429035392,140423436
2008-08-22,12.169120788574219,12.275534221782626,12.141587262750202,12.19169342094802,91796112
2008-08-25,11.981096267700195,12.328119616215462,11.943641903945563,12.0579929445047,80491428
2008-08-26,11.76157283782959,11.992260993550076,11.6730197579875,11.992260993550076,132195672
2008-08-27,11.623161315917969,11.778193971405498,11.530391279779494,11.750908110604623,175308516
2008-08-28,11.752145767211914,11.818375768996635,11.666568471612656,11.720147628959017,121066812
2008-08-29,11.491943359375,11.683437826723974,11.468130502402154,11.65218362918941,153774072
2008-09-02,11.540560722351074,11.960511530529148,11.445556960719776,11.82631500695286,244215540
2008-09-03,11.519723892211914,11.76479751001088,11.399915669224391,11.62688221508725,172411416
2008-09-04,11.168732643127441,11.49070295836018,11.147400233338193,11.410334212834327,193746060
2008-09-05,11.019655227661133,11.223305237871504,10.916218499039875,11.050414096569929,181190628
2008-09-08,10.416890144348145,11.235209735539598,10.35735753328324,11.21238943696362,360355284
2008-09-09,10.384892463684082,10.725217515558999,10.294104707880473,10.496763071965646,288894816
2008-09-10,10.27326774597168,10.529257586066413,10.162141091656373,10.529008028939383,248822928
2008-09-11,10.759200096130371,10.792438459235312,10.080285591490505,10.129151524666854,258597144
2008-09-12,10.85618782043457,10.963594759497994,10.641376778184412,10.671390751783091,240878880
2008-09-15,10.761929512023926,10.963099052588213,10.510157530450924,10.517352149989458,262433304
2008-09-16,10.986910820007324,11.144422966307442,10.554310140071497,10.565969373888537,279348372
2008-09-17,10.281455993652344,10.892899377412588,10.25540941109413,10.87652880628886,364710924
2008-09-18,10.891412734985352,10.89389223661656,10.18248323275959,10.483617429725346,343232424
2008-09-19,11.141199111938477,11.46167964648886,10.995592913694086,11.435139621806426,399839760
2008-09-22,10.669654846191406,11.264729572399533,10.641377372839282,11.264729572399533,176115708
2008-09-23,10.64807415008545,10.93382939894264,10.560017335350096,10.746798588561191,207959832
2008-09-24,10.792936325073242,11.038257617032201,10.668910204480209,10.674615043035276,169510320
2008-09-25,10.90431022644043,11.162282354067198,10.814515031287876,10.885458264412813,200611188
2008-09-26,10.69197940826416,10.843786726098458,10.443680439017573,10.616571555130601,211488300
2008-09-29,9.45073413848877,10.505196298746325,9.443539519181597,10.405976533706312,430085484
2008-09-30,9.934928894042969,10.544142392749832,9.731527505683752,9.822313381876487,123328548
2008-10-01,10.21274471282959,10.343219621994203,9.998926221178223,10.198605976530812,249142608
2008-10-02,9.686132431030273,10.169583185087266,9.574758112271118,10.164869958526978,239156604
2008-10-03,9.597330093383789,10.23209188766202,9.5020786742602,9.856295716256685,319396284
2008-10-06,9.207892417907715,9.326459480399855,8.859380178045107,9.276601930893577,448375176
2008-10-07,8.582801818847656,9.301405269895689,8.566926584226797,9.260476960179162,441733824
2008-10-08,8.38684368133545,8.904774033990257,8.089182493927472,8.189643428265342,472582944
2008-10-09,8.160372734069824,8.646303959031387,7.979047733892991,8.5458439781703,322677000
2008-10-10,8.235283851623535,8.480607037500631,7.697014129763203,7.767956893991521,423488088
2008-10-13,9.451227188110352,9.474295149289343,8.576351860697848,8.825395660572205,355863780
2008-10-14,8.997048377990723,9.785600746907146,8.85541146400094,9.761540224116711,311080608
2008-10-15,8.413138389587402,8.905023186854402,8.404704490685859,8.797120893880345,268587144
2008-10-16,8.756688117980957,8.843009377999978,7.675683000027316,8.254136682963681,648938412
2008-10-17,9.240880966186523,9.574758147747257,9.017883716011774,9.400129605460672,569398032
2008-10-20,9.40906047821045,9.450237410738156,8.91965713232496,9.419727156508031,269865864
2008-10-21,8.998040199279785,9.51969021347492,8.979435904684658,9.237160353565061,231048720
2008-10-22,8.822421073913574,9.170188420818132,8.532946118877915,8.855164106858064,262137600
2008-10-23,8.739325523376465,8.880217573141316,8.383868170740184,8.772315282543055,258896844
2008-10-24,8.41611385345459,8.693435192128238,8.055200319305209,8.098112807214475,294065640
2008-10-27,8.173023223876953,8.508140668458797,8.076531572612295,8.304986966658777,247779972
2008-10-28,9.146869659423828,9.160760727153598,8.14871396630227,8.41015908017969,323891784
2008-10-29,8.88021469116211,9.202680289394237,8.740561965045158,9.07344657263364,389873736
2008-10-30,8.922135353088379,9.227485485781694,8.889392326618879,9.139676360780873,319236444
2008-10-31,8.913949966430664,9.226492822829023,8.78769203352405,8.834573792836022,296635068
2008-11-03,8.594711303710938,9.003994524034441,8.469197278655821,8.86979893421629,237941820
2008-11-04,9.101973533630371,9.236416768093427,8.570152155319287,8.767104725515683,293702004
2008-11-05,8.489289283752441,9.150095873092454,8.466220370217997,8.983158196430045,277582140
2008-11-06,8.215936660766602,8.543363207829907,8.081741082914208,8.432981432243313,342649008
2008-11-07,8.213953971862793,8.462252040306911,8.069835635343225,8.263067584651875,187064748
2008-11-10,7.907361030578613,8.171782900760972,7.676425665142969,8.13606408840344,322880796
2008-11-11,7.72578763961792,7.845844003422738,7.454421188492213,7.6570781304311035,405458136
2008-11-12,7.218275547027588,7.75133666954572,7.1379072798333025,7.4923719904496435,401641956
2008-11-13,7.741168022155762,7.763988322678283,6.9454209951122445,7.23737687378884,528858612
2008-11-14,7.690068244934082,8.061400759289395,7.505023044725929,7.522138505136642,380303316
2008-11-17,7.444499492645264,7.693542414572439,7.390671714559742,7.515938065837001,301450248
2008-11-18,7.3775248527526855,7.53404491544114,7.078127656891089,7.480465754178165,333510156
2008-11-19,6.949885845184326,7.446234690571454,6.91019680558628,7.327170407654009,313070616
2008-11-20,6.4384050369262695,7.018348977509625,6.425506522940279,6.818667314089134,390784824
2008-11-21,6.509594917297363,6.681742550802997,6.134295011721317,6.511579085605772,409370220
2008-11-24,6.385817527770996,6.696130018769692,6.176710856417909,6.679013612762732,401785812
2008-11-25,6.996271133422852,7.110623139001719,6.630892985085526,6.664627630229719,430417152
2008-11-26,7.24531364440918,7.328906774734046,6.851160847394813,6.952365243164121,254009736
2008-11-28,7.26689338684082,7.353464189119762,7.150805836533794,7.207858000200311,102517380
2008-12-01,6.597900867462158,7.128482035634231,6.597653200905843,7.111117963218371,228219552
2008-12-02,6.824124813079834,6.8903534109728835,6.513316952007145,6.690673169772864,233354412
2008-12-03,6.931282043457031,6.979155423340534,6.581778200598902,6.693649282642244,235955808
2008-12-04,6.805023670196533,7.03199022797946,6.666859756170192,6.859346779442235,195268536
2008-12-05,7.0443925857543945,7.0505937025517325,6.549035370772155,6.7226704222664,260587152
2008-12-08,7.493859767913818,7.675681513954261,6.995030045390972,7.193222833539723,325446228
2008-12-09,7.589608669281006,7.888013797671798,7.36735533858732,7.38422266070165,275320404
2008-12-10,7.660303115844727,7.8111178817391185,7.553392922443945,7.670721654685698,209270520
2008-12-11,7.44697904586792,7.761011739322466,7.386950626490552,7.544959530051749,246920832
2008-12-12,7.832450866699219,7.850062607357116,7.292691804896973,7.33510848789471,228655116
2008-12-15,7.706192970275879,7.900167883330561,7.568275777670749,7.789041218115078,269246484
2008-12-16,8.068593978881836,8.173271861321286,7.721075716887939,7.801692130431874,282101616
2008-12-17,7.81955099105835,7.990457454442388,7.749600314837962,7.903888541651852,231356412
2008-12-18,7.6965179443359375,7.946304787820917,7.667495583597239,7.855766120046459,190349460
2008-12-19,7.693789958953857,7.882804927753712,7.6647680685960315,7.714130757830776,224279496
2008-12-22,7.369834899902344,7.67716971423627,7.2090983614251085,7.6538536097554735,156547296
2008-12-23,7.3924078941345215,7.523626264117799,7.358920446204093,7.452187698608596,150956892
2008-12-24,7.514697074890137,7.5987864966044105,7.401338567734307,7.478234787702383,76783140
2008-12-26,7.4504523277282715,7.57199658062398,7.399601279222714,7.542477941153352,78285636
2008-12-29,7.3775248527526855,7.475752527324651,7.232663078629091,7.4469787783888055,147927924
2008-12-30,7.518664836883545,7.610444198657523,7.409522821234507,7.461365952188469,153586260
2008-12-31,7.631280899047852,7.714378231126806,7.506263637403127,7.54570406542984,115356528
2009-01-02,7.970365524291992,7.982767756653907,7.577948777735535,7.654844981609658,144275580
2009-01-05,8.137304306030273,8.216432828305692,7.813598433616718,7.9624290240158535,195364440
2009-01-06,8.286382675170898,8.453568933349684,8.096127507647001,8.259593095969109,256750992
2009-01-07,7.987481117248535,8.208246554878682,7.906617511499186,8.144001659152613,179600220
2009-01-08,8.066361427307129,8.066361427307129,7.871641166964955,7.894958216143336,143883972
2009-01-09,7.815333843231201,8.123660713209507,7.773909252767337,8.123660713209507,173446380
2009-01-12,7.756298065185547,7.911577901148413,7.6952780377839956,7.846092786189931,132039828
2009-01-13,7.796731472015381,7.952506659007308,7.699247733291753,7.733478184584505,177122700
2009-01-14,7.465583324432373,7.783832020447195,7.385710385611163,7.689573151967593,218497284
2009-01-15,7.416468143463135,7.530323382602151,7.113846571623919,7.38124561303992,237142620
2009-01-16,7.433335781097412,7.646163589011371,7.334859968223768,7.5660429870470045,208767024
2009-01-20,7.01363468170166,7.429119433483919,7.01363468170166,7.420189730749499,201726072
2009-01-21,7.517922401428223,7.528339994535055,7.152543319207062,7.152543319207062,196783020
2009-01-22,7.602754592895508,7.673448743458697,7.321217268729928,7.392903503467402,330349320
2009-01-23,8.054207801818848,8.23429259726601,7.546199698210755,7.671465104041936,428882688
2009-01-26,8.033618927001953,8.136064026804192,7.951514625338979,8.057928061909905,184243572
2009-01-27,8.22238540649414,8.281670354731835,8.043541786096117,8.097616283496926,196894908
2009-01-28,8.648784637451172,8.73957144589357,8.342194236170915,8.383618831078952,307348344
2009-01-29,8.516077041625977,8.558989522130796,8.436452251548381,8.54633867785826,291060648
2009-01-30,8.397261619567871,8.652010315920306,8.334504613043961,8.550061493124401,186693120
2009-02-02,8.447863578796387,8.557750014292498,8.23528343605021,8.292087934113217,208067724
2009-02-03,8.444887161254883,8.508140444916881,8.280677613704642,8.497473767497478,261997740
2009-02-04,8.508139610290527,8.79190969008929,8.413135860836226,8.435459879732495,272423304
2009-02-05,8.774051666259766,8.815226707251524,8.359309406286188,8.456298284467842,290285424
2009-02-06,9.209626197814941,9.272383193352256,8.816713656443989,8.842014398819327,281242476
2009-02-09,9.395417213439941,9.45073287256542,9.110903190445145,9.209626663830443,198892908
2009-02-10,8.892867088317871,9.363915669261276,8.877488128707652,9.326211742590111,283863852
2009-02-11,8.881208419799805,9.053851862450689,8.756190689239357,8.903781052466384,209054736
2009-02-12,9.005481719970703,9.019621401559906,8.718488154686122,8.760160418570226,221789988
2009-02-13,8.872279167175293,9.003994306739589,8.81150727000834,8.984150730617255,165702132
2009-02-17,8.499704360961914,8.609590772188946,8.426033030688368,8.595203428290013,226988784
2009-02-18,8.758919715881348,8.7656161658678,8.446623529824928,8.613313521533106,240739020
2009-02-19,8.499213218688965,8.92486706257237,8.468702014484045,8.867071882565282,199348452
2009-02-20,8.593717575073242,8.654986689119044,8.309698861353493,8.385355322707435,248435316
2009-02-23,8.187164306640625,8.67681632076428,8.174513458352015,8.607362851713319,208635156
2009-02-24,8.568912506103516,8.672350164118672,8.20775131720305,8.210975709031986,243592164
2009-02-25,8.474406242370605,8.738827177297354,8.406935061308802,8.487056143527424,257306436
2009-02-26,8.363776206970215,8.743541763712848,8.363279928451332,8.581564962781393,223999776
2009-02-27,8.383866310119629,8.528479943935405,8.213207040824575,8.258848583228158,216583200
2009-03-02,8.115226745605469,8.45108713566066,8.086452999586944,8.268274261921029,231308460
2009-03-03,8.073554039001465,8.277203974996521,7.995914367855129,8.18740879350391,260731008
2009-03-04,7.910833835601807,8.160869296994955,7.823023751597162,8.016007046926319,312423264
2009-03-05,7.581423759460449,7.914803299375598,7.507008459923624,7.850310260345217,260934804
2009-03-06,7.6541008949279785,7.694285736514138,7.2988927206876335,7.620613920811238,289078632
2009-03-09,7.215548038482666,7.604491342628293,7.179827810156702,7.44102574676999,258593148
2009-03-10,7.6441802978515625,7.701975468381428,7.29889385621174,7.398114098062264,268938792
2009-03-11,7.885781288146973,7.937623476583748,7.5831587461678565,7.69205310109801,236707056
2009-03-12,8.025186538696289,8.061650247914338,7.78011286573668,7.876604060590391,200763036
2009-03-13,8.047261238098145,8.122669079396374,7.913561959533015,8.08893349497764,156099744
2009-03-16,7.929932594299316,8.178976416828014,7.902647682934394,8.086205449486222,197674128
2009-03-17,8.318134307861328,8.318134307861328,7.915051285612606,7.94208948041851,188311500
2009-03-18,8.262571334838867,8.433725960774733,8.13730497887666,8.304987546152068,200287512
2009-03-19,8.184185981750488,8.334504460424318,8.120685031396484,8.227346134055823,164283552
2009-03-20,8.189642906188965,8.259841249818987,8.094887761939226,8.193115909710285,189326484
2009-03-23,8.647048950195312,8.668132747166148,8.26083281135114,8.273979935107883,170689140
2009-03-24,8.611576080322266,8.777025830607574,8.532944792630607,8.594956899863668,152647200
2009-03-25,8.53468132019043,8.715013769863665,8.340706413337653,8.691698137495774,173278548
2009-03-26,8.763383865356445,8.908990051968386,8.644567258435755,8.759414583594852,239891868
2009-03-27,8.624724388122559,8.73138643719513,8.569408722543796,8.681775610240491,132779088
2009-03-30,8.500450134277344,8.528232271474947,8.335745260548228,8.496977130804598,123640236
2009-03-31,8.633652687072754,8.768840805265045,8.587019535682227,8.655233706416096,146065788
2009-04-01,8.783227920532227,8.811754003479644,8.448856324998907,8.527487621407829,131915952
2009-04-02,8.991841316223145,9.171925185256672,8.93776586595878,9.011932560343743,179340480
2009-04-03,9.172420501708984,9.22054249555358,8.880216480115243,9.041450257004545,151440408
2009-04-06,9.134218215942383,9.173410970033869,8.964551525296605,9.103460302900517,131080788
2009-04-07,8.896339416503906,9.022845032797129,8.813490228863122,8.994318950744324,147056796
2009-04-08,8.979436874389648,9.053852170222111,8.835814842975184,9.01664452230588,110497392
2009-04-09,9.239890098571777,9.285779308887898,9.084857449732647,9.165474805245879,135168696
2009-04-13,9.379045486450195,9.403603232415714,9.185318249049702,9.210868551821248,121881996
2009-04-14,9.150839805603027,9.351264441370239,9.068734560023128,9.35002421798927,137006856
2009-04-15,9.41352367401123,9.452219204533353,9.033014315354817,9.105941707286432,197030772
2009-04-16,9.642723083496094,9.745912121528802,9.45122863256992,9.46313458738915,406996596
2009-04-17,9.729541778564453,9.917564175750204,9.545240051427184,9.575254023660245,428802768
2009-04-20,9.408564567565918,9.690101900874742,9.323979817877424,9.578478957228493,176978844
2009-04-21,9.462390899658203,9.532589243037592,9.329187886471248,9.330924388225709,147668184
2009-04-22,9.521675109863281,9.673978700423515,9.401370605960372,9.469336170687404,139931928
2009-04-23,9.54226303100586,9.66777703314196,9.45346039511234,9.612212760103052,104255640
2009-04-24,9.661328315734863,9.752859074373973,9.43833103648463,9.575998674300205,135280584
2009-04-27,9.573518753051758,9.661328846189402,9.49414255789213,9.533582988887071,91532376
2009-04-28,9.51795482635498,9.650413902896306,9.464127995051387,9.518946437925306,117626256
2009-04-29,9.710441589355469,9.797259109392568,9.570540244323231,9.574013247618199,144255600
2009-04-30,9.822064399719238,10.015048640659563,9.79304298352105,9.816855839631552,174053772
2009-05-01,9.765510559082031,9.86225082967278,9.712427668932396,9.79874987288012,97010892
2009-05-04,9.97114372253418,9.981561788131268,9.792795438694014,9.876636241888141,127991880
2009-05-05,9.996196746826172,10.04605429430242,9.853814942302963,9.921533786246302,95935968
2009-05-06,10.008103370666504,10.127416271859147,9.94683519673014,10.090456288942836,105210684
2009-05-07,9.837939262390137,10.045806175997106,9.735990446509984,10.023729822520808,119872008
2009-05-08,10.103849411010742,10.173303804628672,9.798002979730285,9.992722759338905,154449396
2009-05-11,10.119975090026855,10.21969113849746,9.951796246989305,9.991484344053761,102269628
2009-05-12,9.897470474243164,10.194635316541955,9.800731177216562,10.170327131673783,151480368
2009-05-13,9.662568092346191,9.83248342235197,9.633049452408887,9.775431256124794,113598288
2009-05-14,9.61196517944336,9.728797619445622,9.542263116268716,9.644211931112512,117362520
2009-05-15,9.673978805541992,9.775927626386435,9.651406172574191,9.701263720236186,120227652
2009-05-18,9.843645095825195,9.855303384289796,9.559875000223647,9.791306158364074,133933932
2009-05-19,9.894248962402344,9.9627108131981,9.748395084288303,9.825289887847632,113386500
2009-05-20,9.85207748413086,10.062673445276761,9.798002993317379,9.973870812314034,91268640
2009-05-21,9.835211753845215,9.992476241652046,9.769230355909839,9.830249914908785,108683208
2009-05-22,9.760796546936035,9.888542395306914,9.723588898975594,9.839180179691295,68675256
2009-05-26,10.03017807006836,10.046053306022818,9.673977817824715,9.722348415882932,124055820
2009-05-27,10.059944152832031,10.216216062406875,10.041339858920113,10.061928320959723,121250628
2009-05-28,10.180002212524414,10.210264797637306,10.036380184457256,10.137337393492578,106645248
2009-05-29,10.349418640136719,10.349418640136719,10.18744189933556,10.222416760485494,105822072
2009-06-01,10.580852508544922,10.656259414720447,10.381668092979652,10.386628986582704,132763104
2009-06-02,10.626493453979492,10.665188989076984,10.502468285019035,10.573161960169053,104839056
2009-06-03,10.707108497619629,10.72720068196985,10.517350554243338,10.566960430831617,141170688
2009-06-04,10.921178817749023,10.944991676959026,10.777805384013156,10.797648960708656,145378476
2009-06-05,11.021389961242676,11.096302480132074,10.900836842754321,11.039994257682489,147084768
2009-06-08,10.883721351623535,10.937051898760075,10.76837774896736,10.901828422726226,123824052
2009-06-09,10.805584907531738,10.926635244036568,10.70983815233166,10.879008587697756,130065804
2009-06-10,10.730674743652344,10.861893593866123,10.583580655741157,10.820717609653823,134221644
2009-06-11,10.641377449035645,10.758705237450776,10.625749876902038,10.710086964406036,114493392
2009-06-12,10.538187980651855,10.609130273605057,10.448145112447984,10.5882941417791,116619264
2009-06-15,10.33800983428955,10.455337604804177,10.26929938410991,10.455337604804177,149326524
2009-06-16,10.318907737731934,10.44516660979656,10.304521338693618,10.401012965491372,121866012
2009-06-17,10.298073768615723,10.411185543156888,10.208775795276658,10.32362312630429,139464396
2009-06-18,10.270787239074707,10.385634552039415,10.24449299526492,10.310970659052787,123284592
2009-06-19,10.420364379882812,10.429542222767147,10.283688348234433,10.373731220425618,170193636
2009-06-22,10.104349136352539,10.355872550869694,9.968913306182925,10.342477756884021,164811024
2009-06-23,10.062922477722168,10.145027727112206,9.985282788944614,10.086983001487951,115868016
2009-06-24,10.152466773986816,10.225394171187023,10.084749827003952,10.13882526326721,98213688
2009-06-25,10.31320571899414,10.31643011061204,10.08351011804369,10.095664684863674,121658220
2009-06-26,10.550093650817871,10.622275213491331,10.247222993802799,10.26136172837118,130137732
2009-06-29,10.52082347869873,10.611610288206952,10.47369499008614,10.566961301071231,86685228
2009-06-30,10.45757007598877,10.59697515304539,10.37397788647532,10.517351300200238,103652244
2009-07-01,10.39307975769043,10.576886194470596,10.372243622456077,10.522314463816427,92339568
2009-07-02,10.132623672485352,10.304275497074471,10.090951412315588,10.304275497074471,100603296
2009-07-06,10.160405158996582,10.185953568929996,9.9632049354631,10.083261760252878,90413496
2009-07-07,9.8384370803833,10.149988385125223,9.822312285472512,10.126423195048362,130241628
2009-07-08,9.983792304992676,10.070858433759339,9.873905879667127,9.922027864544436,137510352
2009-07-09,10.179753303527832,10.280462843061992,10.065898530773957,10.07383614930883,130892976
2009-07-10,10.27922248840332,10.352894786500444,10.137834178781516,10.159662867804032,116946936
2009-07-13,10.524792671203613,10.530249843107633,10.298570066975206,10.323127813189398,161666172
2009-07-14,10.534466743469238,10.585069180305954,10.439710653194211,10.510156663924118,115716168
2009-07-15,10.868837356567383,10.881488200958607,10.62872465142124,10.657746064680975,150928920
2009-07-16,10.978723526000977,11.056860425199142,10.767880850894151,10.831878070950227,261917820
2009-07-17,10.672381401062012,10.802111392952114,10.584322719104229,10.740595566779769,273889836
2009-07-20,10.670397758483887,10.73687543184821,10.573162167793885,10.663205030199078,126013860
2009-07-21,10.614090919494629,10.713310682567274,10.560016422754785,10.689497825994772,118609272
2009-07-22,10.608882904052734,10.671143634703613,10.504948963290959,10.616571911448494,103364532
2009-07-23,10.848249435424805,10.944245745198694,10.55455755848156,10.633438408345592,138988872
2009-07-24,11.08092212677002,11.17443799302001,10.790206965172471,10.810298205481356,144930924
2009-07-27,11.033296585083008,11.081666242144028,10.854948303942034,11.06405450299134,100075824
2009-07-28,10.910510063171387,10.983932789081441,10.8174904872917,10.93903519677245,101198700
2009-07-29,10.820963859558105,10.85966033718711,10.713061601596456,10.845521603165784,79400520
2009-07-30,11.054132461547852,11.198746096284879,10.978973225003228,10.978973225003228,127816056
2009-07-31,10.989888191223145,11.229257948996713,10.974510175721155,11.16178865477253,114301584
2009-08-03,11.217101097106934,11.259021018373952,11.103740729130973,11.131026584165754,103508388
2009-08-04,11.254805564880371,11.261502014654514,11.12333905551575,11.146654687034559,95496408
2009-08-05,11.190561294555664,11.333686100278804,11.10969627087405,11.311113467155964,93586320
2009-08-06,11.171213150024414,11.283331426334126,11.125819271529311,11.268945023784887,84351564
2009-08-07,11.338399887084961,11.39594739020874,11.286060944397006,11.30292873975396,101622276
2009-08-10,11.326244354248047,11.370893340474854,11.256293677140992,11.289780653134146,69610320
2009-08-11,11.260015487670898,11.341623509536008,11.221319005722698,11.253317147063978,68431500
2009-08-12,11.375110626220703,11.453741923882001,11.28432381586884,11.296479328559405,93562344
2009-08-13,11.466889381408691,11.527413603315631,11.383295304040168,11.463664044517278,79728192
2009-08-14,11.410333633422852,11.489213539678536,11.333190228908332,11.479291752920076,66936996
2009-08-17,11.035528182983398,11.211644625435673,10.991624087262332,11.19949005846869,104703192
2009-08-18,11.045204162597656,11.105233062585045,10.971781415328701,11.040740492129483,93949956
2009-08-19,11.01270866394043,11.038258023035324,10.878513084695598,10.913985176601617,90109800
2009-08-20,11.420503616333008,11.464407710199573,11.19279219052793,11.211891818401199,159796044
2009-08-21,11.540312767028809,11.561396564827911,11.476067871502428,11.547754107428492,142277580
2009-08-24,11.626883506774902,11.660618152975474,11.519972838576617,11.592651636826146,98037864
2009-08-25,11.692366600036621,11.76628560894224,11.62663287570859,11.636803273764981,93546360
2009-08-26,11.60877513885498,11.732800320363992,11.576528383698339,11.726846869656738,79432488
2009-08-27,11.560651779174805,11.623160168337307,11.428441327536328,11.623160168337307,79876044
2009-08-28,11.528157234191895,11.717172195533726,11.494174924034171,11.64002878772401,70793136
2009-08-31,11.45175838470459,11.456471611985492,11.360723902788664,11.405125226216521,78237684
2009-09-01,11.305159568786621,11.579504159038333,11.271921204767247,11.402396104719983,103692204
2009-09-02,11.236946105957031,11.368908893081683,11.226527095644082,11.306648169505909,72119808
2009-09-03,11.34881591796875,11.366924880343655,11.286307526988795,11.306648324210865,65782152
2009-09-04,11.442580223083496,11.474827922838665,11.305656531515906,11.350057853706211,59908032
2009-09-08,11.376103401184082,11.583720771893923,11.3071443322223,11.51674776192993,106161732
2009-09-09,11.508809089660645,11.565860307044344,11.380566029558253,11.387016703218656,87728184
2009-09-10,11.681700706481934,11.681700706481934,11.459943664903605,11.57528727338111,101282616
2009-09-11,11.711467742919922,11.740241493872098,11.599596185701023,11.668307589137788,76039884
2009-09-14,11.785386085510254,11.827059292185243,11.65962441110761,11.67103503326421,78948972
2009-09-15,11.845414161682129,11.879397416678453,11.725606881529439,11.784394604150341,95828076
2009-09-16,12.112067222595215,12.13885680036202,11.868730133366876,11.901472215410237,103308588
2009-09-17,12.197149276733398,12.337299238902625,12.083790785199065,12.168625085553948,179144676
2009-09-18,12.190701484680176,12.327626121103194,12.184996645980476,12.322416615539971,131208660
2009-09-21,12.328121185302734,12.375251565035096,12.060723537863353,12.098426518240128,84571344
2009-09-22,12.379220008850098,12.45189880216431,12.348214423616227,12.42535783214567,121526352
2009-09-23,12.364336967468262,12.576172224188285,12.345732671578096,12.421884466335268,108059832
2009-09-24,12.322416305541992,12.437512250543667,12.228900436662784,12.414194727318257,101002896
2009-09-25,12.2160005569458,12.400799493792427,12.20409460274985,12.260899096560337,81902016
2009-09-28,12.366073608398438,12.439744011945985,12.236342649991812,12.274541908433012,73498428
2009-09-29,12.366073608398438,12.396335248103414,12.229149921521653,12.390878076141497,83884032
2009-09-30,12.299595832824707,12.40600926727428,12.08602407366558,12.40253720899395,125542332
2009-10-01,12.085030555725098,12.314973812348828,12.08006966261156,12.22889929189411,112415472
2009-10-02,12.02004337310791,12.197647719318743,11.970928823009837,11.999207241051367,103927968
2009-10-05,12.11777400970459,12.214761931236053,11.989284226738677,12.096192989553098,85698216
2009-10-06,12.371282577514648,12.386910148943212,12.19665495954439,12.19665495954439,109182708
2009-10-07,12.837616920471191,12.873584342351522,12.348213639758475,12.377730387852074,194773032
2009-10-08,12.7542724609375,12.979254851670936,12.73343632922258,12.88797176051845,171979848
2009-10-09,12.805619239807129,12.93609414192142,12.762209531093609,12.815541026808068,109414476
2009-10-12,12.998848915100098,13.041513729334412,12.881769760427543,12.983470903003589,132755112
2009-10-13,13.050198554992676,13.083685534047534,12.932870767657995,13.007533733181468,121374504
2009-10-14,13.278650283813477,13.285100012180688,13.146687499105475,13.207708943527077,130205664
2009-10-15,13.144455909729004,13.317843290449646,13.078970794533321,13.239707330119877,243771984
2009-10-16,13.639068603515625,13.760614270139047,13.507105817229814,13.576560213788293,353322324
2009-10-19,13.694631576538086,13.732087832327336,13.611287059063157,13.709515201295853,128587284
2009-10-20,13.685454368591309,13.715965564433946,13.412102336983454,13.683470200295814,161586252
2009-10-21,13.670074462890625,13.874716972589038,13.617984140666874,13.640556771179186,146677176
2009-10-22,13.744241714477539,13.766815291229987,13.593179301038472,13.642790124117282,93366540
2009-10-23,13.734321594238281,13.838503200992593,13.6725571423803,13.77301807874613,95612292
2009-10-26,13.74721908569336,13.931520815976125,13.664866174238636,13.785419288918796,118697184
2009-10-27,13.600374221801758,13.75590220966418,13.49792911998626,13.666851898967636,128531340
2009-10-28,13.402181625366211,13.642791590878012,13.351331518800214,13.589955425272823,102609288
2009-10-29,13.668835639953613,13.688183881029786,13.419545067346304,13.469402614692436,100803096
2009-10-30,13.298495292663574,13.647006562176434,13.251861193106294,13.642790559013735,138601260
2009-11-02,13.245660781860352,13.381344239036727,13.103031317805337,13.322307907029174,127955916
2009-11-03,13.32751750946045,13.33272606936527,13.104520248620705,13.146936453972652,95112792
2009-11-04,13.402925491333008,13.531166665460471,13.305937567531736,13.41458377989005,93214692
2009-11-05,13.60930347442627,13.637084666345123,13.46072055877112,13.481309022481781,73834092
2009-11-06,13.670074462890625,13.686941310171967,13.53116567657113,13.586233668970088,72994932
2009-11-09,13.953102111816406,13.954838613627977,13.747716580186841,13.777978220085481,105890004
2009-11-10,14.058523178100586,14.108630283572028,13.940451451556724,13.958558524307596,89142768
2009-11-11,14.15278148651123,14.225708884050439,14.036197662356255,14.150796373030229,92695212
2009-11-12,14.085559844970703,14.21082618553847,14.027269347032561,14.127976996363417,75376548
2009-11-13,14.189743041992188,14.201152719316392,14.054802574881167,14.121280251585773,66605328
2009-11-16,14.294666290283203,14.312278028318564,14.207848768698549,14.262915817569354,87880032
2009-11-17,14.324682235717773,14.324929902278708,14.23116636724419,14.259692450485813,76591332
2009-11-18,14.30384635925293,14.356680632802938,14.190238302678452,14.30384635925293,61922016
2009-11-19,14.213056564331055,14.238108693861282,14.138888951209724,14.232404801717843,86633280
2009-11-20,14.137898445129395,14.178579093786224,14.124008321942142,14.126488768603592,80167752
2009-11-23,14.445234298706055,14.550656121867005,14.284249144720272,14.299876715539716,101798100
2009-11-24,14.463591575622559,14.493357885308306,14.301118513805813,14.449452838477216,64143792
2009-11-25,14.52932357788086,14.562065663862933,14.45366806182897,14.54594276007478,58389552
2009-11-27,14.380988121032715,14.447961122859084,14.162951765738201,14.18850017602432,55328616
2009-11-30,14.461358070373535,14.477976307340166,14.315255597729148,14.402569402842724,68934996
2009-12-01,14.631769180297852,14.66525521239907,14.461358513377597,14.588608082180485,92719188
2009-12-02,14.573225975036621,14.709654310813928,14.541227837747869,14.659796770045224,66461472
2009-12-03,14.52932357788086,14.670960489594863,14.51096789391285,14.611180210774345,57090852
2009-12-04,14.511215209960938,14.75480187971905,14.366601576597573,14.709903337110658,100443456
2009-12-07,14.541975021362305,14.602499247634062,14.411748726457406,14.491372582445077,65382552
2009-12-08,14.56181812286377,14.651364708588261,14.436552725706816,14.47376037236942,60899040
2009-12-09,14.610685348510742,14.618375301314993,14.475745818965077,14.572981420108734,71168760
2009-12-10,14.672200202941895,14.751824998179883,14.645162956335493,14.645906901272184,66665268
2009-12-11,14.647643089294434,14.752816293720901,14.578684972363764,14.751079792044365,68731200
2009-12-14,14.77712631225586,14.81631812707575,14.699734294139137,14.767700803679663,76459464
2009-12-15,14.71288013458252,14.793248876005139,14.659550530770492,14.71684941646012,91124784
2009-12-16,14.82748031616211,14.89222148947951,14.799699123214072,14.848317392488406,112263624
2009-12-17,14.7327241897583,14.824503550237086,14.728259574917159,14.79473724561445,105446448
2009-12-18,14.79423999786377,14.856501665454966,14.759017466988258,14.784566823272398,141118740
2009-12-21,14.850300788879395,14.8790745371589,14.775637832339811,14.823758875406812,102745152
2009-12-22,14.9108247756958,14.920251229039385,14.85451655805468,14.91628194729152,75156768
2009-12-23,15.17276668548584,15.202284379226585,14.953737759968664,14.969861608752879,82825092
2009-12-24,15.341442108154297,15.367240079280343,15.187402952869627,15.20377446955762,34313652
2009-12-28,15.450335502624512,15.527727522948854,15.341441618669473,15.420322474259182,67848084
2009-12-29,15.364262580871582,15.499202099210045,15.336729054537637,15.496721652438998,56935008
2009-12-30,15.44686222076416,15.44686222076416,15.329783060645848,15.341936681909756,58565376
2009-12-31,15.37864875793457,15.513092941184269,15.37864875793457,15.496969092116313,48743208
2010-01-04,15.546578407287598,15.615041192438623,15.484318629332444,15.55153930057683,78169752
2010-01-05,15.478117942810059,15.573617982990369,15.417346049324633,15.557246466505838,120067812
2010-01-06,15.087933540344238,15.524502562303638,15.040804107261364,15.524502562303638,158988852
2010-01-07,14.736692428588867,15.131093835318577,14.700725952969476,15.116210210459785,256315428
2010-01-08,14.933150291442871,14.963659596786792,14.612915547748072,14.68460272606137,188783028
2010-01-11,14.910577774047852,14.99367462970089,14.735205275532815,14.99367462970089,288227484
2010-01-12,14.646900177001953,14.83740302650726,14.585383395526144,14.824752180793864,193937868
2010-01-13,14.562811851501465,14.594809995371664,14.235632957336325,14.299877856947855,259604136
2010-01-14,14.631272315979004,14.739174584305452,14.456644707395174,14.483681954792592,169434396
2010-01-15,14.386942863464355,14.723299573791458,14.338323649185757,14.717841456566239,217162620
2010-01-19,14.575957298278809,14.645411700183779,14.294916244126876,14.416709586673084,172495332
2010-01-20,14.397111892700195,14.5352757981597,14.27011094262911,14.5352757981597,129897972
2010-01-21,14.460861206054688,14.556112625955647,14.194702852970707,14.47227182780079,252055692
2010-01-22,13.643037796020508,14.153773477874635,13.26724067930557,14.002463397830539,271743984
2010-01-25,13.394739151000977,13.639813711116464,13.283363881009823,13.558203801302879,176619204
2010-01-26,13.454767227172852,13.632867838053446,13.302713197287776,13.344385458179353,174045780
2010-01-27,13.446830749511719,13.584499334533726,13.278404244611067,13.42624228387287,158417424
2010-01-28,13.253103256225586,13.568376183069045,13.161572497976735,13.506115454134209,129034836
2010-01-29,13.1451997756958,13.419295746867954,13.037793789206255,13.357283635483709,165454380
2010-02-01,13.221598625183105,13.290805352057092,13.154129345230311,13.260790436582814,89941968
2010-02-02,13.174469947814941,13.269721368685467,13.087403811900531,13.269721368685467,163684152
2010-02-03,13.415080070495605,13.446830546778974,13.102784813282902,13.113699157666842,119844036
2010-02-04,13.066815376281738,13.345127334050051,13.036552794668477,13.320322869080602,134972892
2010-02-05,13.178686141967773,13.233505522728587,12.959658176044828,13.106998968575287,126113760
2010-02-08,13.23276138305664,13.444349911977124,13.184640339545709,13.208700861301175,107664228
2010-02-09,13.306434631347656,13.4326925988861,13.272451372761896,13.383330379690277,112671216
2010-02-10,13.257070541381836,13.33991877780916,13.089387064511232,13.247644088457434,106873020
2010-02-11,13.305440902709961,13.406894391069637,13.13428629192587,13.229041439558625,96303600
2010-02-12,13.224080085754395,13.324044735376397,13.159091247347655,13.22036036096704,91096812
2010-02-16,13.426984786987305,13.497183123763184,13.253348807258005,13.317098361315027,146029824
2010-02-17,13.350337028503418,13.479076362808824,13.335454349310348,13.444349166066202,81106812
2010-02-18,13.47461223602295,13.519013557080592,13.298992065462961,13.333719265899287,93382524
2010-02-19,13.413590431213379,13.494702167925393,13.3872971305509,13.407885593194393,102021876
2010-02-22,13.464194297790527,13.580778134182406,13.4195453097478,13.577056518660966,85698216
2010-02-23,13.272449493408203,13.48478102227246,13.203492319658807,13.469154397289577,114789096
2010-02-24,13.183151245117188,13.356042344829214,13.15933839038012,13.245411967772196,92970936
2010-02-25,13.058136940002441,13.10923471724892,12.89863965465892,13.07525145775376,132235632
2010-02-26,13.067312240600586,13.190098137756095,12.984959327609094,13.082692145034423,81890028
2010-03-01,13.213414192199707,13.228297817627935,13.090629245200798,13.12684433404048,89426484
2010-03-02,13.421032905578613,13.535136292650256,13.270963040412893,13.282620383975134,174097728
2010-03-03,13.526703834533691,13.596157291783923,13.376136740168764,13.453280149846835,123452424
2010-03-04,13.756646156311035,13.794845415956898,13.548531560805628,13.55597290136322,127224648
2010-03-05,13.995269775390625,14.08109663780073,13.88836100574579,13.92432842967074,156331512
2010-03-08,13.952356338500977,14.01933123347366,13.915893583934615,14.009408501648728,95360544
2010-03-09,13.895554542541504,14.006433538443945,13.804022842447402,13.887119700087903,126936936
2010-03-10,14.2988862991333,14.349736407248075,13.945660819999738,13.98410869327976,225969804
2010-03-11,14.415220260620117,14.540981935700373,14.243072151701444,14.244560986925823,169162668
2010-03-12,14.375532150268555,14.592328300401245,14.366105696401975,14.588855296840695,110025864
2010-03-15,13.969720840454102,14.12524881937218,13.791620229303499,14.056538365873902,185969844
2010-03-16,14.019827842712402,14.099700311214297,13.909693733472581,13.936234703922047,137122740
2010-03-17,14.02875804901123,14.17486052860759,13.996262682620591,14.096723616503684,132731136
2010-03-18,14.049592971801758,14.100195406889323,13.964263338309307,14.007919766540594,71016912
2010-03-19,13.89084243774414,14.089282922460049,13.823372200294585,13.89084243774414,191576232
2010-03-22,13.828826904296875,14.060754327112095,13.748954446213435,13.794348319337583,160031808
2010-03-23,13.617985725402832,13.848920616976347,13.44435066758953,13.817418753440991,219831948
2010-03-24,13.824610710144043,13.88711910059667,13.387297752941496,13.531414162269693,262345392
2010-03-25,13.962279319763184,14.188500972271049,13.857601445037464,13.866530674959613,157078764
2010-03-26,13.95756721496582,14.074151054056957,13.891338149001843,14.021564445915939,107740152
2010-03-29,13.951613426208496,14.007920703300185,13.90498026981916,13.965256828993043,124055820
2010-03-30,14.057283401489258,14.080103700511852,13.897786139011144,13.961039421344013,79036884
2010-03-31,14.067452430725098,14.13244221287104,13.960542721901087,14.016106050503671,121110768
2010-04-01,14.109125137329102,14.224469691857612,14.02850872772985,14.172378419755923,84023892
2010-04-05,14.163946151733398,14.259940579513973,14.114086712114625,14.161217093013532,75983940
2010-04-06,14.094738960266113,14.160968968895165,14.024788281469297,14.125496878436504,82321596
2010-04-07,13.978650093078613,14.10788381587712,13.93697783487457,14.071917340962244,103136760
2010-04-08,14.076630592346191,14.135171592622353,13.89208119733069,13.973193884612844,77822100
2010-04-09,14.045129776000977,14.10838211728229,13.990061775144,14.076631640708877,82181736
2010-04-12,14.206609725952148,14.238110642060214,14.045128301273468,14.073158104551476,94001904
2010-04-13,14.5548734664917,14.607212407011726,14.1669226969815,14.201648952561325,156335508
2010-04-14,14.610187530517578,14.693035768870038,14.486410033420157,14.63647988588578,135971892
2010-04-15,14.766459465026855,14.829465080350161,14.592576747084996,14.688819781246186,270201528
2010-04-16,13.646512031555176,14.10937343379913,13.633613518878507,13.96525701407417,488930580
2010-04-19,13.645270347595215,13.741762940396995,13.518765672454968,13.61178337109705,155604240
2010-04-20,13.767807960510254,13.88240762831234,13.669083530442995,13.746227884158683,118976904
2010-04-21,13.749451637268066,13.897041997091556,13.696368754477298,13.803029853165098,95564340
2010-04-22,13.569862365722656,13.704801872531826,13.477835340619901,13.692399639736246,131096772
2010-04-23,13.51851749420166,13.625924441802226,13.451048201206028,13.57457805436511,83492424
2010-04-26,13.187370300292969,13.518517539441426,13.127093736246344,13.51802220627181,174577248
2010-04-27,13.123372077941895,13.353314398095442,13.0779782026856,13.120643019449465,153634212
2010-04-28,13.126596450805664,13.266496855768539,12.924186710660456,13.19877896074144,136107756
2010-04-29,13.196297645568848,13.307921526564675,13.064087191622182,13.230281844492335,122233644
2010-04-30,13.040027618408203,13.337191578215828,13.03357788944043,13.174719474106759,97318584
2010-05-03,13.16157341003418,13.219120915784696,13.024648763027768,13.059873190682774,74237688
2010-05-04,12.560544967651367,13.065824460388544,12.50696674941367,13.060367288351525,242808948
2010-05-05,12.644633293151855,12.792471313242956,12.414193754641884,12.426844599449737,183104712
2010-05-06,12.369545936584473,12.837121507249257,11.41033427196074,12.619580459584597,199803996
2010-05-07,12.23237419128418,12.53449997866103,11.939425300646974,12.401792296390202,203356440
2010-05-10,12.939566612243652,12.968588974496233,12.715081447737877,12.749063758356666,164954880
2010-05-11,12.627022743225098,12.895661562685175,12.606434278318874,12.791233238758615,132771096
2010-05-12,12.536235809326172,12.701190248241259,12.452147339267595,12.701190248241259,153917928
2010-05-13,12.672416687011719,12.94824823651918,12.659765840948358,12.811819879106904,132898968
2010-05-14,12.58931827545166,12.67514418976789,12.309517457303587,12.644881605417558,164475360
2010-05-17,12.600232124328613,12.609906244278605,12.361607298300061,12.57071443138759,111640248
2010-05-18,12.362103462219238,12.674647296271347,12.329856711115234,12.65058677518407,112906980
2010-05-19,12.264372825622559,12.388645670532785,12.098426772117897,12.309765759198713,137690172
2010-05-20,11.7826566696167,12.04484666663076,11.752642700265257,12.032195822505209,196335468
2010-05-21,11.709233283996582,12.030459616188322,11.519475343916568,11.635066609588204,387244368
2010-05-24,11.83598804473877,12.14927582801517,11.82705881496972,11.924542069250188,173650176
2010-05-25,11.833756446838379,11.843181955181542,11.50980198031272,11.612493796465525,120575304
2010-05-26,11.794069290161133,12.148533089967302,11.782410055467873,11.957782565502168,138884976
2010-05-27,12.165898323059082,12.211787540031201,11.932482010342218,12.02922228381445,112251636
2010-05-28,12.046087265014648,12.240064060326453,11.980849814417661,12.222451376056489,115676208
2010-06-01,11.965221405029297,12.18077826086426,11.909410412162716,11.917100363670476,106565328
2010-06-02,12.238078117370605,12.250480350193838,11.942649747300955,12.072132082910345,101530368
2010-06-03,12.541443824768066,12.600976431571233,12.27106853822892,12.281237990799477,145881972
2010-06-04,12.3707857131958,12.631983182782248,12.320679554720664,12.395591125876367,156655188
2010-06-07,12.043359756469727,12.425109413554035,11.984572031601218,12.379220201401893,145162692
2010-06-08,12.025002479553223,12.125711066385747,11.845413046283996,12.101153322340748,107296596
2010-06-09,11.758100509643555,12.126703978166539,11.707995295328741,12.085527994196367,109050840
2010-06-10,12.080317497253418,12.11727747487258,11.803245752195496,11.915611684306603,103012884
2010-06-11,12.117279052734375,12.122488558429723,11.94662071292134,11.968449402000813,71196732
2010-06-14,11.985563278198242,12.266108993436152,11.985563278198242,12.265612715021357,81534384
2010-06-15,12.352676391601562,12.412457609455684,11.960509674082644,11.982833692375253,170213616
2010-06-16,12.434038162231445,12.501756055188864,12.306043716034363,12.307532551153198,91480428
2010-06-17,12.404520988464355,12.548141119722109,12.320431577437285,12.488114121097732,79012908
2010-06-18,12.403281211853027,12.488610855794773,12.35615271971451,12.464797997854678,114801084
2010-06-21,12.118765830993652,12.426597394328835,12.02773135794809,12.400055480430273,119220660
2010-06-22,12.061467170715332,12.318200044754294,12.04856865763404,12.152006319444775,88699212
2010-06-23,11.95728588104248,12.077342729510127,11.860795169595411,12.077342729510127,81082836
2010-06-24,11.784890174865723,11.974649082480552,11.73924863010722,11.898001952566219,75668256
2010-06-25,11.724861145019531,11.848142365150878,11.672274543100237,11.833507352191782,89718192
2010-06-28,11.709980010986328,11.845663481942148,11.63382821118189,11.72263085740675,70421508
2010-06-29,11.26795482635498,11.523197941660996,11.190066517450829,11.495665356521641,139943916
2010-06-30,11.037018775939941,11.356507735589414,11.031313936670388,11.285316824200951,143983872
2010-07-01,10.901581764221191,11.122594870123214,10.756224177120226,11.045450516050751,140403456
2010-07-02,10.828654289245605,10.97078652591737,10.815010887684773,10.954415956511808,77362560
2010-07-06,10.816749572753906,11.10448802767348,10.75622440022387,11.013452602307504,102301596
2010-07-07,11.167243003845215,11.19428119559737,10.799632115556276,10.872310903545802,125062812
2010-07-08,11.325002670288086,11.3441041887949,11.153849018616627,11.25033971498833,106649244
2010-07-09,11.596122741699219,11.739247534354256,11.47929124997742,11.707001728802048,173086740
2010-07-12,11.802995681762695,11.892542250401647,11.68517164736072,11.71716978255088,133242624
2010-07-13,12.134641647338867,12.228652849956001,11.913380876798485,11.962246813210927,158892948
2010-07-14,12.187725067138672,12.249488568623748,12.066675675013546,12.151509032535587,124595280
2010-07-15,12.25420093536377,12.271068728120518,11.972911301714756,12.197398331309016,194133672
2010-07-16,11.40065860748291,11.67227411546234,11.398425827522768,11.636555307852719,312679008
2010-07-19,11.563630104064941,11.649703693313771,11.348817158165753,11.43538797115787,181829988
2010-07-20,11.945876121520996,11.980603324482113,11.425218579561836,11.435883367209367,162017820
2010-07-21,11.844422340393066,12.047825604591324,11.793076900163221,12.005656116426415,131052816
2010-07-22,12.02574634552002,12.129183990030663,11.967950240250376,11.986554534387075,85822092
2010-07-23,12.155975341796875,12.169121521172928,11.906683813870428,11.925535777291483,90485424
2010-07-26,12.128936767578125,12.173089476793999,12.027484224889836,12.131912547500441,79728192
2010-07-27,12.21972370147705,12.340524486633427,12.158703197193415,12.168873596338099,97949952
2010-07-28,12.014337539672852,12.284713812736413,11.972665275730897,12.27702386021015,99740160
2010-07-29,12.03021240234375,12.12670405195263,11.889815709847863,12.054025258894725,106912980
2010-07-30,12.026739120483398,12.088999846440766,11.885102207858958,11.897753053472456,85678236
2010-08-02,12.164655685424805,12.235845637929568,12.078582107874396,12.129432208990965,74273652
2010-08-03,12.150269508361816,12.215506962420315,12.074117709983271,12.166888691411422,72019908
2010-08-04,12.559305191040039,12.57617203960953,12.180531336444274,12.208561140500908,152347500
2010-08-05,12.603455543518066,12.615858720972708,12.490841006781045,12.548637110184313,96719184
2010-08-06,12.40799331665039,12.544917001095577,12.304556608355863,12.536484049388024,132647220
2010-08-09,12.535242080688477,12.538963695838534,12.436270939058849,12.458347291666021,74813112
2010-08-10,12.494563102722168,12.551367601212089,12.367064927543689,12.460827514921656,82877040
2010-08-11,12.197647094726562,12.352926465615724,12.191693644360328,12.346229070276763,88831080
2010-08-12,12.204343795776367,12.272309356832398,11.968695694225392,12.004166837260296,88095816
2010-08-13,12.063949584960938,12.184005495122715,12.055514741283782,12.12968237939985,77310612
2010-08-16,12.04509449005127,12.151260246776008,11.91883654955675,11.997716449564725,52147800
2010-08-17,12.16738510131836,12.271070428186938,12.056010767204105,12.118022884775224,75552372
2010-08-18,11.959766387939453,12.176066265258953,11.944883707081662,12.165400533035982,107348544
2010-08-19,11.608030319213867,11.968696158884695,11.590169968437824,11.931487567414038,156843000
2010-08-20,11.460439682006836,11.6978242887589,11.435634270054203,11.608030039805259,156547296
2010-08-23,11.511289596557617,11.614974912328499,11.354026066497056,11.44754098392741,119328552
2010-08-24,11.196760177612305,11.369899867628178,11.185100945593001,11.353279742983828,110397492
2010-08-25,11.27688217163086,11.356010690869091,11.162282507987129,11.162282507987129,103580316
2010-08-26,11.186591148376465,11.34236678795983,11.173196358534202,11.312601428570051,71008920
2010-08-27,11.38131332397461,11.410087077935136,11.103991960817027,11.225785318278907,92403504
2010-08-30,11.229008674621582,11.40438022646912,11.222311279475804,11.389248934429817,49206744
2010-08-31,11.162779808044434,11.283084321108566,11.11267364525693,11.165012588418431,77794128
2010-09-01,11.41851806640625,11.53286910802446,11.224294567699607,11.285811342537691,129002868
2010-09-02,11.489213943481445,11.520219528191362,11.418023041344599,11.480780991615678,67300632
2010-09-03,11.665824890136719,11.705017647933852,11.594882604925093,11.671282061713933,101514384
2010-09-07,11.519475936889648,11.598603508414612,11.485244071601995,11.521955438246883,68327604
2010-09-08,11.672771453857422,11.720397169046876,11.522205300958046,11.539072150946643,95975928
2010-09-09,11.81167984008789,11.91635772124834,11.672771036439883,11.852609103367087,97126776
2010-09-10,11.810686111450195,11.901225247638518,11.784393755777845,11.882124674592012,78893028
2010-09-13,11.962742805480957,12.014336854028057,11.894776295943828,11.928760496004598,89570340
2010-09-14,11.917101860046387,12.024260189779532,11.908420296000259,11.956293676831287,88571340
2010-09-15,11.922308921813965,11.953315449087967,11.86922604205202,11.905194407735255,96015888
2010-09-16,11.932729721069336,11.967208311520224,11.8918004561315,11.905196192965398,78701220
2010-09-17,12.15820598602295,12.184250675653672,11.935705007658397,11.999453620438473,225438336
2010-09-20,12.607922554016113,12.660756825341462,12.205584454389891,12.216498798065595,175963860
2010-09-21,12.736411094665527,12.898141120369008,12.623547944166567,12.642648516376308,178473348
2010-09-22,12.799417495727539,12.843569256659727,12.692259176433367,12.721529202885597,101382516
2010-09-23,12.736908912658691,12.890948060441895,12.682833471436394,12.764938717450642,92603304
2010-09-24,13.079465866088867,13.092860655894247,12.855476054603043,12.941798243413746,134141724
2010-09-27,13.1568603515625,13.316604345706482,13.118162922213417,13.118162922213417,124171704
2010-09-28,13.076488494873047,13.235737129527017,12.860188645739685,13.233009016508815,146041812
2010-09-29,13.089387893676758,13.219615124216315,13.015469827133458,13.093357175499554,86801112
2010-09-30,13.042259216308594,13.193073017523613,12.871847618107266,13.125851401698299,129634236
2010-10-01,13.038042068481445,13.162067233378563,12.97305228843189,13.146687330229426,88911000
2010-10-04,12.956931114196777,13.10328031784154,12.870112636423727,13.0214236791834,77542380
2010-10-05,13.350834846496582,13.394739889529852,13.061111284848437,13.10650516314798,140143716
2010-10-06,13.254590034484863,13.393498828790161,13.145199878880137,13.376383368697532,110381508
2010-10-07,13.146936416625977,13.325284691480968,13.125356341538975,13.300727891331592,95736168
2010-10-08,13.304201126098633,13.33520765750736,13.087653575258383,13.215400371227263,114253632
2010-10-11,13.365964889526367,13.508842971346004,13.324541239547088,13.357035659301035,104946948
2010-10-12,13.429217338562012,13.543320718392103,13.33991937010095,13.397715477585947,149993856
2010-10-13,13.476595878601074,13.580528864000087,13.4525353565601,13.568375242349168,122101776
2010-10-14,13.417807579040527,13.524964951470576,13.323051494279829,13.498423983874543,265098636
2010-10-15,14.9190092086792,14.9237224350819,14.674679560001628,14.864934719481413,592399008
2010-10-18,15.322343826293945,15.37145838067978,14.896689081411774,14.896689081411774,283644072
2010-10-19,15.077268600463867,15.250655994992448,14.953987366779579,15.102569347454725,183332484
2010-10-20,15.080987930297852,15.31415558580174,15.069081975505174,15.084956266798022,140862996
2010-10-21,15.18045711517334,15.279924543083716,15.031874194415636,15.16855021444766,116703180
2010-10-22,15.193851470947266,15.250655023743956,15.132334691307218,15.178719233621054,90153756
2010-10-25,15.292326927185059,15.49672083491452,15.254375337356398,15.269754295584018,126209664
2010-10-26,15.344417572021484,15.409655021545333,15.15664378721475,15.207990168088447,100415484
2010-10-27,15.291584968566895,15.37914739315772,15.188892195622397,15.274221839830155,89586324
2010-10-28,15.343923568725586,15.40395151822349,15.212952379930208,15.380386327315593,87284628
2010-10-29,15.222872734069824,15.354339243633,15.205260995513854,15.306465866603933,91040868
2010-11-01,15.255119323730469,15.395516006998482,15.161108127110639,15.27322734048679,123360516
2010-11-02,15.270002365112305,15.379145801329722,15.244701619656222,15.346154158618617,79824096
2010-11-03,15.3836088180542,15.424537132252333,15.217911393039804,15.31713209293076,135084780
2010-11-04,15.485063552856445,15.62521353215045,15.43123671963018,15.494242340932505,142689168
2010-11-05,15.505154609680176,15.515324062708125,15.406677853904041,15.458024233302828,70557372
2010-11-08,15.547074317932129,15.614544544712533,15.456784738794749,15.478860146234368,83967948
2010-11-09,15.498705863952637,15.648280396773641,15.391796150063088,15.627196599161039,89398512
2010-11-10,15.450584411621094,15.45356113673472,15.317380452924164,15.430739892627638,99780120
2010-11-11,15.309443473815918,15.375424871595971,15.23552445716539,15.371704201371584,90373536
2010-11-12,14.964652061462402,15.30224898468245,14.913057068907001,15.230066473707376,135584280
2010-11-15,14.77067756652832,14.982264211901045,14.735453143002982,14.95944296742935,139016844
2010-11-16,14.479217529296875,14.830704585941215,14.472520133998701,14.703455020568097,132163704
2010-11-17,14.47499942779541,14.622589788796509,14.420924933068468,14.510967795817928,97602300
2010-11-18,14.797714233398438,14.882547588639609,14.599273774543672,14.610188117942206,103496400
2010-11-19,14.655580520629883,14.830703451218122,14.643425954341229,14.80862804395891,91808100
2010-11-22,14.665254592895508,14.720322589667527,14.45515584040121,14.572235950403702,87376536
2010-11-23,14.461605072021484,14.610435651127077,14.342292185956916,14.560825773189267,86417496
2010-11-24,14.758273124694824,14.798705159531343,14.561816843203797,14.568265626091076,95760144
2010-11-26,14.634992599487305,14.708911611405686,14.560577309178997,14.646402275994777,52391556
2010-11-29,14.43928050994873,14.630031965871604,14.385701348728912,14.614404395418427,114273612
2010-11-30,13.784427642822266,14.24604880032168,13.724895030595468,14.24604880032168,284411304
2010-12-01,13.998743057250977,14.177835278067125,13.950372456327482,13.965256081724013,150013836
2010-12-02,14.184037208557129,14.22149346810287,14.023548328663697,14.105653576376307,101814084
2010-12-03,14.213306427001953,14.299627673164187,14.08928125687784,14.125248679101816,105142752
2010-12-06,14.346261978149414,14.43655345871961,14.302854157679931,14.401082312045029,83668248
2010-12-07,14.56404972076416,14.709407292036433,14.535772251901323,14.666494810372415,121566312
2010-12-08,14.64838695526123,14.697501499148816,14.478472583093753,14.68385809764508,70205724
2010-12-09,14.672200202941895,14.773404127804767,14.610188091389329,14.731236534747696,74681244
2010-12-10,14.689811706542969,14.733965357740551,14.642185997265598,14.7128796709647,68119812
2010-12-13,14.749590873718262,14.957457780093613,14.736444695885178,14.811603928885162,95844060
2010-12-14,14.75678539276123,14.840626188237712,14.696508839667324,14.810859884146533,65666268
2010-12-15,14.642434120178223,14.794985372663842,14.613908037973125,14.73917437688987,86621292
2010-12-16,14.677409172058105,14.728506938365863,14.587117703287074,14.705686640957008,63812124
2010-12-17,14.65483570098877,14.698492125114104,14.577195081299484,14.659796593824007,123360516
2010-12-20,14.760505676269531,14.830456351738873,14.601753308827794,14.750336223078284,78853068
2010-12-21,14.959196090698242,15.000124409564158,14.82376028782055,14.847573145075126,75104820
2010-12-22,15.0192232131958,15.056679471539502,14.964404772916941,14.9822641785521,48251700
2010-12-23,14.987969398498535,15.031874441384456,14.933398623388486,15.015503870556001,44387568
2010-12-27,14.942079544067383,14.97680579571435,14.870640982010645,14.951008773516895,48275676
2010-12-28,14.856254577636719,14.979039525334679,14.833681000167706,14.933893315688847,42549408
2010-12-29,14.907851219177246,14.942826090956794,14.856257162534424,14.93265663582005,40727232
2010-12-30,14.854766845703125,14.916035018179665,14.818304087395699,14.833434435293675,39540420
2010-12-31,14.733469009399414,14.843851726013101,14.685347964174689,14.802178518950436,61510428
2011-01-03,14.990945816040039,15.021704679260605,14.795729740588051,14.795729740588051,94513392
2011-01-04,14.935629844665527,15.036339384061566,14.886019965213656,15.022448315321542,72907020
2011-01-05,15.108024597167969,15.139279736045582,14.884282458404323,14.884778736770846,101190708
2011-01-06,15.217911720275879,15.340200387121394,15.132334420138868,15.147961044998748,82229688
2011-01-07,15.290838241577148,15.335735838671196,15.134319599290619,15.27769206331399,83963952
2011-01-10,15.23552417755127,15.264794205679722,15.095375153835846,15.250158246323283,63104832
2011-01-11,15.280173301696777,15.349379090629803,15.24271798794757,15.322341842469521,57514428
2011-01-12,15.301506042480469,15.363022825803652,15.249415713408384,15.363022825803652,65242692
2011-01-13,15.297039985656738,15.370958996247259,15.234282039532149,15.303985047114448,53306640
2011-01-14,15.482831001281738,15.485062836260598,15.30671454932236,15.314652168262416,94529376
2011-01-18,15.866069793701172,15.924609849175885,15.50986762208551,15.529463529429375,144535320
2011-01-19,15.670605659484863,15.948669987481779,15.618762997435907,15.92783385603596,136107756
2011-01-20,15.547074317932129,15.728400257000674,15.460753075215402,15.682013826200794,219212568
2011-01-21,15.176487922668457,15.918159471569659,15.164829633726265,15.864829865718475,355819824
2011-01-24,15.157883644104004,15.192859456263422,14.913554909157176,15.070818449424786,183784032
2011-01-25,15.376913070678711,15.396261312468258,15.044773294850174,15.08644555843481,145726128
2011-01-26,15.292326927185059,15.44090984021805,15.262064343824127,15.387330680322451,81442476
2011-01-27,15.299519538879395,15.371702043567469,15.211709465208825,15.326805395320218,80687232
2011-01-28,14.907601356506348,15.388075428351518,14.877091105005949,15.356076341614003,169074756
2011-01-31,14.891974449157715,14.993923273692344,14.772662496461933,14.97234319677646,112083804
2011-02-01,15.156890869140625,15.214190697981694,14.96018691665481,14.994416890624782,109702188
2011-02-02,15.180704116821289,15.238747892086144,15.06982512616177,15.155898704924068,70357572
2011-02-03,15.134815216064453,15.167061968598901,15.03509823334954,15.118195088750507,59744196
2011-02-04,15.155403137207031,15.166812813551854,15.04700459488612,15.134814674009831,61969968
2011-02-07,15.237507820129395,15.339208018495562,15.111496598938873,15.135061786278026,71912016
2011-02-08,15.338959693908691,15.36996622142228,15.242964331708377,15.253383341685353,67728204
2011-02-09,15.292326927185059,15.365501993655036,15.189137889193468,15.301504768812201,73626300
2011-02-10,15.290838241577148,15.317132488687811,15.169789797533836,15.227833572891042,93282624
2011-02-11,15.490769386291504,15.503172566387134,15.205510423476294,15.22510727787478,103492404
2011-02-14,15.581306457519531,15.618266437954142,15.380137875298248,15.461994509630449,85034880
2011-02-15,15.482085227966309,15.629427921025734,15.456040537652758,15.560718413181265,83596320
2011-02-16,15.483821868896484,15.540376806866764,15.431234322025041,15.518796732672014,67292640
2011-02-17,15.509620666503906,15.558982882253893,15.386091766490942,15.41015229000699,59092848
2011-02-18,15.629179954528809,15.65646486766699,15.482829821073517,15.527975084434567,128587284
2011-02-22,15.136302947998047,15.50143337392304,15.075777783961394,15.379887712777403,145450404
2011-02-23,15.163835525512695,15.247677265044851,14.982262869289322,15.139279672040907,115468416
2011-02-24,15.101824760437012,15.207742861625604,14.916530472642624,15.16557337627983,108359532
2011-02-25,15.132085800170898,15.248173350319814,15.118691955423412,15.177232008886776,77218704
2011-02-28,15.215433120727539,15.29208120033293,15.081732870576744,15.131096033679125,91168740
2011-03-01,14.901894569396973,15.359796922925899,14.865678536530949,15.324077168438833,132795072
2011-03-02,14.902639389038086,15.031873114183355,14.763730598779317,14.87808164437921,80986932
2011-03-03,15.120180130004883,15.16805445282295,15.007068357475227,15.041300223448387,77734188
2011-03-04,14.898423194885254,15.105793834016623,14.888004184325538,15.08966903977532,120319560
2011-03-07,14.676169395446777,14.974574518175071,14.560578117035949,14.89668716540023,138369492
2011-03-08,14.692292213439941,14.832936561782596,14.639953277270488,14.70767117154825,91304604
2011-03-09,14.678898811340332,14.746865323881165,14.529571940414563,14.659799181494886,85953960
2011-03-10,14.39438533782959,14.551152610421475,14.37330059340628,14.521883525392154,124998876
2011-03-11,14.30533504486084,14.386944018556687,14.221494236076083,14.342790361136966,121158720
2011-03-14,14.138643264770508,14.344525063103841,14.089777331433302,14.208345328076737,112531356
2011-03-15,14.12797737121582,14.16369712835175,13.779217478216685,13.828828304532822,160063776
2011-03-16,13.8189058303833,14.133683419231287,13.674541745062875,14.089529764078806,151788060
2011-03-17,13.924575805664062,14.114086096687696,13.90423595325155,14.001967823922405,115856028
2011-03-18,13.917134284973145,14.089033779956413,13.88439219923266,14.005935979015549,131812056
2011-03-21,14.300125122070312,14.381982705250556,14.114584102738538,14.144349465394344,120715164
2011-03-22,14.320464134216309,14.367842179460734,14.201152188154545,14.319223910845185,75400524
2011-03-23,14.440521240234375,14.447713968275057,14.188500678792083,14.267629194869032,72575352
2011-03-24,14.55785083770752,14.59505754176542,14.357176630617998,14.521634799956852,83864052
2011-03-25,14.380494117736816,14.558346132897363,14.368090937790916,14.557603133168875,114221664
2011-03-28,14.271846771240234,14.510719274549626,14.255722922168228,14.438288150234436,88647264
2011-03-29,14.429855346679688,14.433824628672332,14.213555473616307,14.28772215517405,64127808
2011-03-30,14.432583808898926,14.52336966906112,14.401328668536548,14.495587532137266,56835108
2011-03-31,14.554625511169434,14.589351766060307,14.430103112690563,14.461358254559897,81094824
2011-04-01,14.679642677307129,14.763732093955698,14.604235769898152,14.604235769898152,104423472
2011-04-04,14.577445983886719,14.752568931541743,14.463837927996966,14.709408778975954,82097820
2011-04-05,14.11631965637207,14.423902632755766,14.031733959749651,14.413733178634065,241658100
2011-04-06,14.24257755279541,14.26688574312464,14.08928234372988,14.192967669977278,106625268
2011-04-07,14.386942863464355,14.4028181008527,14.24282455829645,14.2810247618275,101158740
2011-04-08,14.341300010681152,14.508238610876884,14.338820509275076,14.508238610876884,75995928
2011-04-11,14.32170581817627,14.33981289098772,14.213307266704875,14.29268345589712,74253672
2011-04-12,14.154023170471191,14.310295100991299,14.090521274244878,14.262917054355354,83340576
2011-04-13,14.294666290283203,14.327409319753917,14.182299412484724,14.275566662404694,82693224
2011-04-14,14.349983215332031,14.373299793543353,14.190983171210528,14.267630301313046,218033748
2011-04-15,13.16405200958252,13.537367744806128,13.148176772617797,13.525958068126112,561186252
2011-04-18,13.068305015563965,13.088645813912542,12.873833824883635,13.05788694982367,201390408
2011-04-19,12.936590194702148,13.168517650504494,12.9209635683648,13.145448738210218,107256636
2011-04-20,13.040772438049316,13.067810633863248,12.933118769130889,13.044989387024108,122277600
2011-04-21,13.025145530700684,13.104024500142849,12.957922960426718,13.084428591071662,98705196
2011-04-25,13.023903846740723,13.07227350576626,12.948495993552559,13.028864740456957,65166768
2011-04-26,13.21663761138916,13.331236319647601,13.027870338583154,13.06036570029008,139860000
2011-04-27,13.339176177978516,13.34785868750287,13.254591425421177,13.345129628711708,91844064
2011-04-28,13.34438705444336,13.376137532309656,13.247894452050897,13.34661888957026,79920000
2011-04-29,13.496439933776855,13.496439933776855,13.357779744348734,13.394739724895144,168970860
2011-05-02,13.35901927947998,13.536872220517301,13.323299524167737,13.53612733028558,85262652
2011-05-03,13.243182182312012,13.444599394626321,13.13751173685284,13.323550933970884,83176740
2011-05-04,13.29030990600586,13.369933757056513,13.221599453193164,13.274930947501453,84595320
2011-05-05,13.252607345581055,13.380353198870061,13.183897830991151,13.242437891243792,79832088
2011-05-06,13.278156280517578,13.430955210188209,13.2751795552263,13.348850906631755,82161756
2011-05-09,13.337190628051758,13.357283758518136,13.173973645283775,13.270712955862821,77870052
2011-05-10,13.460719108581543,13.504624144508249,13.333717227110052,13.394737721429061,81634284
2011-05-11,13.281876564025879,13.482797480352017,13.2382201333737,13.398212732398074,93458448
2011-05-12,13.271954536437988,13.31883630329963,13.169260827262702,13.276666818075356,57874068
2011-05-13,13.135526657104492,13.293535090580571,13.123123477648308,13.261040669895689,84263652
2011-05-16,12.85944652557373,13.078972703952665,12.809341306696943,13.055159845378471,118209672
2011-05-17,13.158098220825195,13.176950182397245,12.775356987067472,12.78527877359208,132011856
2011-05-18,13.141976356506348,13.154874869066308,13.040027534148035,13.135278961014423,78049872
2011-05-19,13.177695274353027,13.308913171850907,13.139742738789515,13.214406641289802,98649252
2011-05-20,12.998600959777832,13.196048845522593,12.976275996437872,13.191335619151207,92607300
2011-05-23,12.858702659606934,12.898638421125513,12.734925147617817,12.814301337518048,91908000
2011-05-24,12.855478286743164,12.99686754917381,12.85275017311645,12.907817231747977,75924000
2011-05-25,12.89045238494873,12.967347178225472,12.830423494943778,12.832407663252683,52011936
2011-05-26,12.852252960205078,12.95122505859367,12.77461327198206,12.841586282476168,84655260
2011-05-27,12.920961380004883,12.943037731688001,12.806857061302907,12.86093249583373,69762168
2011-05-31,13.122381210327148,13.123124210067767,12.985457512580117,13.022664217148515,107384508
2011-06-01,13.037548065185547,13.226065819362297,13.03035439073018,13.098072295718245,118117764
2011-06-02,13.098567962646484,13.154131296558583,12.960155433658052,13.086412449439802,88091820
2011-06-03,12.975037574768066,13.087156794799554,12.935846704478664,12.948247993157278,69870060
2011-06-06,12.924932479858398,13.067809619574247,12.880033934709445,12.98644831715577,77606316
2011-06-07,12.874578475952148,13.013486341871593,12.873585919049214,12.970325241270587,76227696
2011-06-08,12.87804889678955,12.929395276786884,12.793959486666887,12.812563781831061,66069864
2011-06-09,12.817524909973145,12.898637596544003,12.790487662880254,12.898637596544003,67496436
2011-06-10,12.638433456420898,12.816533132059,12.632976284301717,12.751792902208587,97498404
2011-06-13,12.519865036010742,12.65554849891988,12.456364086392638,12.650587605392491,96994908
2011-06-14,12.610156059265137,12.751792978054137,12.575924191063619,12.604697941821247,93566340
2011-06-15,12.47571086883545,12.609657824440928,12.417667093543857,12.527304915631454,82849068
2011-06-16,12.411715507507324,12.565506047790315,12.31993613835589,12.472239733940864,110169720
2011-06-17,12.03095817565918,12.568483516688275,12.025500057925978,12.555832669853594,209606184
2011-06-20,12.02004337310791,12.060971692210172,11.887335682918556,12.03046143913618,121022856
2011-06-21,12.228900909423828,12.252218433550679,12.02376303652612,12.08478448765356,110505384
2011-06-22,12.080317497253418,12.212776559221373,12.073372435856248,12.190452539899802,96187716
2011-06-23,11.911893844604492,11.977378968385556,11.750908676070924,11.95927094917011,191875932
2011-06-24,11.779435157775879,11.925040425555412,11.733296384566083,11.923303923549913,152071776
2011-06-27,11.9758882522583,12.11479704270426,11.747682439127598,11.757604225504553,137650212
2011-06-28,12.245024681091309,12.308525628502753,12.0061512380614,12.0061512380614,108495396
2011-06-29,12.342260360717773,12.408738033686625,12.213521963221083,12.316711003519025,93626280
2011-06-30,12.560792922973633,12.567986597000383,12.439744469120628,12.451899036878308,97038864
2011-07-01,12.924186706542969,12.927908321806544,12.560791819747129,12.569721994853808,145322532
2011-07-05,13.207212448120117,13.280636129651796,13.030105336244295,13.030105336244295,153814032
2011-07-06,13.279644012451172,13.357779978217378,13.222096511617435,13.233507134216142,107716176
2011-07-07,13.558452606201172,13.659656526715935,13.292540985305392,13.419543818577264,157262580
2011-07-08,13.196050643920898,13.336448280454931,13.078971475893571,13.219863500259168,190617192
2011-07-11,13.079218864440918,13.295023402146176,13.035066156322713,13.101543830348849,113458428
2011-07-12,13.2461576461792,13.380352274120883,13.047468566376953,13.101047729046522,113534352
2011-07-13,13.351577758789062,13.493959554428328,13.30742410731375,13.320323564121477,111496392
2011-07-14,13.12039566040039,13.444350130248042,13.065575330348203,13.372910618179963,265714020
2011-07-15,14.824006080627441,14.889243526936978,14.589350541495772,14.821029355685347,548734716
2011-07-18,14.757529258728027,14.933893368309716,14.684602801980201,14.696757368986871,178553268
2011-07-19,14.946296691894531,14.999130963609819,14.772165360784511,14.787295707758584,118581300
2011-07-20,14.767699241638184,14.953241176012833,14.767699241638184,14.937117328577392,89022888
2011-07-21,15.05643081665039,15.082971784157035,14.734460531483425,14.734956809858643,138641220
2011-07-22,15.335240364074707,15.366743172715063,14.988961862054458,15.016744000503119,140986872
2011-07-25,15.353843688964844,15.513339999868776,15.20550844263767,15.214438617708106,125138736
2011-07-26,15.441654205322266,15.565183098183105,15.310186748646206,15.330775212553743,93622284
2011-07-27,15.062135696411133,15.402709331900038,15.000867531267586,15.309194415783832,157218624
2011-07-28,15.154411315917969,15.279429045732801,14.95745873998661,15.011781847056158,124211664
2011-07-29,14.97457504272461,15.254128212427473,14.97457504272461,14.98796983400418,165330504
2011-08-01,15.050973892211914,15.267522378840587,14.862703822289545,15.161357555111078,158485356
2011-08-02,14.694525718688965,15.122908513247333,14.673937254485333,15.031874038123254,127895976
2011-08-03,14.912066459655762,14.95745939325959,14.476985305690096,14.740911845780106,152874972
2011-08-04,14.325424194335938,14.854516498710096,14.324184916329111,14.74661423582287,196387416
2011-08-05,14.363129615783691,14.634993775508548,13.940451640347938,14.449948091647954,236926836
2011-08-08,13.544066429138184,14.114087124225733,13.50264183103844,13.964761194039518,299564136
2011-08-09,14.223478317260742,14.253244625894057,13.419793655914942,13.91564672186194,258529212
2011-08-10,13.618233680725098,13.993038276348727,13.586483204660253,13.925072708926248,214569216
2011-08-11,13.943675994873047,14.101684429454748,13.603350935636666,13.737545567989377,193030776
2011-08-12,13.984355926513672,14.151294528334903,13.900762792325375,14.126489115818533,126045828
2011-08-15,13.82213306427002,14.014620100101267,13.544811715977069,13.72787324225274,285510204
2011-08-16,13.369935035705566,13.703315987776998,13.154131427025497,13.7030683212017,277298424
2011-08-17,13.224822044372559,13.486268084522417,13.16578666507696,13.395481290457717,163000836
2011-08-18,12.523585319519043,13.019933667000235,12.414690495961239,12.984711134984755,251376372
2011-08-19,12.177305221557617,12.771387295323098,12.17581733174355,12.386164682007637,216183600
2011-08-22,12.357142448425293,12.576171363842809,12.266851924332075,12.501756075957362,196039764
2011-08-23,12.869368553161621,12.933613450883879,12.379220338067288,12.489354448448301,173698128
2011-08-24,12.980246543884277,13.146688877361205,12.829929005661926,12.882019335272865,143636220
2011-08-25,12.899629592895508,13.327020749039132,12.856468498867821,13.156113819890056,131588280
2011-08-26,13.068800926208496,13.157851233565335,12.728474934156955,12.89839026362369,143708148
2011-08-29,13.371917724609375,13.381096511556088,13.234994044727042,13.259798511203021,93338568
2011-08-30,13.412102699279785,13.46890625347956,13.166781410195375,13.349841973150848,119440440
2011-08-31,13.418551445007324,13.551010506250034,13.295517891701465,13.512314027170415,107624268
2011-09-01,13.208701133728027,13.489742175199243,13.176950659466037,13.413342714667854,96523380
2011-09-02,13.018695831298828,13.095095299252272,12.916747003403714,13.009517988481242,95951952
2011-09-06,12.952713966369629,12.96710036917579,12.66299039829923,12.670431738918857,108523368
2011-09-07,13.24665355682373,13.294031604637347,13.082196336784351,13.157851857109868,110121768
2011-09-08,13.269721031188965,13.372413789460872,13.19381785251706,13.240947283361002,95124780
2011-09-09,13.018940925598145,13.262031296883169,12.928155072261438,13.181413950672068,130621248
2011-09-12,13.149664878845215,13.19605036715499,12.836624749393405,12.848035371553324,106709184
2011-09-13,13.134782791137695,13.242932731457806,12.982975473830251,13.196298629194766,94073832
2011-09-14,13.198036193847656,13.319084647912078,13.043004483316308,13.210934706629054,107668224
2011-09-15,13.458240509033203,13.518268454906297,13.25979909670989,13.283116619635965,118313568
2011-09-16,13.56043815612793,13.564406492885588,13.472627125534968,13.513804054825973,141230628
2011-09-19,13.560189247131348,13.640309378431656,13.28013981477018,13.403421042794545,98637264
2011-09-20,13.559196472167969,13.854129525529693,13.46096832499591,13.627906925465394,111052836
2011-09-21,13.374894142150879,13.766815101674752,13.366461190918224,13.585490107560117,100471428
2011-09-22,12.915010452270508,13.116427660331484,12.74980833689106,13.053670650907714,175835988
2011-09-23,13.035314559936523,13.05788719367741,12.7622101747412,12.813308892840674,110980908
2011-09-26,13.193570137023926,13.219367159768161,12.731203169387518,13.078473255554787,105262632
2011-09-27,13.378366470336914,13.569614186454402,13.296758458216575,13.350088057222507,120315564
2011-09-28,13.117912292480469,13.494453310214766,13.089634826128187,13.431944928185915,90441468
2011-09-29,13.084676742553711,13.327766207465462,12.884003486276557,13.296512009741194,116147736
2011-09-30,12.775606155395508,12.997859493308843,12.759233693237855,12.90384734094365,108835056
2011-10-03,12.291409492492676,12.700197323062095,12.278510980428464,12.646866773034496,178797024
2011-10-04,12.449665069580078,12.48786621636739,11.921317648811547,12.155229248617875,166185648
2011-10-05,12.519119262695312,12.596015942822453,11.925534403687902,12.311997246075432,181182636
2011-10-06,12.76741886138916,12.780317372416972,12.467028656782151,12.588573372754663,136835028
2011-10-07,12.777589797973633,12.911041429034524,12.658029236283662,12.820006951074141,114121764
2011-10-10,13.324542045593262,13.331983386328595,12.978014915329094,13.02712946570837,92795112
2011-10-11,13.47361946105957,13.56341465855643,13.232514175579196,13.232514175579196,114021864
2011-10-12,13.605581283569336,13.772519875740924,13.509585921317823,13.596403442168464,126984888
2011-10-13,13.865788459777832,13.866036126342724,13.593676637756753,13.643535131262901,227276496
2011-10-14,14.676665306091309,14.873121602858882,14.574716487608127,14.869897211164512,340854804
2011-10-17,14.446722030639648,14.680385958363663,14.337330933842168,14.47921644788454,160167672
2011-10-18,14.647643089294434,14.698493189831131,14.322447465584426,14.391654194350116,151879968
2011-10-19,14.404306411743164,14.686091410975065,14.36759504237129,14.569012240783659,117142740
2011-10-20,14.477975845336914,14.607459131590556,14.3747868062228,14.43407175026949,135024840
2011-10-21,14.647148132324219,14.703207742948,14.553136929104262,14.622839942536169,135504360
2011-10-24,14.79423999786377,14.882298688282928,14.548174778946379,14.55363195053985,136938924
2011-10-25,14.465325355529785,14.759017224108065,14.457636349291985,14.711887794061598,101518380
2011-10-26,14.543462753295898,14.639458124550643,14.20983509478771,14.623831498695534,114809076
2011-10-27,14.850053787231445,14.950018438395995,14.716849826100946,14.8438517250443,151060788
2011-10-28,14.886518478393555,14.940096699102332,14.740415995352086,14.747113391102216,100219680
2011-10-31,14.700477600097656,14.875353814547081,14.676417078649301,14.761250433316322,102209688
2011-11-01,14.353455543518066,14.52361759031521,14.306325165598997,14.389422965986732,124878996
2011-11-02,14.506501197814941,14.58438948794868,14.398848494464044,14.508486311282596,84751164
2011-11-03,14.821030616760254,14.821030616760254,14.479217677090105,14.56057803302553,106685208
2011-11-04,14.787296295166016,14.876595217093898,14.695270205129038,14.72181117531936,113278608
2011-11-07,15.089669227600098,15.100832183255257,14.69030879365123,14.717346041313933,134161704
2011-11-08,15.189138412475586,15.239493182532144,14.972342264076309,15.106289223137754,121054824
2011-11-09,14.906607627868652,15.115962423347167,14.849803132607896,14.988712867249326,148291560
2011-11-10,14.761004447937012,15.030634889022723,14.673690636687468,15.03013861058014,114621264
2011-11-11,15.090166091918945,15.182937066760726,14.848316868061493,14.915290819228604,158920920
2011-11-14,15.205509185791016,15.331519473246802,15.076027785340491,15.081484011976013,127420452
2011-11-15,15.293813705444336,15.33151762598539,15.143495246922617,15.200546460792502,106932960
2011-11-16,15.167557716369629,15.33697676876125,15.146226252189221,15.182689008895366,104235660
2011-11-17,14.90462589263916,15.18789974380877,14.803172397181593,15.132336408057544,139592268
2011-11-18,14.756041526794434,14.994667309166815,14.72801266770491,14.932654250113458,131376492
2011-11-21,14.410258293151855,14.597784401701011,14.190734045815887,14.579428719013794,119931948
2011-11-22,14.386942863464355,14.510224092429373,14.268870194580902,14.386942863464355,96115788
2011-11-23,14.141619682312012,14.393143016928066,14.141619682312012,14.271597352598043,92938968
2011-11-25,13.965256690979004,14.244809850571967,13.923831149905187,14.019579799138855,62433504
2011-11-28,14.590097427368164,14.60572500014121,14.300126169755666,14.371317080299507,113042844
2011-11-29,14.45962142944336,14.64392315832448,14.419933336591846,14.582406378081584,73198728
2011-11-30,14.867913246154785,14.87088997133345,14.686835905713599,14.832193489303034,135744120
2011-12-01,15.224609375,15.279924092554815,14.858238701310926,14.883043168271044,144679176
2011-12-02,15.388076782226562,15.478367321286889,15.286375619846613,15.305972474460077,163264572
2011-12-05,15.519294738769531,15.674325502367232,15.438678325770141,15.568656954365029,127772100
2011-12-06,15.472661972045898,15.592965537575513,15.385099549442783,15.453312784652363,92966940
2011-12-07,15.463234901428223,15.519542178303459,15.33201605133115,15.42081869384892,90201708
2011-12-08,15.281166076660156,15.56394363214098,15.26256178015508,15.404943587389855,96427476
2011-12-09,15.56319808959961,15.605614293186232,15.304977362342806,15.329533216247771,110537352
2011-12-12,15.51284408569336,15.532439992706848,15.386338468332317,15.425778894204187,87268644
2011-12-13,15.518797874450684,15.789917132200621,15.44983975327778,15.5964375592482,160966872
2011-12-14,15.331271171569824,15.48630286873924,15.19285865605412,15.425034701985146,155991852
2011-12-15,15.367733001708984,15.478364318961617,15.346649206401615,15.441652954428035,96247656
2011-12-16,15.526983261108398,15.610327779842665,15.415607994097806,15.486302613212008,178193628
2011-12-19,15.424537658691406,15.58998742280942,15.379145673413971,15.577833801228131,85654260
2011-12-20,15.636374473571777,15.672838175633613,15.57733719331643,15.577586750462286,95432472
2011-12-21,15.52351188659668,15.67234153499472,15.35334793731073,15.62744487937545,99816084
2011-12-22,15.619754791259766,15.67010956391829,15.553029447482949,15.576346026025725,72819108
2011-12-23,15.705083847045898,15.743284050581662,15.641087564366153,15.676806375848233,58089852
2011-12-27,15.881447792053223,15.986621002327864,15.676806209936506,15.678046433304116,64191744
2011-12-28,15.867805480957031,15.999272940301735,15.828116442244049,15.943460997661523,85002912
2011-12-29,15.934779167175293,15.949661847474289,15.756182277126376,15.91220558958764,62952984
2011-12-30,16.021595001220703,16.04292646261347,15.925351031964166,15.925351031964166,71220708
2012-01-03,16.505542755126953,16.573509263623574,16.182086454552,16.19622424455305,146912940
2012-01-04,16.576738357543945,16.625604303114436,16.386730803022132,16.49612004009833,114445440
2012-01-05,16.346790313720703,16.469823872948556,16.277833139307674,16.424183275605106,131184684
2012-01-06,16.123790740966797,16.371345699342445,16.118084958481727,16.350260016089962,107608284
2012-01-09,15.440165519714355,16.0488817051775,15.409655268680481,16.036479471518916,232671096
2012-01-10,15.457033157348633,15.721455015203055,15.302496790123534,15.62099503300046,175648176
2012-01-11,15.526983261108398,15.612064281531655,15.406926430945013,15.465961816617734,95904000
2012-01-12,15.618265151977539,15.69888155628183,15.540376860789994,15.657456964112056,74932992
2012-01-13,15.502923011779785,15.551540336427838,15.405438805335132,15.534424875323102,92199708
2012-01-17,15.591973304748535,15.676310386779637,15.520038456753705,15.676310386779637,76295628
2012-01-18,15.699378967285156,15.726416215031014,15.431732712555723,15.543602373671582,110357532
2012-01-19,15.864581108093262,15.899804588548688,15.663412515446606,15.899804588548688,251959788
2012-01-20,14.535524368286133,14.659798150052746,14.429110936972858,14.648138916301743,422628948
2012-01-23,14.523865699768066,14.601753046920278,14.465325647162421,14.535772599758712,136379484
2012-01-24,14.410011291503906,14.577445223438485,14.33733155702003,14.543710581442204,122109768
2012-01-25,14.126241683959961,14.354943791085974,14.049097331851376,14.325177484630226,199308492
2012-01-26,14.09176254272461,14.250018642758917,14.003704789580649,14.188006526650142,128918952
2012-01-27,14.386446952819824,14.39488085014027,14.122271803664766,14.158240173205565,144555300
2012-01-30,14.329643249511719,14.386943083036693,14.223228867840099,14.338573425163535,93126780
2012-01-31,14.389670372009277,14.486162960956712,14.266636814774401,14.461357549095377,85610304
2012-02-01,14.4075288772583,14.523368753837138,14.36560895325741,14.50947768625059,92735172
2012-02-02,14.513696670532227,14.54594342487452,14.438538374743315,14.50774321997532,96491412
2012-02-03,14.792007446289062,14.810364073699125,14.586621939793403,14.651363105562,126613260
2012-02-06,15.108521461486816,15.151682559074736,14.734461766698924,14.75926623461778,147036816
2012-02-07,15.050973892211914,15.11596367750274,14.97631093165264,15.06040034621142,83600316
2012-02-08,15.127374649047852,15.16458229690576,15.000620412588743,15.097359729843962,73382544
2012-02-09,15.167308807373047,15.242716651971465,15.106288309146638,15.181199875371515,90497412
2012-02-10,15.029641151428223,15.084707254335582,14.982263109478165,15.078506137911152,92914992
2012-02-13,15.185665130615234,15.226344834287108,15.131590636753499,15.143496591759943,72579348
2012-02-14,15.125143051147461,15.180706388064854,15.001117863689817,15.169296709836354,72075852
2012-02-15,15.020959854125977,15.203773696575647,14.946544560449217,15.203773696575647,96938964
2012-02-16,15.044772148132324,15.101575700446064,14.826735780640924,14.952993730496722,101134764
2012-02-17,14.998140335083008,15.072307966058343,14.942577001140883,15.006325620790571,97866036
2012-02-21,15.230315208435059,15.32655919334667,14.954482711712913,14.979040459017005,99132768
2012-02-22,15.079996109008789,15.299272706872317,15.049485857668541,15.179712148267951,78601320
2012-02-23,15.0346040725708,15.07999700715434,14.891726927827698,15.056680428136481,82117800
2012-02-24,15.128613471984863,15.172022232918625,15.019718651896305,15.065360192894211,77346576
2012-02-27,15.11397933959961,15.1896339108471,15.008557516736118,15.046509108285157,72483444
2012-02-28,15.33920955657959,15.373440478377146,15.073546522222424,15.131094967160937,113790096
2012-02-29,15.335735321044922,15.51805287118921,15.267521149490593,15.344416884077473,125350524
2012-03-01,15.438677787780762,15.520534421349474,15.33325596472739,15.435204784203938,89418492
2012-03-02,15.410150527954102,15.47836469914945,15.387082563933149,15.428754822503805,62869068
2012-03-05,15.236515998840332,15.440909907459885,15.165325100314055,15.389810248689786,63668268
2012-03-06,15.006077766418457,15.101576861411344,14.73024526862042,15.082724898041091,126849024
2012-03-07,15.051717758178711,15.160611633131595,15.02840118191228,15.107528752233133,50529420
2012-03-08,15.060153007507324,15.16830294724938,15.040557099398235,15.132086910998757,53766180
2012-03-09,14.889244079589844,15.17822367802578,14.883042962935368,15.080244144300723,106717176
2012-03-12,15.010788917541504,15.056678123540504,14.86468645795157,14.88304214035117,66693240
2012-03-13,15.324076652526855,15.325813154148673,15.020710669958236,15.100086849154762,89742168
2012-03-14,15.279675483703613,15.448101963261571,15.21691942993093,15.25511868481064,117358524
2012-03-15,15.407173156738281,15.465960872276819,15.250901248361235,15.294806285117993,97306596
2012-03-16,15.504162788391113,15.525742864073214,15.380385282153878,15.401222358165114,121897980
2012-03-19,15.725919723510742,15.807528689344029,15.409903816050052,15.45653697064496,86825088
2012-03-20,15.713765144348145,15.777513759388029,15.559477388172622,15.65001652930826,61558380
2012-03-21,15.874750137329102,16.05855462951152,15.689455864751093,15.74154618752967,98685216
2012-03-22,16.025318145751953,16.093532324372347,15.652001443760275,15.838039683046697,96311592
2012-03-23,15.939492225646973,16.086090028095118,15.897572298464157,16.038959650395196,77530392
2012-03-26,16.10667610168457,16.110646328733385,15.863836218951624,15.99927200709257,72695232
2012-03-27,16.049375534057617,16.2101110950917,15.99430660332683,16.049623200561523,80207712
2012-03-28,16.266172409057617,16.336371690945512,16.150084867494975,16.173649108949576,101454444
2012-03-29,16.08385467529297,16.286759719506065,15.98190682016134,16.20862377067558,76895028
2012-03-30,15.906003952026367,16.209866227186488,15.90005050198481,16.166706077615604,92335572
2012-04-02,16.046897888183594,16.06128523492878,15.747251615511956,15.894346638660744,91276632
2012-04-03,15.94023609161377,16.072448444794237,15.841512606448834,16.009442826735377,81714204
2012-04-04,15.754941940307617,15.850441028789483,15.65448101313629,15.836798571946984,65038896
2012-04-05,15.684743881225586,15.78669270014528,15.591725237757998,15.682759712889187,92655252
2012-04-09,15.648030281066895,15.759404592666606,15.510361725268767,15.589490233802026,87220692
2012-04-10,15.549307823181152,15.73881811047132,15.492007991905997,15.714509921853782,99180720
2012-04-11,15.775033950805664,15.776026507590986,15.659441732879198,15.725671738641141,87872040
2012-04-12,16.14834976196289,16.201184029459057,15.881696087359657,15.933537798123718,230033736
2012-04-13,15.493247985839844,16.09824344799593,15.466953740328712,16.062522749499575,326045628
2012-04-16,15.033610343933105,15.473652366799781,14.92422018621724,15.453561126557362,227456316
2012-04-17,15.120428085327148,15.321845264065892,15.056926194828389,15.095374062286835,120835044
2012-04-18,15.067840576171875,15.200547305023486,14.952744640046836,15.082723255757875,106673220
2012-04-19,14.865678787231445,15.286373503523338,14.85823839259019,15.024183487098856,131652216
2012-04-20,14.785310745239258,15.102567806215152,14.779605907110822,14.988464426601373,122213664
2012-04-23,14.823512077331543,14.844595875065561,14.639954288244867,14.706927296927498,87824088
2012-04-24,14.914546012878418,15.047501359168301,14.81656647755708,14.839386776275772,77086836
2012-04-25,15.124149322509766,15.164582307518788,14.954482599405718,14.982264738358216,72771156
2012-04-26,15.266777992248535,15.329534050212525,15.123653192221244,15.153667164571889,83616300
2012-04-27,15.254624366760254,15.298281743995462,15.145978147395295,15.255616923621872,65390544
2012-04-30,15.003347396850586,15.281907983748491,14.898174190145525,15.205260858822493,96195708
2012-05-01,14.992931365966797,15.170782428696802,14.887757206331607,14.977056128130418,80011908
2012-05-02,15.063129425048828,15.084213222710982,14.898174987466167,14.912810001607374,64395540
2012-05-03,15.156394004821777,15.250901474245284,15.105047627913628,15.121667753816627,74645280
2012-05-04,14.80788516998291,15.078756777939454,14.80391683305436,15.029890839591582,88207704
2012-05-07,15.070321083068848,15.145232650260844,14.759017471478908,14.759017471478908,79700220
2012-05-08,15.200299263000488,15.302248073405819,14.900406281588692,15.020214496114487,106984908
2012-05-09,15.110010147094727,15.289350985774607,14.92794119508768,15.052214981182393,93058848
2012-05-10,15.221881866455078,15.284637926590973,15.136799894583785,15.204517793601005,61374564
2012-05-11,15.012774467468262,15.24395796565906,15.00136384522916,15.139776366156658,83892024
2012-05-14,14.982264518737793,15.093887460753393,14.897431158429315,14.902392997327716,72903024
2012-05-15,15.158628463745117,15.255120111997822,14.976063232753566,15.015751326447381,83999916
2012-05-16,15.600656509399414,15.629677929155113,15.278438494792539,15.32854465991975,193210596
2012-05-17,15.454798698425293,15.82191327875749,15.409653438918017,15.722198197632139,134017848
2012-05-18,14.892967224121094,15.687225421684577,14.801187852334209,15.505651791877812,238701060
2012-05-21,15.233044624328613,15.272236441838944,14.883044489642055,14.895695336090215,122892984
2012-05-22,14.902887344360352,15.225601581601778,14.783823069813735,15.216422794687025,121953924
2012-05-23,15.117700576782227,15.12117263519082,14.81160549557147,14.923972384498688,126996876
2012-05-24,14.973833084106445,15.178721413855136,14.855016456205114,15.110259562685014,75576348
2012-05-25,14.672945022583008,14.925956267761306,14.592328611054334,14.907849195192279,143132724
2012-05-29,14.742646217346191,14.861462825943837,14.593320303994192,14.779109917473054,104123772
2012-05-30,14.591085433959961,14.682119892671631,14.474501622164183,14.589348932494241,76191732
2012-05-31,14.40827465057373,14.634993539498211,14.362136827313948,14.60324306400957,118613268
2012-06-01,14.163201332092285,14.204625929189127,14.097963877858236,14.18329351892295,122193684
2012-06-04,14.351964950561523,14.399095322708291,14.139138112208363,14.144346671527403,97210692
2012-06-05,14.149063110351562,14.34055853127759,14.051331231378029,14.274080851190794,93502404
2012-06-06,14.401082038879395,14.435809239888519,14.228438590685444,14.299628549255743,83748168
2012-06-07,14.343036651611328,14.582654043917376,14.318728462790885,14.575461315597922,70269660
2012-06-08,14.398103713989258,14.41174711536878,14.25249753061146,14.284000336291077,56359584
2012-06-11,14.101683616638184,14.518905340057284,14.05678601877084,14.491371814432345,106337556
2012-06-12,14.017346382141113,14.146333390648595,13.855617288404586,14.133186267013015,128839032
2012-06-13,13.917880058288574,14.064477881652378,13.858099772055956,13.933507630900808,78089832
2012-06-14,13.86727523803711,14.016602094727165,13.804518237050864,13.923087177548624,93702204
2012-06-15,14.002710342407227,14.002958008940164,13.818656296750845,13.89927364380596,119927952
2012-06-18,14.159976959228516,14.243322431966751,13.87223755946514,13.955831644066164,99776124
2012-06-19,14.424894332885742,14.493108508824076,14.216283468403395,14.227941757140506,82964952
2012-06-20,14.325178146362305,14.386943542331121,14.225958380649434,14.382230315145621,93774132
2012-06-21,14.020072937011719,14.382972455054476,13.983361574000563,14.382972455054476,80371548
2012-06-22,14.175602912902832,14.175602912902832,14.035207168715615,14.089281664244771,89026884
2012-06-25,13.90820598602295,14.091514224773514,13.8251081795189,14.072662261276747,63200736
2012-06-26,14.006928443908691,14.054554154938879,13.877942379524983,13.959302732878506,53953992
2012-06-27,14.121528625488281,14.237863848791845,14.040168269144518,14.081840531504467,67624308
2012-06-28,13.997750282287598,14.045375992229822,13.821633844003575,14.037190707358445,76759164
2012-06-29,14.388678550720215,14.39016738596577,14.193462473322944,14.261924317020805,100679220
2012-07-02,14.398601531982422,14.46135948763316,14.300125706859426,14.432088511631878,66153780
2012-07-03,14.581165313720703,14.595552661047618,14.33733191646438,14.387190408409902,47532420
2012-07-05,14.781838417053223,14.884531173241415,14.598775978403637,14.604234095181045,93742164
2012-07-06,14.53527545928955,14.722306239786121,14.456891833307008,14.69576432649213,86385528
2012-07-09,14.53602123260498,14.600266127639818,14.417949508073594,14.509726984259718,68535396
2012-07-10,14.42911148071289,14.69526984759366,14.355687798430727,14.639706516437876,76847076
2012-07-11,14.168408393859863,14.333610486341714,14.013377644941036,14.295162618615054,139832028
2012-07-12,14.150795936584473,14.186764301166606,13.94268137211567,14.067451422301225,92299608
2012-07-13,14.300619125366211,14.365856569667377,14.102922624326446,14.192220588671628,78960960
2012-07-16,14.260931968688965,14.366849120523902,14.183044620295528,14.29689939048667,58445496
2012-07-17,14.305830955505371,14.403562831930556,14.0992042463283,14.347999498038847,67136796
2012-07-18,14.405795097351074,14.478473890348084,14.290947763327807,14.312031561194821,61866072
2012-07-19,14.710896492004395,14.845340677576202,14.535773546455706,14.539245604768979,186801012
2012-07-20,15.151434898376465,15.204021504735456,14.837898483306121,15.10033618197629,258289452
2012-07-23,15.26777172088623,15.338217736229417,14.839635620713876,14.89495128808955,142325532
2012-07-24,15.070817947387695,15.327798464853526,14.990697817321625,15.255119674899541,80295624
2012-07-25,15.081236839294434,15.214936137963873,15.016247052443589,15.089422124807975,72847080
2012-07-26,15.214438438415527,15.301504572126726,15.131837864833004,15.255119086200787,67340592
2012-07-27,15.750228881835938,15.751221438642876,15.317132863527013,15.351611451123512,141846012
2012-07-30,15.684247970581055,15.939740608203046,15.614793569548645,15.777266616229733,87380532
2012-07-31,15.70086669921875,15.788428170313367,15.583042643667612,15.584035200476489,74549376
2012-08-01,15.69367504119873,15.863093156521881,15.661427340925139,15.808273767582849,73710216
2012-08-02,15.596189498901367,15.826381393418039,15.46373136907206,15.515821697953935,79028892
2012-08-03,15.90823745727539,15.967522403262414,15.779499057042168,15.875246759288478,75808116
2012-08-06,15.945199012756348,16.107919728931986,15.855899145117126,15.865573265934966,71224704
2012-08-07,15.888640403747559,15.980916041065354,15.787684148728882,15.919645985865488,79192728
2012-08-08,15.930561065673828,16.02085159367829,15.838038702828937,15.851681159591788,52835112
2012-08-09,15.933539390563965,16.033254485713694,15.912950926006003,15.98711855361012,42769188
2012-08-10,15.92485523223877,15.930806791088065,15.77924905939356,15.840269552856025,57326616
2012-08-13,16.37159538269043,16.37506649532566,16.04094354542139,16.059299227652026,130585284
2012-08-14,16.586158752441406,16.69009173562484,16.346542312767472,16.35274342938336,146321532
2012-08-15,16.558380126953125,16.724821516266392,16.473050485265368,16.6263447498324,96331572
2012-08-16,16.690587997436523,16.73449303489737,16.546965985603936,16.55763266180228,68639292
2012-08-17,16.7965087890625,16.799238793429915,16.661570193688558,16.721598149831102,87020892
2012-08-20,16.756816864013672,16.83941837846135,16.685377358705153,16.755824307306682,70253676
2012-08-21,16.607242584228516,16.817836640262826,16.42517366144057,16.696540544105602,88799112
2012-08-22,16.797496795654297,16.88233109121495,16.5375395734693,16.554407365967787,76291632
2012-08-23,16.788074493408203,16.879357584066014,16.64420479531823,16.72531843203473,71296632
2012-08-24,16.833467483520508,16.87861275057418,16.720605261178566,16.758307297092315,57006936
2012-08-27,16.600051879882812,16.66900905751176,16.352496859980633,16.44551550604418,104443452
2012-08-28,16.79923439025879,16.808411286191035,16.48892334496844,16.495372127833065,82261656
2012-08-29,17.066137313842773,17.090448338923082,16.771951034299548,16.802211728555353,119492388
2012-08-30,16.90912437438965,17.05076130416674,16.87191766859506,16.97262533141346,65010924
2012-08-31,16.99370765686035,17.080277520199207,16.86844320096949,16.96667040821198,84998916
2012-09-04,16.893245697021484,16.991472892795723,16.706215868005437,16.980310883329036,75508416
2012-09-05,16.88530731201172,17.028681661411056,16.846115499903377,16.867448852910154,68259672
2012-09-06,17.348670959472656,17.36082552869564,16.984780663751167,17.015290920108374,121618260
2012-09-07,17.516101837158203,17.667412868694505,17.305755417277542,17.363550582258235,129190680
2012-09-10,17.382652282714844,17.68130413790728,17.32361499996078,17.60565050782156,102297600
2012-09-11,17.169822692871094,17.37967567381354,17.140304998194075,17.31294938700571,74877048
2012-09-12,17.1373291015625,17.23729375252102,16.889278754523055,17.10086539994478,105586308
2012-09-13,17.513376235961914,17.586798982090208,17.128897485153885,17.192150776358293,106253640
2012-09-14,17.60366439819336,17.68601636456868,17.537435335678293,17.60167928456141,104635260
2012-09-17,17.61110496520996,17.68303980832023,17.48757607577839,17.564719478713325,60271668
2012-09-18,17.816987991333008,17.826412554359827,17.53172906099422,17.556533527776946,82589328
2012-09-19,18.04568862915039,18.071980983693912,17.770601064938106,17.797638309658524,123808068
2012-09-20,18.06106948852539,18.14193356043988,17.88991489134923,17.9705312967197,116179704
2012-09-21,18.206676483154297,18.22974539507202,18.11068016521181,18.162523773030834,254109636
2012-09-24,18.588424682617188,18.604795251580416,18.11390316220849,18.132506511163125,142409448
2012-09-25,18.582969665527344,18.973154178506505,18.545762961412034,18.679461320234516,242097660
2012-09-26,18.68962860107422,18.882613778630002,18.38055965452931,18.600082964449395,226689084
2012-09-27,18.765039443969727,18.92230394613573,18.64473587152909,18.85061864831492,157086756
2012-09-28,18.715429306030273,18.834494549943965,18.632334326823337,18.706749631623214,111228660
2012-10-01,18.89600944519043,18.97588096545837,18.757843644714626,18.828290601616274,126593280
2012-10-02,18.777191162109375,19.000437034344888,18.61050212081418,18.980841127519,111496392
2012-10-03,18.913867950439453,18.949091428973627,18.658376261017,18.74569101237883,88243668
2012-10-04,19.051536560058594,19.097179049469986,18.836972242032406,18.9200690996705,98069832
2012-10-05,19.041616439819336,19.208555059976145,18.97613037045363,19.117519630329593,109326564
2012-10-08,18.79827880859375,18.94065873110841,18.706748048155234,18.876662444066564,78265656
2012-10-09,18.457204818725586,18.884595962602454,18.418510231191455,18.843668595087,120007872
2012-10-10,18.4688663482666,18.542536753305722,18.313337416849162,18.401892393419914,81514404
2012-10-11,18.640514373779297,18.8146466384478,18.610996681490395,18.675737849410794,95260644
2012-10-12,18.47357749938965,18.72460552161685,18.45745459519201,18.649694893917168,96071832
2012-10-15,18.380062103271484,18.450756722193784,18.125065763946388,18.40387401259479,120643236
2012-10-16,18.472333908081055,18.52913839813737,18.267940969770528,18.35897637565456,82245672
2012-10-17,18.739986419677734,18.761070218592458,18.362204142907935,18.45373490336861,91624284
2012-10-18,17.239524841308594,18.837469494587577,16.76823049989762,18.74122551264639,497198304
2012-10-19,16.91185188293457,17.529745968282363,16.669010075266435,17.50196571851689,458828712
2012-10-22,16.83445930480957,16.982297333769985,16.61195642581995,16.892502136722733,162061776
2012-10-23,16.876131057739258,17.049270772615422,16.669008089151593,16.669255755701588,116547336
2012-10-24,16.800477981567383,17.0410870150954,16.750124150652965,17.0361261210382,99760140
2012-10-25,16.811885833740234,16.917059045030893,16.706464955890542,16.867450109847233,95947956
2012-10-26,16.747146606445312,16.94261037117939,16.64916705749047,16.780632641584496,77953968
2012-10-31,16.87489128112793,16.89225440826832,16.743423823039002,16.863976937379945,61418520
2012-11-01,17.05571937561035,17.137823671943483,16.835698842904243,16.855047082949223,81921996
2012-11-02,17.06390380859375,17.25316640488326,17.050259462912873,17.23431349991863,92883024
2012-11-05,16.940876007080078,17.037615339321484,16.757319131485126,16.979075272415294,65370564
2012-11-06,16.910112380981445,17.028680365026545,16.80667474177112,17.00337867754388,63248688
2012-11-07,16.54796028137207,16.823545101082313,16.53233271052459,16.743424023784293,89202708
2012-11-08,16.180099487304688,16.65635654415845,16.153805242746227,16.624358407175993,103776120
2012-11-09,16.446510314941406,16.57822546178786,16.13074107386449,16.238644306164566,124439436
2012-11-12,16.5176944732666,16.61443565935672,16.392925378562335,16.46436298766144,56179764
2012-11-13,16.34778594970703,16.559869854008998,16.327445148608923,16.4457673938664,63704232
2012-11-14,16.186548233032227,16.425421651075958,16.135697190878176,16.3877177311712,66669264
2012-11-15,16.05533218383789,16.371349034068796,15.971985771614182,16.12329680157703,73882044
2012-11-16,16.053348541259766,16.19821080118965,15.77602814662872,16.023830844689737,137390472
2012-11-19,16.57499885559082,16.592611541492747,16.260471752749016,16.26468775635156,94633272
2012-11-20,16.618656158447266,16.81784058603212,16.484708241912973,16.60724648058863,83464452
2012-11-21,16.51695442199707,16.614440526764596,16.381272836378205,16.594347393542403,84403512
2012-11-23,16.56904411315918,16.619399829392442,16.522658624224203,16.618654939127907,36863100
2012-11-26,16.399873733520508,16.54498364285737,16.347039463953735,16.53109162923193,88095816
2012-11-27,16.637008666992188,16.743422089579674,16.321736735476943,16.37556355839007,100247652
2012-11-28,16.95848274230957,16.989242549196014,16.46784019016681,16.570035725584553,121558320
2012-11-29,17.16238021850586,17.212236811674572,16.91705613575718,17.06043047118407,110948940
2012-11-30,17.323118209838867,17.344202006614072,17.008589252315222,17.14799527121885,126417456
2012-12-03,17.2457275390625,17.509653121745536,17.21744817755983,17.419114925261955,87612300
2012-12-04,17.141050338745117,17.252177003767763,17.008839875625657,17.239525212442093,79588332
2012-12-05,17.06142807006836,17.227126471458305,16.925247366876818,17.1688340748304,74421504
2012-12-06,17.143531799316406,17.25465847091023,16.97932318419956,17.055721707466482,58433508
2012-12-07,16.971878051757812,17.286159345814188,16.927477677643374,17.239524300965098,76695228
2012-12-10,17.001893997192383,17.15643037358256,16.961461957242783,17.001149106902467,54613332
2012-12-11,17.286157608032227,17.41117437803575,17.05894341917212,17.11549835456645,107396496
2012-12-12,17.30302619934082,17.450616567489906,17.20182321203494,17.344450795919542,96942960
2012-12-13,17.430522918701172,17.772089098080993,17.352386963448755,17.758446642345277,137658204
2012-12-14,17.412168502807617,17.5575260811782,17.324606088263383,17.34296177179593,85118796
2012-12-17,17.87900161743164,17.907279088580054,17.463267775543407,17.49997914378302,121294584
2012-12-18,17.886194229125977,18.085380540939447,17.736868302492958,17.77531711959434,120075804
2012-12-19,17.862380981445312,17.934068159388083,17.77729901327826,17.877263661564662,76667256
2012-12-20,17.91819190979004,17.974994513818764,17.78449168165532,17.94051592870737,66213720
2012-12-21,17.75125503540039,17.830381665993702,17.624500801578957,17.710078106283664,140898960
2012-12-24,17.599197387695312,17.74008939817556,17.548843566631604,17.723471162568817,33602364
2012-12-26,17.58357048034668,17.683039793532192,17.423330224560765,17.56372690725267,47248704
2012-12-27,17.519575119018555,17.5828284021549,17.329072269930155,17.54065891653586,65830104
2012-12-28,17.363798141479492,17.53495083655686,17.363798141479492,17.40547039793759,56023920
2012-12-31,17.546615600585938,17.625744135729036,17.2643342785216,17.363554058061066,79816104
2013-01-02,17.940269470214844,18.033290012938675,17.774077632319262,17.845267594846515,101550348
2013-01-03,17.950687408447266,18.155577609949844,17.87751233648206,17.98194255092831,92635272
2013-01-04,18.305400848388672,18.39221837833024,18.05015681880849,18.09133374879972,110429460
2013-01-07,18.225526809692383,18.340374141204,18.12209104571503,18.242891827552263,66161772
2013-01-08,18.189558029174805,18.263973312948234,17.969537514459716,18.245120407539616,66976956
2013-01-09,18.309120178222656,18.314824071183562,18.072974850355614,18.16401026760902,80907012
2013-01-10,18.39246368408203,18.47977842653452,18.194519514352777,18.42594971210729,73354572
2013-01-11,18.355506896972656,18.416030177586638,18.263976140478565,18.40536539059562,51356592
2013-01-14,17.940269470214844,18.41032740602983,17.917945447441724,18.28134038217153,114441444
2013-01-15,17.9819393157959,18.23172518180161,17.663689726645,17.843030537335974,156950892
2013-01-16,17.740339279174805,17.967305813787736,17.702635356676986,17.91918288126708,80855064
2013-01-17,17.64434242248535,17.850720487760128,17.63690108295089,17.802847113854725,88371540
2013-01-18,17.47542381286621,17.680314025879408,17.396542952534862,17.62053374153559,128942928
2013-01-22,17.43474006652832,17.496010123972802,17.252423455827227,17.47914233044899,151544304
2013-01-23,18.39295768737793,18.578996834709592,18.251320798252127,18.256281690934244,236127636
2013-01-24,18.708234786987305,18.773223626919194,18.368404125491534,18.386512143204047,135172692
2013-01-25,18.694841384887695,18.814154286819463,18.610007073846763,18.6229065324007,88946964
2013-01-28,18.621910095214844,18.742710862035494,18.551463147467395,18.647459449835075,65018916
2013-01-29,18.695087432861328,18.77620106643628,18.51797937581145,18.523187935864105,69814116
2013-01-30,18.698806762695312,18.875419473970286,18.67598741048866,18.696573982665814,69250680
2013-01-31,18.74494743347168,18.792820815782875,18.610006960268077,18.616457634797964,65302632
2013-02-01,19.238815307617188,19.26362166757081,18.80472764073576,18.807208087672667,149694156
2013-02-04,18.827545166015625,19.111563875018984,18.808941815797336,19.042604810058407,121498380
2013-02-05,18.99423599243164,19.127439004178793,18.838708960548367,18.879883997349225,74753172
2013-02-06,19.104124069213867,19.173330806285247,18.81464911046537,18.828788792117475,83040876
2013-02-07,19.197887420654297,19.31844054162189,18.988283988327566,19.092466538065512,113494392
2013-02-08,19.481159210205078,19.513405016132157,19.33704185912537,19.351181539151675,120683196
2013-02-11,19.407983779907227,19.42237112620727,19.19292414736201,19.308266803133296,86625288
2013-02-12,19.365320205688477,19.543916150849896,19.332329508050524,19.391364896270737,74285640
2013-02-13,19.41889762878418,19.48066112475217,19.347210456231778,19.35118068309923,47880072
2013-02-14,19.54193115234375,19.564750503880248,19.292640607666772,19.34125698088641,69342588
2013-02-15,19.667694091796875,19.676870988197102,19.52332718079196,19.53151341099653,109082808
2013-02-19,20.01397132873535,20.01769199866619,19.726976848633115,19.744589532106538,117154728
2013-02-20,19.657026290893555,20.06655708548784,19.640408055470115,19.975523564000465,110457432
2013-02-21,19.73318099975586,19.979248148459106,19.626272221501857,19.794451065640693,140115744
2013-02-22,19.836864471435547,19.875063729801905,19.690266664309302,19.825702460973037,82073844
2013-02-25,19.6151065826416,20.05266718391832,19.608160576086654,19.901108497070865,92063844
2013-02-26,19.599231719970703,19.743596736475567,19.457097592929898,19.720032493865347,88011900
2013-02-27,19.83860206604004,19.961883296333294,19.6235424140104,19.715073169184883,80962956
2013-02-28,19.873825073242188,20.01744520755476,19.869607179452185,19.87134462651315,90541368
2013-03-01,19.997602462768555,20.021168598255798,19.74855955097843,19.78948881428877,86928984
2013-03-04,20.37736701965332,20.410607274388166,19.96808385810895,19.97552519826572,110912976
2013-03-05,20.801532745361328,20.839979665795653,20.560921874500014,20.561666764677586,161602236
2013-03-06,20.6224422454834,20.93548143756444,20.55869362840999,20.861811033296835,114805080
2013-03-07,20.652700424194336,20.752415498570922,20.577787921926777,20.688914561609415,82025892
2013-03-08,20.62591552734375,20.710252610216536,20.46542570179312,20.699833599171413,116359524
2013-03-11,20.70777130126953,20.8288197484503,20.625417444940258,20.630130671841748,63724212
2013-03-12,20.5289249420166,20.635090704395644,20.431193076280294,20.605822568568204,80251668
2013-03-13,20.471872329711914,20.605324892623937,20.397457042003236,20.536118164597113,65586348
2013-03-14,20.378360748291016,20.513546992830474,20.275420312951823,20.513546992830474,65981952
2013-03-15,20.19877052307129,20.347601103310765,20.17495672275249,20.302951173005187,123864012
2013-03-18,20.037288665771484,20.160567990212176,19.8805195326731,19.968081940259257,73458468
2013-03-19,20.12485122680664,20.321557080690404,20.004050445992984,20.122866113186785,83844072
2013-03-20,20.208938598632812,20.278392990715663,20.1278268643178,20.26152519840374,58493448
2013-03-21,20.123361587524414,20.263758263437722,20.08838766975169,20.124106477713205,59044896
2013-03-22,20.09979820251465,20.22208686783368,20.083178075791714,20.20968463471999,59468472
2013-03-25,20.08317756652832,20.321058441486603,20.013227839190282,20.15188896117071,68411520
2013-03-26,20.15213966369629,20.191331481479843,20.037292323855606,20.178929246812206,47628324
2013-03-27,19.9100399017334,20.017691661368602,19.877047315417844,20.00975498855027,86441472
2013-03-28,19.69993782043457,19.97725815551532,19.6778614693916,19.943027239014164,91420488
2013-04-01,19.87357521057129,19.899867564876796,19.676621712179806,19.720279082254066,72219708
2013-04-02,20.167516708374023,20.211918975049834,19.94327826649867,19.956674947996788,81578340
2013-04-03,19.99785041809082,20.196291839259253,19.86067905948945,20.177936154321472,69470460
2013-04-04,19.721769332885742,19.98668747397248,19.628253465405177,19.949478882110014,97806096
2013-04-05,19.423612594604492,19.52134446415911,19.258657215827267,19.498275553409208,137218644
2013-04-08,19.220212936401367,19.33679772955443,19.06022031963733,19.316952262461903,113170716
2013-04-09,19.2896671295166,19.440978179870015,19.177052565389463,19.236335627662147,86205708
2013-04-10,19.600473403930664,19.65430023330745,19.248735842023372,19.4203876744004,79064856
2013-04-11,19.605682373046875,19.67290399453004,19.448665551485966,19.66744776774411,81066852
2013-04-12,19.597248077392578,19.64809912689991,19.420635351370095,19.6453710135624,65402532
2013-04-15,19.395832061767578,19.769644110415253,19.27403871458019,19.49554905318422,98025876
2013-04-16,19.67959976196289,19.744838158071634,19.44519376376141,19.51142282609906,69610320
2013-04-17,19.41145896911621,19.616844505076486,19.30082763688944,19.51539196051759,81398520
2013-04-18,18.99845314025879,19.491825687520166,18.88310859291523,19.48066178730604,132767100
2013-04-19,19.84083366394043,19.929386743341855,19.00713512989905,19.079068082461347,231895872
2013-04-22,19.84678840637207,19.942287498818136,19.223931577347038,19.85894108323235,115220664
2013-04-23,20.040016174316406,20.228533882330805,19.852986356028698,19.868861591143094,91600308
2013-04-24,20.177684783935547,20.290546986282802,20.042496673292753,20.045224786229536,73090836
2013-04-25,20.069780349731445,20.252594154601066,20.033316655361194,20.247137929063005,79608312
2013-04-26,19.879283905029297,20.03605307436882,19.759227998909033,20.03258007037614,99408492
2013-04-29,20.316844940185547,20.407133584197823,19.918474208235075,19.92467532539822,91939968
2013-04-30,20.453523635864258,20.529674498920393,20.282614774664257,20.31535781191119,92175732
2013-05-01,20.3508243560791,20.457239675688303,20.249867153401194,20.421023642458003,58141800
2013-05-02,20.57853889465332,20.70107713586191,20.316596506970047,20.34264309108068,80651268
2013-05-03,20.978145599365234,21.004935180183733,20.737041262583148,20.76085317298604,100403496
2013-05-06,21.370805740356445,21.378247078853054,21.041146504503956,21.041146504503956,85566348
2013-05-07,21.263652801513672,21.428358627711415,21.100932088982383,21.407027163427056,78281640
2013-05-08,21.670454025268555,21.67665514127461,21.15649116224733,21.25794368880734,98633268
2013-05-09,21.617128372192383,21.820033480083037,21.53651006118391,21.60125313281482,87935976
2013-05-10,21.834171295166016,21.84186030231453,21.63399431805967,21.71213028472818,75832092
2013-05-13,21.767192840576172,21.889729158826665,21.664250536000935,21.80092653278069,57882060
2013-05-14,22.004579544067383,22.04401902461103,21.757521759757786,21.76645098973754,63108828
2013-05-15,22.718717575073242,22.7308721420068,22.17623140452083,22.212942771874353,159276564
2013-05-16,22.420560836791992,22.820171760850744,22.37442301624721,22.79586073665859,128255616
2013-05-17,22.55228042602539,22.659189211185634,22.33746840813834,22.573116560305138,111568320
2013-05-20,22.536151885986328,22.835548589731655,22.44858947622916,22.44858947622916,90817092
2013-05-21,22.497459411621094,22.61379464385645,22.26528428031327,22.523504104949566,79240680
2013-05-22,22.06212615966797,22.555500599489093,21.999122438054876,22.388066673202562,102321576
2013-05-23,21.897668838500977,22.075519875599003,21.679631543594507,21.754046828389296,90912996
2013-05-24,21.66276741027832,21.79919577054283,21.605467574590605,21.710888458112535,91780128
2013-05-28,21.859966278076172,22.129597632647908,21.838385258061614,21.91528099411524,90209700
2013-05-29,21.53849220275879,21.77860587417797,21.438777109875346,21.722050932507695,80455464
2013-05-30,21.59926414489746,21.801176659627533,21.491362826035026,21.5784280151131,84743172
2013-05-31,21.610673904418945,21.754048257418393,21.5188954882794,21.533780058683494,78697224
2013-06-03,21.521623611450195,21.678888087570872,21.20883210620588,21.654828511418152,98928972
2013-06-04,21.31003761291504,21.59504888057046,21.185268496486714,21.52708237196226,74669256
2013-06-05,21.324918746948242,21.56676795557865,21.261170136723273,21.39462080696705,84187728
2013-06-06,21.447458267211914,21.48937819426628,21.015353867814568,21.43902437037389,103060836
2013-06-07,21.821765899658203,21.82846424014036,21.464326343751285,21.59083101682005,106877016
2013-06-10,22.08197593688965,22.10132228975438,21.830700219807785,21.88055871856169,93418488
2013-06-11,21.82375144958496,22.002099731272132,21.81655777584966,21.926939547475307,70233696
2013-06-12,21.629526138305664,21.97729344262769,21.571730977236854,21.963898653089824,88103808
2013-06-13,21.754047393798828,21.820028784181165,21.468788479573934,21.5551106659197,82713204
2013-06-14,21.705429077148438,21.945047396379977,21.682857391822186,21.830943074729863,89710200
2013-06-17,21.983495712280273,22.062374673242367,21.785799195602138,21.809363439153056,85766148
2013-06-18,22.339946746826172,22.349373201386886,22.03558910264023,22.043028552840074,86589324
2013-06-19,22.341434478759766,22.593455069095565,22.262555510769623,22.35854994055965,116519364
2013-06-20,21.94603729248047,22.349368849854155,21.910566152080794,22.17548426041169,134745120
2013-06-21,21.851531982421875,22.073537623330857,21.656563587381726,22.035336477255363,159132708
2013-06-24,21.575206756591797,21.737182584582854,21.412981371445273,21.62704847447149,120555324
2013-06-25,21.486154556274414,21.820525194105542,21.444232739009625,21.760497250569227,102025872
2013-06-26,21.67095184326172,21.77885316472393,21.59455143848872,21.673432289948565,73182744
2013-06-27,21.755786895751953,21.944799964748157,21.74536788495698,21.798699381149206,76982940
2013-06-28,21.8376407623291,21.874104462770617,21.684346511128837,21.701957304389207,93878028
2013-07-01,22.023927688598633,22.128108339856627,21.952488177318607,21.988456544802197,68923008
2013-07-02,21.88576316833496,22.10131813828947,21.76074639033898,22.081474565385534,75584340
2013-07-03,21.987964630126953,22.05592925791629,21.791258749620077,21.82598689916144,41838120
2013-07-05,22.1630859375,22.210711651998494,22.010534673045086,22.076765629748326,68007924
2013-07-08,22.450822830200195,22.480090965795707,22.252133763455493,22.30496803238852,78701220
2013-07-09,22.454544067382812,22.645791799142245,22.274458345630574,22.59742119852672,79096824
2013-07-10,22.47315216064453,22.60089708160676,22.33399567013224,22.41014653327122,68267664
2013-07-11,22.826622009277344,22.84075979997477,22.535906834692796,22.647033499496757,103264632
2013-07-12,22.895084381103516,22.895084381103516,22.70259640902662,22.8206690839055,102625272
2013-07-15,22.937000274658203,23.01910456463887,22.73037454792506,22.927326155384208,78341580
2013-07-16,22.810991287231445,23.01836001663173,22.669354389747916,22.997523888020517,79240680
2013-07-17,22.784700393676758,22.990830820739777,22.72888844891543,22.84547323214269,60183756
2013-07-18,22.589481353759766,22.82066577623499,22.40369174955749,22.795611753838873,145234620
2013-07-19,22.24022674560547,22.397738885394677,21.71956928422744,21.992424081149903,294077628
2013-07-22,22.589981079101562,22.63884701545732,22.250150414265775,22.374176535549104,116011872
2013-07-23,22.4188289642334,22.647035767201224,22.313903405998072,22.589983593813102,81746172
2013-07-24,22.39649772644043,22.580054547781923,22.34192601310206,22.504648596404795,83056860
2013-07-25,22.019466400146484,22.246432987398997,21.979282021740207,22.172514905680405,119923956
2013-07-26,21.96117401123047,22.076269018482115,21.878075257185674,22.001853719352184,71036892
2013-07-29,21.88477325439453,22.196076904255563,21.850542330767762,21.9500116550125,75600324
2013-07-30,22.099332809448242,22.215668013212873,21.850042276845116,21.963897034233124,70153776
2013-07-31,22.020702362060547,22.237994785204226,21.981760105357452,22.1506819275812,86853060
2013-08-01,22.42923927307129,22.437425502177426,22.200535315803524,22.200535315803524,85450464
2013-08-02,22.48753547668457,22.49820215392976,22.344906007572273,22.409894846690207,68487444
2013-08-05,22.448591232299805,22.461490689678808,22.304721540430034,22.458265352687956,52335612
2013-08-06,22.239484786987305,22.56542342494624,22.218648656518543,22.440901975241612,60183756
2013-08-07,22.09263801574707,22.286116628788328,22.05393964632084,22.20152999795639,55112832
2013-08-08,22.142492294311523,22.221373133554025,21.959678486286407,22.21269157149469,59460480
2013-08-09,22.086687088012695,22.213439434296525,22.07651574347766,22.090405867696788,52895052
2013-08-12,21.965139389038086,22.00209842175332,21.869390746556988,21.99961797513598,55024920
2013-08-13,21.85947036743164,22.03930843051998,21.734205914606935,21.997883834992837,56735208
2013-08-14,21.575700759887695,21.834170114811222,21.509967031071803,21.788032293245372,83204712
2013-08-15,21.323930740356445,21.45440564726846,21.28275381032089,21.442498746195735,74693232
2013-08-16,21.255714416503906,21.39288575981068,21.246535629766196,21.364112957470585,66936996
2013-08-19,21.472511291503906,21.630023443558883,21.269110873915185,21.27555965744088,72363564
2013-08-20,21.46680450439453,21.632750531266947,21.42016946429357,21.53948234164921,49270680
2013-08-21,21.563796997070312,21.751819423640924,21.49359769769983,21.59654003296478,70221708
2013-08-22,21.672441482543945,21.698238508286348,21.586616507783802,21.64738745651695,34761204
2013-08-23,21.585622787475586,21.778853748849176,21.574213110526948,21.774637745602206,43040916
2013-08-26,21.490869522094727,21.701960862196703,21.482435623907516,21.580417064716848,42057900
2013-08-27,21.088031768798828,21.424884747789235,21.03222171828755,21.322936876387804,69294636
2013-08-28,21.04834747314453,21.218509542140065,21.028999230112476,21.090516963161146,53142804
2013-08-29,21.21900177001953,21.341785759453316,21.049335074142153,21.0612400827104,59080860
2013-08-30,21.00741958618164,21.283747452829484,20.974181215741467,21.227192500702337,74389536
2013-09-03,21.34178924560547,21.485906610444065,21.18229197596736,21.192463320505944,81822096
2013-09-04,21.620845794677734,21.667231282305902,21.212555193162387,21.341043088421632,81566352
2013-09-05,21.81755256652832,21.82548924075508,21.620351356768786,21.667234074128285,51600348
2013-09-06,21.81804847717285,21.92222913628285,21.6731843301146,21.888988879528075,62401536
2013-09-09,22.02814292907715,22.07031241180753,21.888491138857677,21.920984611159277,49334616
2013-09-10,22.043521881103516,22.126123396031495,21.927682005095477,22.077009799299923,51452496
2013-09-11,22.230056762695312,22.249405001888853,21.97927643395721,22.04029882172836,64359576
2013-09-12,22.15241813659668,22.27247591891852,22.076764510509868,22.26007179454938,43776180
2013-09-13,22.053443908691406,22.21740482651469,21.94851837420568,22.188136691965,52962984
2013-09-16,22.020950317382812,22.25014964384843,21.949265029161907,22.230306070117212,53406540
2013-09-17,21.980024337768555,22.03657928271588,21.853270099485698,22.012270147122756,50325624
2013-09-18,22.406919479370117,22.42304238352144,21.904615769795424,21.985977071408023,77310612
2013-09-19,22.28462791442871,22.473147533947643,22.210462180546063,22.473147533947643,63852084
2013-09-20,22.401708602905273,22.42701029405871,22.21591898239122,22.284628491588666,173638188
2013-09-23,21.989700317382812,22.364007722672348,21.95745261471835,22.229069132652217,71024904
2013-09-24,21.998130798339844,22.078994873153754,21.863190338697024,21.989696901450642,59412528
2013-09-25,21.759756088256836,21.99093865206136,21.719324048041894,21.99093865206136,65894040
2013-09-26,21.78307342529297,21.896680542712716,21.704440231841,21.786296871985495,50345604
2013-09-27,21.738920211791992,21.76695001798615,21.612910862497053,21.699974170540163,50301648
2013-09-30,21.727012634277344,21.84930130941783,21.538493004055596,21.557593578935307,68827104
2013-10-01,22.002098083496094,22.018718209927346,21.82970326507269,21.834664158231103,67324608
2013-10-02,22.026655197143555,22.060638450114308,21.774386970334117,21.896180302163266,59752188
2013-10-03,21.731475830078125,22.178215258354804,21.632503735340215,22.02690422434804,84595320
2013-10-04,21.63870620727539,21.766698769795315,21.580413819089618,21.70443804499611,54265680
2013-10-07,21.47474479675293,21.679387335227986,21.43431275654869,21.51716195068645,51692256
2013-10-08,21.175350189208984,21.48070041384417,21.12474679926907,21.464329840972255,77670252
2013-10-09,21.22966766357422,21.398094145022903,20.910179717257346,21.240086673522512,105945948
2013-10-10,21.536754608154297,21.55138962059126,21.33757021720888,21.427613071792933,90121788
2013-10-11,21.629776000976562,21.666735036581724,21.46382995001524,21.48193796797146,56299644
2013-10-14,21.73197364807129,21.735446651758117,21.466062941183814,21.497565750347455,49694256
2013-10-15,21.87832260131836,21.968115906231095,21.679633526963187,21.723290901361437,63612324
2013-10-16,22.275697708129883,22.28313904784711,21.927930401990402,21.974068220704638,80223696
2013-10-17,22.046497344970703,22.247664938212882,21.970592286927566,22.150677977700465,170093736
2013-10-18,25.088098526000977,25.188560400066656,24.160141092346525,24.2241373744257,462193344
2013-10-21,24.88692855834961,25.276368112642807,24.793908033222863,25.089336396254467,144986868
2013-10-22,24.978708267211914,25.127538857709627,24.700644884812803,24.929099330768988,88255656
2013-10-23,25.584203720092773,25.667052918309345,24.820702474038875,24.829881262258066,106421472
2013-10-24,25.438840866088867,25.81141454217349,25.420237516114884,25.595610010722257,83600316
2013-10-25,25.182109832763672,25.519955376625276,25.071480395304004,25.519955376625276,81138780
2013-10-28,25.177148818969727,25.386255016288843,25.127290327091497,25.182109712443427,46301652
2013-10-29,25.704008102416992,25.721371228753764,25.13994092892683,25.27884783020531,64135800
2013-10-30,25.559642791748047,25.735512517939338,25.45000590995884,25.733527404285862,52911036
2013-10-31,25.56361198425293,25.834978900282593,25.399649165450757,25.522682723543934,65534400
2013-11-01,25.47580337524414,25.698056703732014,25.427680438282554,25.59362838024611,51280668
2013-11-04,25.45273208618164,25.608011445507582,25.351527218660948,25.58643042586011,45506448
2013-11-05,25.338878631591797,25.590152421155192,25.237176535135806,25.309856270683593,47208744
2013-11-06,25.369388580322266,25.47481135345075,25.186328954524914,25.440085097275862,36479484
2013-11-07,25.002273559570312,25.39865915753993,24.994582662213407,25.36591612624096,67116816
2013-11-08,25.202699661254883,25.263967833614984,25.015917473564304,25.022118590771733,51580368
2013-11-11,25.067758560180664,25.200218579681138,25.003514609412846,25.040970868869955,44459496
2013-11-12,25.09727668762207,25.240649152333674,24.929097865562532,24.99607181640856,48675276
2013-11-13,25.61049461364746,25.61992106790913,24.96630819840572,24.97250931552932,63112824
2013-11-14,25.678956985473633,25.7910762103015,25.557908529921665,25.64646350919688,46621332
2013-11-15,25.637531280517578,25.7476672774188,25.556914869156067,25.670026645975277,51000948
2013-11-18,25.58767318725586,26.0140717971922,25.530373357205264,25.69185383708224,70317612
2013-11-19,25.43016242980957,25.667050769415894,25.376830933373405,25.591890585048507,45218736
2013-11-20,25.358470916748047,25.632567822303503,25.310102209121265,25.547983082652852,38509452
2013-11-21,25.650182723999023,25.755355935304127,25.45000575498598,25.474810222581215,43628328
2013-11-22,25.59610366821289,25.70226942526586,25.529874612290488,25.634055255909114,50117832
2013-11-25,25.944368362426758,26.124454086355996,25.673746334011376,25.72682827147081,64455480
2013-11-26,26.253936767578125,26.33058484024397,25.870202961721024,26.010599649704794,91360548
2013-11-27,26.370519638061523,26.49181574310014,26.293376237862084,26.343730059078432,44899056
2013-11-29,26.283205032348633,26.4575849631913,26.279732029042354,26.346955533975056,47664288
2013-12-02,26.15645408630371,26.450889936420804,26.064180328218562,26.38044486706578,54873072
2013-12-03,26.126192092895508,26.378708000171986,26.02101888193612,26.068892260471326,66976956
2013-12-04,26.248231887817383,26.392099683348206,26.045324924923374,26.07930817820099,47616336
2013-12-05,26.22739601135254,26.284943508237742,26.07236431387297,26.22392111732596,45302652
2013-12-06,26.538206100463867,26.541431437805883,26.29536428867749,26.5362228772096,57094848
2013-12-09,26.74334144592285,26.846779101206003,26.492313426600102,26.565985720632014,59244696
2013-12-10,26.905071258544922,27.09482921605162,26.68157582219288,26.693979946524866,74081844
2013-12-11,26.72225570678711,27.070270682034995,26.669669104713424,26.973034150744187,68403528
2013-12-12,26.540435791015625,26.86240609351994,26.516623880644392,26.778812014204778,63796140
2013-12-13,26.312971115112305,26.697449796013164,26.241038162780704,26.67537533345472,86409504
2013-12-16,26.61534309387207,26.657760239914147,26.343231316824653,26.392594469042454,64015920
2013-12-17,26.5379581451416,26.808332537639124,26.501246773614117,26.611380888196567,61366572
2013-12-18,26.907302856445312,26.912263749726364,26.269563388024146,26.587315786895896,88323588
2013-12-19,26.94376564025879,27.08689043148544,26.76665570627759,26.808575631193953,66561372
2013-12-20,27.30095863342285,27.3146010900449,26.987917568425285,26.995360798985292,130333536
2013-12-23,27.660137176513672,27.67750030409551,27.412584048729958,27.480053335970048,68795136
2013-12-24,27.579273223876953,27.66361030595673,27.48650224453075,27.656911965222605,29338632
2013-12-26,27.718677520751953,27.756876779944886,27.501137418844774,27.63310021476987,53458488
2013-12-27,27.741994857788086,27.788628015571998,27.60655905448937,27.781683898628014,62725212
2013-12-30,27.52023696899414,27.794086247337162,27.50932451509666,27.79011791041221,49394556
2013-12-31,27.799291610717773,27.80648528402075,27.440857621798486,27.589192866831727,54261684
2014-01-02,27.61102294921875,27.725870280159363,27.490469834539372,27.66906578108218,72783144
2014-01-03,27.409605026245117,27.705528742566262,27.407869469806318,27.657655365503913,66601332
2014-01-06,27.71520233154297,27.75340158772362,27.445323310482266,27.608293569429463,70701228
2014-01-07,28.249507904052734,28.270096370032803,27.810457449089306,27.905708880954126,102001896
2014-01-08,28.308292388916016,28.459355750603915,28.111340763772564,28.4266127201661,89610300
2014-01-09,28.035686492919922,28.382461271792664,27.91959893664465,28.36311303064938,83296620
2014-01-10,28.034198760986328,28.2549641976951,27.83749290197712,28.2549641976951,85654260
2014-01-13,27.855602264404297,28.449185271092055,27.711483014672453,27.94217023404842,96659244
2014-01-14,28.510950088500977,28.550639126262592,27.98235404106034,28.226931379176342,99204696
2014-01-15,28.491605758666992,28.6498628171605,28.37179751986315,28.600004319208207,77929992
2014-01-16,28.68012237548828,28.7225376372579,28.476224734900295,28.503509649447167,67288644
2014-01-17,28.53898048400879,28.78951127751147,28.381965557915965,28.6957477435435,107943948
2014-01-21,28.865663528442383,28.873104868566248,28.55808057431848,28.79695212969703,79116804
2014-01-22,28.89840316772461,28.969593114238446,28.74560426539571,28.937842643869214,62793144
2014-01-23,28.776365280151367,28.83564833401931,28.634231147747375,28.77388483346722,77886036
2014-01-24,27.87668800354004,28.613894978194406,27.856099537858526,28.550889357689165,155544300
2014-01-27,27.316091537475586,27.942916725806104,26.84578784159083,27.932994938242928,173969856
2014-01-28,27.856342315673828,27.924308818093834,27.532139263254084,27.541565716134922,88319592
2014-01-29,27.457231521606445,27.825090092603638,27.271194234490665,27.75985358695114,95100804
2014-01-30,28.163433074951172,28.587600843731188,27.961520535447622,28.401811209281867,203452344
2014-01-31,29.29404640197754,29.432210304488525,28.553861842098236,29.055420629575625,222429348
2014-02-03,28.11481475830078,29.31265123593113,28.07959127994804,29.250142843210572,182581236
2014-02-04,28.23214340209961,28.649860480443575,28.20361826347726,28.22792550812649,112363524
2014-02-05,28.35715675354004,28.5449314718353,27.980616650802514,28.361622313538565,95684220
2014-02-06,28.77289390563965,28.777854799288797,28.4650613799045,28.553864023042525,77786136
2014-02-07,29.20648765563965,29.217897333476742,28.787778001909896,28.963150516548946,105342552
2014-02-10,29.094614028930664,29.329517238338745,28.997625163460164,29.066582335428958,77730192
2014-02-11,29.52250099182129,29.564420918300417,29.076754141785802,29.27420298865484,81949968
2014-02-12,29.435932159423828,29.51803645881891,29.304217034744916,29.493231991469194,68911020
2014-02-13,29.763608932495117,29.763608932495117,29.261552889581658,29.2885901377316,73382544
2014-02-14,29.835540771484375,29.87498214270095,29.587490429823536,29.657192494535103,87380532
2014-02-18,30.03596305847168,30.085326212632765,29.76608405068382,29.80105985887915,84271644
2014-02-19,29.824132919311523,29.994792200050814,29.70407513244589,29.89755565856343,84059856
2014-02-20,29.86803436279297,29.93699153316788,29.771542723225203,29.843972896889543,67963968
2014-02-21,29.86009979248047,30.01091550040233,29.83653554708687,29.959816782133863,74417508
2014-02-24,30.076398849487305,30.26615680010264,29.892592458387135,29.899041241584793,66905028
2014-02-25,30.262187957763672,30.373809946156868,30.024554743774985,30.161478422022114,57490452
2014-02-26,30.266403198242188,30.482455386860636,30.107403170984096,30.36140694813513,79208712
2014-02-27,30.24259376525879,30.367115217472865,30.188022045986358,30.22225296748806,50349600
2014-02-28,30.15428924560547,30.366123564375393,29.92037668132612,30.270624470744817,92451456
2014-03-03,29.832813262939453,29.96056005170009,29.571118568544797,29.93352280401523,84107808
2014-03-04,30.135929107666016,30.16296635395653,30.001735432978894,30.13816188774217,58649292
2014-03-05,30.219026565551758,30.33858901061979,30.049112187410294,30.139402714940836,49362588
2014-03-06,30.25251579284668,30.414741171431242,30.227461767918612,30.318744856177126,50673276
2014-03-07,30.132953643798828,30.435575697123237,30.049856790525418,30.430862470376244,60543396
2014-03-10,30.053083419799805,30.20364956270897,29.867539574605825,30.155278960419533,48535416
2014-03-11,29.765836715698242,30.121293022470326,29.682739866253236,30.10765056653796,68451480
2014-03-12,29.94716453552246,29.960806992313362,29.37391855907763,29.67678828405623,78493428
2014-03-13,29.49471664428711,30.026537978104216,29.388055555805202,29.963284702720216,93730176
2014-03-14,29.091388702392578,29.539617911814865,29.08469225234397,29.319347810540716,91664244
2014-03-17,29.570127487182617,29.69340871382992,29.223103160780653,29.25138252202759,86397516
2014-03-18,30.045392990112305,30.052091330803307,29.59394033033113,29.633877036161433,72527400
2014-03-19,29.747482299804688,30.063499142037884,29.627426413787134,30.058785915307357,64451484
2014-03-20,29.69563865661621,30.004461805405516,29.650988729436463,29.764843491456137,67320612
2014-03-21,29.34539222717285,30.004958477779194,29.33075721418533,29.92260651669878,128211660
2014-03-24,28.722536087036133,29.391528805708994,28.425372151204453,29.373918012659754,121362516
2014-03-25,28.74213218688965,29.017962752834283,28.451417051380993,28.922711338662488,96311592
2014-03-26,28.07859992980957,29.06088146686216,28.066942585767023,28.823743562126385,103096800
2014-03-27,27.63979721069336,28.07785317314751,27.33767048376613,28.050815925974145,152735112
2014-03-28,27.785400390625,28.108858557020255,27.726363116679718,27.75687336508427,90265644
2014-03-31,27.64550018310547,28.153755417130554,27.604323256748906,28.039652982034244,77614308
2014-04-01,28.151031494140625,28.215770778089617,27.7320723042055,27.788379581425744,87152760
2014-04-02,28.156238555908203,28.396847556634103,27.880901410931756,28.32491271202694,83360556
2014-04-03,28.323848724365234,29.15646592874342,28.05176147180395,28.417517734476263,80366000
2014-04-04,27.022884368896484,28.731235434974284,26.985218253769972,28.673249317570015,107274000
2014-04-07,26.793912887573242,27.250861475715258,26.29335229749798,27.000084902261314,79232000
2014-04-08,27.6304931640625,27.747951388183193,26.99562359785928,27.012969709214985,69650000
2014-04-09,28.10280418395996,28.14047029526451,27.524928182286107,28.043332073168052,60632000
2014-04-10,27.094247817993164,28.160790726172603,27.03527103938975,28.150383059360237,65890000
2014-04-11,26.65167236328125,27.138851352729603,26.435588033846702,26.66059213987928,63494000
2014-04-14,27.020402908325195,27.40796512819876,26.788458463638623,26.94408001999422,50824000
2014-04-15,27.19386863708496,27.401528561664826,26.29880537709812,27.307857655855106,79956000
2014-04-16,27.947187423706055,27.952144536295094,27.411934589744998,27.639912613643514,91644000
2014-04-17,26.92822265625,27.605220167980676,26.732953636539527,27.571518608747883,112294000
2014-04-21,26.731468200683594,26.96093411760256,26.46532872493034,26.96093411760256,48502000
2014-04-22,27.03527069091797,27.159172024873218,26.564445243771168,26.564445243771168,46622000
2014-04-23,26.639284133911133,27.000580496229723,26.17440643012375,26.944577603315423,39114000
2014-04-24,26.487133026123047,26.886590825968607,26.31664390476039,26.846446156503607,41348000
2014-04-25,25.925113677978516,26.45838508159866,25.895376679649956,26.37908830997334,47400000
2014-04-28,25.919170379638672,26.063887060129936,25.325434210647458,26.058931838177546,75056000
2014-04-29,26.580801010131836,26.651673345369623,25.920158998745965,25.964268222034914,50704000
2014-04-30,26.50893783569336,26.581296169751923,26.221983055515626,26.52083339229714,40770000
2014-05-01,26.689834594726562,26.758228373390455,26.408825702491757,26.477714814249687,40086000
2014-05-02,26.45888328552246,26.881634965905068,26.429146283967345,26.83405651965063,35616000
2014-05-05,26.531240463256836,26.550567906427474,26.147145578249212,26.278976020613342,24568000
2014-05-06,25.898847579956055,26.492583684812498,25.883484692037086,26.436083573385186,36700000
2014-05-07,25.67235565185547,25.991030649609076,25.329893322534065,25.932549205690258,61486000
2014-05-08,25.7799015045166,26.13574727956379,25.496911285665448,25.559357284761234,49040000
2014-05-09,26.099565505981445,26.135745615233528,25.487989885904614,25.704569536612194,45224000
2014-05-12,26.684879302978516,26.700739415991322,26.14367870562977,26.358275166215954,38968000
2014-05-13,26.839012145996094,26.9604349289878,26.658612582694126,26.741873919602728,40240000
2014-05-14,26.485647201538086,26.852889445377784,26.42121797483916,26.852889445377784,25618000
2014-05-15,26.223468780517578,26.46532555956002,26.03464289137438,26.42270233628806,36658000
2014-05-16,26.182828903198242,26.30871156040597,25.948405917488873,26.247256230969555,38154000
2014-05-19,26.704702377319336,26.730474823103464,26.05199136647355,26.2115755909922,39530000
2014-05-20,26.78201675415039,27.07739596858059,26.59269553604056,26.7626874205845,48506000
2014-05-21,27.243427276611328,27.2459039421935,26.8672614769522,26.906415480163474,31294000
2014-05-22,27.528398513793945,27.652797076138864,27.307854282243557,27.367328286016356,42994000
2014-05-23,27.942230224609375,28.001702337378234,27.46496165138451,27.661221325047684,53450000
2014-05-27,28.490861892700195,28.490861892700195,27.95957370210622,28.139477913368637,43716000
2014-05-28,28.271804809570312,28.62913658103685,28.247024921478868,28.475995473599347,31632000
2014-05-29,28.277259826660156,28.42197650373172,28.172687819733834,28.41751661502151,28222000
2014-05-30,28.331281661987305,28.377372220665947,28.040855748187017,28.330786328857407,37434000
2014-06-02,27.968992233276367,28.269825809085276,27.59034976463057,28.237114917262364,33210000
2014-06-03,27.481813430786133,27.872846793032426,27.383682645088594,27.79850523142567,40626000
2014-06-04,27.444643020629883,27.68352593101389,27.186927998319582,27.3336279004299,34582000
2014-06-05,27.99823760986328,28.001706832753282,27.508579958602134,27.610673421971555,35868000
2014-06-06,28.052753448486328,28.19003635933345,27.733087730928226,28.158318021336893,34804000
2014-06-09,28.28568458557129,28.34862591947027,28.012604802108697,28.088432358879704,30594000
2014-06-10,28.165252685546875,28.34862613397464,28.057704903879515,28.189040017912284,29676000
2014-06-11,28.125606536865234,28.198460213272032,27.936285288605195,28.047300414558414,22580000
2014-06-12,27.72911834716797,28.100822341391172,27.61265079315121,28.100822341391172,30930000
2014-06-13,27.77124786376953,27.786115420434697,27.442662383611506,27.757866306537075,27066000
2014-06-16,27.372285842895508,27.654285434718496,27.25829682848291,27.617609984988178,39436000
2014-06-17,27.289018630981445,27.443647617679147,27.132903645145173,27.375253845622073,29552000
2014-06-18,27.78661346435547,27.823287023956663,27.336603289533656,27.39706607485203,41212000
2014-06-19,28.001209259033203,28.001704592180044,27.58886521071896,27.8108973484976,52548000
2014-06-20,28.077037811279297,28.089426812139802,27.722679868613856,28.07356858854482,63212000
2014-06-23,28.462120056152344,28.469553833905582,27.927360704012337,27.969488595587976,34456000
2014-06-24,28.375391006469727,28.856622268848906,28.207875769226582,28.458652346667098,56886000
2014-06-25,29.039003372192383,29.106901819008982,28.411072244167727,28.42544446649606,42294000
2014-06-26,28.981515884399414,29.22089223511014,28.72528686386098,29.20602467895969,40248000
2014-06-27,29.027109146118164,29.135645701726386,28.874958700678626,29.01521358953493,40426000
2014-06-30,28.976558685302734,29.127223141202823,28.908164902280078,29.080140026087932,29578000
2014-07-01,29.314559936523438,29.42210771901488,29.05684681866424,29.12424804205141,32864000
2014-07-02,29.279373168945312,29.44639306847385,29.19660716415082,29.35272406332187,23916000
2014-07-03,29.39336395263672,29.451350070927543,29.19115837421813,29.32497016647752,17978000
2014-07-07,29.27838134765625,29.520731573889528,29.138619899827315,29.414673573209008,26734000
2014-07-08,28.66581153869629,29.140106188862752,28.44774588037591,29.060809413965863,42504000
2014-07-09,28.911632537841797,28.948307983552564,28.596428644072212,28.69307153462549,27456000
2014-07-10,28.747093200683594,29.00530353976441,28.353581301847786,28.398185858471034,28724000
2014-07-11,29.074687957763672,29.152994070975915,28.773854394747705,28.794669728446415,30232000
2014-07-14,29.45184326171875,29.481580263715813,29.076670022014824,29.270453032231423,39032000
2014-07-15,29.39236831665039,29.503383421809197,29.0082734461757,29.4959496446722,33476000
2014-07-16,29.27144432067871,29.587640786806585,29.253107542212156,29.58218834128668,28816000
2014-07-17,28.78575325012207,29.215938753109228,28.588998223637276,29.189670971133655,58706000
2014-07-18,29.989574432373047,30.068373984624223,29.28630922495823,29.885495877886974,97432000
2014-07-21,29.65900993347168,29.942495521744483,29.461262353736426,29.80322939334533,44758000
2014-07-22,29.913251876831055,30.176914668884304,29.699646088134973,29.721453979275392,37632000
2014-07-23,29.993541717529297,30.085724724197313,29.803227925547734,29.83792204059039,22120000
2014-07-24,29.885498046875,30.17790528376219,29.785881264029346,30.01039194320581,27100000
2014-07-25,29.641162872314453,29.78587953773678,29.525687874178296,29.699148983217285,27200000
2014-07-28,29.687753677368164,29.790839687131434,29.369078646746306,29.624812338611626,27162000
2014-07-29,29.436481475830078,29.661485605226698,29.34826302334249,29.62233349146035,27332000
2014-07-30,29.510324478149414,29.659502929496128,29.374529473651908,29.528663146667185,24302000
2014-07-31,28.722810745239258,29.33934358169533,28.630132402928567,29.18917445561185,46190000
2014-08-01,28.42792320251465,28.915102218373733,28.264372529395953,28.67324732160832,44266000
2014-08-04,28.85761260986328,28.934430832277677,28.361511938695934,28.57214382926027,30388000
2014-08-05,28.405126571655273,28.755024608013475,28.26486977911118,28.714384603531183,32876000
2014-08-06,28.47203254699707,28.677707331446676,28.123125199101832,28.224725203847917,26456000
2014-08-07,28.339210510253906,28.661354756638495,28.221256946560736,28.549347081033396,23260000
2014-08-08,28.64301300048828,28.7233023321608,28.20093390555449,28.34961512225228,29866000
2014-08-11,28.60881996154785,28.72974930839768,28.5121770631633,28.695552415992267,24068000
2014-08-12,28.35457420349121,28.54191220923672,28.24504508829431,28.497307652070976,27890000
2014-08-13,28.971105575561523,29.048914462278134,28.507218582000565,28.569169247758413,37988000
2014-08-14,28.975566864013672,29.13168186865675,28.790705523971287,29.07666964455618,25458000
2014-08-15,28.928979873657227,29.214448668929702,28.782777198893086,29.116815108047145,34468000
2014-08-18,29.374528884887695,29.490996442900578,29.069730767309633,29.096989212401343,29320000
2014-08-19,29.593090057373047,29.627782280309198,29.460764277114357,29.517757833116164,20864000
2014-08-20,29.508840560913086,29.587146681009095,29.389399102903344,29.585163457851106,19346000
2014-08-21,29.360652923583984,29.500909708846894,29.295233031413492,29.483563596929883,22640000
2014-08-22,29.366600036621094,29.488022817288496,29.23080314304728,29.402778258977673,17544000
2014-08-25,29.268964767456055,29.517262775610664,29.20404020947383,29.477119997600802,25912000
2014-08-26,29.147541046142578,29.342314713808502,29.11433482327114,29.339836157774315,29434000
2014-08-27,28.89379119873047,29.209492317333936,28.78971453015274,29.1321768702588,27292000
2014-08-28,28.76097297668457,28.978543336367277,28.640043627037414,28.74610352926141,28116000
2014-08-29,28.862071990966797,28.88883510224322,28.657883215381357,28.861576657881574,24122000
2014-09-02,29.172815322875977,29.206021544671824,28.864054555819006,28.891311108974932,31660000
2014-09-03,29.216922760009766,29.463239404778676,29.06725088569925,29.326451861356357,31580000
2014-09-04,29.39633560180664,29.63719983445246,29.270452930683042,29.346280489457303,32616000
2014-09-05,29.626296997070312,29.66197988707156,29.416655764498078,29.494961879839906,35982000
2014-09-08,29.81710433959961,29.91077523472671,29.638190774640623,29.69370022347255,31984000
2014-09-09,29.338348388671875,29.7660571701196,29.26450405569113,29.74970172516155,31424000
2014-09-10,29.410213470458984,29.42508291719321,29.098974114061217,29.326952131085143,23202000
2014-09-11,29.29572868347168,29.337359352525738,29.0444567792043,29.24071645785247,30028000
2014-09-12,28.987958908081055,29.314065819651947,28.907669567710062,29.260046150196818,37030000
2014-09-15,28.82638931274414,28.939385755694733,28.59692342346823,28.85612442274827,30908000
2014-09-16,29.180255889892578,29.248154348504855,28.792198257274695,28.792198257274695,31592000
2014-09-17,29.403770446777344,29.54154867989261,29.09798353502959,29.216432432624654,34390000
2014-09-18,29.60102081298828,29.61539303514474,29.39038703044482,29.490996366708714,29890000
2014-09-19,30.003948211669922,30.003948211669922,29.625305756173347,29.711045647720223,83832000
2014-09-22,29.60102081298828,29.924651040394572,29.395344142585603,29.86022181665477,35644000
2014-09-23,29.2992000579834,29.57029665045138,29.252612273143164,29.488521305695286,28074000
2014-09-24,29.658016204833984,29.741774768057052,29.25558450661432,29.31852773495971,35160000
2014-09-25,29.005306243896484,29.640671205231577,28.980029128749997,29.58714686664427,33420000
2014-09-26,29.136638641357422,29.219404643096734,28.99291263778882,29.039003193693677,25782000
2014-09-29,29.132177352905273,29.20651891202636,28.82292123123419,28.835805563806545,22874000
2014-09-30,29.161914825439453,29.290276054217447,28.96813370418919,29.11631960113076,31430000
2014-10-01,28.726776123046875,29.177281623605836,28.64698211175558,29.08212472230475,28954000
2014-10-02,28.788726806640625,28.905689710117166,28.450227096736043,28.645991454643216,30726000
2014-10-03,29.05486488342285,29.15596766827684,28.918572650123973,28.948309653003125,24290000
2014-10-06,29.130691528320312,29.35966209494261,29.01273796793715,29.238237421610844,25722000
2014-10-07,28.452699661254883,29.035035499665348,28.452699661254883,28.98795428264972,30914000
2014-10-08,28.930469512939453,28.977552630309862,28.132544526896414,28.486902458878742,44158000
2014-10-09,28.28965187072754,28.870499935200097,28.201433415669413,28.82490470823518,48234000
2014-10-10,27.515514373779297,28.508706422374118,27.50659270597561,28.12411807110692,59574000
2014-10-13,26.998098373413086,27.797511110862022,26.98224015304618,27.512537680894848,55116000
2014-10-14,27.193370819091797,27.686002300290014,26.985712804071515,27.26523382469037,52198000
2014-10-15,26.798870086669922,26.956966430066004,26.188778484910646,26.865775979742928,76720000
2014-10-16,26.610044479370117,26.811754717666698,26.016803650213582,26.118403659643135,76100000
2014-10-17,25.918672561645508,26.93367245090668,25.69267589435951,26.784989338406554,119930000
2014-10-20,26.385034561157227,26.423693226692905,25.728854381345435,25.793777042461198,54964000
2014-10-21,26.665054321289062,26.70172787556218,26.276994878225526,26.627388210257852,49190000
2014-10-22,26.89600944519043,27.29596260221665,26.7740894301098,26.814729435136677,59474000
2014-10-23,27.439189910888672,27.625041909527464,27.035270357206407,27.17304857836527,43026000
2014-10-24,27.203779220581055,27.506098807262507,27.018422534752812,27.505108140983015,43508000
2014-10-27,27.25234603881836,27.456536710248695,27.11952492635339,27.147278704515283,31934000
2014-10-28,27.701366424560547,27.714250757294863,27.279605402104917,27.343043961884817,34774000
2014-10-29,27.677082061767578,28.00021696972256,27.554666720550827,27.796026289988596,41066000
2014-10-30,27.76727867126465,27.87779844267864,27.363856360833676,27.66716656589524,32250000
2014-10-31,28.143939971923828,28.186563195990125,27.992284858075877,28.165252529249152,46810000
2014-11-03,27.94074249267578,28.10825772240772,27.834682599072348,27.928848826288515,30834000
2014-11-04,27.961557388305664,27.991294389684082,27.669647382149492,27.811390163276336,27726000
2014-11-05,27.55318260192871,28.09586922507573,27.46397347938148,28.090418669819854,32906000
2014-11-06,27.34204864501953,27.59530374429074,27.287036425495256,27.53087452478535,33014000
2014-11-07,27.348491668701172,27.535831548674825,27.226078231674457,27.535831548674825,31782000
2014-11-10,27.666179656982422,27.785123887763937,27.33858296274331,27.37724163380254,26090000
2014-11-11,27.817834854125977,27.877802302805083,27.56755361075492,27.680551953707145,21966000
2014-11-12,27.66716957092285,27.815850800649084,27.5308773408329,27.810895578911452,21882000
2014-11-13,27.57746696472168,27.794541990556606,27.460999394968113,27.79404665740818,30220000
2014-11-14,27.515514373779297,27.654778602165685,27.382691366458214,27.654778602165685,28502000
2014-11-17,27.091772079467773,27.515514434685095,26.98273829546411,27.515514434685095,33612000
2014-11-18,26.9862060546875,27.3965668312125,26.951018499585413,27.155702609467607,36440000
2014-11-19,27.119525909423828,27.170076355431515,26.722544775763797,26.998101234979604,30346000
2014-11-20,26.949037551879883,27.02932500237852,26.83703176580266,26.8662715451469,35016000
2014-11-21,27.054601669311523,27.309838130278482,27.01049244387509,27.309838130278482,50120000
2014-11-24,27.13340187072754,27.31727065142479,26.968365200713805,27.088301981122555,33076000
2014-11-25,27.220134735107422,27.382197529680884,27.105155057110498,27.120022613678035,38072000
2014-11-26,27.14579200744629,27.25234723630979,27.0218906664694,27.220133568266196,29604000
2014-11-28,27.21269989013672,27.238470446549254,26.984721875643118,27.1096138833177,24202000
2014-12-01,26.745344161987305,27.19832820113651,26.694296490697372,27.014952850997783,39888000
2014-12-02,26.692808151245117,26.854375595351772,26.49803448440839,26.735429483813252,41480000
2014-12-03,26.612520217895508,26.832569117887118,26.525294325231812,26.638787997609608,32476000
2014-12-04,26.890554428100586,26.89600687335971,26.50943342000707,26.64572564564171,32598000
2014-12-05,26.171926498413086,26.673479623806887,26.131288387551994,26.5991380655245,61402000
2014-12-08,26.303260803222656,26.4564019019919,26.118399483284183,26.22842391952001,64566000
2014-12-09,26.569902420043945,26.596665536434667,25.94048330460541,26.06289866108317,43322000
2014-12-10,26.16994285583496,26.730968043979235,26.142684412909965,26.55948827631499,46222000
2014-12-11,26.371658325195312,26.61599180355563,26.225455639056204,26.267581644494467,41426000
2014-12-12,25.846317291259766,26.378100909083265,25.843838734935225,26.140210547709856,47314000
2014-12-15,25.5653076171875,26.037619103435144,25.543501615809003,25.957826985507324,52352000
2014-12-16,24.689075469970703,25.552418331087274,24.64100169360507,25.454289446059672,86998000
2014-12-17,25.099931716918945,25.22978082530127,24.73615683645133,24.773327613655034,72788000
2014-12-18,25.50484275817871,25.585625535795494,25.105383086764157,25.572739313037275,77534000
2014-12-19,25.773462295532227,25.811623742402706,25.21937548034972,25.622302507418173,97442000
2014-12-22,26.381074905395508,26.414281132291407,25.800720277949527,25.801712834834085,66390000
2014-12-23,26.701730728149414,26.876679746312202,26.45145137046085,26.49060348493542,57544000
2014-12-24,26.61054039001465,26.777063073765465,26.5198433792565,26.70420939962448,14754000
2014-12-26,26.838024139404297,26.923764040956065,26.539173762169114,26.61054143969944,22270000
2014-12-29,26.62937355041504,26.957465599410305,26.621939771824227,26.78747179580619,44300000
2014-12-30,26.528762817382812,26.65563804268226,26.445996815607206,26.51290270525125,20972000
2014-12-31,26.299795150756836,26.683392839905057,26.276996593181696,26.650681948192222,24648000
2015-01-02,26.24478530883789,26.554538689082406,26.16201740580002,26.395943219059387,26480000
2015-01-05,25.744712829589844,26.167464473679285,25.65996550189752,26.12583380942673,41182000
2015-01-06,25.109352111816406,25.83144763477593,25.05533054976907,25.796260075707373,54456000
2015-01-07,25.035505294799805,25.349718543930422,24.96116562266541,25.322957320689344,46918000
2015-01-08,25.122732162475586,25.151971940893755,24.533455909070756,24.85510481517705,73054000
2015-01-09,24.815950393676758,25.20648840777159,24.71336161380152,25.18567307381611,42000000
2015-01-12,24.634563446044922,24.794147694281943,24.329765283309175,24.7426046856374,57138000
2015-01-13,24.869476318359375,25.206488103596488,24.64447220299611,24.90763776348392,60958000
2015-01-14,25.07416343688965,25.18964034288116,24.68907971722886,24.801085509936147,52800000
2015-01-15,24.979007720947266,25.263483974305565,24.87988626492731,25.22086263679171,51068000
2015-01-16,25.29867172241211,25.31799916670313,24.933408926318027,24.936382815574586,49658000
2015-01-20,25.272897720336914,25.553906605480144,25.244648610014988,25.41315449636776,46796000
2015-01-21,25.79080581665039,25.863164147556414,25.255551166824418,25.317501831447743,46356000
2015-01-22,26.628875732421875,26.705198625022977,25.866140248941647,25.920159917266922,56068000
2015-01-23,26.85933494567871,27.03081474965578,26.552060121963816,26.665058472649633,45966000
2015-01-26,26.600130081176758,26.83702974983726,26.36967352389086,26.83702974983726,30932000
2015-01-27,25.83045768737793,26.404864544864676,25.814102240248438,26.33647075740005,39148000
2015-01-28,25.396305084228516,26.05347788728196,25.392340528778753,26.019280996974253,35822000
2015-01-29,25.435955047607422,25.533093275569083,24.952738682816666,25.419599601712203,79018000
2015-01-30,26.641265869140625,26.91632698706166,25.681278179058026,25.721918180369666,121108000
2015-02-02,26.376117706298828,26.589228161069897,25.856723125756513,26.481185043761325,75378000
2015-02-03,26.430635452270508,26.636310245242328,26.108986536682703,26.26411088232547,47062000
2015-02-04,26.07379722595215,26.60161623215957,26.020766335374578,26.422702674265885,33896000
2015-02-05,26.2586612701416,26.301282607769842,26.051001356029268,26.164495035906885,33176000
2015-02-06,26.459381103515625,26.773594364727582,26.200180071467173,26.317142975083556,42938000
2015-02-09,26.231403350830078,26.459381381471278,26.145663450115162,26.319619917328254,30314000
2015-02-10,26.770618438720703,26.81224910728996,26.22594863435518,26.373639197387053,47430000
2015-02-11,26.6635684967041,26.85933284449532,26.56444704470312,26.749308391985274,38306000
2015-02-12,27.060546875,27.176021870682565,26.614005998753566,26.745836438822085,48590000
2015-02-13,27.315786361694336,27.384180145322926,27.089789675842,27.134889568269575,47382000
2015-02-17,27.010986328125,27.406974888399592,26.924255771854156,27.315784443687487,39174000
2015-02-18,26.894027709960938,27.136875196680474,26.740391240328343,26.952013831245903,31164000
2015-02-19,27.082353591918945,27.102673592025468,26.7998587039475,26.88510325966048,30834000
2015-02-20,26.851896286010742,27.138355721258126,26.66852284767661,27.138355721258126,38234000
2015-02-23,26.5148868560791,26.72799731289808,26.366205625657223,26.71312975703122,32906000
2015-02-24,26.695783615112305,26.73295250473786,26.316643925671908,26.343902371786925,28406000
2015-02-25,27.1259708404541,27.236985964571776,26.664065116521776,26.68537767602754,40836000
2015-02-26,27.718713760375977,27.760344430858236,27.014953136685282,27.047168696404526,54032000
2015-02-27,27.884244918823242,28.22076138546092,27.60670523355572,27.662212792492337,68328000
2015-03-02,28.498300552368164,28.54637433563121,27.910016819119566,28.10082595273629,50406000
2015-03-03,28.685142517089844,28.7872359626418,28.27428450704446,28.56421317964636,50526000
2015-03-04,28.66234588623047,28.82589467769312,28.3743985266814,28.594942768410792,37964000
2015-03-05,28.81598472595215,28.903705956657934,28.657391153698747,28.726280272094776,35918000
2015-03-06,28.39322853088379,28.88288606063542,28.351597866534526,28.844229285251703,37592000
2015-03-09,28.452699661254883,28.519605543637162,28.20241846010725,28.295096785583013,23478000
2015-03-10,27.746469497680664,28.23761502420325,27.744981607581646,28.174176457147933,40080000
2015-03-11,27.54029083251953,27.961059245110494,27.526413944721106,27.743984261441902,40524000
2015-03-12,27.811885833740234,27.84509016723533,27.532364823496174,27.67856749489871,35602000
2015-03-13,27.406978607177734,27.96998713556499,27.27465281059591,27.71574131998144,35428000
2015-03-16,27.83517837524414,27.93975037349583,27.32371293550188,27.60174793295068,36856000
2015-03-17,27.635452270507812,27.785619505199847,27.476858700786728,27.66915193887057,28892000
2015-03-18,28.059192657470703,28.076538768851446,27.43175497741798,27.641396203867718,35324000
2015-03-19,27.935787200927734,28.098840651094154,27.858968976251962,27.977913202163844,24660000
2015-03-20,27.999221801757812,28.10577702033527,27.975929803871434,28.086449577608608,44320000
2015-03-23,28.020042419433594,28.23166689728938,27.90555806894263,28.051265424112948,30234000
2015-03-24,28.623193740844727,28.83828553670261,28.154844920307802,28.1771481453736,79156000
2015-03-25,28.10082244873047,28.74857821856287,28.10082244873047,28.624676886681858,53070000
2015-03-26,27.93429946899414,28.110241033898784,27.670143236250304,27.984356472002673,49842000
2015-03-27,27.632476806640625,27.955611706446064,27.601749138831863,27.844594701499393,34552000
2015-03-30,27.810400009155273,27.86095234869072,27.594812874935357,27.76629267225554,24788000
2015-03-31,27.491228103637695,27.87532109785129,27.489740213804282,27.651802989420585,34932000
2015-04-01,27.233020782470703,27.679559825001952,27.061540987577295,27.49767425304637,38902000
2015-04-02,26.82761573791504,27.15917511000627,26.784497176444784,27.129935329601178,47760000
2015-04-06,26.95845603942871,27.03725749488206,26.549581205105145,26.70520089279814,33718000
2015-04-07,27.00355339050293,27.26622362354651,26.94061205493485,27.009996502109804,27318000
2015-04-08,27.200803756713867,27.33263609705122,27.060051639208375,27.060051639208375,28386000
2015-04-09,27.16016387939453,27.227071661384997,26.859332198747314,27.219142550402573,32366000
2015-04-10,27.185935974121094,27.250860532233496,27.009500968246964,27.236983642901645,26104000
2015-04-13,27.19089126586914,27.42035716412749,27.074920929261612,27.112091708806137,29326000
2015-04-14,26.751785278320312,27.088301726641998,26.55156105431552,27.088301726641998,47206000
2015-04-15,26.814231872558594,26.92078709831587,26.384541747207937,26.66158609041061,46962000
2015-04-16,26.93714141845703,27.021888749949863,26.66852342101884,26.68091241988719,31722000
2015-04-17,26.402881622314453,26.75277967531566,26.217526818212896,26.629373656579368,49234000
2015-04-20,26.987199783325195,27.05014301376542,26.433112943817477,26.45293761309919,38508000
2015-04-21,26.907405853271484,27.147774753032532,26.872218296543842,27.0754164165487,29128000
2015-04-22,27.217655181884766,27.30785496543711,26.82810971129072,26.9143449392759,31806000
2015-04-23,27.628015518188477,27.811886195200906,27.262259277790157,27.278614723488467,78184000
2015-04-24,28.43089485168457,28.97804316081146,28.167727417993767,28.747586615400877,92168000
2015-04-27,28.05721092224121,28.523079288730045,27.867889686310665,28.386788946535724,48062000
2015-04-28,27.97047996520996,28.14195975329,27.801478733304794,27.968001409035093,37178000
2015-04-29,27.822792053222656,28.043336309199834,27.70434314683726,27.779178157075613,33622000
2015-04-30,27.19733428955078,27.808911867134874,27.09573617574743,27.68253197332567,47240000
2015-05-01,27.315786361694336,27.31876025105877,26.953497441714816,27.28357080240002,36572000
2015-05-04,27.3990478515625,27.589855089800704,27.128941938063825,27.307360176230937,35260000
2015-05-05,26.913352966308594,27.38764764249091,26.880146742846165,27.26622297225077,28528000
2015-05-06,26.51885414123535,26.957465990299035,26.378102007376686,26.893532090438747,39034000
2015-05-07,26.863792419433594,27.02040465207109,26.43806872792071,26.559491512646844,31844000
2015-05-08,27.206256866455078,27.397064101020007,27.16066164152565,27.202292310885273,28226000
2015-05-11,27.04914665222168,27.425312420181257,27.040226875708704,27.183455648249264,21858000
2015-05-12,26.699750900268555,26.90939215587756,26.51488953713808,26.90195648660785,35282000
2015-05-13,26.737415313720703,26.953002444189668,26.712138199100508,26.785984429247467,24238000
2015-05-14,27.218645095825195,27.24293154284862,26.88659041659385,26.95944408591096,31736000
2015-05-15,27.08433723449707,27.288032586024844,26.886591552283566,27.27762491853992,33440000
2015-05-18,27.093257904052734,27.176023907751638,26.87419967122838,26.95201045322472,26706000
2015-05-19,27.22260856628418,27.426797329413652,27.115558018293104,27.15917001414387,47126000
2015-05-20,27.3826904296875,27.559125432010088,27.015446312308498,27.30388898382948,30840000
2015-05-21,27.595802307128906,27.63545164395248,27.223602948915225,27.26820750754953,34170000
2015-05-22,27.48230743408203,27.666673439218293,27.437702877393217,27.479333544891528,24266000
2015-05-26,27.119029998779297,27.423330896914532,26.909884102657312,27.38616011758206,37474000
2015-05-27,27.46892738342285,27.520470387519477,27.08879890982551,27.192875584275104,34844000
2015-05-28,27.465457916259766,27.54376403325567,27.297944572376394,27.446130471510997,23544000
2015-05-29,27.026351928710938,27.453563502232033,27.01247503928569,27.41688805564342,43446000
2015-06-01,27.219141006469727,27.286542227165988,26.94011534214336,27.195351784287432,33210000
2015-06-02,27.454057693481445,27.69393124978492,27.08730891460219,27.130922804089455,31842000
2015-06-03,27.520471572875977,27.654285256039536,27.36485188762693,27.51105457128175,26710000
2015-06-04,27.34204864501953,27.55367307984904,27.214678095786944,27.366333199277186,26866000
2015-06-05,27.235000610351562,27.423331174446826,27.12844538349845,27.357415949659583,24396000
2015-06-08,26.93515968322754,27.251851475545493,26.908891903617572,27.238965252296495,27336000
2015-06-09,26.86973762512207,27.002560621215338,26.705691630231847,26.93218362271599,30016000
2015-06-10,27.38715362548828,27.49519675237415,27.01594679850562,27.04518657943263,30316000
2015-06-11,27.260276794433594,27.497671796548282,27.217158237701096,27.480821018446964,25872000
2015-06-12,27.13290786743164,27.20129975954737,27.041715526969934,27.117047754564776,25468000
2015-06-15,26.911367416381836,26.96340574602043,26.723534096626924,26.89798586153417,27150000
2015-06-16,27.00404930114746,27.094249084403998,26.84050051367789,26.984721856497877,32526000
2015-06-17,27.089792251586914,27.177018155371222,26.85239720941936,27.031310796751097,24440000
2015-06-18,27.564579010009766,27.617608012329857,27.159173431076237,27.159173431076237,41192000
2015-06-19,27.630990982055664,27.650320318126486,27.37030395517798,27.58143119960647,59290000
2015-06-22,27.738039016723633,28.031934133758856,27.699877571793007,27.72465935133973,34752000
2015-06-23,27.921911239624023,27.996748134353187,27.61265321703896,27.74349300424153,31396000
2015-06-24,27.68302345275879,27.884735543550264,27.59579757352729,27.876806433779432,28924000
2015-06-25,27.652301788330078,27.909521484489392,27.628017230127274,27.768769357308333,26684000
2015-06-26,27.40995216369629,27.753902432698936,27.349984711833493,27.739530208824885,43676000
2015-06-29,26.82464027404785,27.302899524996054,26.774583270275233,27.097222845597965,37756000
2015-06-30,26.764673233032227,27.055097254192727,26.739891452036943,27.014952583941437,34510000
2015-07-01,26.926240921020508,27.050637597854173,26.750796572963004,26.9440823666462,30760000
2015-07-02,27.12646484375,27.15917384525205,26.939620273525954,26.99760638907242,28124000
2015-07-06,27.04121971130371,27.18791960830497,26.866766035219026,26.874199813104312,25614000
2015-07-07,27.259780883789062,27.307854664356682,26.75525574497219,27.13092432164705,33578000
2015-07-08,26.846940994262695,27.173049784548095,26.82216110479443,27.040228669517685,27662000
2015-07-09,26.993144989013672,27.202786214751,26.991658989722236,27.19138788176363,29766000
2015-07-10,27.561111450195312,27.718714357895237,27.357417982206332,27.442165324407295,43436000
2015-07-13,28.33524513244629,28.390752690220616,27.689470659040033,27.72961532803799,41792000
2015-07-14,28.952272415161133,29.226342864162607,28.45617174161919,28.472527186718814,74832000
2015-07-15,28.941370010375977,29.175791129481436,28.75551800388741,28.930467010280154,41466000
2015-07-16,29.824539184570312,29.9593435209613,29.137629389055252,29.215935502528435,112642000
2015-07-17,34.67353820800781,34.84105531593802,33.60204202278473,33.70116157376959,257162000
2015-07-20,34.33751678466797,34.58333810869733,33.78888436555513,34.146216128687264,102436000
2015-07-21,34.46192169189453,34.969914178196255,33.906842308639256,33.94302053316761,75604000
2015-07-22,34.44953536987305,35.35302312364907,34.27706488761366,34.39600913509648,83100000
2015-07-23,33.439979553222656,34.497602700601234,33.28435799117702,34.288454913798745,76232000
2015-07-24,32.45075607299805,33.5916407631135,32.37195650205334,33.54109030898875,82622000
2015-07-27,32.62421798706055,33.060349372452855,32.29116883317396,32.29215949947337,58382000
2015-07-28,32.6931037902832,32.91315268384171,32.38335045052939,32.79718045870024,34364000
2015-07-29,32.78082275390625,32.874988978105385,32.35509719380326,32.821958087710556,36756000
2015-07-30,32.935951232910156,33.10891702372775,32.298105848750055,32.58308120631716,39606000
2015-07-31,32.58605194091797,32.95775595545315,32.57118438532356,32.942888399858745,34922000
2015-08-03,32.94388198852539,33.04052488963097,32.593983943233816,32.593983943233816,31348000
2015-08-04,32.77338409423828,33.10643316097975,32.73522454585038,32.92503918408588,26188000
2015-08-05,33.368614196777344,33.69670243178206,32.986500622057434,32.99492506612837,36448000
2015-08-06,33.21299743652344,33.440975479536796,32.74613645812032,33.4033112517416,40660000
2015-08-07,32.92753219604492,33.14609135752419,32.653957017827075,33.095540902006796,27544000
2015-08-10,32.865570068359375,33.28584313467059,32.72134875017169,33.061332490532585,34458000
2015-08-11,34.21164321899414,34.89062403898459,33.915271375013994,34.67156576709286,109880000
2015-08-12,34.269630432128906,34.49413736396955,33.72644654507935,34.41930045963287,58498000
2015-08-13,34.023807525634766,34.39650224990166,33.809211048339925,34.15712398961019,36354000
2015-08-14,34.16554641723633,34.308777098420755,33.844891943728335,33.901390170715075,27598000
2015-08-17,34.40045928955078,34.431680395173096,33.852813796901145,34.099625768366685,24680000
2015-08-18,34.133827209472656,34.482235435141625,33.96482409415733,34.24979943405285,27710000
2015-08-19,34.39699172973633,34.70228327972988,34.038173957526915,34.202219955749236,50194000
2015-08-20,33.675392150878906,34.50206153125303,33.467238806432654,34.15216729180383,57798000
2015-08-21,31.91847038269043,33.348788168366774,31.872377936983362,33.25709861004432,91880000
2015-08-24,30.633861541748047,31.10815620680049,29.393855656723332,29.766056878874625,129788000
2015-08-25,30.354339599609375,32.06566242620945,30.314690266857003,32.03939842990028,71430000
2015-08-26,32.69706344604492,32.83286032617381,31.241470549706545,31.872375504194082,87740000
2015-08-27,33.104454040527344,33.402810944032204,32.26886489604114,33.30418293765727,58974000
2015-08-28,32.6945915222168,33.056876657893376,32.40020105528255,32.99542131978527,38836000
2015-08-31,32.10630416870117,32.928515519634715,32.03345239151003,32.42943906396135,38936000
2015-09-01,31.201335906982422,31.938796268344735,30.97831308664734,31.411967835404848,51458000
2015-09-02,31.962085723876953,31.96951950219816,31.254857758307587,31.619623353866338,37630000
2015-09-03,31.572540283203125,32.276298985070795,31.411963496624615,32.11175764299155,34572000
2015-09-04,31.171592712402344,31.446158488027034,31.04967460313478,31.20826815709168,40478000
2015-09-08,31.91103744506836,31.968526334565944,31.366862983754004,31.76830210636511,39092000
2015-09-09,31.887744903564453,32.57911268977165,31.76334445418812,32.30752268742045,40978000
2015-09-10,32.26787567138672,32.45719501933185,31.802996074181628,31.912029861901487,27850000
2015-09-11,32.47701644897461,32.4775117820571,32.08598312028041,32.224755787917964,34892000
2015-09-14,32.33675765991211,32.50774208194649,32.18956056647168,32.493369861951955,29942000
2015-09-15,32.96122741699219,33.14856542556682,32.379880275154804,32.54689828255717,35546000
2015-09-16,32.9835319519043,33.109909969228006,32.81899059410103,32.98501795138993,26252000
2015-09-17,33.288326263427734,33.79978986297361,32.95775756774443,33.081163578851275,47752000
2015-09-18,32.75554656982422,33.197625645860576,32.711435460129735,32.96072410671361,72544000
2015-09-21,33.05588912963867,33.15600314806935,32.610837945693056,32.98303734155453,39094000
2015-09-22,32.3729362487793,32.65146843863323,31.96802607565712,32.58456066811797,54362000
2015-09-23,32.377403259277344,32.72383016051654,32.250526141309656,32.358073924541806,29160000
2015-09-24,32.45768737792969,32.54987226837911,31.826288939385908,32.1633007154674,38692000
2015-09-25,31.726177215576172,32.639579054980466,31.701892658504505,32.639579054980466,48480000
2015-09-28,30.93816566467285,31.859993870399475,30.620483188814973,31.671661404856437,47646000
2015-09-29,30.85688591003418,31.45508004817376,30.62989856584358,31.00011469356715,42130000
2015-09-30,31.63796043395996,31.68454632470482,31.18101185089274,31.31383296888264,52954000
2015-10-01,31.8178653717041,31.90905960932847,31.278647963516832,31.616650455244166,42506000
2015-10-02,32.5607795715332,32.56127490471393,31.396602912388026,31.62012106489926,48788000
2015-10-05,33.28882598876953,33.35573378221422,32.50527314917778,32.78925788083438,37960000
2015-10-06,33.286834716796875,33.64168602035817,32.86259519334945,33.17333916842883,42774000
2015-10-07,33.205562591552734,33.63872199372255,32.61628627468729,33.572309537567875,44354000
2015-10-08,33.0568733215332,33.29922731762536,32.43687133864488,33.17829798611714,39308000
2015-10-09,33.26701354980469,33.40825910734561,32.826915760129864,33.081161544872245,32124000
2015-10-12,33.52423858642578,33.6010568267645,33.06877780969806,33.165420721925734,26684000
2015-10-13,33.85826873779297,34.12044361488445,33.35968764662366,33.41668497989849,42446000
2015-10-14,33.721492767333984,34.19875957581572,33.64665585559538,33.88603415027746,31292000
2015-10-15,34.3464469909668,34.402945221057735,33.91874003763145,33.96136137678184,47156000
2015-10-16,34.46043014526367,34.50503659309897,34.15216658111849,34.46439659129056,36316000
2015-10-19,34.68989944458008,34.704271667654304,34.30629985739765,34.395013642656146,30172000
2015-10-20,33.7011604309082,34.59325148419371,33.38793600556143,34.58779903940569,52434000
2015-10-21,33.29477310180664,33.94401500831403,33.240256201745936,33.86025832547004,31952000
2015-10-22,33.75766372680664,34.10012797866702,33.28981213180175,33.47516881429888,88632000
2015-10-23,35.65037536621094,37.29429881118773,35.5814862597858,37.173369484567786,126726000
2015-10-26,36.234703063964844,36.424521542196786,35.68458074771686,35.68458074771686,48776000
2015-10-27,36.318946838378906,36.47456838648194,35.888763308780476,36.00919352252496,38778000
2015-10-28,36.52214813232422,36.54444946438141,36.043887029364974,36.32787169266698,39604000
2015-10-29,36.9151611328125,37.01130868216569,36.43491871910324,36.50777427128733,36520000
2015-10-30,36.54544448852539,36.987523642429196,36.50282315164418,36.95035475123488,39984000
2015-11-02,37.05839538574219,37.080201385856626,36.251051580222104,36.40370114336064,39914000
2015-11-03,37.11191940307617,37.25465095212452,36.732282521981745,36.94390696134643,36306000
2015-11-04,37.433570861816406,37.661053560571084,37.13075592996959,37.16544815697458,41840000
2015-11-05,37.699214935302734,37.9807191831101,37.540621365667356,37.60703003608926,45486000
2015-11-06,37.745304107666016,37.81567921821528,37.4196887710579,37.63577499594881,33544000
2015-11-09,37.406803131103516,37.829556696412794,37.12629335071772,37.59265513452091,35538000
2015-11-10,37.57977294921875,37.69574518654897,37.091605113135245,37.34287514304313,29798000
2015-11-11,37.92620086669922,38.116015541307995,37.65361640668833,37.78396085814477,41866000
2015-11-12,37.49403381347656,37.953460969461254,37.46082758747694,37.674928718742756,35452000
2015-11-13,36.67826843261719,37.43455892881181,36.64852953927133,37.37062692516379,48188000
2015-11-16,37.19121551513672,37.25514751447282,36.3937859551659,36.68520440328706,50704000
2015-11-17,36.97116470336914,37.415724239402024,36.87551248529831,37.29281357803465,38864000
2015-11-18,37.66649627685547,37.72051782663088,37.041041904838885,37.14908500438972,36266000
2015-11-19,37.66304397583008,37.8260955751201,37.52873304733926,37.65511108182445,28078000
2015-11-20,38.50852966308594,38.6235112100174,37.86920216404733,38.1269152520873,55478000
2015-11-23,38.49366760253906,38.80094428854692,38.33556937088508,38.53183093966916,34648000
2015-11-24,38.14326858520508,38.45847433547861,37.57233108055604,38.30830523718306,47880000
2015-11-25,38.12493896484375,38.310295640761666,37.98963740154698,38.24536919123623,23612000
2015-11-27,38.259246826171875,38.35985616765647,38.01293014200429,38.11998259525564,14434000
2015-11-30,37.80725860595703,38.41090333313386,37.72151681740455,38.25429109375939,33586000
2015-12-01,38.84504699707031,38.90501632777497,37.960888829521004,38.00995327058177,40398000
2015-12-02,38.550662994384766,39.303981443709375,38.480284102269266,38.91740988542644,46876000
2015-12-03,38.07240295410156,38.8792476496772,37.78743138943323,38.68497119885509,41950000
2015-12-04,38.618064880371094,38.77715378075039,37.9390879429915,38.14724129104208,49800000
2015-12-07,38.30979919433594,38.706776533144634,37.99905140758588,38.6601887536702,36626000
2015-12-08,38.416351318359375,38.5903077598013,37.7908968809331,37.88902576778048,31082000
2015-12-09,37.792381286621094,38.46343280759247,37.27001287006978,38.21612548740037,46550000
2015-12-10,37.667991638183594,37.966843901837095,37.41820760618655,37.8439332184569,32458000
2015-12-11,37.19121551513672,37.53913218505111,37.10349240272854,37.12084040444098,43184000
2015-12-14,37.79188919067383,37.87168319457335,36.48943915033752,37.23284717377859,53864000
2015-12-15,37.670467376708984,38.397022713270175,37.56688604281139,38.052081822339964,49386000
2015-12-16,38.48821258544922,38.73155725240424,37.51980237315658,37.99161658983304,53120000
2015-12-17,38.1531867980957,38.73601613793585,38.12691901929806,38.71470547127347,36510000
2015-12-18,37.509891510009766,38.36679513735825,37.49700528629999,38.024330886296674,67794000
2015-12-21,37.705665588378906,37.98072677929313,37.37608749251449,37.81717606444257,34848000
2015-12-22,38.019378662109375,38.17846758407952,37.72548726932215,37.877637745415626,36338000
2015-12-23,38.087764739990234,38.255777187749835,37.54953806978515,38.19580785297315,30594000
2015-12-24,37.955440521240234,38.12196319539318,37.88357940810952,38.08826163783811,10412000
2015-12-28,38.768226623535156,38.79697106405585,38.04910515281319,38.161606249736664,31156000
2015-12-29,39.349082946777344,39.583504058033576,38.964492723571475,39.00364294351675,38430000
2015-12-30,39.167694091796875,39.47298946788614,39.01405762802681,39.34908811809244,28566000
2015-12-31,38.55859375,39.070057330670686,38.524396859254466,39.04478021715522,32752000
2016-01-04,37.63825225830078,37.775039816843936,37.04848069065021,37.775039816843936,67382000
2016-01-05,37.7418327331543,38.12196117527121,37.450418068829,37.8692051787552,45216000
2016-01-06,37.6328010559082,37.949988183144754,37.07128236216746,37.188740590244564,48206000
2016-01-07,36.72435760498047,37.43356877703162,36.440872025646534,36.99644674111335,63132000
2016-01-08,36.22428894042969,37.17634554894805,36.1256609440653,37.06136399928371,47506000
2016-01-11,36.33134460449219,36.43096328618479,35.66178273867717,36.275837041778786,50896000
2016-01-12,36.939453125,37.08813626525759,36.497869265201864,36.711970415977646,46816000
2016-01-13,35.662269592285156,37.31907919727576,35.523996051534446,37.13768521410877,51728000
2016-01-14,36.24808120727539,36.66934501648407,34.94017866316869,35.90363562560155,55558000
2016-01-15,35.2122688293457,35.88975978830564,34.76721389231508,35.18748704759589,76676000
2016-01-19,35.63799285888672,35.948740691633965,35.18055078378689,35.69102375766481,48724000
2016-01-20,35.61221694946289,36.02802826653734,34.08674233606714,34.9847774134782,82440000
2016-01-21,36.01416015625,36.55932538005793,35.242998218206466,35.69201586635506,51938000
2016-01-22,36.945396423339844,37.09903665794988,36.699578854067745,36.77391663401098,47146000
2016-01-25,36.35859680175781,37.29231854425593,36.30308924858752,36.86510700560522,45340000
2016-01-26,36.36703109741211,36.648040052049915,36.02902857495419,36.43741000524969,30940000
2016-01-27,35.56365203857422,36.47110233263639,35.358966020838345,36.47110233263639,42428000
2016-01-28,37.08614730834961,37.227888192584565,36.208923767274506,36.585089539222174,62104000
2016-01-29,37.73291015625,37.91925747474166,36.88294510995773,37.11885598283506,75808000
2016-02-01,38.199771881103516,38.537774306433036,37.73439701671805,38.224054544631905,111522000
2016-02-02,38.70232009887695,40.161382408654944,38.686953428685136,39.6732108235701,135846000
2016-02-03,37.13968276977539,39.223700802294246,36.489446396113856,38.96846429939019,131114000
2016-02-04,36.1806755065918,36.93449306742715,35.812442617613954,36.9022775106316,104922000
2016-02-05,34.87872314453125,36.01663189098759,34.6993142431125,35.95617100046142,109556000
2016-02-08,34.89855194091797,34.91639527901309,33.80078395353405,34.08179289622379,89410000
2016-02-09,34.7429313659668,35.73117024997232,34.12243389757832,34.342978167841295,84300000
2016-02-10,35.0318603515625,35.843166763463365,34.9595039117977,35.27669100973406,60314000
2016-02-11,35.0075798034668,35.302960920712195,34.255747344927826,34.510983794143755,65004000
2016-02-12,35.033851623535156,35.48534590475002,34.770682252041645,35.29751254701565,46538000
2016-02-16,35.56662368774414,35.82632192970277,35.19690099331598,35.61667880155924,43444000
2016-02-17,36.27682113647461,36.36553491034822,35.51557361968671,36.03050448097004,49154000
2016-02-18,35.560176849365234,36.476550597063806,35.46303863066526,36.37544971377849,47276000
2016-02-19,35.78815841674805,35.88331531266133,35.34260816350773,35.48038639498227,34918000
2016-02-22,36.132102966308594,36.419554941224014,35.854565214621026,36.15489962986342,37516000
2016-02-23,35.549278259277344,36.22379724590707,35.468992694342795,35.985908768899954,41332000
2016-02-24,35.728187561035156,35.74404956379297,34.79248820741006,35.21820999298871,37092000
2016-02-25,36.13557434082031,36.15489989203504,35.348055292943855,35.82879303143744,36146000
2016-02-26,35.92445373535156,36.48448648674226,35.77973704655751,36.35761313540331,42474000
2016-02-29,35.54581069946289,36.208929456804874,35.52697669595997,35.73314872466907,45068000
2016-03-01,36.782344818115234,36.79027392922235,35.61618318536407,35.74801363779594,60112000
2016-03-02,36.64902877807617,36.829428365200954,36.340266055681795,36.81704125458639,36292000
2016-03-03,36.257991790771484,36.72435738451275,36.160853561150574,36.64902515606832,40534000
2016-03-04,36.19009017944336,36.42698792933757,35.96210842415827,36.41707748749257,48516000
2016-03-07,35.326744079589844,36.04091223239357,34.947111006342205,35.938816908534655,61690000
2016-03-08,35.3629264831543,35.795095159191,34.8906169202476,35.10818536697889,52530000
2016-03-09,35.95170593261719,35.99284126519183,35.31980838928819,35.444205053170265,39544000
2016-03-10,36.28673553466797,36.50331330145577,35.846637775808276,36.069658653644055,44616000
2016-03-11,36.916160583496094,36.917646583019746,36.51125029090186,36.67232432069308,35380000
2016-03-14,37.18230056762695,37.381534150223594,36.856189854893664,36.921116310014405,32824000
2016-03-15,37.19865417480469,37.31958352606561,36.81554989926204,36.97315280995888,29832000
2016-03-16,37.53516387939453,37.61644387641589,36.99693723741421,37.12331523054991,29306000
2016-03-17,37.590675354003906,37.930659150739736,37.53516779535316,37.5495400181346,44564000
2016-03-18,37.43851852416992,37.772059152383314,37.260595654453205,37.74678582412518,56222000
2016-03-21,37.77305221557617,37.83153176083622,37.233335848621,37.364175607099824,28774000
2016-03-22,37.668487548828125,37.913813586195,37.56094353509855,37.58869731685704,22096000
2016-03-23,37.54507064819336,37.93313192834209,37.469243103497824,37.832027275025354,24678000
2016-03-24,37.41027069091797,37.545073123058,37.195178930454425,37.22987114988403,31116000
2016-03-28,37.33295822143555,37.58175154241926,37.271502890787986,37.476185100756226,21676000
2016-03-29,37.957916259765625,38.02185204152048,37.08565357421941,37.35278180023132,40062000
2016-03-30,38.079341888427734,38.52390146744234,38.04167766593799,38.07289877678006,40396000
2016-03-31,37.80973434448242,38.116016589411664,37.57927587992362,38.07934303204804,32554000
2016-04-01,38.145259857177734,38.16359474513441,37.428115802807774,37.525257812808825,31674000
2016-04-04,37.91975784301758,38.28254208599755,37.75472116728307,38.13732629724727,26924000
2016-04-05,37.59513473510742,37.80824517881009,37.447937622513585,37.573328735766864,24478000
2016-04-06,38.065956115722656,38.08330411628914,37.48262770609043,37.55895059001251,25312000
2016-04-07,37.671958923339844,38.129896325530204,37.542109791735356,37.929672072717175,25498000
2016-04-08,37.639739990234375,38.019373125392455,37.45636842498476,37.95692712159632,23434000
2016-04-11,37.54408264160156,38.023829719360386,37.53417219935936,37.936106613668265,31774000
2016-04-12,37.88010787963867,37.90984299079159,37.24821029945785,37.588197869959586,27388000
2016-04-13,38.25627517700195,38.44658518949938,37.89349092576384,38.17697650258468,35426000
2016-04-14,38.42875289916992,38.637896953553515,38.321205091482035,38.42726689950669,26992000
2016-04-15,38.65721893310547,38.70331138207798,38.405945134580506,38.43419802865127,31712000
2016-04-18,39.03783416748047,39.08095460822465,38.53876157423385,38.666625553908126,33540000
2016-04-19,38.47136688232422,39.19990738189439,38.17499508253177,39.17760604770401,43952000
2016-04-20,38.405452728271484,38.640372989177926,38.224557812820976,38.61559120627492,34262000
2016-04-21,38.65721893310547,38.74048027243071,38.23843178967647,38.523902479793506,77628000
2016-04-22,36.56427764892578,37.364679263945675,36.19753073330452,36.8685785600778,140798000
2016-04-25,36.78432846069336,36.91665425455656,36.4319537498207,36.44434464096511,49442000
2016-04-26,35.949729919433594,36.951841823038585,35.6994467742317,36.89385759485888,55864000
2016-04-27,35.755950927734375,36.03794675510101,35.14238814310158,35.947251627582325,66262000
2016-04-28,34.943145751953125,36.1425134551976,34.85096464809777,35.846637029721535,62590000
2016-04-29,35.082908630371094,35.2925479460012,34.87970864440422,34.89656131164379,58278000
2016-05-02,35.40654373168945,35.456103511833895,35.00758126259808,35.28313772386354,33476000
2016-05-03,35.11066436767578,35.35499591637051,35.05565214659249,35.31187925151295,38620000
2016-05-04,35.255882263183594,35.43826317704024,34.893097986947424,35.0279042302782,34172000
2016-05-05,35.42141342163086,35.56216365946104,35.160724500586255,35.435785645303554,29668000
2016-05-06,35.940311431884766,35.98045610469309,35.28462645285615,35.29701734414304,39952000
2016-05-09,36.13607406616211,36.39180585332225,35.8570464982338,36.015640059791885,38074000
2016-05-10,36.64406967163086,36.67479544849029,36.25898410767626,36.42501144414202,32634000
2016-05-11,36.206451416015625,36.71444768996058,36.075116291978944,36.70057079973156,29834000
2016-05-12,36.08353805541992,36.44533162193915,35.89520938504354,36.2783098372931,27094000
2016-05-13,35.9229621887207,36.24312129779035,35.85754040932346,36.011675966793646,25244000
2016-05-16,36.19405746459961,36.312011021571976,35.68358456812591,35.89768568229312,22538000
2016-05-17,35.69300079345703,36.4691197197954,35.58446612427509,36.23172659914149,33404000
2016-05-18,35.77180099487305,35.95963431961502,35.4367705628986,35.60924100016118,32536000
2016-05-19,35.45114517211914,35.70836673671555,35.20334249880722,35.599332955471304,30598000
2016-05-20,35.768333435058594,36.065200563188185,35.436278749684575,35.5081436446972,34798000
2016-05-23,35.54729080200195,35.857044126838446,35.53192791432116,35.6825923550125,24816000
2016-05-24,36.32936477661133,36.38734900750142,35.666242214345246,35.676156440194205,37884000
2016-05-25,36.580623626708984,36.6693373931854,36.30804299796811,36.42698720357925,32216000
2016-05-26,36.52264404296875,36.72931137520438,36.327872267152486,36.47655159772016,27202000
2016-05-27,37.05146026611328,37.06682315607613,36.52661131110884,36.55139309324433,34802000
2016-05-31,37.11341094970703,37.34287497641689,36.95085092867566,37.10894917019417,42484000
2016-06-01,37.094078063964844,37.23829940116446,36.88988739091535,37.09457339706675,20788000
2016-06-02,36.886417388916016,37.03658649363624,36.526109847967,36.97711249519373,33916000
2016-06-03,36.46962356567383,36.748651201094944,36.37298064980359,36.748651201094944,24608000
2016-06-06,36.18216323852539,36.600455039132164,36.09444390309238,36.600455039132164,29992000
2016-06-07,36.23320770263672,36.5117361210108,36.21883548197695,36.34125080527608,24314000
2016-06-08,36.820011138916016,36.8636231430743,36.46515976435017,36.65001733945805,32314000
2016-06-09,36.79969024658203,36.86957003064332,36.50133710760928,36.529586221116226,19180000
2016-06-10,36.3372917175293,36.65695553042757,36.204470592209304,36.474079289185745,29050000
2016-06-13,36.27237319946289,36.625243279400514,36.170277842172666,36.170277842172666,23354000
2016-06-14,36.34026336669922,36.47655560389819,36.00573200030431,36.14499623635023,26584000
2016-06-15,36.28772735595703,36.53354490623551,36.244111576435685,36.423025129934736,23234000
2016-06-16,35.89421844482422,36.198519338651344,35.46254510250856,36.0780853347088,45002000
2016-06-17,34.90300369262695,35.752469608011744,34.747877484030845,35.752469608011744,82262000
2016-06-20,34.99617385864258,35.478892899941414,34.96049097550608,35.203336495209506,45654000
2016-06-21,35.13247299194336,35.45461723208789,34.92332898205012,35.19045721583172,30318000
2016-06-22,35.21126937866211,35.39662603879955,34.98378672047095,35.388696928493594,29058000
2016-06-23,35.42933654785156,35.42983188091735,34.70476258298527,35.215235447210084,42500000
2016-06-24,33.95887756347656,34.94017783883471,33.944505340796354,34.205194243838825,95436000
2016-06-27,33.75766372680664,33.866202181164574,33.33739058054538,33.824571511160016,58146000
2016-06-28,34.259212493896484,34.33256338072769,33.94153006393114,34.26466493880656,38246000
2016-06-29,34.45398712158203,34.667592907590276,34.32959045030317,34.40789845547613,43124000
2016-06-30,34.86731719970703,34.879212755078385,34.4396103510642,34.57590256128682,42250000
2016-07-01,35.20037078857422,35.313367235564,34.87723588818272,34.94513433546539,30984000
2016-07-05,34.93473434448242,35.094813948610685,34.649267369027214,34.94068212455833,28440000
2016-07-06,35.136932373046875,35.33666125894129,34.64281304625508,34.684443712146134,28902000
2016-07-07,35.05218505859375,35.19640640559248,34.7255828073127,35.19343440677907,21174000
2016-07-08,35.57355880737305,35.5795065854869,35.094307038399194,35.21573170373295,29946000
2016-07-11,36.04042053222656,36.12615853088788,35.627581197812525,35.65483964245859,28822000
2016-07-12,36.3035888671875,36.4567299895535,36.055290847819876,36.274349087941154,26468000
2016-07-13,36.15342330932617,36.45277091978576,36.13062663966847,36.45277091978576,20436000
2016-07-14,36.466644287109375,36.48349317584354,36.20843204232315,36.37445938869399,21408000
2016-07-15,36.458213806152344,36.724351336941545,36.409145585124406,36.724351336941545,32342000
2016-07-18,37.32899475097656,37.425142309719995,36.50183005838749,36.57121450478288,38698000
2016-07-19,37.33940505981445,37.49700417610589,37.0955650451455,37.16395882670691,30436000
2016-07-20,37.52128982543945,37.6977267210247,37.371120709067064,37.371120709067064,22502000
2016-07-21,37.38896179199219,37.57431845346093,37.245731128879726,37.517321119359636,19062000
2016-07-22,37.63031768798828,37.63874213060819,37.302225728325084,37.53317947842567,20920000
2016-07-25,37.54309844970703,37.6570893515757,37.37211398748853,37.55102756110182,21466000
2016-07-26,37.549537658691406,37.629331659822384,37.3066921048537,37.54309454738367,23792000
2016-07-27,37.763641357421875,37.886552032613274,37.46429756172638,37.614962016401726,32172000
2016-07-28,37.955440521240234,38.11056675261623,37.62090539242534,38.10412364097325,73464000
2016-07-29,39.219234466552734,39.843694475059195,39.15282201975039,39.53493558365979,101810000
2016-08-01,39.695011138916016,40.01963200022374,38.906996758344384,38.98778141917744,60594000
2016-08-02,39.65437698364258,39.76341076894341,39.377334522302355,39.51610341953292,39928000
2016-08-03,39.594905853271484,39.625635414842904,39.30250048161637,39.47348494996381,29206000
2016-08-04,39.51213455200195,39.65833721825531,39.347097884801826,39.56119899614677,21520000
2016-08-05,39.991878509521484,40.00625073035051,39.53988520947948,39.65387609117707,36146000
2016-08-08,39.90763473510742,40.025092972353924,39.73218848838331,39.945794293769914,24426000
2016-08-09,40.019142150878906,40.309070832717715,39.849643696051665,39.87095436353792,32154000
2016-08-10,40.06919479370117,40.18764368094775,39.97007524028606,39.997829017735775,18370000
2016-08-11,40.05482864379883,40.336332906820004,39.94579484981263,40.16732976990756,25646000
2016-08-12,39.99782943725586,40.00476788169106,39.82882632418998,39.900691215163,17946000
2016-08-15,39.943817138671875,40.211444535129,39.84816489368147,40.00576781985632,18596000
2016-08-16,39.70740509033203,39.85955553348709,39.499743311011585,39.82188753192863,21158000
2016-08-17,39.91704559326172,39.92745515071366,39.46505224829601,39.648427587107115,21322000
2016-08-18,39.78472137451172,40.044914946997075,39.72921381570619,39.9140751610742,17292000
2016-08-19,39.63107681274414,39.70938481120003,39.493797711250195,39.638015256837164,22416000
2016-08-22,39.49726104736328,39.61372858596531,39.36741195499486,39.57457459069799,17056000
2016-08-23,39.479427337646484,39.697990248322824,39.4496922247707,39.67221780054036,18350000
2016-08-24,39.331241607666016,39.572105842480816,39.19048759845139,39.49280717004967,25672000
2016-08-25,39.21725082397461,39.386749279023256,39.01554059168102,39.25194304797067,24054000
2016-08-26,39.312408447265625,39.61869447150901,39.12358443483811,39.27623022324972,24978000
2016-08-29,39.44126892089844,39.5750807138782,39.168684441090846,39.30398601469267,15474000
2016-08-30,39.24797439575195,39.549303256017836,39.12654973970469,39.29555283585542,23348000
2016-08-31,39.14539337158203,39.23063604961096,39.01405824122998,39.133002480174085,21428000
2016-09-01,39.22220993041992,39.29605616138342,38.97093990552401,39.25095437731109,26070000
2016-09-02,39.49330520629883,39.50470543106252,39.31439162913674,39.41401030960914,26998000
2016-09-06,40.04590606689453,40.18814229736059,39.421937575215,39.568635584981635,39790000
2016-09-07,40.0444221496582,40.173772163242816,39.83279767772674,40.04144636958012,22906000
2016-09-08,39.789180755615234,40.06573167418405,39.69848563628367,39.90713810334589,23554000
2016-09-09,39.077491760253906,39.73516180638812,39.056181092467966,39.58746935008597,37752000
2016-09-12,39.589942932128906,39.6568469226225,38.830673009947134,38.88122722905527,37274000
2016-09-13,39.089385986328125,39.439779331809724,38.87181375543551,39.351560883764755,36180000
2016-09-14,39.17561721801758,39.4665403258251,39.03040522123774,39.03040522123774,25842000
2016-09-15,39.709388732910156,39.82932362660056,39.086410921042074,39.15331870324995,31144000
2016-09-16,39.54782485961914,39.59986509323874,39.33223770855794,39.59986509323874,42612000
2016-09-19,39.41995620727539,39.84617712750247,39.32926109015037,39.70344178287008,22990000
2016-09-20,39.63752365112305,39.784720771284974,39.56219142514791,39.6484285419383,20984000
2016-09-21,39.89772033691406,39.94133612241402,39.451674724733486,39.710877647300265,26970000
2016-09-22,40.43892288208008,40.59305467798148,40.03054527609575,40.144037066542495,35186000
2016-09-23,40.38985824584961,40.4909591446998,40.27933845482215,40.398778023708374,28234000
2016-09-26,39.77976608276367,40.14800279099259,39.670732292642924,40.1351165669417,29454000
2016-09-27,40.18021011352539,40.31699766914789,39.73912167053593,39.73912167053593,27346000
2016-09-28,40.14700698852539,40.15642588025877,39.786207851953975,39.8506351888649,29406000
2016-09-29,39.77927017211914,40.33781689063875,39.69105171878386,40.00675285994037,27000000
2016-09-30,39.84964370727539,40.04937260689852,39.72277036855375,39.82684704043529,33204000
2016-10-03,39.66726303100586,39.8238714822314,39.461586351677724,39.774807035297634,29784000
2016-10-04,39.78670120239258,39.97057187456696,39.63207408904432,39.896230316501224,25174000
2016-10-05,39.709388732910156,40.06969252826515,39.68361628625693,39.94579118848624,24276000
2016-10-06,39.80107116699219,39.992870939078,39.67370250612061,39.85063094250187,21998000
2016-10-07,39.683616638183594,39.94281954402184,39.490826182027234,39.942324210902484,23262000
2016-10-10,40.350704193115234,40.50979310078512,39.7594465659956,39.843203242180316,29922000
2016-10-11,40.12272644042969,40.63270406059617,40.01369264823169,40.35070446903955,34432000
2016-10-12,40.23175811767578,40.3670559033372,40.072173884155006,40.24117322824246,18158000
2016-10-13,39.85063934326172,39.973550032383905,39.58003996262339,39.94926736316768,27380000
2016-10-14,39.87640380859375,40.14849291545322,39.76340736799023,40.01765314051668,22238000
2016-10-17,39.9874153137207,40.31699327734159,39.83824066598289,39.945289318829516,21128000
2016-10-18,40.71348190307617,41.07626233040071,40.30906702976991,40.35267902685948,45786000
2016-10-19,40.978633880615234,41.12533567303027,40.782376088112784,40.782376088112784,30002000
2016-10-20,40.720420837402344,41.05941393798658,40.666894615949964,41.01431215997838,27878000
2016-10-21,40.84085464477539,40.852254868840504,40.55588307366705,40.639639744733856,32316000
2016-10-24,41.41972351074219,41.528757301232055,41.08766880782782,41.13970903735036,28952000
2016-10-25,41.06338119506836,41.55650607744015,40.90230719445374,41.55650607744015,37814000
2016-10-26,40.74372100830078,41.02175794707903,40.45874940508094,40.9925143839431,35898000
2016-10-27,40.508304595947266,40.96574662120339,40.37250769817948,40.78881816877954,59470000
2016-10-28,40.617835998535156,41.58129299817785,40.49095887092723,41.1322753918429,87098000
2016-10-31,40.139076232910156,40.76998314410577,40.04491378761631,40.760068919652475,44854000
2016-11-01,39.920021057128906,40.3402979954577,39.56219390659533,40.18715308716987,47118000
2016-11-02,39.074520111083984,39.98346018067606,38.90502165235675,39.98346018067606,47014000
2016-11-03,38.76575469970703,39.15282159035013,38.589317808412105,38.88023714275998,43504000
2016-11-04,38.71173095703125,39.077487160537174,38.21116853662078,38.22603609089175,39412000
2016-11-07,39.74903869628906,39.89623203830003,39.296549998048455,39.39815000575074,39852000
2016-11-08,40.242164611816406,40.44337951853798,39.62959633288325,39.749039679466506,35382000
2016-11-09,39.925472259521484,40.22878250545127,39.253929097339096,39.73912491173354,61970000
2016-11-10,38.671592712402344,40.147008660336425,38.07389197576204,40.14403666145616,118192000
2016-11-11,38.24834442138672,38.5229064277716,37.94057240987771,38.49911909517045,71852000
2016-11-14,37.329986572265625,38.24983152032493,36.85271987668482,38.248840854084165,73766000
2016-11-15,38.4173469543457,38.66911609645367,37.92471734287861,37.93710445273136,58878000
2016-11-16,38.65623092651367,38.83068272836427,37.97973060736642,38.1824315240625,35968000
2016-11-17,38.96250915527344,39.09830605066433,38.64978381055553,38.78111892679174,30674000
2016-11-18,38.45749282836914,39.21675916243531,38.426767047596925,39.01257224544291,36126000
2016-11-21,38.89510726928711,38.98183593179108,38.47383972135615,38.56304883041384,32616000
2016-11-22,38.90502166748047,39.339667033850496,38.84257566290804,39.10276923921096,27884000
2016-11-23,38.60765838623047,39.12903619409103,38.29294792320219,39.12903619409103,26260000
2016-11-25,38.668617248535156,38.800943029061486,38.567512578130156,38.786570806756636,12270000
2016-11-28,38.94417190551758,39.63553966827208,38.563049021944934,38.57543991126948,51508000
2016-11-29,39.12507247924805,39.47199474377138,38.921872452049314,39.072536915833474,31240000
2016-11-30,38.45302200317383,39.22765482657324,38.31772423933367,39.10821528255158,45582000
2016-12-01,37.88060760498047,38.587837492431156,37.33692841017196,38.585360826604166,57342000
2016-12-02,37.887046813964844,38.18639438646964,37.61644746793734,37.76017347564853,34376000
2016-12-05,38.56900405883789,38.65722251878257,38.01144796481699,38.161617101875095,33770000
2016-12-06,38.4678955078125,38.918898206831095,38.326154611274966,38.66663374400769,34682000
2016-12-07,39.225677490234375,39.25194148786914,38.3365583627035,38.65473992575676,40588000
2016-12-08,39.4090461730957,39.598864608041296,39.049237750304265,39.29902173493616,32250000
2016-12-09,40.11677169799805,40.14155347598476,39.55178194665078,39.613732610449105,38090000
2016-12-12,40.039955139160156,40.21093958331621,39.87293714086699,39.88730936272097,32572000
2016-12-13,40.408687591552734,40.85275185979928,40.24018357634392,40.26248491109173,42564000
2016-12-14,40.53506851196289,40.85076964828635,40.2818133802911,40.43743494937671,35994000
2016-12-15,40.42405319213867,40.78832344138497,40.243154509745004,40.50880053063809,35394000
2016-12-16,40.1361083984375,40.599993571891716,40.050861940203475,40.555886233887726,51978000
2016-12-19,40.26793670654297,40.45230272271957,39.87145089419559,40.10835247157643,25272000
2016-12-20,40.40174102783203,40.465676801564655,40.19358771634222,40.31104592648063,25438000
2016-12-21,40.25306701660156,40.42751879857945,39.901187672850476,40.42751879857945,29192000
2016-12-22,40.128173828125,40.197062939293644,39.94727515879461,40.099429384242015,22632000
2016-12-23,40.03499984741211,40.19210740994424,39.90168339880181,40.045409405045106,15310000
2016-12-27,40.14056396484375,40.44139754446835,39.9358817294239,40.07861329342723,19520000
2016-12-28,39.87492752075195,40.309077616905746,39.76936483178565,40.309077616905746,24296000
2016-12-29,39.79116439819336,39.933400626733366,39.55624794002993,39.76390595197104,21148000
2016-12-30,39.27425003051758,39.81148608547194,39.133991347345344,39.80751963918284,34718000
2017-01-03,40.045406341552734,40.21539633309131,39.49429347266178,39.67915101867974,39180000
2017-01-04,40.033512115478516,40.31402567112572,39.852121894934385,40.13857944763602,30306000
2017-01-05,40.2937126159668,40.329395510286695,39.94183322333099,40.02013745756547,26810000
2017-01-06,40.897850036621094,41.08370203879968,40.21837402767961,40.39133980705089,40342000
2017-01-09,40.995487213134766,41.15655745011335,40.719930741233476,40.95534254188256,28178000
2017-01-10,40.93749237060547,41.10600013886975,40.79525616015337,40.990027923893116,23948000
2017-01-11,41.1283073425293,41.13028867503638,40.71249597903308,40.967732442570274,26508000
2017-01-12,41.1119499206543,41.15407591948165,40.689691703883305,41.05495258591563,26990000
2017-01-13,41.18183135986328,41.3656982504215,41.111456247948716,41.18480335846444,25804000
2017-01-17,41.009361267089844,41.14416371371589,40.798232148348184,41.13524393666642,28818000
2017-01-18,41.08667755126953,41.125831556135054,40.84184685932916,41.12533622299769,20554000
2017-01-19,40.85621643066406,41.283927114090865,40.83590021101298,41.08568421811343,21410000
2017-01-20,41.0445442199707,41.09757510555283,40.86761201112619,41.090137547482236,26124000
2017-01-23,41.85040283203125,41.90541505595806,41.07081658690556,41.21503792479932,49148000
2017-01-24,42.10316467285156,42.20178890178117,41.74384775276099,41.97678288288327,33768000
2017-01-25,42.54524612426758,42.56209501388649,42.113572732334454,42.30240053724448,33108000
2017-01-26,42.472381591796875,42.67161513208007,42.15222250726899,42.57497225082714,69866000
2017-01-27,41.88014221191406,42.96898657770264,41.725019748745005,42.57250452723299,75050000
2017-01-30,40.8294563293457,41.49356566999955,40.690683657960925,41.48514122620114,70338000
2017-01-31,40.64905548095703,40.79179082585236,40.312539010984466,40.61485858940405,40404000
2017-02-01,40.40373229980469,40.83788232187487,40.25554451280992,40.83788232187487,45020000
2017-02-02,40.55339431762695,40.8656280521258,40.24562614261807,40.391828787189525,33784000
2017-02-03,40.646080017089844,40.943442457728054,40.60742134952776,40.794763127993235,30562000
2017-02-06,40.719932556152344,40.75809211538138,40.35665294730483,40.68524032904905,27018000
2017-02-07,41.097084045410156,41.230404285066534,40.80269734758303,40.91222647155495,33332000
2017-02-08,41.129295349121094,41.34587690892009,40.89289290319513,41.161510906122565,26044000
2017-02-09,41.138214111328125,41.23337099953263,40.96178100473547,41.2209801101324,23884000
2017-02-10,41.3756103515625,41.48959745745707,41.16051858088604,41.28144413099598,28302000
2017-02-13,41.57931137084961,41.71708960786363,41.44500046583355,41.51686158319596,25914000
2017-02-14,41.63233947753906,41.729973045318005,41.42418611762927,41.61945325318715,27266000
2017-02-15,41.498023986816406,41.71856819347439,41.44350710147008,41.571866423626524,27144000
2017-02-16,41.7384033203125,41.76417198911224,41.49505860748125,41.556513952162426,20102000
2017-02-17,41.95547866821289,41.97480800670296,41.619952811355624,41.69578038453241,29224000
2017-02-21,42.09027862548828,42.235490637284414,41.955472390602445,42.02684195425863,25206000
2017-02-22,42.1938591003418,42.314289328460646,41.963400639631736,42.02733642384717,24488000
2017-02-23,42.17601776123047,42.256307104556726,41.75475393767762,42.179984207550014,27734000
2017-02-24,42.017921447753906,42.04517989658945,41.777552521068415,42.009992335920344,26924000
2017-02-27,42.1100959777832,42.159655750409065,41.78002267408276,41.8761702210676,20206000
2017-02-28,41.87518310546875,42.06847268053751,41.70221731345511,41.995121784261,27662000
2017-03-01,42.46098709106445,42.522937755754555,42.07788287989889,42.19484576508315,36374000
2017-03-02,42.119022369384766,42.44810505868525,42.063019477216024,42.43918150014645,25018000
2017-03-03,42.08086013793945,42.16709725867821,41.86428234157542,42.07392169287629,20100000
2017-03-06,41.991153717041016,42.07391972078429,41.688834147243874,41.970833715939264,20958000
2017-03-07,42.18345260620117,42.2914957329891,41.90442879241726,41.99066213564976,20774000
2017-03-08,42.30685806274414,42.46991341707875,42.188409160073036,42.281085614279405,20576000
2017-03-09,42.5150032043457,42.65724319539337,42.25877611217296,42.30933033303285,26954000
2017-03-10,42.69194412231445,42.83170369542838,42.5036154318192,42.75587612984138,26732000
2017-03-13,42.84904861450195,42.97542662099216,42.66270127004284,42.66319660316225,23332000
2017-03-14,42.91496658325195,42.99773258986403,42.628505225449814,42.807914128630856,21234000
2017-03-15,43.037872314453125,43.11171854157127,42.686488295708166,43.01557098073358,26658000
2017-03-16,43.11766815185547,43.25197905533206,42.994757472865295,43.14393593278652,22090000
2017-03-17,43.2351188659668,43.3367188588941,43.03687599178794,43.30004152612913,37366000
2017-03-20,43.01408386230469,43.13451408619213,42.85350897006519,43.09189275232527,30844000
2017-03-21,42.133392333984375,43.289639682663555,42.011967664493994,43.120636567802215,50760000
2017-03-22,42.11654281616211,42.391603926924134,41.977770146891686,42.10068081383004,27334000
2017-03-23,41.613502502441406,41.714607176249935,41.28392826337118,41.699739620342264,65754000
2017-03-24,41.38998794555664,41.829095101589374,41.09064413929087,41.72997175624021,42114000
2017-03-27,41.557003021240234,41.699243026638804,40.852749001209965,41.040582339191225,38692000
2017-03-28,41.662078857421875,41.8984813345581,41.24774968422958,41.61549107218499,30384000
2017-03-29,42.12001419067383,42.20525686407022,41.6992457070174,41.76714415832058,29146000
2017-03-30,42.100685119628906,42.22557713169372,41.96637799675448,42.22458646541576,18988000
2017-03-31,42.01742172241211,42.10464950580158,41.89054838399907,41.96934794210027,28820000
2017-04-03,42.46098709106445,42.57249753127294,42.004036659110454,42.06450132458039,39388000
2017-04-04,42.25383377075195,42.2751444411235,42.003055276952814,42.02734172759093,26970000
2017-04-05,42.07243347167969,42.65130016133401,42.003544357821276,42.35988548407028,37104000
2017-04-06,41.883609771728516,42.3043782357609,41.82909287997421,42.10167355757693,30672000
2017-04-07,41.734928131103516,41.92226614592394,41.497039668808384,41.87865414344258,22232000
2017-04-10,41.7150993347168,41.96488711093005,41.67000133730689,41.70717022424739,20924000
2017-04-11,41.62490463256836,41.860316434613516,41.36322504933803,41.715104419551565,19486000
2017-04-12,41.70320510864258,41.8152108771312,41.51140534473111,41.554522007281776,22716000
2017-04-13,41.639766693115234,41.81570824558395,41.52429358764056,41.68238802468832,21474000
2017-04-17,42.380699157714844,42.40597626996582,41.68189382198905,41.69924182363564,20982000
2017-04-18,42.3242073059082,42.49271132982481,42.188410395511006,42.252342404226155,18724000
2017-04-19,42.44908905029297,42.63196525405015,42.30139661736098,42.492701045209444,21606000
2017-04-20,42.62602615356445,42.81683148911624,42.49815837122617,42.609173484614466,23776000
2017-04-21,42.57001876831055,42.742988328144904,42.50955788161798,42.652784768861736,23458000
2017-04-24,43.56024169921875,43.611291260570106,42.924876763872255,43.04035366215166,33930000
2017-04-25,44.0513916015625,44.22039095536196,43.57759220503401,43.72528088967554,40760000
2017-04-26,44.066253662109375,44.25706277559072,43.868506104159046,44.17776410670597,26466000
2017-04-27,44.18024826049805,44.27639583317457,43.9691228920866,44.10888247134056,46846000
2017-04-28,45.819705963134766,46.38370129282146,45.75527484990753,46.0417361843028,76918000
2017-05-01,46.23106002807617,46.37974315493096,45.63534441672078,45.80137176571286,46556000
2017-05-02,46.442684173583984,46.73509331273678,46.14085992372178,46.25336482494574,35026000
2017-05-03,47.00569152832031,47.092420198641435,46.349511264168214,46.39114193340288,36496000
2017-05-04,47.31644058227539,47.53549884276941,46.952170297132426,47.09688698860699,38752000
2017-05-05,47.09638595581055,47.50080086615173,46.988342838162104,47.41555441527387,32310000
2017-05-08,47.5131950378418,47.627182160736,46.95365385715427,46.95613430406658,37534000
2017-05-09,47.415061950683594,47.687151093723344,47.300579495621484,47.6440344231459,33758000
2017-05-10,47.322383880615234,47.415060330649936,47.07458119479416,47.39077766389666,22920000
2017-05-11,47.374420166015625,47.478500621135034,47.013621029653855,47.14644214957609,20622000
2017-05-12,47.337249755859375,47.47799998244411,47.18460397229969,47.47156065201552,24298000
2017-05-15,47.539459228515625,47.71192969416229,47.22227207833396,47.34468742758331,26754000
2017-05-16,47.80659103393555,47.8705230405833,47.595465677702755,47.754059252036015,22030000
2017-05-17,46.69444274902344,47.62716995353884,46.589866982757094,47.56323796322784,48982000
2017-05-18,47.1072883605957,47.28966924747286,46.64984258180071,46.74549480420257,36010000
2017-05-19,47.312965393066406,47.556310082819124,47.18163027095271,47.22227027476678,27206000
2017-05-22,47.77982711791992,47.81699979043075,47.407627746685776,47.42943374835091,27748000
2017-05-23,48.100982666015625,48.297240470161576,47.801139732696996,48.07174288489161,30908000
2017-05-24,48.45087814331055,48.47615147664205,48.15450633902321,48.33441057699143,22660000
2017-05-25,49.1571159362793,49.3513961881127,48.46128628439158,48.51976962755554,39082000
2017-05-26,49.22699737548828,49.381624499812084,48.93409290151609,49.16405225545556,32728000
2017-05-30,49.37071990966797,49.44258480776615,49.13233610978371,49.18883433704789,30324000
2017-05-31,48.92070770263672,49.54070971552412,48.6525850301285,49.37270104668252,34482000
2017-06-01,48.98018264770508,49.22055154658194,48.6332566316464,49.11250843007246,26128000
2017-06-02,49.36824035644531,49.38608369193357,48.91971811537373,48.995050341042834,34710000
2017-06-05,49.752830505371094,49.92728228920803,49.33503404259115,49.45596338239809,27578000
2017-06-06,49.395992279052734,49.987249838305026,49.30282050256548,49.7245796151397,31042000
2017-06-07,49.63487243652344,49.7543119849825,49.35584489318457,49.51542910689594,27482000
2017-06-08,49.77265167236328,49.83806966876248,49.393018572746165,49.770171225820434,33758000
2017-06-09,48.07966613769531,49.833118842679596,47.249525674177555,49.83262350957983,72958000
2017-06-12,47.66781997680664,47.974601334339155,46.4283112185291,47.51467885518779,84042000
2017-06-13,48.09849548339844,48.46573767671837,47.67772328996699,48.17481836623031,40108000
2017-06-14,47.971126556396484,48.55445500037206,47.553825444966826,48.346301668329595,30110000
2017-06-15,47.58702850341797,47.61181028084743,46.605236795317445,46.98437454674431,48552000
2017-06-16,47.50972366333008,47.57564078342845,47.01808471957113,47.47453610412424,51184000
2017-06-19,48.33242416381836,48.53462971505962,47.98450750083498,48.05636860937398,29376000
2017-06-20,48.02366256713867,48.60847701590778,47.98450856580027,48.33688323433996,25946000
2017-06-21,48.49944305419922,48.54702149910372,48.046459052009,48.112871497872675,23232000
2017-06-22,48.40180587768555,48.594100975280234,48.23775988883182,48.414192985199314,20190000
2017-06-23,48.871150970458984,48.897418751054204,48.29476092143153,48.34630581636087,31280000
2017-06-26,48.177303314208984,49.262680308890175,48.09007552690407,49.06493273333544,30358000
2017-06-27,46.987850189208984,47.935944292584104,46.93829040675244,47.65741581960673,48872000
2017-06-28,47.628170013427734,47.73868979775251,46.39659038252832,47.115220428367884,54912000
2017-06-29,46.478858947753906,47.164778070780955,46.071472053120615,47.14941518243859,64134000
2017-06-30,46.075435638427734,46.834701824348315,46.07196452579601,46.784646716484765,45754000
2017-07-03,45.56892776489258,46.30143465913285,45.363251096872446,46.25088043445358,33896000
2017-07-05,46.20330047607422,46.4030293592858,45.52779093999773,45.80384270965106,41882000
2017-07-06,45.976810455322266,46.3955975731588,45.58825756221596,45.84349401015739,40298000
2017-07-07,46.627052307128906,46.81786144499741,46.08089267547793,46.140366684742816,33266000
2017-07-10,47.1320686340332,47.23763508563493,46.68354639151031,46.68354639151031,29030000
2017-07-11,47.2574577331543,47.32486085061425,46.84065570012791,47.108283056276136,29224000
2017-07-12,47.95774841308594,48.05538197474087,47.4314172673037,47.62073661196505,32042000
2017-07-13,48.016727447509766,48.504899040636,47.8160078771605,48.113370343647155,30492000
2017-07-14,48.41617965698242,48.447400765051206,48.08114922456936,48.271958329144276,21592000
2017-07-17,48.369102478027344,48.735354063417695,48.113370679440635,48.38694581423202,33210000
2017-07-18,48.91376876831055,49.107054547975494,48.174822539030025,48.24024053805157,28266000
2017-07-19,49.202213287353516,49.34246818180392,48.91674260498172,49.06542572469646,28242000
2017-07-20,49.17346954345703,49.4951146723652,48.798294407025764,49.41185333411142,28368000
2017-07-21,49.255245208740234,49.318186545968054,48.77599339631597,49.01537163596626,29266000
2017-07-24,49.476776123046875,49.86731411964657,49.078309015938686,49.26812745973305,79690000
2017-07-25,48.0256462097168,48.407260673759815,47.76644330533619,48.108412214209615,118672000
2017-07-26,47.841285705566406,48.26948800003686,47.589520331292526,48.211503769373486,44432000
2017-07-27,47.206905364990234,48.0499320697332,46.44119599951269,48.03307940046941,74358000
2017-07-28,47.4953498840332,47.6668296761322,46.850070719286066,46.98289562142392,36276000
2017-07-31,46.85948944091797,47.63709439068046,46.672642978970046,47.57811571794012,45670000
2017-08-01,46.912025451660156,47.30504018415906,46.83273055118647,46.973976128755226,28052000
2017-08-02,46.965545654296875,47.037905881065036,46.216189846116826,47.001723877096566,40788000
2017-08-03,46.60177230834961,47.08251012195023,46.559150972539435,47.03790745363788,22478000
2017-08-04,46.87385559082031,46.960584250992916,46.57698849540803,46.78266137073735,25092000
2017-08-07,46.87187957763672,47.030972270022026,46.76036911795436,46.959602702136756,28916000
2017-08-08,46.794559478759766,47.2059128141903,46.70981214621997,46.79951659083578,30102000
2017-08-09,46.59086608886719,46.77324696945732,46.28557076441291,46.51008142423626,28018000
2017-08-10,45.773616790771484,46.40352927799407,45.68391234009637,46.33910194132853,54148000
2017-08-11,46.09575653076172,46.257817413417605,45.65615409775995,45.77956009466242,32334000
2017-08-14,46.533878326416016,46.638450343479775,46.313829400141685,46.540816772008725,23012000
2017-08-15,46.49174880981445,46.73905616661617,46.420383026582655,46.63795148939698,22130000
2017-08-16,46.79852294921875,47.07754670830933,46.58887984893799,46.648849179622154,26906000
2017-08-17,45.9753303527832,46.77573202186502,45.974339686463125,46.7331106830869,33914000
2017-08-18,45.9019775390625,46.14185111944303,45.766679749797596,45.94162687722783,26748000
2017-08-21,45.63880920410156,46.00456544086242,45.52630808954319,45.881658549835635,26024000
2017-08-22,46.60672378540039,46.68403733649491,45.90147537262859,45.94062937182572,35502000
2017-08-23,46.71476745605469,46.85601300483847,46.35099257954976,46.43821657417817,22690000
2017-08-24,46.43277359008789,46.89963073895669,46.12797356117121,46.77077606353896,25892000
2017-08-25,46.11608123779297,46.62308305137097,46.09625656923257,46.54775082330902,23746000
2017-08-28,45.99862289428711,46.3316682504805,45.89850888547771,46.18447490777051,20988000
2017-08-29,46.37627410888672,46.497203460776696,45.561500217199004,45.59322044523368,23172000
2017-08-30,46.76681137084961,46.87733116218135,46.292021311725016,46.37231065618217,22406000
2017-08-31,47.34220886230469,47.43934709229802,46.89665860177395,46.89913526742773,33866000
2017-09-01,47.18113327026367,47.495348398435155,47.096385933708824,47.452727063600626,20858000
2017-09-05,46.660255432128906,47.15139902026593,46.368836965392624,46.92688833685799,29148000
2017-09-06,46.68702697753906,46.80993389417552,46.22412863733084,46.77871277709608,27830000
2017-09-07,47.07705307006836,47.10728729361272,46.4644848628017,46.797533967855586,22332000
2017-09-08,46.65678405761719,47.11720186485649,46.58739960906142,47.0676420846265,19998000
2017-09-11,46.74996566772461,47.21533686636433,46.63647008858351,46.9437468156258,26748000
2017-09-12,46.916481018066406,46.98784679715842,46.463001668046026,46.92986257429225,25696000
2017-09-13,47.10431671142578,47.2237600572142,46.821821798411804,46.8594898034371,21908000
2017-09-14,46.593353271484375,46.984882012730644,46.5056301428866,46.88427265903541,28548000
2017-09-15,46.35347366333008,46.67363657303879,46.15324942942074,46.591365901284604,39886000
2017-09-18,46.07890701293945,46.43128169350393,45.86331989401225,46.3395959130257,29474000
2017-09-19,46.43128204345703,46.484808269052216,45.9257662424894,46.26030137129054,24854000
2017-09-20,46.960594177246094,47.0825141977243,46.463007431964776,46.47440765717696,40080000
2017-09-21,46.96108627319336,47.22127985310999,46.55617979468824,46.989834500826305,27414000
2017-09-22,46.74846649169922,47.0825062682508,46.62853160526294,46.7241838270284,21496000
2017-09-25,46.30342483520508,46.574519553594925,45.81921584938205,46.55965199567386,37468000
2017-09-26,46.459529876708984,46.789107884135284,46.345047431969284,46.422856321484545,33454000
2017-09-27,47.57316207885742,47.84723256535289,46.683551278535504,46.722705285511765,46692000
2017-09-28,47.81650161743164,47.88439628409451,47.357569818764226,47.39226204234586,28018000
2017-09-29,48.25808334350586,48.36166467669669,47.87547445313153,47.87547445313153,40622000
2017-10-02,47.948333740234375,48.457320669009164,47.67475860691902,48.35373932776026,30782000
2017-10-03,48.17681121826172,48.19465455589884,47.712430699387895,47.952795846718736,21666000
2017-10-04,47.91413497924805,48.29178677220643,47.85614697503477,48.160946989356134,21156000
2017-10-05,48.826541900634766,48.8919636820472,48.08710032444512,48.211992327684776,35618000
2017-10-06,49.24532699584961,49.27605655287383,48.4954758930333,48.56932211533958,31060000
2017-10-09,49.17941665649414,49.58333245194883,49.139271987271755,49.31273310628624,25910000
2017-10-10,48.955894470214844,49.4351462517006,48.62433513576794,49.32759847210188,23268000
2017-10-11,49.84056091308594,49.93571782043519,48.962841857770286,49.01735875716477,36300000
2017-10-12,49.84056091308594,50.13247096650203,49.61505953660598,49.75085645191,30614000
2017-10-13,49.95057678222656,50.29204656328234,49.910432114362486,50.01203211676503,26552000
2017-10-16,50.02392578125,50.155260899103,49.635868206247544,50.03780267082565,21420000
2017-10-17,50.10569763183594,50.28213451911361,49.86037541575914,49.92926452572682,20260000
2017-10-18,50.19194030761719,50.36886876642242,49.82419893752055,50.10818363359183,25596000
2017-10-19,49.65172576904297,49.92331955956214,49.4267235401262,49.79594710832545,34284000
2017-10-20,49.81180953979492,49.9892333235861,49.67303686351847,49.90993843259693,32120000
2017-10-23,48.84389114379883,49.84749275548873,48.722961802318444,49.817258529534215,32786000
2017-10-24,48.990089416503906,49.0282527500637,48.42460432546378,48.8914651988045,28902000
2017-10-25,49.13729476928711,49.28448812092548,48.45633267833435,48.88007317732494,30574000
2017-10-26,49.13530731201172,49.88317715493495,49.0882241963319,49.484710009370325,47396000
2017-10-27,51.2292366027832,52.713575987038055,50.891234147373915,51.096415488228466,103682000
2017-10-30,51.20247268676758,51.53452733400578,50.66721804929297,51.0057158074981,46804000
2017-10-31,51.19801330566406,51.59251396763204,50.86397352936857,51.196031973325574,30326000
2017-11-01,51.671817779541016,51.932506692411785,51.24559685188061,51.360578418826066,43262000
2017-11-02,51.69015121459961,51.81653300241037,50.98094005947345,51.54246254029072,26694000
2017-11-03,52.03806686401367,52.07127308823468,51.426489282121246,51.67924907152025,27770000
2017-11-06,51.675777435302734,52.16692478659665,51.64207587831288,51.99395900370159,18294000
2017-11-07,52.157012939453125,52.20756716782651,51.69164179425618,52.02121603909397,26104000
2017-11-08,52.44942092895508,52.667484716600114,51.89236023094733,52.04103957054593,24276000
2017-11-09,51.92556381225586,52.082172254920344,51.33727825199053,51.939440701158716,35892000
2017-11-10,51.74863815307617,51.871548836428055,51.60342613426594,51.73476126241287,19442000
2017-11-13,51.6024284362793,51.97611376695885,51.50628088104678,51.582603769294714,18814000
2017-11-14,51.62423324584961,51.65694413467874,51.014141705845034,51.429956807514095,21012000
2017-11-15,51.36503219604492,51.52461641894433,51.085013970454625,51.295152418212815,18106000
2017-11-16,51.962738037109375,52.12579338904986,51.44384064923059,51.48100954076352,23768000
2017-11-17,51.33926010131836,52.088120557690495,51.23221143491921,52.0286503367472,26712000
2017-11-20,51.27830123901367,51.478525453621664,51.18016857340981,51.34470990105662,17526000
2017-11-21,52.05343246459961,52.05789424399179,51.500338191404104,51.54494086065001,22206000
2017-11-22,52.13371658325195,52.30767302575227,51.90226747222542,52.09604858168285,14538000
2017-11-24,52.361698150634766,52.53763971864151,52.133720136841156,52.25613547853203,16492000
2017-11-27,53.129390716552734,53.180440279049044,52.274967522851114,52.463299987766014,35430000
2017-11-28,52.697227478027344,53.52538291732903,52.2635727553175,53.22752510198004,36424000
2017-11-29,51.41310119628906,52.473200884164406,51.02999700537998,52.34483778274235,55866000
2017-11-30,51.3531379699707,51.74813776329169,51.05082218501505,51.53998442368206,45092000
2017-12-01,50.803016662597656,51.406165980555365,50.39810644868026,51.06766821081597,37762000
2017-12-04,50.14881896972656,51.113765713436614,50.01748384877724,50.938319475973366,38778000
2017-12-05,50.53192138671875,51.37841542120458,49.675516908877654,50.10520514712618,38998000
2017-12-06,51.182159423828125,51.5221432259628,50.31930802310826,50.3792773619489,28710000
2017-12-07,51.769447326660156,51.9850344394333,51.312995988568474,51.34818354419263,30866000
2017-12-08,52.00783157348633,52.35673510892893,51.8333760245966,52.12826178788959,31170000
2017-12-11,52.13619613647461,52.3359250351989,51.747147896751756,52.09357480168191,23254000
2017-12-12,51.97760772705078,52.658074495371096,51.78432192080837,52.03856773660202,33882000
2017-12-13,52.107444763183594,52.31014563363981,51.869057226271515,52.14164164932757,27680000
2017-12-14,52.40877151489258,52.88504745530008,52.2169717603898,52.31064263901567,30962000
2017-12-15,53.12889099121094,53.289964995580945,52.53862787409119,52.72150409703904,63760000
2017-12-18,53.777645111083984,53.847029561276564,53.0481139366286,53.34943907124969,30292000
2017-12-19,53.51447296142578,53.77169452802481,53.142273615457626,53.67505163592749,26350000
2017-12-20,53.206207275390625,53.58633571706498,52.9603859423809,53.570972829044024,28728000
2017-12-21,53.0718994140625,53.40246809776301,52.98021363262275,53.296905426770145,25640000
2017-12-22,52.97328186035156,53.115022772425384,52.91281718220579,53.0297800919102,17788000
2017-12-26,52.8240966796875,52.973275132812894,52.466764883481666,52.96237024196014,18376000
2017-12-27,52.54407501220703,52.94403189831807,52.45387523609356,52.86126589960301,22324000
2017-12-28,52.33344650268555,52.77403961986793,52.20607405479624,52.645676505786525,19884000
2017-12-29,52.207069396972656,52.43752786701146,52.172377171298635,52.31065452202332,23606000
2018-01-02,53.188865661621094,53.32614856646089,52.188239770212455,52.188239770212455,31766000
2018-01-03,54.09632110595703,54.32330847105232,53.19977187055567,53.22454987197943,31318000
2018-01-04,54.306453704833984,54.71879774680064,54.23211592226178,54.37237082403954,26052000
2018-01-05,55.02656936645508,55.189624716090684,54.60580088310627,54.68757622449183,30250000
2018-01-08,55.2208366394043,55.46616262273805,55.012187989008346,55.061747762494505,24644000
2018-01-09,55.15046691894531,55.430485149176526,54.92298424681651,55.430485149176526,26808000
2018-01-10,55.01913070678711,55.149970485161695,54.713839150969285,54.86350914916023,20734000
2018-01-11,55.113792419433594,55.252561308833975,54.837740639911694,55.12667864218772,22424000
2018-01-12,56.03561782836914,56.06782960361412,54.91356739186002,55.017148724300554,38586000
2018-01-16,56.0380973815918,56.93910831091455,55.837873150761055,56.51437340212776,36462000
2018-01-17,56.454410552978516,56.46531166311695,55.68076825718777,56.31861365061576,27830000
2018-01-18,56.29928207397461,56.52825075179581,55.72883982129823,56.46679541498418,27498000
2018-01-19,56.67247772216797,56.686354613111284,56.12731252889379,56.401383015608864,30552000
2018-01-22,57.69639587402344,57.83120210982273,56.589212884694064,56.68833622900795,29550000
2018-01-23,58.29161834716797,58.40759058474684,57.84953918024248,58.016557200720996,39138000
2018-01-24,58.04976272583008,58.83083881813154,57.8569722590722,58.72824813925114,37128000
2018-01-25,58.58749008178711,58.72923475649011,58.077017169481415,58.51661963502001,29984000
2018-01-26,58.85611343383789,58.85611343383789,57.88819841379726,58.85462743436575,42170000
2018-01-29,58.802589416503906,59.37352703561722,58.68265073457222,58.87792164727707,31494000
2018-01-30,58.35108184814453,58.874440931876215,58.20933718748036,58.368429848868175,37338000
2018-01-31,58.59145736694336,58.7946573810183,58.08990422464767,58.67025692580681,36022000
2018-02-01,58.56023406982422,58.85066187604403,57.954108905262224,58.282696268570014,73514000
2018-02-02,55.46814727783203,56.067829269626365,55.07017550460589,55.875534160799006,117842000
2018-02-05,52.652618408203125,55.259503727550815,52.372603943799035,54.54682144708613,83550000
2018-02-06,53.744937896728516,53.89114058527097,51.04785258867497,51.24460950950969,76630000
2018-02-07,52.30668258666992,53.84900613964487,52.26752858567198,53.77169258499447,51942000
2018-02-08,49.942649841308594,52.72894022549498,49.79347138693803,52.52772532550437,66792000
2018-02-09,51.85369873046875,52.12380272998983,49.411850282128746,50.8431587285648,98360000
2018-02-12,52.26456069946289,52.810221185082895,51.815047776924764,52.36913270687961,56240000
2018-02-13,52.24374771118164,52.59463642076135,51.885920556337666,52.038566352151555,31586000
2018-02-14,53.16358184814453,53.300864735687355,52.02864897493751,52.25266052614215,41304000
2018-02-15,54.088382720947266,54.2241796064296,52.892486091507614,53.69635873328125,37396000
2018-02-16,54.2935676574707,54.928437234203486,54.09780142657689,54.1884965402289,39948000
2018-02-20,54.694515228271484,55.32393240316555,54.0209869356843,54.1577745058597,33754000
2018-02-21,55.19804763793945,56.310683045823986,54.88878961731304,54.96759295771181,41486000
2018-02-22,55.00724411010742,55.77840601706484,54.77183229354015,55.466671299111255,28010000
2018-02-23,55.90874099731445,55.953842776520204,54.934878334242946,55.44138477568381,25292000
2018-02-26,56.68239212036133,56.707170122167426,55.97070045243147,56.095592471301536,30912000
2018-02-27,55.384395599365234,56.70964614749459,55.3487127083516,56.682387700814786,42964000
2018-02-28,54.71086883544922,55.88694095900497,54.66527549946076,55.606922706395785,49292000
2018-03-01,53.09965515136719,55.07513821541549,52.8954644654591,54.989400209360795,55338000
2018-03-02,53.730560302734375,53.86685253316526,52.04401532071384,52.43405422890185,50162000
2018-03-05,54.25688552856445,54.57506328848854,53.142268921536555,53.43269668645087,28648000
2018-03-06,54.56118392944336,54.795608798322114,54.24399685000914,54.62065792477537,23382000
2018-03-07,55.26198196411133,55.31947463918113,54.01652538501281,54.16074673407645,30748000
2018-03-08,55.972679138183594,56.07477069501771,55.36903066846734,55.36903066846734,33862000
2018-03-09,57.53185272216797,57.53978183323075,56.216021089643974,56.47422954756245,42662000
2018-03-12,57.78411865234375,58.39024381438581,57.45057417792342,57.740502868635886,44306000
2018-03-13,56.49454879760742,58.38231244180919,56.22989723150085,58.07652175924303,43140000
2018-03-14,56.93960189819336,57.478323904745245,56.61547633845562,56.78646078580621,41870000
2018-03-15,57.02484130859375,57.61411750664317,56.283913787273335,56.973300201367906,33382000
2018-03-16,56.22245788574219,57.33211738130773,56.070802782841916,57.259760942465114,58656000
2018-03-19,54.52006149291992,55.47657622148134,53.967458786173076,55.396785995831834,63656000
2018-03-20,54.30843734741211,54.79165182688679,53.64531485171296,54.43729202115942,54598000
2018-03-21,54.2192268371582,54.947767317272806,53.88271037610836,54.14835639030033,44898000
2018-03-22,52.194679260253906,53.71965488321748,52.02071902766322,53.525873763821735,69312000
2018-03-23,50.876373291015625,52.87019517703441,50.79311194425649,52.106467050735404,49880000
2018-03-26,52.241268157958984,52.49799441829779,50.08489008099328,52.068302356543015,65984000
2018-03-27,49.904483795166016,52.75917158759347,49.442580015524115,52.727451363889806,60816000
2018-03-28,49.8172607421875,50.79905639684896,48.76757041702182,49.65519983899021,77698000
2018-03-29,51.401214599609375,51.94192176063902,49.760762009410854,50.11611248693816,69338000
2018-04-02,50.18648910522461,51.519668821090185,49.275567664237,50.92940186086332,65068000
2018-04-03,50.486324310302734,50.79954876939422,49.42424315623296,50.36093697251171,51322000
2018-04-04,51.032981872558594,51.183150998303724,49.3875721636293,49.47281483694664,50724000
2018-04-05,51.178192138671875,51.87550773444825,50.74998989182345,51.85964951231871,35836000
2018-04-06,50.05366516113281,51.344715018516325,49.8702898150022,50.70538364441479,40134000
2018-04-09,50.556209564208984,51.77044120931999,50.512098447787814,50.553729117408686,33220000
2018-04-10,51.369503021240234,51.60293350899344,50.32427060591496,51.060244964014245,36620000
2018-04-11,50.802520751953125,51.33827077452912,50.512096740674785,51.14647098841187,34060000
2018-04-12,51.40864944458008,51.77341504038281,50.85159249741528,51.120210526952455,32896000
2018-04-13,51.34669876098633,52.18625440905699,51.054788730240396,51.88443393426778,25410000
2018-04-16,51.845279693603516,52.109435942426565,51.24163118442665,51.81802124614691,29776000
2018-04-17,53.493656158447266,53.77317905066144,52.38994437395432,52.59363971012571,54584000
2018-04-18,53.296905517578125,53.62449842197895,53.055545949331936,53.4763144158446,31126000
2018-04-19,53.99372863769531,54.39318645789656,52.981207196880035,52.981207196880035,39884000
2018-04-20,53.392555236816406,54.25639346296965,53.13384767816928,53.7370007944744,42434000
2018-04-23,53.218597412109375,53.92186456234119,52.86523206167622,53.67306743548572,69590000
2018-04-24,50.682586669921875,52.75669389830559,50.19788619922888,52.494518994754245,128220000
2018-04-25,50.69993209838867,51.34818321298187,50.40355653776733,51.03495876488472,57860000
2018-04-26,51.707000732421875,52.13867406727597,50.574045396276794,51.20693361948677,50926000
2018-04-27,51.11921310424805,52.12281471272985,50.92791243030771,51.817523142474215,40746000
2018-04-30,50.48137283325195,51.462174019328494,50.467495943333255,51.26641156108306,34492000
2018-05-01,51.58012390136719,51.628693012615315,50.08636944689593,50.36836900445803,35326000
2018-05-02,50.85158920288086,51.740209242965754,50.70835852904967,51.24559455331797,34698000
2018-05-03,50.863975524902344,51.08154775498181,49.951568166064874,50.817886859212855,39282000
2018-05-04,52.08811950683594,52.13173528663893,50.45510084945613,50.532414403823864,36892000
2018-05-07,52.50740432739258,52.78197011656023,52.05194364303157,52.23135253889775,34400000
2018-05-08,52.464290618896484,52.79337331797081,52.11984503023743,52.76313909076934,26030000
2018-05-09,53.96894454956055,54.21922767879466,52.63874068783747,52.73736869640259,47160000
2018-05-10,54.78768539428711,54.98295629979746,54.21328046432782,54.268788023782,36414000
2018-05-11,54.68409729003906,54.96312483334611,54.37880575079995,54.53690396529915,30504000
2018-05-14,54.843692779541016,55.41611638442286,54.75448366052248,54.79264321755783,39338000
2018-05-15,53.76674270629883,54.47298191269587,53.46491844341866,54.36295745356396,35738000
2018-05-16,53.72807693481445,54.23805827169057,53.60616071489885,53.77764049312645,25628000
2018-05-17,53.587825775146484,54.07054491983229,53.347952202175854,53.59773999996606,25738000
2018-05-18,53.01192855834961,53.21463323157747,52.76611099952149,52.83152899932591,35482000
2018-05-21,53.724117279052734,54.18453508340372,53.42625948525196,53.475819265171054,25180000
2018-05-22,53.292938232421875,54.11019248640515,53.141778448804516,54.011072928465694,22226000
2018-05-23,53.82075881958008,53.921863490513566,52.879107900126776,53.0297723497328,23740000
2018-05-24,53.79548263549805,53.878248639472716,53.14376416142113,53.86734752980763,20604000
2018-05-25,53.72758483886719,53.9996739682127,53.65423772549646,53.85000018041669,22224000
2018-05-29,52.93412399291992,53.59179406340652,52.68681663341842,53.3271387004589,36076000
2018-05-30,53.399993896484375,53.47532612627324,52.858791397768826,53.20224632064249,28686000
2018-05-31,54.516597747802734,55.012203181873666,53.42626730531443,53.624506454007296,79368000
2018-06-01,56.25121307373047,56.4078253183441,55.11181447089963,55.15443959061594,63202000
2018-06-04,57.14527893066406,57.38416182537443,56.35032602400644,56.424667581739484,44754000
2018-06-05,57.045166015625,57.5447378144486,56.868732899731924,57.22556935872468,32964000
2018-06-06,56.84345626831055,57.228046509321615,56.31662980054046,57.13189894906885,34934000
2018-06-07,56.22245788574219,56.78992429837717,55.81110457357203,56.72599230276937,36108000
2018-06-08,56.13771438598633,56.438544165818186,55.667877709860555,56.06337282865508,27284000
2018-06-11,56.543609619140625,56.88260650430894,56.07278607365033,56.14910896082906,24796000
2018-06-12,56.904903411865234,56.93265718686319,56.54955300034853,56.54955300034853,26092000
2018-06-13,56.708648681640625,57.27413758686546,56.66652268104479,57.10761113571733,34302000
2018-06-14,57.49567413330078,57.78708881414241,57.02435144007503,57.104145445651795,35422000
2018-06-15,57.454044342041016,57.68400368958751,57.17749721277033,57.486256119697735,44438000
2018-06-18,58.65886688232422,58.686125331547835,57.0441828280435,57.12793950840865,33038000
2018-06-19,58.4165153503418,58.62070226732664,57.57002122444943,57.991285064159776,47282000
2018-06-20,58.68313980102539,59.5464864732717,58.58203891404472,58.64498024715416,51686000
2018-06-21,57.95806884765625,58.99338682171667,57.66268774325272,58.754507718658544,44966000
2018-06-22,57.95063400268555,58.23362421260231,57.472868243034256,58.05966777641099,34220000
2018-06-25,56.46332550048828,57.29148083846557,55.50284060341305,57.24241639411734,57682000
2018-06-26,56.13324737548828,56.839482651394306,55.953838500888146,56.70418488645286,34688000
2018-06-27,55.356143951416016,56.80678177537347,55.34424839456659,56.300766869024145,34538000
2018-06-28,55.84382247924805,56.20164961626298,54.81742418325818,55.13064487084305,29726000
2018-06-29,55.96326446533203,56.5664176474054,55.855720455022464,56.117895373904204,31562000
2018-07-02,56.603580474853516,56.64719625524921,54.843688462348,55.27734313265763,23216000
2018-07-03,55.32343292236328,56.990153192018866,55.23174714303591,56.96587052644478,16448000
2018-07-05,56.56294631958008,56.70419567032475,55.66243066280072,55.73578156105257,28594000
2018-07-06,57.24638748168945,57.301895041910846,56.3622254020404,56.58673608975874,21820000
2018-07-09,57.85102081298828,57.88323637131992,57.35293878806448,57.49022168434929,21584000
2018-07-10,57.844085693359375,58.159291506507245,57.617098334981705,57.98533504385423,21334000
2018-07-11,58.058189392089844,58.50324054059404,57.26075976503344,57.273146874534554,33252000
2018-07-12,59.53508377075195,59.5712619907516,58.13945826660793,58.22668604223208,44148000
2018-07-13,59.69170379638672,59.990056934189376,59.23921508657484,59.611414454417236,32612000
2018-07-16,59.299678802490234,59.90431796084138,59.14554323296885,59.6614686063109,26784000
2018-07-17,60.12089538574219,60.40239962833497,58.580553053225884,58.61723039144601,40162000
2018-07-18,60.11246871948242,60.542652288045545,59.69863870575832,59.89539182160768,38948000
2018-07-19,59.42803192138672,60.28939339801572,59.3601334826663,59.80221255274684,38338000
2018-07-20,59.367576599121094,60.00641264207842,59.30364081469495,59.434979715401205,37938000
2018-07-23,60.0178108215332,60.22101084249666,59.07665517549802,59.25755386181982,65446000
2018-07-24,62.35458755493164,63.18968134945834,61.660243984113876,62.99143845565767,107600000
2018-07-25,63.236270904541016,63.35025801938801,61.90358661511062,62.08051884708287,51104000
2018-07-26,63.71007537841797,63.80424161394269,62.594963233739726,62.80212592695883,54686000
2018-07-27,62.093902587890625,64.00445919209274,61.67759210645797,63.88948140697358,48362000
2018-07-30,60.96144104003906,62.09390111054303,60.67052168990716,61.705344418372555,43896000
2018-07-31,60.821678161621094,61.5150310558074,60.275027048471166,61.044203717468605,39382000
2018-08-01,61.10764694213867,61.74746986091492,60.70868447690941,61.41095717984236,36994000
2018-08-02,61.51107406616211,61.67363409348074,60.367712772416965,60.389518775337194,34704000
2018-08-03,61.36387634277344,61.77820171227437,60.930716970703656,61.71178926073466,21264000
2018-08-06,61.33958435058594,61.57698124085062,60.98572368583981,61.53485524132146,22114000
2018-08-07,62.24010467529297,62.74760560322747,62.03988043832837,62.050286215151715,42506000
2018-08-08,62.5121955871582,63.027126526640515,62.05574042643752,62.28371844964311,34344000
2018-08-09,62.66730499267578,63.039008953751065,62.45122257218863,62.58156700320046,27326000
2018-08-10,62.07506561279297,62.50574829674128,61.80991871592981,62.405634291518375,26602000
2018-08-13,61.883270263671875,62.742155246432816,61.8034800348069,62.01014739046385,27500000
2018-08-14,62.35409164428711,62.47551253247424,61.43226541064566,62.07456875068865,28080000
2018-08-15,61.06947326660156,62.048788261685026,60.77310152384819,61.66717386358621,37052000
2018-08-16,60.66506576538086,61.63843688187862,60.445512208710426,61.553685768140376,32176000
2018-08-17,60.258174896240234,60.8082971269196,59.670883777475254,60.56495623560335,33092000
2018-08-20,60.56050109863281,60.75676268028878,59.90382546264028,60.49656909164622,22218000
2018-08-21,60.33549118041992,61.096247227767634,60.21753761823671,60.613528088079974,23082000
2018-08-22,60.55057907104492,60.787476831600465,60.12782554172561,60.17738531551738,22296000
2018-08-23,60.521339416503906,61.215682970911885,60.4316349723723,60.45790275071416,24666000
2018-08-24,61.29399871826172,61.32621049773079,60.53423328853542,60.761220650116336,24454000
2018-08-27,62.261417388916016,62.34071606577263,61.48876952855175,61.660249325143624,28580000
2018-08-28,61.74549102783203,62.27578863216442,61.60226034730332,62.24307773941749,27330000
2018-08-29,62.67673110961914,62.80162689915618,62.08943995794666,62.19847374399886,36926000
2018-08-30,62.170711517333984,62.91659613433063,61.812389096354444,62.61477193119815,30104000
2018-08-31,61.04867172241211,62.07705138797801,60.74882879956025,62.060202498783596,42308000
2018-09-04,60.033172607421875,60.85389800636838,59.79776081224916,60.588747317717875,41458000
2018-09-05,59.42803192138672,60.20959940390106,58.250470247731776,59.929581206101915,53988000
2018-09-06,58.67918014526367,59.422588186507085,57.669135421665715,59.401772852100315,46854000
2018-09-07,58.361995697021484,58.90517953017783,57.94965165488326,58.08494944415617,32658000
2018-09-10,58.23659896850586,58.811502973127645,58.01605474527065,58.6895829715161,27670000
2018-09-11,58.976539611816406,59.023622723692185,57.78510471760497,58.0403411629823,29254000
2018-09-12,58.06512451171875,59.01123342912516,57.795512055893596,58.580550747320544,35716000
2018-09-13,58.58749008178711,58.870979431193106,57.94716805181461,58.46656452248184,40068000
2018-09-14,58.38131332397461,58.87791308757621,58.16027377640068,58.87791308757621,24176000
2018-09-17,57.48180389404297,58.57163896517963,57.41390543771375,58.37091937639642,34096000
2018-09-18,57.842594146728516,58.54734726984671,57.561089920191904,57.6220499215381,32314000
2018-09-19,58.19744873046875,58.29656828515363,57.42182517002772,57.93428317441041,25962000
2018-09-20,59.05484390258789,59.1752779050067,58.295577676921454,58.51463590103157,29244000
2018-09-21,58.09089660644531,59.3031469383466,58.08792460764033,59.22087626404792,91222000
2018-09-24,58.45962905883789,58.7386528621229,57.068960478314175,57.46098451686773,31150000
2018-09-25,59.16982650756836,59.31701984307357,58.18852626069421,58.69206449767602,33152000
2018-09-26,59.178260803222656,59.83146914995771,58.74906783394743,59.15992591310024,37650000
2018-09-27,59.837406158447266,60.30822971739005,59.37599770946262,59.47264059918955,36274000
2018-09-28,59.82353210449219,59.89143055329956,59.365095632347476,59.67534431659836,35612000
2018-10-01,59.89540100097656,60.672015369335845,59.630749397343465,60.116939711927294,33164000
2018-10-02,59.85128402709961,60.68786760635078,59.455792684854295,59.80321024799633,40180000
2018-10-03,60.04407501220703,60.17541012769135,59.57919543863832,60.067367011728635,26246000
2018-10-04,58.336219787597656,59.76504784574882,57.68103020510518,59.72193117816361,46576000
2018-10-05,57.87828063964844,58.58055335984854,57.20871881167546,58.28319089338021,31852000
2018-10-08,57.28801345825195,58.27624835118113,56.27103034013294,57.49021901375333,46190000
2018-10-09,56.7552375793457,57.56703939265589,56.705677800090115,57.059538480767145,33690000
2018-10-10,54.12803649902344,56.35132216631771,54.0958209407641,56.32059260740062,58980000
2018-10-11,54.05766296386719,55.312538487036065,53.32168863142083,53.477805544718294,67696000
2018-10-12,55.5345573425293,55.79673221647407,54.270266967598985,55.48995089881344,49370000
2018-10-15,54.63751220703125,55.597002583512364,54.42836444168948,55.40867393114534,30074000
2018-10-16,56.15605163574219,56.31910697940148,55.09892757760867,55.18466558093577,38378000
2018-10-17,55.883968353271484,56.845935552048864,55.210440067368346,56.49901329864756,35652000
2018-10-18,54.41301345825195,56.11987860211233,53.83959915144038,56.00341102889499,46152000
2018-10-19,54.77330780029297,55.55487911648252,54.36939203447995,54.700456026237575,41286000
2018-10-22,55.08009338378906,55.59155696560373,54.516589575483515,55.136591608320536,27116000
2018-10-23,55.25553512573242,55.40868002337412,53.47631372196218,54.084915522979806,37686000
2018-10-24,52.39142990112305,55.34028389764265,52.28933456741099,55.25999456332015,49286000
2018-10-25,54.694515228271484,55.399759966530695,53.304837305994695,53.54024910750814,72956000
2018-10-26,53.71123123168945,55.35911755170512,51.65347755213339,51.95579712615013,106438000
2018-10-29,51.281776428222656,54.95421419171303,49.91737560307921,54.345113230013254,81290000
2018-10-30,52.01427459716797,52.08316370963362,50.25289656485234,50.55224034697912,59768000
2018-10-31,54.04972457885742,54.91307122833616,52.94056038168737,52.94056038168737,70916000
2018-11-01,53.82175064086914,54.51163245458862,53.41733572962472,54.09036865507806,40132000
2018-11-02,53.10361862182617,54.41746888733465,52.91380016975293,53.97142331655281,43438000
2018-11-05,52.322540283203125,53.19579738468106,51.24559163053158,53.15515738482531,45358000
2018-11-06,53.008460998535156,53.516457231001695,52.21747453889714,52.287354317475426,28660000
2018-11-07,54.92496871948242,55.008725392439125,53.55462016307726,53.69834617525537,43388000
2018-11-08,54.25044250488281,54.92397069251891,53.74145564233035,54.8783773636776,33694000
2018-11-09,53.3776969909668,53.93921575725974,52.745303987243254,53.724619274591326,34860000
2018-11-12,52.006839752197266,53.23297064347121,51.560302644251195,53.1848968656616,34002000
2018-11-13,51.937957763671875,52.864741224888455,51.56278638077324,52.276954701441035,25750000
2018-11-14,52.26555252075195,52.82112724353577,51.59797200999613,52.53417054733082,34666000
2018-11-15,53.08181381225586,53.469376054780525,51.606889506378266,52.11092309230952,41584000
2018-11-16,52.94403839111328,53.15070574670461,52.28141120588089,52.79337393000323,35366000
2018-11-19,50.91948699951172,52.93065677293835,50.69398942241821,52.70217963465381,45684000
2018-11-20,51.06964874267578,51.4116176197719,49.670060574271346,49.921825896170596,54458000
2018-11-21,51.71295166015625,52.27199369417608,51.516194757625584,51.80612344190846,29698000
2018-11-23,51.05230712890625,51.691638471206154,50.97399912574194,51.22081112953466,14178000
2018-11-26,52.332950592041016,52.38548236782315,51.53155458783973,51.74119770138357,31558000
2018-11-27,52.15156173706055,52.86920114576592,51.81554437238424,52.104977734935865,33048000
2018-11-28,54.10969543457031,54.16272632477953,51.68915764114635,52.408282980563826,46042000
2018-11-29,54.24797058105469,54.524022368221154,53.62449744650469,53.7003250046818,31004000
2018-11-30,54.994850158691406,54.994850158691406,53.68298490261027,54.30001497294839,59668000
2018-12-03,55.32740020751953,56.25120780292768,55.09793241741592,56.1104575760452,57532000
2018-12-04,52.65658187866211,55.222331716328064,52.57282521063844,55.160381048236346,45630000
2018-12-06,53.43022537231445,53.49663782573573,51.665871388846796,51.79076340299534,47436000
2018-12-07,51.86906433105469,53.774667544723464,51.511732533849006,53.140293289083,42682000
2018-12-10,52.196163177490234,52.51434095626558,51.19603272852635,51.68866228487641,33652000
2018-12-11,52.615943908691406,53.04959860207512,52.04352031841192,52.87811881343425,33852000
2018-12-12,53.21463394165039,54.10672130549076,53.12740615957853,53.38066128063316,28960000
2018-12-13,53.20521926879883,53.94268335710161,52.78147877719862,53.310785727715775,24986000
2018-12-14,52.12330627441406,53.115012254042895,52.00733405403013,52.53515493329178,36358000
2018-12-17,50.83176803588867,52.652124909165806,50.38473176235824,51.89037815425454,49932000
2018-12-18,51.71195983886719,52.51880453693623,51.071138699168294,51.245594263896415,43640000
2018-12-19,51.31794738769531,53.31275956092113,50.52349363111152,51.904247816942984,58264000
2018-12-20,50.72917556762695,51.91169077294847,49.950084617756865,50.84911046456175,53674000
2018-12-21,49.12688064575195,51.42747984878357,48.62830329379818,51.14845606158276,104656000
2018-12-24,48.80077362060547,50.16120789199509,48.45335227237143,48.78342561832322,36360000
2018-12-26,51.932003021240234,51.96173812917805,49.19625965591018,49.46091497252919,46318000
2018-12-27,52.182289123535156,52.20409512427059,49.907458541178066,50.85902371181773,45996000
2018-12-28,51.8740234375,52.74380951627864,51.64207897069144,52.50938838379632,34398000
2018-12-31,51.78878402709961,52.682361277319465,51.19802171272543,52.42662567925508,33110000
2019-01-02,52.2705078125,52.57332272092195,50.81342682866761,50.908583724282856,31868000
2019-01-03,50.822837829589844,52.844413130736584,50.669201388757,52.07176536650582,41960000
2019-01-04,53.429725646972656,53.525377872894474,51.38733490786459,51.66982980650256,46022000
2019-01-07,53.323177337646484,53.65919471164255,52.66501191794435,53.573456702107286,47446000
2019-01-08,53.79151916503906,54.18701051028504,52.947997134787144,53.82274027539516,35414000
2019-01-09,53.60715103149414,54.10226102894677,53.246348142659265,53.92136614202723,26998000
2019-01-10,53.46739196777344,53.51596107886595,52.7661099648934,53.27460152267623,26598000
2019-01-11,52.755706787109375,53.196795286176545,52.35723962602877,53.024820153608665,30864000
2019-01-14,52.113399505615234,52.457349745213584,51.96670149930838,52.2040946206828,28490000
2019-01-15,53.848026275634766,53.93525407188937,52.25861929223583,52.43555155068403,37518000
2019-01-16,53.99669647216797,54.63355115915483,53.922358694920945,54.02098291892573,38280000
2019-01-17,54.47298049926758,54.5512847285975,53.68694730126995,53.92137221845554,24896000
2019-01-18,54.878379821777344,55.40867737331329,54.48090337937602,54.942311820332534,44892000
2019-01-22,53.457481384277344,54.46554479169045,53.07388180032208,54.31834766794679,39632000
2019-01-23,53.74394226074219,54.167187396746016,52.90934376478967,53.86536315507689,25194000
2019-01-24,53.7236213684082,53.92186426712231,53.03076377971732,53.64977514185636,29114000
2019-01-25,54.591426849365234,54.68311263158913,54.11019370892404,54.23062393672968,23260000
2019-01-28,53.5184440612793,54.18800591952664,53.25825047341647,54.024459013334045,29334000
2019-01-29,53.03274917602539,53.75980371100518,52.83252492952006,53.57692368708818,19704000
2019-01-30,54.416969299316406,54.49279685136186,53.358850902146436,53.39453378878516,29452000
2019-01-31,55.79970932006836,55.8879277682799,54.776782174572446,55.12320907469218,40232000
2019-02-01,55.43940734863281,56.2214740701124,55.22282955760962,55.62129291519569,33116000
2019-02-04,56.56938934326172,56.61498646067175,55.38439743543495,55.458738999859754,78408000
2019-02-05,57.0872917175293,57.13189816525388,55.68621744950641,55.98506590270298,82296000
2019-02-06,55.651031494140625,57.19285981317814,55.42652081207824,56.95843868754115,48256000
2019-02-07,54.80949401855469,55.11081914301035,54.198907096289624,55.102394698878804,38298000
2019-02-08,54.63454055786133,54.769346782323446,54.23112011299676,54.26283655557469,21766000
2019-02-11,54.62165451049805,55.18218629544978,54.516587177076204,54.702439178816235,18498000
2019-02-12,55.88347244262695,56.14515201996512,55.06225170507033,55.06225170507033,35036000
2019-02-13,55.93550491333008,56.64025803524329,55.805160467057085,56.15406780576214,28042000
2019-02-14,55.9637565612793,56.30721147033604,55.363579193970516,55.755603216750615,21106000
2019-02-15,55.48945999145508,56.46431712713548,55.34523865451279,56.46431712713548,27826000
2019-02-19,55.830440521240234,55.98556297395831,55.341278267413735,55.341278267413735,21980000
2019-02-20,55.53704071044922,56.049498745540966,55.09892801757924,55.947898738140964,24090000
2019-02-21,54.72523880004883,55.465674848432876,54.41647611332852,55.44733617946482,33272000
2019-02-22,55.33730697631836,55.37150386454631,54.54136721859264,54.9973232075196,29436000
2019-02-25,55.3754768371582,55.775429986057915,55.21589260034126,55.60345485849227,26208000
2019-02-26,55.60741424560547,55.82696780950887,54.848643329872075,55.228771787399616,35026000
2019-02-27,55.651031494140625,55.791781723679335,54.940829672376765,55.21093368851873,22092000
2019-02-28,55.83241653442383,56.20114852474559,55.42899610423238,55.458235880285606,27422000
2019-03-01,56.921260833740234,56.99461172172146,56.052960858781056,56.052960858781056,34086000
2019-03-04,57.164119720458984,57.763801803361666,56.41228339115817,57.220617949824806,35490000
2019-03-05,57.945682525634766,58.30747610261752,57.144290260692664,57.291978933950915,40094000
2019-03-06,57.73505783081055,58.22074901149475,57.64138692680829,58.073060324641155,23602000
2019-03-07,57.03673553466797,57.667642382709204,56.58375156418258,57.514996615693384,30086000
2019-03-08,56.99312973022461,57.16560018173033,56.01331546458372,56.19669080684739,23694000
2019-03-11,58.44475555419922,58.476967329547385,57.07242200177658,57.0937326680358,30032000
2019-03-12,59.33635330200195,59.755635785784854,58.59542567962759,58.59542567962759,42220000
2019-03-13,59.426055908203125,59.82551371065459,59.36906235006115,59.76653882003293,25888000
2019-03-14,59.10243225097656,59.70558546798355,59.03800490768858,59.4240811965799,27302000
2019-03-15,58.99190902709961,59.5578895360771,58.82885367389795,59.37352729524492,51886000
2019-03-18,58.905174255371094,59.22236136997121,58.55478091755831,58.96167247755781,24442000
2019-03-19,59.59455490112305,59.64163800874752,58.95026651045778,59.06227227772826,29788000
2019-03-20,60.782527923583984,60.95896482575789,59.45232405589569,59.5420285063516,41508000
2019-03-21,61.263267517089844,61.27863040668714,60.294358088650746,60.46385655086534,28150000
2019-03-22,59.85177993774414,61.13936242847157,59.77000460105238,60.902464643554005,34422000
2019-03-25,59.34279251098633,59.94049319456507,58.977036279224706,59.45083562608239,27576000
2019-03-26,58.96910095214844,59.8517731046707,58.56865253956518,59.729853113212855,30752000
2019-03-27,58.3828125,59.072199031164196,57.69986529981015,59.072199031164196,29428000
2019-03-28,58.098323822021484,58.34513581703844,57.660211167264166,58.25840715432888,22402000
2019-03-29,58.32730484008789,58.67819355065065,57.80642232948979,58.49035641367044,30890000
2019-04-01,59.42209243774414,59.48255332690599,58.79663796251399,58.855117519223015,27706000
2019-04-02,59.74721145629883,59.760593013316004,59.038495611031834,59.47512231772895,18288000
2019-04-03,60.008392333984375,60.49358812897417,59.724411434921,60.10205944667609,22180000
2019-04-04,60.43659591674805,60.49111280924098,59.920670551711964,60.0321810022952,21022000
2019-04-05,60.04010772705078,60.48318129422552,59.96973261519408,60.429159736999175,20012000
2019-04-08,59.88300704956055,60.164012178438526,59.70557948026321,60.02326194743682,21750000
2019-04-09,59.60595703125,59.826996588606484,59.39235125147336,59.566311477880355,19668000
2019-04-10,59.792301177978516,59.91570717285998,59.50534830389222,59.724901850259606,15510000
2019-04-11,59.94792938232422,60.104046282843015,59.697650033306594,59.91373249101701,16998000
2019-04-12,60.59915542602539,60.61501364805489,60.13130384563559,60.24677696021811,24312000
2019-04-15,60.7874870300293,60.92476993297739,60.194248081831006,60.666557683013956,23796000
2019-04-16,61.05411911010742,61.255829336431965,60.713636210736404,60.95945755130198,22622000
2019-04-17,61.46200180053711,61.70782314293728,61.10318401138425,61.30638023853066,30366000
2019-04-18,61.527915954589844,61.74945083948574,61.4258206222395,61.702863061629785,24750000
2019-04-22,62.137020111083984,62.16576455775873,61.126480011043846,61.290030694609925,19084000
2019-04-23,62.97111511230469,63.16142888523771,62.04829825291221,62.2797473579548,31868000
2019-04-24,62.44875717163086,63.140128823257456,62.436865394701826,62.97112568760722,23396000
2019-04-25,62.810054779052734,63.08065414531844,62.34716027730447,62.95675279642171,31344000
2019-04-26,63.30961608886719,63.383462313413084,62.694075856401675,63.109391863143735,27228000
2019-04-29,64.24036407470703,64.27853119264928,63.026627793364206,63.46275914712026,72368000
2019-04-30,59.421104431152344,59.52121466086454,58.63011791265546,59.0082650592432,133178000
2019-05-01,58.15037155151367,59.43547746773501,58.06909154217159,59.348745012660174,74340000
2019-05-02,57.81285858154297,58.4507039199752,57.407453023118116,58.11468280615424,45098000
2019-05-03,58.954734802246094,59.04642058122197,58.16176700539989,58.3530676741448,41588000
2019-05-06,59.148521423339844,59.24615498979071,58.04331973589587,58.08495040731154,31774000
2019-05-07,58.42493438720703,59.213440429540135,57.738024570214755,58.7693799619371,36604000
2019-05-08,58.02448654174805,58.69305769705968,57.86836964135155,58.347122338108534,25520000
2019-05-09,57.88521194458008,58.187531486196946,57.22456997555092,57.619074403785326,29556000
2019-05-10,57.868858337402344,58.297060538395336,56.814706388416624,57.92833233577243,31650000
2019-05-13,56.33000183105469,57.09224379059266,55.78037875264008,56.75870314356924,45626000
2019-05-14,55.7486686706543,56.740374796979275,55.68275154969262,56.61399678207065,40392000
2019-05-15,58.02547073364258,58.39717471698407,55.577179286726064,55.63417283877792,59302000
2019-05-16,58.70445251464844,59.18320897931862,57.90900804102215,58.07701671287002,35308000
2019-05-17,57.925357818603516,58.7931624623442,57.80839493274456,58.274760476951634,25362000
2019-05-20,56.72996139526367,57.14329605896951,56.406826508372355,57.14329605896951,30602000
2019-05-21,57.21466827392578,57.39110518272423,56.66305999382111,57.21664960649212,20562000
2019-05-22,57.2845458984375,57.67756059152762,57.04417699291759,57.056567883327986,18826000
2019-05-23,56.76366424560547,56.99709470964155,56.16001953140704,56.79984625111873,25214000
2019-05-24,56.43012619018555,57.21070317871385,56.33595995469446,57.09374027466447,18554000
2019-05-28,56.477210998535156,57.316271354789365,56.433099878388866,56.57236790318126,20948000
2019-05-29,55.50482940673828,56.2512094600293,55.108838931642744,56.137218561285856,36230000
2019-05-30,55.577674865722656,55.8448068555838,55.304595097862816,55.51522886848909,18088000
2019-05-31,54.83872985839844,55.180694960773586,54.68261297136005,54.796108526517585,31582000
2019-06-03,51.48051452636719,52.881093573067986,50.900161794703344,52.87762624104899,96890000
2019-06-04,52.261085510253906,52.45685173420947,51.346197732951325,51.76548017733963,60512000
2019-06-05,51.77291488647461,52.376068009204204,51.19603332376587,52.286363563329914,46988000
2019-06-06,51.92755126953125,52.038566393848484,51.32043541783683,51.8507330384131,29020000
2019-06-07,52.9489860534668,53.19976450009471,52.09555360809189,52.250679832046735,43828000
2019-06-10,53.66216278076172,54.260854105527464,53.291449452295595,53.37669211642872,28510000
2019-06-11,53.57691955566406,54.71532738750787,53.50406777654028,54.367410703409845,33508000
2019-06-12,53.48078155517578,53.650276245778585,53.00995414743984,53.52290756124382,23670000
2019-06-13,54.071041107177734,54.34758824154439,53.65275307370434,53.75881108146844,20814000
2019-06-14,53.83760452270508,54.25688695595238,53.598725420530506,54.00809362992854,24582000
2019-06-17,54.21377182006836,54.580023375204505,53.92186182122396,53.97637871042667,19770000
2019-06-18,54.77628707885742,55.447334881797815,54.555742847957134,55.08653575767853,34526000
2019-06-19,54.74010467529297,54.983944685210766,54.319831550644146,54.8754062364344,26714000
2019-06-20,55.17079162597656,55.6426096794379,54.863514924278896,55.5920554494287,24018000
2019-06-21,55.77394485473633,55.83341508138536,54.998321212056794,55.00525965724378,50774000
2019-06-24,55.3442497253418,55.684732634870436,55.1762410507709,55.50780040186352,24236000
2019-06-25,53.90105056762695,55.29469111706797,53.75335811004404,55.263965338513984,31644000
2019-06-26,53.541236877441406,54.2747344708787,53.21265330808006,54.070543792942544,34698000
2019-06-27,53.35835647583008,53.94465690292035,53.319697808966254,53.85990957306717,24078000
2019-06-28,53.664146423339844,53.664146423339844,53.21810085434756,53.38809463801861,33672000
2019-07-01,54.516597747802734,54.94232339040741,54.28514858837192,54.56813886773545,29196000
2019-07-02,55.141056060791016,55.15542828417847,54.50023866252432,54.755970465829634,20630000
2019-07-03,55.65599060058594,55.90379329168681,55.252566337255466,55.433461243031786,20154000
2019-07-05,56.1357307434082,56.2338596354491,55.38389826892284,55.47657471559063,29794000
2019-07-08,55.34870910644531,55.865129779203734,55.09942043753115,55.79871733277184,29888000
2019-07-09,55.72041702270508,55.8973492604674,54.87094717312913,55.02805474218913,29472000
2019-07-10,56.54411315917969,56.61498360685667,56.03611690591419,56.11838757766129,30710000
2019-07-11,56.701210021972656,57.15518466052089,56.47571248304193,56.804296015632104,26004000
2019-07-12,56.76366424560547,56.87071670041699,56.42764688726692,56.6442246813717,21878000
2019-07-15,57.019893646240234,57.02831809039802,56.49901117144503,56.763662740337104,21164000
2019-07-16,57.16609191894531,57.419842358557766,56.832547479613865,56.832547479613865,25352000
2019-07-17,56.833045959472656,57.412903273424014,56.827098181424184,57.04020861918004,19538000
2019-07-18,56.85783386230469,56.903926314334115,56.145155318337636,56.59813560223208,25450000
2019-07-19,56.08021926879883,57.072915906064864,56.06535171421517,56.96091013244402,23184000
2019-07-22,56.45985794067383,56.50000261071285,55.76601345050147,56.27450126082239,28914000
2019-07-23,56.897972106933594,56.938116775342806,56.14465364197187,56.6699941006798,20648000
2019-07-24,56.485626220703125,56.76960710760005,55.92955622217144,56.13325155608208,27192000
2019-07-25,56.29779815673828,56.6769359682193,55.69167299150224,56.446972834493835,54762000
2019-07-26,61.71377182006836,62.86208631623326,60.86033933505423,60.86033933505423,121216000
2019-07-29,61.54624938964844,61.900609155444364,60.9693640780406,61.57896027810945,41382000
2019-07-30,60.8603401184082,61.301923922317876,60.72751521911687,60.81077655714907,28616000
2019-07-31,60.37464141845703,61.20279674885371,59.878045420071864,60.7052100842924,39960000
2019-08-01,60.05646514892578,61.27168739703548,59.819563585983744,60.34639382180189,35426000
2019-08-02,59.29026412963867,59.94346862631582,58.97703965700888,59.62132815732613,34910000
2019-08-05,57.23003005981445,58.32680726802884,56.635305120848756,58.13302235950556,47840000
2019-08-06,58.03935241699219,58.55081599085133,57.56604839828649,57.763795962239634,36014000
2019-08-07,58.27872848510742,58.474986261280904,57.036244038146585,57.38118492688738,30686000
2019-08-08,59.779422760009766,59.78388075791878,58.184068276743524,58.80010384530423,30116000
2019-08-09,58.922523498535156,59.69368535107968,58.723785256582595,59.472150441304976,20418000
2019-08-12,58.20884704589844,58.75946462189785,57.92238948180988,58.48143150180657,22064000
2019-08-13,59.31058120727539,59.74175925120991,58.13401753831253,58.2014168756371,28434000
2019-08-14,57.70085525512695,58.61970574265345,57.54325235821209,58.286660394406965,35430000
2019-08-15,57.95212936401367,58.30400873895716,57.63890866165507,57.908022026797056,28506000
2019-08-16,58.442283630371094,58.671751442982035,58.13451536686379,58.52059164360576,24916000
2019-08-19,59.49444580078125,59.938014690087954,58.99685913675256,59.06772957995668,24450000
2019-08-20,58.6563720703125,59.37351601961771,58.6325847402987,59.24218091856865,20206000
2019-08-21,59.05533981323242,59.50039471026344,58.87394958936071,59.265478262571,14152000
2019-08-22,59.0523681640625,59.41217661535316,58.42740903875277,59.16536460953603,17352000
2019-08-23,57.17204284667969,59.25804558458864,56.994615284291136,58.737658454308054,36254000
2019-08-26,58.0443000793457,58.07800163323653,57.23497879641141,57.462956782357764,21166000
2019-08-27,58.026466369628906,58.72923439799841,57.716217690538485,58.630114839752,23460000
2019-08-28,58.17167663574219,58.40708841541455,57.50261018466387,57.731578852937695,16810000
2019-08-29,59.187171936035156,59.432494151210086,58.743107720986465,58.79960594138018,19636000
2019-08-30,59.0033073425293,59.489992939484985,58.76491976593899,59.489992939484985,18064000
2019-09-03,57.963523864746094,58.93143877153899,57.67409052559713,58.573116319883106,25908000
2019-09-04,58.59393310546875,58.72328688982896,58.06165419350819,58.4541735445941,21312000
2019-09-05,60.076786041259766,60.166490488974276,59.11035333615946,59.15842711580211,26394000
2019-09-06,59.78586196899414,60.1144455084397,59.63420308310666,59.92562151772817,18972000
2019-09-09,59.73383331298828,60.49111831707012,59.134151222132736,59.82353777097587,31854000
2019-09-10,59.75513458251953,59.96824502600746,59.27489213974957,59.2788585856114,27922000
2019-09-11,60.46384811401367,60.58626344291132,59.58563392745717,59.6654279254719,23522000
2019-09-12,61.20577621459961,61.5749997893835,60.59072751009033,60.6358292920011,31644000
2019-09-13,61.45655059814453,61.50710482527738,60.814742564855344,61.06403124403574,23676000
2019-09-16,61.04024124145508,61.40649279974879,60.721069014089025,60.981262572769054,28218000
2019-09-17,60.95351028442383,61.20726073791632,60.629880051304234,61.04024273315963,20806000
2019-09-18,61.090797424316406,61.26872033210829,60.288909787571,60.971357857610855,17440000
2019-09-19,61.39310836791992,61.67015080115012,61.07393993667396,61.074435269744605,16554000
2019-09-20,60.95153045654297,61.59383382640864,60.64128177196339,61.13985913301072,37692000
2019-09-23,61.191898345947266,61.439205689900824,60.65119121063101,60.78946477168961,20798000
2019-09-24,60.38108825683594,61.807439674243646,59.99996912431239,61.45506498727683,35804000
2019-09-25,61.749454498291016,61.852540502912774,59.92859863871399,60.266105764581944,26798000
2019-09-26,61.56855773925781,61.68651508439093,61.04966036820678,61.5611239611923,23166000
2019-09-27,60.75873947143555,61.702371740362565,60.22596144286288,61.595319289066644,34122000
2019-09-30,60.520347595214844,60.831091588087766,60.137742494258035,60.49358448429573,24470000
2019-10-01,59.77000427246094,61.101202537473505,59.747702939259085,60.587258520609794,24504000
2019-10-02,58.37834548950195,59.41118686082133,58.11617059122782,59.29918107982884,33030000
2019-10-03,58.94879150390625,59.026600399615326,57.64584604008084,58.64696725071422,28368000
2019-10-04,60.01582717895508,60.09016873940147,59.025111789237364,59.18965313222018,24282000
2019-10-07,59.88151168823242,60.40982790071452,59.68872124767629,59.8195610228065,17040000
2019-10-08,58.98347854614258,59.81311988849005,58.95126298908241,59.41168077323603,20086000
2019-10-09,59.59158706665039,59.89192530446098,59.37946727812041,59.5385599553945,15948000
2019-10-10,59.94198226928711,60.24677851453171,59.36658667048485,59.40326022781254,12842000
2019-10-11,60.25123977661133,60.89750960004905,60.14864910243124,60.66358380582727,22330000
2019-10-14,60.35333251953125,60.755266973504796,60.06142251302873,60.16103740300825,13296000
2019-10-15,61.56607437133789,61.8084245846959,60.50944574195248,60.53819018483243,27584000
2019-10-16,61.60374450683594,62.158324727681624,61.38220583718285,61.54476583864599,22986000
2019-10-17,62.08943176269531,62.6321201745358,61.94421977189013,62.02004732276002,20958000
2019-10-18,61.67362976074219,62.35260670842632,61.46200529642791,62.1831120286566,31624000
2019-10-21,61.66718673706055,62.12462877724251,61.45457160617475,61.886244979862205,18094000
2019-10-22,61.5145378112793,61.88772782557242,61.44763002985822,61.67709403795767,22862000
2019-10-23,62.32881546020508,62.34913546091626,61.46547254945289,61.46547254945289,21282000
2019-10-24,62.40217590332031,62.59000926949575,62.06714539744272,62.40217590332031,20224000
2019-10-25,62.65938949584961,62.84276485103948,61.90854763384837,62.04979320353552,27104000
2019-10-28,63.882530212402344,64.39102174002998,63.05636003973331,63.18967647549399,65428000
2019-10-29,62.47898864746094,63.47713785052904,62.228705511114924,63.23924560489196,52654000
2019-10-30,62.4809684753418,62.84375272326346,61.98288644265666,62.20590734537087,29204000
2019-10-31,62.38679504394531,62.76940391612324,61.92489128839739,62.44626904234914,31904000
2019-11-01,63.05339050292969,63.090563173237854,62.43190247703901,62.733726712824655,28812000
2019-11-04,63.91376495361328,64.0569956350215,63.24469844402674,63.24469844402674,30632000
2019-11-05,64.00446319580078,64.29191523891771,63.90237162804202,63.9925676375723,25148000
2019-11-06,63.983150482177734,64.08127938150476,63.54999487986171,63.93755714570713,24626000
2019-11-07,64.77264404296875,65.55123960400215,64.11894048238668,64.14520447981734,45140000
2019-11-08,64.8747329711914,65.27667118223397,64.50401964958242,64.50401964958242,30392000
2019-11-11,64.34345245361328,64.67154446385774,64.22401289593664,64.62693423524343,17234000
2019-11-12,64.2904052734375,64.89207228619952,64.1432119659577,64.35780837401124,28852000
2019-11-13,64.23936462402344,64.55357970895379,64.03963575258912,64.09068152450922,20538000
2019-11-14,64.8821792602539,65.20779842918083,64.12836536368101,64.18090092888458,28948000
2019-11-15,66.09095764160156,66.09095764160156,65.01796782618717,65.17458383535813,39286000
2019-11-18,65.4119873046875,66.10980214625374,65.22960637232171,66.03149412474825,27984000
2019-11-19,65.05266571044922,65.74849152659021,65.0120257076676,65.74849152659021,21864000
2019-11-20,64.5208740234375,65.08338331770538,63.89393362008337,64.99169754698218,28892000
2019-11-21,64.43563842773438,64.97980911504798,63.970259735627984,64.39152731265196,25546000
2019-11-22,64.114990234375,64.77067525431099,63.90138441373106,64.57738943791793,27776000
2019-11-25,64.70820617675781,64.94461237831348,64.21111867345796,64.24333422697919,23590000
2019-11-26,65.07299041748047,65.12304553431402,64.62892991582375,64.9198455057119,21910000
2019-11-27,65.02986907958984,65.30295267218251,64.89804240112413,65.19292821457594,18808000
2019-11-29,64.63140106201172,64.9218250921024,64.58877972481791,64.7558015227708,12802000
2019-12-02,63.87659454345703,64.6983106068701,63.45631762001597,64.55557148082512,26538000
2019-12-03,64.16802215576172,64.29143197123824,63.29129747057027,63.37108771280894,25270000
2019-12-04,65.36737823486328,65.63153827654885,64.57985900377882,64.7310225855043,35506000
2019-12-05,65.76484680175781,65.81540102767516,65.13840545361785,65.76682813417223,24408000
2019-12-06,66.38088989257812,66.53353569149026,65.97647872644366,66.05180717841115,32968000
2019-12-09,66.55929565429688,67.28090140339582,66.21633611365712,66.3546134438284,30842000
2019-12-10,66.55435180664062,66.80760694308702,66.11375487153835,66.40814912656901,17606000
2019-12-11,66.62174987792969,66.90126899298782,66.46563298459978,66.82246943725745,20480000
2019-12-12,66.8318862915039,67.1337067474379,66.32191249314344,66.57020672354811,29114000
2019-12-13,66.7516098022461,66.97364007690634,66.49340129754584,66.8026555908686,33170000
2019-12-16,67.43702697753906,67.57727809571605,66.93695982340492,67.15452828398682,28128000
2019-12-17,67.1490707397461,67.61692229902084,66.94488007036423,67.52176540880079,32948000
2019-12-18,67.00138092041016,67.3740756040836,66.9295235885865,67.25364537789,23330000
2019-12-19,67.22589874267578,67.27992408819243,66.84477957442238,67.00138804031042,28922000
2019-12-20,66.9671859741211,67.60056957774427,66.9429033073999,67.55596690931648,50090000
2019-12-23,66.93795013427734,67.49401639740252,66.8076056794049,67.33938927575151,19936000
2019-12-24,66.63066101074219,67.00633521845035,66.61778235108628,66.91712233062835,13468000
2019-12-26,67.52474212646484,67.56092791296443,66.68419583939209,66.73574073401721,23662000
2019-12-27,67.13667297363281,67.75171776843943,67.05539298525728,67.60055423218726,23212000
2019-12-30,66.396728515625,67.25363194194918,66.3040520869184,67.24421683352489,19994000
2019-12-31,66.38088989257812,66.44383123438371,66.0210813978325,66.20247164468444,19514000
2020-01-02,67.83250427246094,67.83250427246094,66.73275901654908,66.82791589956109,27278000
2020-01-03,67.47765350341797,68.08378239307208,66.77389484039315,66.80760017733454,23408000
2020-01-06,69.27621459960938,69.3014879316115,66.95628606830468,66.98750339759994,46768000
2020-01-07,69.14240264892578,69.55821779935313,68.96646485726092,69.4075533410106,34330000
2020-01-08,69.63452911376953,69.97203621725023,69.0194842397815,69.12801890142514,35314000
2020-01-09,70.36556243896484,70.8061518370151,69.89076858429041,70.47161667281351,33200000
2020-01-10,70.82002258300781,71.11639816188107,70.3561412229082,70.84530347811571,26258000
2020-01-13,71.36865997314453,71.44051730380278,70.64210083819175,71.1317546271615,30730000
2020-01-14,70.90081024169922,71.49751649539529,70.76104311691866,71.36717204334909,26076000
2020-01-15,71.32752990722656,71.40583792168397,70.95384451597616,71.02124763841545,21550000
2020-01-16,71.87071228027344,71.89747539401914,71.3671740127522,71.63727803469492,26080000
2020-01-17,73.32579803466797,73.37684381090587,72.18739403885324,72.48426114877846,52424000
2020-01-21,73.46111297607422,73.83926013588128,72.8643991173482,73.30003517222072,48930000
2020-01-22,73.54139709472656,74.36955634065013,73.4814353131619,73.83182870287273,28458000
2020-01-23,73.58202362060547,74.0186578379967,73.36544584943454,73.72377206652983,26650000
2020-01-24,72.66416931152344,74.05334797496889,72.51597775102503,73.98495419699645,29786000
2020-01-27,70.9572982788086,71.19766714707632,70.35116943940237,70.94788316976366,34132000
2020-01-28,71.88755798339844,72.10066465532061,70.88940505128319,71.45340418513541,29724000
2020-01-29,72.19482421875,72.56355620090642,71.63429624956653,72.28204821190393,21566000
2020-01-30,72.07341766357422,72.1229736667599,71.11937574477422,71.27301221062503,27110000
2020-01-31,71.00933074951172,72.83761626416954,70.7258414538905,72.74791183264237,43822000
2020-02-03,73.47846221923828,73.66184138043653,72.19038412246833,72.44016818343488,71636000
2020-02-04,71.63529205322266,72.7221511823301,70.47656803193662,72.08530406404785,95880000
2020-02-05,71.66700744628906,72.58536256030895,70.85570477873623,72.53728878225081,36376000
2020-02-06,73.14985656738281,73.42690277747084,71.88656063613087,71.96089840725588,37822000
2020-02-07,73.30548858642578,73.60978951764092,72.62651160369214,72.72464050558949,28360000
2020-02-10,74.7699966430664,74.78090153391359,73.11170456287006,73.21231390255865,38302000
2020-02-11,74.83939361572266,75.82168850051549,74.61092023332822,74.99848253884697,34852000
2020-02-12,75.26412200927734,75.34688423463207,74.7704979689078,75.12683532807398,31042000
2020-02-13,75.00440979003906,75.62688838893217,74.53903116822619,74.83639736148454,22914000
2020-02-14,75.26907348632812,75.33449526939701,74.6158614465477,75.06092014232502,23198000
2020-02-18,75.30426788330078,75.85538085243427,74.8864713768279,75.0515118488402,25642000
2020-02-19,75.57337951660156,75.8643026659883,75.38059282964247,75.68885642045224,22746000
2020-02-20,75.1828384399414,75.68240645418584,74.55192774826135,75.2829486635649,25962000
2020-02-21,73.52107238769531,74.8834956332235,73.27475947782071,74.56779071017739,42520000
2020-02-24,70.3690185546875,71.1877625983734,69.72126652670165,70.52711678476247,49560000
2020-02-25,68.70675659179688,71.21104711521028,68.41435127649457,70.92112224638342,51580000
2020-02-26,68.91243743896484,70.06224551074448,68.22255562083214,69.13595745407619,49776000
2020-02-27,65.16962432861328,67.86819914105875,65.13443677157909,67.3597075582135,62290000
2020-02-28,66.37395477294922,66.53254456868979,62.85317207191718,63.15549166870897,80198000
2020-03-02,68.70675659179688,68.76374636203735,65.67761720638778,66.97560913503754,55430000
2020-03-03,66.29812622070312,69.79065597401333,65.87784927791827,69.26977724679543,56602000
2020-03-04,68.47283935546875,68.53131891334556,66.26243609006487,67.35078505307477,47598000
2020-03-05,65.16020965576172,67.08663199651346,64.50997717418309,66.68617596648993,54380000
2020-03-06,64.21756744384766,64.56498121361302,62.307997902917315,62.93940012057122,64640000
2020-03-09,60.25520324707031,62.08596950725931,59.37550300597867,59.71846256922305,69252000
2020-03-10,63.19810485839844,63.231806414527796,60.19176194894064,62.16823929817354,54872000
2020-03-11,60.012855529785156,62.2941293736132,59.03354029669556,61.86493643205561,54732000
2020-03-12,55.089012145996094,58.91508605796514,54.93636636348303,55.63764838838644,94326000
2020-03-13,60.179874420166016,60.18631753199108,55.125688027826726,58.23313582495067,79400000
2020-03-16,53.17845916748047,56.77010841763743,52.88505935869878,54.00165747110648,96520000
2020-03-17,55.411651611328125,55.80516162378033,51.99395905552296,54.05270334557388,83194000
2020-03-18,54.0799674987793,54.763901592375014,51.39427867918627,52.531200617401105,93044000
2020-03-19,55.09496307373047,57.12397237248402,52.313625928919365,53.9327678550478,74064000
2020-03-20,52.94105911254883,56.4236781479315,52.638244210911644,56.048007686267525,82878000
2020-03-23,52.243247985839844,52.8766315654061,50.00013767795823,52.35426310073486,83672000
2020-03-24,56.00389862060547,56.1684399560884,53.84404970701331,54.71383949660357,72468000
2020-03-25,54.59687805175781,56.80479702099747,53.67455646153341,55.73478676010555,90324000
2020-03-26,57.63493728637695,58.05917685755691,54.121592502034,55.246119650005106,76562000
2020-03-27,55.025081634521484,57.04665709426184,54.71483294886179,55.878018798817905,62794000
2020-03-30,56.811737060546875,57.04417685436686,54.44175335047493,56.134246128630494,58736000
2020-03-31,57.586856842041016,58.154323238547406,56.33644338766307,56.93166734073544,65228000
2020-04-01,54.62065505981445,55.974649744624365,54.19393890219763,55.706031785391936,51970000
2020-04-02,55.36060333251953,55.645079550192946,54.17610690265564,54.516586008080246,56410000
2020-04-03,54.1547966003418,55.44783157309285,53.28154321364978,55.24562600577843,51374000
2020-04-06,58.6395263671875,59.01420235812891,55.75559886997343,56.152084641071774,63320000
2020-04-07,58.608306884765625,60.50251369057454,58.34514131104988,60.315667229775336,61620000
2020-04-08,59.81957244873047,60.21110118274706,58.6772018088295,59.62628663817623,40334000
2020-04-09,59.798248291015625,60.562471582559844,59.09696632888142,60.37364759432982,54028000
2020-04-13,59.98857116699219,60.19226652151703,58.596911921148106,59.54698734678868,38702000
2020-04-14,62.70547866821289,63.22685269710416,60.887099444718835,61.453579036793315,63358000
2020-04-15,62.312461853027344,63.195134097542535,61.15770048868612,61.77770250465346,42236000
2020-04-16,62.31890106201172,63.10840152659315,61.36585370716055,62.80013418506722,57896000
2020-04-17,63.38792419433594,63.93308931599049,62.74363573527321,63.52173597337611,51050000
2020-04-20,62.50326156616211,63.27987573942399,62.26983113631488,62.93642087209892,35292000
2020-04-21,60.07530212402344,61.95067114702243,59.72044698572963,61.58937667810342,49648000
2020-04-22,62.36748123168945,63.43154382404846,61.316301082632826,61.510082220526535,46296000
2020-04-23,62.99985885620117,63.84139948935235,62.47253710306715,62.73074553471791,34202000
2020-04-24,63.268978118896484,63.32399034066813,61.65330368753236,62.19846879323134,37402000
2020-04-27,62.98450469970703,64.13629414565634,62.697052671356346,64.03221368825741,44186000
2020-04-28,61.087825775146484,63.673396721705174,60.97829665179065,63.596086939672745,80700000
2020-04-29,66.5191650390625,67.4097664682987,65.75345562296938,66.65892460884133,108358000
2020-04-30,66.74317932128906,66.90673001324649,65.49425157692038,65.98292232013938,55842000
2020-05-01,65.28709411621094,66.97760962069367,64.90746469951877,65.6226199719838,48872000
2020-05-04,65.56363677978516,65.64145324251461,64.23095612274317,64.83163266643618,30806000
2020-05-05,66.85816192626953,67.94800083676537,66.16481644512335,66.28722802515163,39666000
2020-05-06,66.68023681640625,67.83301697062188,66.66536925942738,67.30321467823855,31732000
2020-05-07,67.86225891113281,68.19531187869542,67.03261739726184,67.46726282562771,30652000
2020-05-08,68.608642578125,69.2182351185842,67.9975602569903,68.48375055855294,33326000
2020-05-11,69.56266784667969,70.1544207533012,68.17051714278251,68.23444914371004,32718000
2020-05-12,68.1546630859375,70.09495481486462,68.12145686010034,69.79214367959435,33918000
2020-05-13,66.82395935058594,68.65770538437538,65.81689032510918,68.20323154118306,40368000
2020-05-14,67.2467269897461,67.27200032810396,65.58347361898295,66.08998398898088,36660000
2020-05-15,68.04957580566406,68.1249042358689,66.3615413837583,66.82047687656434,41544000
2020-05-18,68.65026092529297,69.02592758289641,67.11487206226282,67.48063205826992,47094000
2020-05-19,68.1159896850586,69.0125349017794,68.08427324665139,68.6651211725408,31586000
2020-05-20,69.83871459960938,69.98095458703384,68.76127070528746,68.84750402851577,38262000
2020-05-21,69.71927642822266,70.2005057215295,69.10670447181921,69.92941107697126,30894000
2020-05-22,70.04093933105469,70.22728290602076,69.18403566778795,69.57804104903495,28544000
2020-05-26,70.44384765625,71.6204186984946,70.34621788850302,71.46430181814073,44590000
2020-05-27,70.38983917236328,70.64111296949386,69.11712797478641,70.37596228255275,31684000
2020-05-28,70.28874206542969,71.58821644638739,69.33916194732967,69.38475528420979,35170000
2020-05-29,71.04603576660156,71.20512469439173,70.17674488627267,70.39728538164485,37044000
2020-06-01,71.11292266845703,71.4454764506555,70.4889542189017,70.65845644685386,25162000
2020-06-02,71.48165893554688,71.51585582679853,70.45575219799714,71.11937002152804,23442000
2020-06-03,71.33000183105469,71.8137116263457,70.9518547053143,71.50098628255836,27732000
2020-06-04,70.09346771240234,71.43259900133093,69.68261343947218,71.20758919005584,26982000
2020-06-05,71.3681640625,71.67940719980339,69.76239993864283,70.1598764140095,42642000
2020-06-08,71.76563262939453,71.81320729132332,70.59798511297558,70.68719800230541,33878000
2020-06-09,71.96585845947266,72.74495316037958,71.48412999551343,71.62686911667684,33624000
2020-06-10,72.59132385253906,72.99127323763385,72.07886956071756,72.43322560826746,31762000
2020-06-11,69.47891998291016,71.94207934602183,69.30595418790874,71.41822106728198,47144000
2020-06-12,70.02507019042969,71.09508037664003,68.68098578681742,70.66637905468488,36676000
2020-06-15,70.41263580322266,70.62376113767836,68.75037355248693,68.8638691116069,30468000
2020-06-16,71.68783569335938,72.21812953766074,70.82151691176658,71.81321926135442,30648000
2020-06-17,71.98865509033203,72.46741153025238,71.12580754686152,72.00848353832393,30610000
2020-06-18,71.07575225830078,72.0099655750476,70.68521048215024,71.85533846785108,34862000
2020-06-19,70.60592651367188,71.59019503933153,70.32639981826522,71.36717413263463,52784000
2020-06-22,71.8954849243164,71.90986092830514,70.33582083244812,70.62426351742366,29442000
2020-06-23,72.55563354492188,73.11170737614935,71.61497701926105,71.96189927090062,37752000
2020-06-24,71.00538635253906,73.14094525944436,70.87157077976596,72.52094696988216,31592000
2020-06-25,71.42169189453125,71.48215278669201,70.35316378712089,70.93203051023997,23958000
2020-06-26,67.52821350097656,71.21948135641514,67.15452813817328,71.00191289630564,97640000
2020-06-29,69.24449920654297,69.28563832778552,66.98850239605058,67.41918513389703,45074000
2020-06-30,70.2793197631836,70.57420557968574,68.73699600814484,69.23012852105167,40286000
2020-07-01,71.46629333496094,71.78745069882932,70.08752033557674,70.33483147032733,42182000
2020-07-02,72.85050964355469,73.77184427310539,71.91579724002281,71.9539643543716,57218000
2020-07-06,74.32344055175781,74.8363938077184,73.19990428110967,73.75349753113677,44712000
2020-07-07,73.84123229980469,75.39743275025508,73.83032740946122,74.1490043020227,42364000
2020-07-08,74.51921081542969,74.89438589093099,73.95917442448163,74.3804419408767,31766000
2020-07-09,75.2656021118164,75.7849985849552,74.12224472312172,74.83293808896195,41836000
2020-07-10,76.27415466308594,76.38963154936391,74.37648449858449,74.99747336522512,35918000
2020-07-13,74.94692993164062,78.12524419545197,74.66592103825721,76.8158557336052,42954000
2020-07-14,75.3746337890625,75.4707813470095,73.643486194084,73.98347375977394,38108000
2020-07-15,75.17738342285156,76.14133186204778,74.23325586952488,75.49209008651471,31026000
2020-07-16,75.08026123046875,75.12932568486656,73.75946850260259,74.41515352943797,26484000
2020-07-17,75.17588806152344,75.50199870551376,74.24662813216946,75.17886005983264,34264000
2020-07-20,77.50474548339844,77.76097259277284,74.47461527343725,75.08420771365807,30166000
2020-07-21,77.11222839355469,78.65505117777408,76.94867771392333,78.55494094995885,27486000
2020-07-22,77.55479431152344,77.66035696809772,76.48329440126099,77.10181034929121,24482000
2020-07-23,75.17094421386719,77.827389236186,74.7665255226966,77.60833100238632,33910000
2020-07-24,74.7477035522461,75.10553072084302,73.7257669453533,74.3006710392535,29902000
2020-07-27,75.79936981201172,76.20229873811029,74.95188885196664,74.99798130151846,27124000
2020-07-28,74.5217056274414,75.62987550532888,74.3665793891612,75.57982039046628,30910000
2020-07-29,75.50596618652344,75.99264795596048,74.4899737531513,74.58860175422343,22676000
2020-07-30,76.24244689941406,76.36733890949552,74.10142804829563,74.24019694838614,36042000
2020-07-31,73.74360656738281,74.58960537091131,72.0610240717086,74.19460930846472,91468000
2020-08-03,73.48638153076172,74.22829979718547,72.93923127224508,73.89476289216728,45482000
2020-08-04,73.01753997802734,73.99933560623647,72.55811283263415,73.68214847232768,37212000
2020-08-05,73.30449676513672,73.84520394570967,72.91445404831978,73.19199942222478,29134000
2020-08-06,74.58612060546875,74.65154238351218,72.94814864418152,73.15878241875599,33306000
2020-08-07,74.26002502441406,75.33647844212679,73.6603391959197,74.78883662265774,27718000
2020-08-10,74.18319702148438,74.69515210121888,73.2251850652829,73.8848401459376,20546000
2020-08-11,73.37635803222656,74.8582208141743,73.25989046753106,74.04343941326381,31098000
2020-08-12,74.69962310791016,74.9191804606546,73.59739725191154,73.7024683730162,22512000
2020-08-13,75.1659927368164,76.1730693636547,74.74770466605213,74.74770466605213,22388000
2020-08-14,74.57027435302734,75.32161534911621,74.29124675715514,75.01532552370992,21942000
2020-08-17,75.14566040039062,75.51935329930157,74.58860350836233,75.13228262566284,19990000
2020-08-18,77.10529327392578,77.18409283335072,75.4147856047771,75.6353260607761,28378000
2020-08-19,76.55169677734375,77.75354125629191,76.32322343836007,76.94223100784141,30472000
2020-08-20,78.11979675292969,78.31407321175054,76.048661480078,76.32173749907452,26382000
2020-08-21,78.08610534667969,78.89443614081047,77.42893057340312,77.8992550883614,34838000
2020-08-24,78.56088256835938,79.73200128949749,78.0598247678244,78.92366302638288,25638000
2020-08-25,79.5867919921875,79.7369573344737,78.20057765629728,78.31060210938294,25150000
2020-08-26,81.48394775390625,81.91314815583524,79.34541733261655,79.60907819092427,52188000
2020-08-27,80.71031188964844,81.67525087318623,80.22907505869175,81.60685710394912,31350000
2020-08-28,81.25102233886719,81.34617922901354,80.5661014503227,80.75740589680068,22418000
2020-08-31,80.76039123535156,81.50230958261653,80.55223786700407,81.4562171292077,26422000
2020-09-01,82.02664947509766,82.23183081944713,80.76038141438515,80.89072586563118,22652000
2020-09-02,85.11476135253906,85.54643467567958,82.27989831423639,82.66746052539978,49522000
2020-09-03,80.7593994140625,84.25291996362634,79.6789756844659,84.22912884691586,63726000
2020-09-04,78.3656005859375,81.03096108245632,76.22260089581656,79.74288349273898,55850000
2020-09-08,75.51043701171875,77.09389228963359,75.15855385977208,75.57982146335551,54032000
2020-09-09,76.68154907226562,77.2509930776457,75.58823926894804,76.76431129264915,39242000
2020-09-10,75.63185119628906,77.99142901908637,75.33201208144567,76.82775166747923,33024000
2020-09-11,75.12187957763672,76.25879385001623,73.99487196751262,75.735933828383,30706000
2020-09-14,74.7784194946289,77.16575111984385,74.59405726973172,75.9093897485379,42660000
2020-09-15,76.08135986328125,76.86788828127027,75.43608833739093,75.72304121338455,23042000
2020-09-16,74.93998718261719,77.03540497341557,74.9152054033124,76.44613252697442,22128000
2020-09-17,73.698486328125,74.27438094468211,72.48029221761938,73.63752633306156,40008000
2020-09-18,71.91679382324219,74.10291435499147,70.9518546797174,73.76094545210748,63056000
2020-09-21,70.87849426269531,71.37012929524799,69.51756113248283,70.95184136058226,56908000
2020-09-22,72.34945678710938,72.555137240123,70.84678253105847,71.87863322198784,33950000
2020-09-23,69.85012817382812,72.01542983095999,69.51758190655079,71.96636537964568,37726000
2020-09-24,70.51771545410156,71.2675667486865,69.49131698141669,69.51758854740753,34552000
2020-09-25,71.32059478759766,71.66156550061707,69.76538477442634,70.62625112661047,30326000
2020-09-28,72.29198455810547,73.00218651543129,71.67842929521623,72.95263050693028,30784000
2020-09-29,72.65675354003906,72.95312160980825,72.06103027655173,72.55218151480894,31816000
2020-09-30,72.63593292236328,73.65687893067928,72.1482603701554,72.40497909066963,40924000
2020-10-01,73.74111938476562,74.09647363654604,73.19099712373635,73.5309847051695,32884000
2020-10-02,72.14031219482422,73.3015166577609,71.73143930114331,72.34004108666224,31222000
2020-10-05,73.48985290527344,73.58252935432779,72.36284527360293,72.48971861393626,21602000
2020-10-06,71.913330078125,73.5736034655769,71.61547229083051,73.12657100866626,26096000
2020-10-07,72.31575012207031,72.80293096313312,71.03163513750249,72.32417456491505,36108000
2020-10-08,73.51958465576172,73.74755887897275,72.62848419076307,72.62848419076307,26076000
2020-10-09,74.85871124267578,74.92809569109109,73.69651605996611,73.98694007707145,32966000
2020-10-12,77.54191589355469,78.72294124362386,75.79292119611887,76.22410298533136,55344000
2020-10-13,77.6648178100586,78.56137061464591,77.24652985318345,78.15745109713406,39072000
2020-10-14,77.48492431640625,78.49645507443054,76.61563357234498,78.0380261496372,33174000
2020-10-15,77.08991241455078,77.87941276869951,76.37921916765963,76.54623336627623,31210000
2020-10-16,77.6960678100586,78.19216480760043,77.19848103174336,77.40514463060349,34194000
2020-10-19,75.82514190673828,78.50042480212294,75.4767374385808,78.10393898976746,29734000
2020-10-20,76.8723373413086,78.0003353358139,75.3567772040009,75.48613095632065,41670000
2020-10-21,78.60250854492188,80.04720230384581,77.66829522867764,77.80260233594682,60322000
2020-10-22,79.62691497802734,79.96194159323527,78.18073919064368,78.55343380211251,30512000
2020-10-23,80.93136596679688,80.98786419123687,79.88712057504252,80.04274592114754,30548000
2020-10-26,78.51824951171875,80.76284171616221,77.70000470854104,80.04025290665729,35826000
2020-10-27,79.24134826660156,79.39597538099545,78.15647045681439,78.74822336439603,25902000
2020-10-28,74.87605285644531,77.00764880260952,74.76107508383566,76.81932392288722,45174000
2020-10-29,77.15982055664062,78.73881420584559,75.16104148203507,75.18433348546209,55406000
2020-10-30,80.09526824951172,83.32711619302741,79.37466071000843,82.63921576146262,99878000
2020-11-02,80.50218200683594,82.18327472439388,80.0026063650641,80.46352333256915,44228000
2020-11-03,81.55978393554688,82.22092126461291,79.89703016999084,80.82133683336055,31432000
2020-11-04,86.52527618408203,87.72364973504222,84.4016051295483,84.52946915085025,71342000
2020-11-05,87.3504409790039,88.80355922055054,86.28637474344528,87.74444631593936,39758000
2020-11-06,87.21316528320312,87.64781063793222,86.0707909999368,86.79735014914868,28622000
2020-11-09,87.29692840576172,90.04605019847581,87.10513237655127,89.00974514119116,53440000
2020-11-10,86.12232971191406,87.1958110224123,85.05182039988732,85.72832438783556,43022000
2020-11-11,86.59365844726562,87.37026514561057,86.38698732276887,86.65163888970832,31838000
2020-11-12,86.3750991821289,87.47336244260462,86.13473026061088,86.33445917633253,26474000
2020-11-13,87.83415985107422,88.07551943409571,86.03610809341275,86.63182371544983,29744000
2020-11-16,87.92186737060547,88.92844464336729,87.29244651932197,87.43171451318527,25468000
2020-11-17,87.3088150024414,88.07601416521123,87.20127099757448,87.61608790911133,21314000
2020-11-18,86.26705169677734,87.47434868925225,86.16446102115808,87.06002332172838,20108000
2020-11-19,87.15567016601562,87.39951018398297,85.7407189638763,85.89980786283361,20106000
2020-11-20,86.05592346191406,87.64086843006233,85.9875296804616,87.32566263564391,27694000
2020-11-23,85.6187973022461,86.53219912341163,84.7574394883768,86.24623688977317,22530000
2020-11-24,87.41983032226562,87.54769432891005,85.28030128891842,85.61582709012495,27984000
2020-11-25,87.43122863769531,87.74098199849014,86.64966101469372,87.61361710340941,19600000
2020-11-27,88.56568145751953,89.0607953464748,87.45155988170221,87.45155988170221,14790000
2020-11-30,86.9489974975586,88.2345947781287,86.62387750763935,88.00215878980163,32418000
2020-12-01,88.97900390625,90.28542045446022,87.3767108902,87.55661890732226,37350000
2020-12-02,90.44648742675781,90.8315767801654,88.47398023306226,88.97900069788912,29424000
2020-12-03,90.2913589477539,91.38118998262075,90.05148162630492,90.22692783871402,24728000
2020-12-04,90.38653564453125,90.67100812810543,89.88249822786585,90.21108939366273,20544000
2020-12-07,90.052978515625,90.66058963378225,89.3596256167209,89.97962384343904,22288000
2020-12-08,89.77046966552734,90.00043275559281,88.77678621419675,89.63120923922081,19936000
2020-12-09,88.1116943359375,90.61500208868797,87.32566494275066,89.72241179325566,31728000
2020-12-10,87.60568237304688,87.96945350590143,85.91467559079892,87.35539924282726,28688000
2020-12-11,87.96003723144531,88.08443768580932,86.86673495252047,87.22654341563204,18628000
2020-12-14,86.84294128417969,88.70344266311149,86.68781505650074,87.7578328663275,33050000
2020-12-15,87.28005981445312,87.42477269145496,86.31809276182877,87.21959136940156,21352000
2020-12-16,87.0872802734375,87.67804256144234,86.6843589008534,87.67804256144234,24676000
2020-12-17,86.2605972290039,87.5590882829779,85.79671592245012,87.42131006736186,34880000
2020-12-18,85.55238342285156,86.64965590183743,84.99631718680045,86.54112123455688,85256000
2020-12-21,85.9657211303711,86.08665047301542,83.95554588894409,84.70539704892414,33974000
2020-12-22,85.25502014160156,85.86907434812254,84.53936593674798,85.70651435079037,20370000
2020-12-23,85.65200805664062,86.43902813362216,85.30359602075463,85.43890137207586,22974000
2020-12-24,85.94589233398438,86.35476521041882,85.45970212371107,85.69015678249487,9312000
2020-12-28,87.91841125488281,88.56468110271734,86.32554086570106,86.47867821131298,27650000
2020-12-29,87.11552429199219,88.63752786002674,86.98418918004275,88.5760763070987,19726000
2020-12-30,86.04948425292969,87.61113729202937,85.6406113261825,87.4743497229206,21026000
2020-12-31,86.86178588867188,87.10264635469892,86.04155201970197,86.10003914197051,21070000
2021-01-04,85.54793548583984,87.34994988769441,84.60677983237008,87.22654765590151,37324000
2021-01-05,86.2378158569336,86.5738332163736,85.09048820170439,85.4963891255804,20360000
2021-01-06,85.38684844970703,86.43208444826773,84.05962045926168,84.26579245837004,46588000
2021-01-07,87.93724822998047,88.10971491007409,85.57915243705426,85.57915243705426,41936000
2021-01-08,89.10143280029297,89.17726037008994,87.28701600900457,88.07701571767527,35484000
2021-01-11,87.04267120361328,88.43482947963955,86.83699831013621,88.07006012945878,34796000
2021-01-12,86.10794830322266,87.61805617476314,85.0647012818562,86.50096293647032,29528000
2021-01-13,86.59465026855469,87.04763429733303,85.6069030910112,85.6069030910112,23432000
2021-01-14,85.78532409667969,87.60073138346526,85.54495518482686,86.67493484651867,29212000
2021-01-15,85.62176513671875,86.6129758011432,84.83326292154278,85.69114958073497,31444000
2021-01-19,88.43930053710938,89.39928644937088,85.8799935070657,86.38402335551918,41660000
2021-01-20,93.1772689819336,94.15113159683025,90.17588335880014,90.51586333657515,64152000
2021-01-21,93.37947845458984,95.75491452808738,93.14456200327876,93.85030958575864,58634000
2021-01-22,93.79627990722656,94.38258034216909,93.00033636251251,93.74176301889445,32744000
2021-01-25,93.88153839111328,95.24644216174046,92.14097546051389,94.7964300906289,50586000
2021-01-26,94.55902862548828,94.94560022121779,92.98201646312953,93.47067962234644,31462000
2021-01-27,90.14763641357422,93.19709601317666,89.07415506455348,92.92153956485564,82512000
2021-01-28,91.84558868408203,93.56979410024235,90.7453441830221,90.7453441830221,55278000
2021-01-29,90.56493377685547,91.56506801621617,89.28627865285289,90.89500711521993,44530000
2021-02-01,93.8215560913086,94.93517823806498,91.41885802297121,91.41885802297121,40252000
2021-02-02,95.11261749267578,96.61182068763402,94.48071611878922,94.81575036485842,66332000
2021-02-03,102.03919982910156,104.40522092105503,99.79261830171446,102.37274430388717,97882000
2021-02-04,101.77900695800781,102.55561366138531,100.86064423524446,102.1254300837505,48596000
2021-02-05,103.5235366821289,103.87591138224194,101.59910316453163,102.07289876311265,29866000
2021-02-08,103.30992889404297,104.82053612407776,102.26073770644324,104.07712806646019,28828000
2021-02-09,102.8574447631836,104.00328263700314,102.5903127397753,102.82820120258684,21892000
2021-02-10,103.40706634521484,104.02161972399544,101.71011556158754,103.24153433379384,25102000
2021-02-11,103.51956939697266,103.7797591856027,102.5338111240634,103.63108362772132,20480000
2021-02-12,103.83080291748047,104.05233401562371,102.76722828875226,103.07450872538962,18990000
2021-02-16,104.60742950439453,106.3142945266649,103.66825520694219,103.66825520694219,31004000
2021-02-17,104.99994659423828,105.18926972453114,103.49975268099251,103.77877270157512,20294000
2021-02-18,104.36505889892578,105.1669539793789,103.74654292601814,104.32491801464802,22546000
2021-02-19,103.52253723144531,104.99795680679689,103.2559043418766,104.46320124720552,37938000
2021-02-22,101.81023406982422,103.10228226972528,101.49998913762553,101.77752695631393,29466000
2021-02-23,102.10064697265625,102.71420966814658,98.6368619382917,99.81442376891242,34658000
2021-02-24,103.27473449707031,103.49825450138255,100.48547224750138,100.60986513415875,22608000
2021-02-25,99.91156005859375,103.23459480191558,99.44271782605095,101.89299077097074,41548000
2021-02-26,100.20694732666016,101.9222368684854,99.17113386865907,100.60541448673561,40042000
2021-03-01,102.5734634399414,102.89907502090055,100.82694907500807,101.49998201929594,26060000
2021-03-02,102.31674194335938,103.81644435737358,101.92967878703757,102.33458149918383,25564000
2021-03-03,99.68656158447266,102.88717733019561,98.82370641561394,101.69574615075186,33892000
2021-03-04,100.80266571044922,102.81779430199187,99.3901873806204,99.85803897102821,49216000
2021-03-05,103.9319076538086,104.3843925386932,100.49785788710042,102.15169566185985,53100000
2021-03-08,99.4927749633789,104.75808274317625,99.37828873496463,103.28713246318019,36868000
2021-03-09,101.121337890625,102.28898556679057,100.88543075632072,101.58671660958481,33920000
2021-03-10,100.91466522216797,102.16408434665642,100.07907232110979,102.16408434665642,27100000
2021-03-11,104.10388946533203,104.63567305247624,101.9187671112629,102.00649022859612,27702000
2021-03-12,101.59909057617188,102.967457650854,100.72781860176927,102.9079874324158,33818000
2021-03-15,101.81913757324219,101.84639223540918,100.49835274764462,101.3502953728072,26168000
2021-03-16,103.27871704101562,104.75511989536767,102.05952443443275,102.39157914363233,31900000
2021-03-17,103.19593048095703,104.02755311828832,101.30767543125644,102.51447316939472,26382000
2021-03-18,100.17869567871094,102.52835937144968,100.07164322644284,101.50889575281752,31700000
2021-03-19,100.45722198486328,100.95679000162345,99.26628238475064,100.59450866025328,46072000
2021-03-22,100.64208984375,101.51683304401001,99.81492131192749,100.49043471724453,33536000
2021-03-23,101.16939544677734,102.2983842699434,100.50875726629116,101.10100167276073,28510000
2021-03-24,100.73326873779297,102.47135086790809,100.55831407451333,101.6863122407027,25218000
2021-03-25,100.72982025146484,101.38302480689724,98.92729904406828,100.56081710933275,35616000
2021-03-26,100.34671783447266,101.07326949778158,99.31188744563899,100.69661210830016,27978000
2021-03-29,101.39044189453125,101.55994412310439,99.39117165395234,100.21933077562952,26492000
2021-03-30,101.42414855957031,102.22702679811378,100.91268499326586,101.74678812299072,27312000
2021-03-31,102.21959686279297,103.39616804886353,101.45041637085228,101.81716706219301,42570000
2021-04-01,105.55303192138672,105.84890836816066,103.6523896883466,103.69302968898464,39880000
2021-04-05,109.97283935546875,110.46993447035067,106.31775001395617,106.41389756983538,48510000
2021-04-06,109.49211120605469,110.42087973789896,109.12189695310158,109.57438188030405,35240000
2021-04-07,110.967529296875,111.23862398278051,109.68242342069358,109.68242342069358,24134000
2021-04-08,111.53251647949219,112.59113031315094,111.1647751250388,112.20505028993573,28664000
2021-04-09,112.5356216430664,112.69917231745536,110.87980246049328,111.28521181469488,26146000
2021-04-12,111.24456787109375,111.85267053734381,110.4119469730089,111.7153914284989,25024000
2021-04-13,111.73075103759766,112.17878171242072,111.16675191989482,111.56026570494154,25682000
2021-04-14,111.11026000976562,112.37504587455774,110.81835377243557,112.37504587455774,21002000
2021-04-15,113.25820922851562,113.79099102796425,111.5691914039024,112.10345542149517,29174000
2021-04-16,113.13430786132812,113.70375943501823,112.54800739975896,113.45595676086148,26282000
2021-04-19,113.48173522949219,114.19193706583053,112.51134359641581,112.51134359641581,30290000
2021-04-20,112.9489517211914,113.9396632750493,111.8640739438885,113.86482638561692,22288000
2021-04-21,112.91624450683594,112.99801605945058,111.2544738339239,112.60401072672376,23204000
2021-04-22,111.6361083984375,113.43813044163085,111.03146919796461,112.77005078473594,24146000
2021-04-23,113.98576354980469,114.29254490612311,112.06876386145632,112.35373543564587,29066000
2021-04-26,114.48136901855469,115.20495618404446,113.85640986234887,114.21324633268112,32038000
2021-04-27,113.54219818115234,114.90362311481388,113.3033115017685,114.86298311307249,44386000
2021-04-28,116.91529083251953,120.50049681684617,116.6268481486784,118.57358292629367,81106000
2021-04-29,118.58646392822266,119.15145371385512,117.64927102297919,118.41151681600597,41234000
2021-04-30,116.6407241821289,118.04576113897953,116.29677394223161,117.3603411059262,44856000
2021-05-03,116.12430572509766,118.03089969909728,115.74863902173213,117.20621161359489,28242000
2021-05-04,114.32774353027344,115.22776012242109,111.84228267116542,114.6607889179049,44818000
2021-05-05,114.72123718261719,115.72384428239883,114.39958829572701,115.40814695486216,26636000
2021-05-06,115.84031677246094,115.84031677246094,113.64428958784119,114.30294649647725,25190000
2021-05-07,116.56291198730469,117.52042496312349,116.27694974187273,117.15566315675112,28898000
2021-05-10,113.58035278320312,115.52560521194692,113.22301722709163,115.38385676397111,30914000
2021-05-11,112.50537109375,113.011881265287,110.71425438978713,111.16773745805413,34186000
2021-05-12,109.04557037353516,111.41109992687674,108.71698679054806,110.33117538369368,46376000
2021-05-13,110.47241973876953,110.98784598165807,109.36622368361735,110.32769928437514,33204000
2021-05-14,112.91773223876953,113.23194736658283,111.51120550382073,111.93445441533588,31996000
2021-05-17,113.44009399414062,113.48271532640354,111.7842748978031,112.18373267154185,21598000
2021-05-18,112.12922668457031,114.36986421874587,112.11534979452306,114.10570419354653,22204000
2021-05-19,112.5767593383789,112.74972513246455,110.29400712295823,110.44219113551104,23684000
2021-05-20,114.33368682861328,114.58396240325392,113.17248227319268,113.54319564211424,32352000
2021-05-21,113.69829559326172,114.92542084654576,113.45891738703835,114.85206618045723,40632000
2021-05-24,117.014404296875,117.23791673774083,114.58197094605173,114.727182946644,31832000
2021-05-25,117.1051025390625,118.15231234760691,116.7150598583625,117.55758744041395,22440000
2021-05-26,117.96944427490234,118.39962785894154,117.28302600020656,117.28599799895012,21572000
2021-05-27,117.09569549560547,118.40260362591235,116.77751768614968,118.40260362591235,35224000
2021-05-28,116.80675506591797,117.75930717298873,116.60851593496567,117.67753561111387,21482000
2021-06-01,118.0125503540039,118.23706102476314,116.67937078079298,117.67851435164249,23354000
2021-06-02,117.48771667480469,118.63008342686042,116.5842214876714,118.40755407398083,21158000
2021-06-03,116.34732055664062,116.81517213599709,115.45225740031125,116.25563477530487,18696000
2021-06-04,118.62659454345703,118.89719763736252,117.08228976726608,117.42227730033494,24458000
2021-06-07,119.05927276611328,119.16880566389568,118.00363849834592,118.42192651561601,24120000
2021-06-08,118.86797332763672,119.91271031100788,118.68658309033567,119.54051472569788,24240000
2021-06-09,119.33879852294922,119.58362163847241,118.79164827724793,119.51176430716637,17942000
2021-06-10,120.68634796142578,120.7294684105752,119.1326278842615,119.2882456679508,25904000
2021-06-11,120.4420166015625,121.01295040637044,119.88495212398634,120.92770773649222,21958000
2021-06-14,121.36930084228516,121.36979239425413,119.83738291214934,120.54411364612498,22098000
2021-06-15,120.3523178100586,121.69639482901378,119.99201021626274,121.37375524077353,21562000
2021-06-16,119.71098327636719,120.8146987783104,118.4199335658022,120.50345568028659,26472000
2021-06-17,120.6734619140625,121.44561439859767,119.44089162710867,119.6366578615454,25842000
2021-06-18,119.0553207397461,120.53420405039834,118.96016383723618,120.3002782405486,46116000
2021-06-21,120.74185943603516,120.92771145158575,118.84468060932583,119.44139444148058,27414000
2021-06-22,121.25529479980469,121.32418769238659,119.99993168735884,120.67989924350617,22390000
2021-06-23,121.0535888671875,122.01357468199771,120.76366397043704,121.0203826430331,19148000
2021-06-24,121.42330932617188,121.9739231126459,121.22507021343145,121.6215484389123,21362000
2021-06-25,121.4317398071289,121.55514959738011,120.49653574308054,120.92770999401274,34594000
2021-06-28,121.45899963378906,121.70581164707463,120.33843513053769,121.6002414137362,28526000
2021-06-29,121.19781494140625,121.93974078212915,120.62142867598224,121.59231941946096,23108000
2021-06-30,121.01641845703125,121.18244957571629,120.28787799190353,120.92225223112071,24474000
2021-07-01,121.3683090209961,121.5095508061829,120.4633316053769,120.65512761950698,18110000
2021-07-02,124.15658569335938,124.30179771164883,121.9779063046956,122.06761076053091,25982000
2021-07-06,125.08087921142578,125.31678632682912,123.48750228216251,124.5441347516448,26404000
2021-07-07,125.36238098144531,126.16525922771358,125.04420319403772,126.0443374513042,24060000
2021-07-08,123.9449462890625,124.49159740298323,122.93193339631354,122.93589606105768,23790000
2021-07-09,124.41529846191406,124.6293958278606,123.45679474104139,123.92613615684232,18632000
2021-07-12,125.8594741821289,125.95264974087195,124.5069652680736,125.06898305678112,17668000
2021-07-13,126.22225952148438,126.93196222420258,125.56112215124197,125.92192128117352,19240000
2021-07-14,127.1098861694336,128.18981821391048,126.79021860093354,126.83333904936362,23742000
2021-07-15,125.88871002197266,127.56881182649684,125.41788646020213,127.51826516357463,24218000
2021-07-16,125.8540267944336,126.68812995291671,125.04470541650979,126.54093661242045,20424000
2021-07-19,123.4830551147461,125.09575390814824,122.41948035880777,124.98126767561185,27968000
2021-07-20,125.10021209716797,125.92638235763302,123.25755022531956,124.42419961251387,26312000
2021-07-21,126.42794799804688,126.4745320010087,124.91585092398546,125.02488471533343,20746000
2021-07-22,127.29275512695312,127.35372269021474,126.37837023776311,126.72033913018305,14302000
2021-07-23,131.8459014892578,132.2265290912767,128.65966157114187,129.28411407867398,41506000
2021-07-26,132.85693359375,133.05715404694908,131.13866459340358,132.1566459971667,30572000
2021-07-27,130.7406768798828,133.21772036685556,128.9604724988499,133.0705270393317,54710000
2021-07-28,134.8978271484375,137.08146728842348,134.08850576613955,135.11391338631623,95130000
2021-07-29,134.58413696289062,135.4598709630943,134.35170090625724,134.95336061037463,31716000
2021-07-30,133.5423583984375,134.11528112375458,133.07500591131242,133.84814909697133,25576000
2021-08-02,133.6692352294922,134.14699347911008,132.61805515773415,133.92942502207725,21634000
2021-08-03,134.4379119873047,134.53900531485272,132.14771857757245,133.94725240636728,20762000
2021-08-04,133.93783569335938,134.45723212121203,133.30494371224364,134.15986590683238,19676000
2021-08-05,135.05393981933594,135.15158472085915,133.66079088435984,134.48795935776522,17870000
2021-08-06,134.54544067382812,135.27299799701225,134.02159758617466,134.84628556646607,20488000
2021-08-09,135.70960998535156,135.97823930808275,134.1499385485314,134.7476505132301,17760000
2021-08-10,135.6045684814453,136.56158228756237,135.16595290851137,136.13485470912244,19414000
2021-08-11,135.08119201660156,136.47234431331293,135.07375067749174,135.97575592511646,15352000
2021-08-12,135.98818969726562,136.093260836565,134.23523949648887,134.7803933967201,16506000
2021-08-13,136.51699829101562,136.64487744919447,135.82861366590006,136.0437017213065,15948000
2021-08-16,137.09384155273438,137.14638467025773,134.10980386854092,136.31623668767153,22384000
2021-08-17,135.46035766601562,137.05026370678758,134.88595268488515,136.5392916207769,21716000
2021-08-18,134.2584991455078,135.89945070892185,134.13211736511343,135.30025647796398,19258000
2021-08-19,134.48744201660156,135.15403172564515,133.07001817042072,133.2538888189548,21782000
2021-08-20,136.22157287597656,136.34497507893207,134.0612251542761,134.80463305716486,31194000
2021-08-23,138.81063842773438,139.63630956779562,136.39802587425726,136.75684366705852,28454000
2021-08-24,140.01991271972656,140.83121539533298,139.10502114709683,139.37561670216243,19268000
2021-08-25,140.83023071289062,140.9397636176069,140.13342175774235,140.38022622324365,15848000
2021-08-26,140.19735717773438,141.16575996618351,140.11457982312106,140.50413099166133,20610000
2021-08-27,142.73829650878906,143.2423262781944,140.25332765406952,140.40746320935864,28780000
2021-08-30,143.3196563720703,144.68753203308154,142.89590833586342,143.13082479723923,24434000
2021-08-31,143.42572021484375,143.89555316910022,143.01289216673564,143.87127806313893,22448000
2021-09-01,143.9391632080078,144.96853350536102,143.61008051608152,143.72555741436526,21936000
2021-09-02,142.0276336669922,144.24051010678463,141.92652519793006,143.93968027138507,32342000
2021-09-03,142.47610473632812,142.88794955642902,141.14886938934637,141.82290039954822,19850000
2021-09-07,143.0123748779297,143.29437443751178,142.35668998079893,142.57029576143597,20124000
2021-09-08,142.42803955078125,143.1308075175627,141.7431186990499,142.8334564312198,18344000
2021-09-09,142.2793731689453,143.04211051634226,141.9190731671668,142.57624028484273,15314000
2021-09-10,139.63780212402344,143.4465279342337,139.5010145668301,142.9449634747417,36840000
2021-09-13,141.0814971923828,141.6935625224341,140.00850740514775,140.7018527362788,22094000
2021-09-14,141.29161071777344,142.10292843249584,140.50409923851902,141.73865068075114,19674000
2021-09-15,143.16004943847656,143.18086098824864,140.10513777709136,141.51661761675751,27408000
2021-09-16,142.34776306152344,143.03170083482422,141.14988885441545,142.68527016924585,26190000
2021-09-17,139.5624542236328,142.18915623964807,139.23535291367506,141.7733487206506,53384000
2021-09-20,137.50025939941406,137.77829631791283,135.12384006043985,136.94716512358414,46518000
2021-09-21,137.81100463867188,138.78090469038185,137.06263570579478,138.5211988911411,25332000
2021-09-22,139.05052185058594,139.64871796788344,137.33374996410507,138.07963855657158,25056000
2021-09-23,139.97482299804688,140.45109904539308,139.16748291766282,139.74833097489636,20952000
2021-09-24,140.9650115966797,141.07950537458137,139.00836284376217,139.30324860172112,22984000
2021-09-27,139.8321075439453,140.69099261912118,138.83643488323244,139.56695681837593,21882000
2021-09-28,134.63616943359375,137.8739544208415,134.1702991315136,137.43633701546565,45772000
2021-09-29,133.17262268066406,135.94553512593572,132.68842135183831,135.7760328990303,30848000
2021-09-30,132.50108337402344,134.3511790892162,132.3821429237052,133.081447432977,37996000
2021-10-01,135.34288024902344,135.70715804170354,132.8945886396275,133.26579353336834,35360000
2021-10-04,132.48472595214844,134.7654966784679,129.89816454860028,134.7654966784679,51202000
2021-10-05,134.8274383544922,136.0183854264284,132.8628642127643,132.8628642127643,32404000
2021-10-06,136.3559112548828,136.53928282638935,133.3674114045409,133.56565053252967,24364000
2021-10-07,138.00131225585938,138.81113270818318,137.4323522466048,137.67123135730094,25110000
2021-10-08,138.556884765625,139.097576749606,137.99386876227683,138.3502060903865,26526000
2021-10-11,137.69305419921875,139.47525527556462,137.63852974209917,138.0677377987258,17954000
2021-10-12,135.24974060058594,138.28086218891866,134.56678576661557,138.25409150890258,36332000
2021-10-13,136.3727569580078,136.7870823219551,135.31909643090742,136.19483027400855,19654000
2021-10-14,139.910400390625,140.095254191985,137.6048400144252,138.24813789801584,31894000
2021-10-15,140.1254425048828,140.47237223047404,139.51783905793118,140.36978158051826,30274000
2021-10-18,141.52308654785156,141.54093366501112,139.82960687486855,139.8365491009501,20396000
2021-10-19,141.9780731201172,142.39983988575156,141.34667831992454,142.12724781743668,20164000
2021-10-20,140.52294921875,142.28433864697428,140.1338971977449,142.0781590742051,23288000
2021-10-21,140.638916015625,140.9065471263321,139.26509648022758,140.52294001353957,26292000
2021-10-22,136.35739135742188,139.34737337961698,134.86016945665278,137.926969706927,50588000
2021-10-25,136.2389678955078,136.78710134088212,134.23373812293738,136.34105947014086,34412000
2021-10-26,138.08407592773438,138.85175904468622,137.08890257767035,138.03947326185792,49236000
2021-10-27,144.9323272705078,147.34344209158866,138.17970540395092,138.17970540395092,85782000
2021-10-28,144.56707763671875,145.8645780331488,143.35581813063857,145.84128603540435,36206000
2021-10-29,146.7447967529297,146.93907321937613,143.37814969215017,143.8028808506359,43320000
2021-11-01,142.2357635498047,146.74479239872048,141.96665019325252,146.74479239872048,46924000
2021-11-02,144.1542205810547,145.32037819676907,143.06686250852115,143.30872114479845,33482000
2021-11-03,145.30950927734375,145.3798843880956,143.3201457071093,144.61813015361963,27494000
2021-11-04,146.96432495117188,148.41744313308732,145.0220445618424,145.83136586908142,38412000
2021-11-05,147.54371643066406,149.00624241473633,146.89447456017774,147.85841557801552,38354000
2021-11-08,147.72113037109375,149.29120778593392,147.1258987759427,148.50814284863625,23052000
2021-11-09,147.60960388183594,148.51755318741476,145.9508052596348,147.92133853788505,19530000
2021-11-10,144.6112060546875,146.76858990508995,143.2671365563009,146.20359249121142,29970000
2021-11-11,144.48529052734375,146.23875436957107,144.32074920952851,145.2019429091839,16518000
2021-11-12,147.37123107910156,147.5417315550425,144.1329471350042,145.32685883285086,22360000
2021-11-15,147.14720153808594,148.2350588729297,146.27791087379003,147.59176109433906,23508000
2021-11-16,146.57627868652344,147.45497691847146,146.01772444610071,146.84737335766715,18904000
2021-11-17,146.7457733154297,147.25376579403348,145.9458745981903,146.72644398004232,19594000
2021-11-18,148.52151489257812,149.25699753565374,146.58469452521086,146.9385513960959,35608000
2021-11-19,147.61753845214844,149.6396167460154,147.5902837878737,148.6573144815026,33682000
2021-11-22,145.01611328125,148.51260548030166,144.86297594328792,148.0199796793374,30594000
2021-11-23,144.5006866455078,145.37097563328547,142.84834603035105,144.86842802033317,27218000
2021-11-24,144.83572387695312,144.9640870123925,143.1040844590682,144.1949064284518,18040000
2021-11-26,140.93331909179688,143.28694554808493,140.59581194677827,143.0797828608647,30470000
2021-11-29,144.2513885498047,145.0116454494308,142.6287680714975,142.73433830106399,32596000
2021-11-30,140.65032958984375,144.71676490782465,140.3569260142656,143.73397863340372,42068000
2021-12-01,139.81175231933594,144.66769552061407,139.67348254273247,142.73433859612626,34020000
2021-12-02,141.7094268798828,142.60002820764856,138.98210021683846,140.00850599610223,29194000
2021-12-03,140.75338745117188,143.13080462386353,139.06783334148506,142.41813001017016,41230000
2021-12-06,141.89675903320312,142.5881230149532,138.9181661975633,141.78326347810582,30618000
2021-12-07,145.97509765625,146.23430432331102,143.9510381265825,144.31679812363797,32240000
2021-12-08,146.884033203125,147.0887305485921,145.11919542765767,146.29922253666786,24270000
2021-12-09,146.3408660888672,147.78952259539568,145.82196873525865,146.29378297525568,23270000
2021-12-10,146.70068359375,147.66810329721565,145.41458694967773,147.39304592455917,24458000
2021-12-13,144.5447998046875,146.66945372410888,144.23851000057718,146.48260348264037,27070000
2021-12-14,142.6421661376953,143.2101279735769,139.9738254109234,142.70263459263393,38446000
2021-12-15,145.15390014648438,145.43143797020528,140.43276245717442,142.1485511948514,36370000
2021-12-16,143.1754150390625,146.37900221019268,142.34476801510507,145.87695382502804,33650000
2021-12-17,140.47933959960938,142.5702956240414,140.05807203589413,141.2475218263389,50416000
2021-12-20,140.3623504638672,140.5283891248186,138.096447568036,138.7694803949331,27192000
2021-12-21,142.21148681640625,142.60450151263055,139.26758970259098,140.80495248159482,28756000
2021-12-22,145.1281280517578,145.21238762776494,141.8100612694889,141.8100612694889,26322000
2021-12-23,145.62521362304688,146.94054613463166,145.16478825775857,145.2123704862323,26384000
2021-12-27,146.6064910888672,147.0401457449663,145.87596932932522,145.9617111068582,15976000
2021-12-28,145.39772033691406,146.9955515001699,144.77078743444807,146.93310171719043,18200000
2021-12-29,145.3660125732422,146.12132376201117,144.3673755989165,145.35560679623677,17788000
2021-12-30,144.91552734375,146.00536625175553,144.71134419349292,145.40468967305478,15688000
2021-12-31,143.57887268066406,145.40914004664086,143.57887268066406,144.7663412906992,18136000
2022-01-03,143.71713256835938,144.56907529374837,142.44986625187568,143.78006634339744,28646000
2022-01-04,143.13035583496094,145.19752108924183,142.45336015947626,144.1180880032146,28400000
2022-01-05,136.5640411376953,143.22943968889484,136.4778153700128,143.1506401362504,54618000
2022-01-06,136.5367889404297,138.71002316784708,135.35824405520043,135.79437916865325,37348000
2022-01-07,135.81271362304688,137.23163499485634,134.57320114440378,136.93128920152486,29760000
2022-01-10,137.45068359375,137.59937427004354,131.99407910389132,133.89075867659383,44408000
2022-01-11,138.5078125,138.9836045313537,135.49107504085617,136.7940204323314,28730000
2022-01-12,140.1874237060547,141.35457977142337,139.45790011942026,139.9093868006954,26108000
2022-01-13,137.36892700195312,141.59445882785775,137.1924825382084,140.29596006685344,31436000
2022-01-14,138.2545623779297,139.50497974939202,135.79438276109653,135.87416542111617,29662000
2022-01-18,134.80264282226562,135.92617904498124,134.2480664922082,134.97808901171842,34872000
2022-01-19,133.92892456054688,136.74693894623502,133.82881433443535,135.3235557494751,28648000
2022-01-20,132.13583374023438,136.41638959519287,131.79584612438092,135.05247646638676,29908000
2022-01-21,129.20579528808594,133.68011249754008,128.94312507327743,131.42809390052594,55652000
2022-01-24,129.65432739257812,130.04982252537027,123.40573418952586,124.87074048240562,76622000
2022-01-25,125.81934356689453,128.261691514958,125.38866839259472,127.60848696964946,46960000
2022-01-26,128.09713745117188,131.8310265621683,126.02451243511305,129.96656245343323,49130000
2022-01-27,127.87114715576172,131.48657988277384,127.79927469686845,130.14993666840274,31950000
2022-01-28,132.178955078125,132.18441508658373,127.35572577765842,128.51940331451533,34362000
2022-01-31,134.1142578125,134.2822778063018,131.04745809126456,132.98279614031355,39986000
2022-02-01,136.4342041015625,136.58189655421876,133.1874959638718,136.38513965543686,68644000
2022-02-02,146.69918823242188,150.21451067811546,144.24347030048295,149.92062310914736,123200000
2022-02-03,141.8323211669922,148.3594496248234,141.41155275115443,144.4248414458833,71518000
2022-02-04,142.03355407714844,143.6016501301799,139.27997087416557,142.18372697506842,57998000
2022-02-07,137.97752380371094,142.9821426046324,137.67915934204296,142.9821426046324,54974000
2022-02-08,138.17379760742188,138.7695132466174,135.80976527306845,137.80457400105325,54284000
2022-02-09,140.3475341796875,141.2718486626082,138.95488402410078,139.72456379307548,40144000
2022-02-10,137.401611328125,140.24093608556134,136.74444425283198,138.47559928783693,39330000
2022-02-11,133.1022491455078,137.9334029746626,132.22749846188867,137.38180608982287,39958000
2022-02-14,134.3348388671875,135.10203810058192,132.08528518005716,132.08528518005716,34302000
2022-02-15,135.40780639648438,136.8946223837062,134.6277210675767,136.36134149082847,26680000
2022-02-16,136.5273895263672,136.87232287322377,133.7381120163284,135.44547612196956,25022000
2022-02-17,131.37405395507812,135.90833999303229,131.31408462900592,135.0454925571955,38950000
2022-02-18,129.2568359375,132.89161259379068,129.05215373124426,132.29390062238596,45620000
2022-02-22,128.67251586914062,131.01870043792354,127.09647962293029,128.69679096846758,44990000
2022-02-23,126.46659851074219,130.8903696827922,126.40662916955034,130.49141097359714,32786000
2022-02-24,131.52474975585938,131.83103958734307,123.85526054283336,123.85526054283336,54456000
2022-02-25,133.27772521972656,134.08258496199525,130.5935183573774,132.37820011756196,36406000
2022-02-28,133.86996459960938,134.55834913060832,131.42711758243306,131.88060076108007,38864000
2022-03-01,132.8831787109375,135.0578951055112,132.04760096390638,133.69299913792386,26496000
2022-03-02,133.38870239257812,134.07362324299785,131.90188646501582,133.44470905944584,23520000
2022-03-03,132.7226104736328,135.2402787650286,131.8562842947509,134.8145494526599,24604000
2022-03-04,130.74710083007812,132.67501249501674,129.19189132762278,131.75913799419806,30430000
2022-03-07,125.2677230834961,130.57714191731998,125.18495329978524,130.3323188037654,45112000
2022-03-08,125.98733520507812,130.0963991793199,124.5699036581928,125.14034587725057,40428000
2022-03-09,132.24732971191406,132.56006261647792,128.75876292905036,130.0964043089668,37026000
2022-03-10,131.26553344726562,132.10062719921083,129.76186860445603,130.1122619277312,27102000
2022-03-11,128.72903442382812,132.61953964393146,128.49213662745805,132.31523116771578,31526000
2022-03-14,124.84397888183594,129.26279649048794,124.17392551133625,129.10519737260148,38812000
2022-03-15,128.0624237060547,128.713162774351,124.61548797628525,125.85995365691173,30920000
2022-03-16,132.10906982421875,132.16109871004574,127.60302044405091,129.58395977320907,35576000
2022-03-17,132.6626434326172,132.90202164574634,131.02317416057818,131.9787056808196,28264000
2022-03-18,134.92906188964844,135.0465201210338,131.09604557963877,132.25179767226226,44566000
2022-03-21,134.9052734375,135.84543842143734,132.9139283478914,134.96672499602926,26832000
2022-03-22,138.638671875,139.81028984562343,134.905281506743,134.905281506743,35496000
2022-03-23,137.06015014648438,138.3616132811459,136.6235310367747,137.48339904374487,25154000
2022-03-24,140.32766723632812,140.37425122859977,136.53975342838464,137.97650659781752,26396000
2022-03-25,140.4278106689453,140.78662849171081,138.50932109177913,140.6686711405159,24126000
2022-03-28,140.21221923828125,140.75440862104264,138.5826564041628,139.66208940065627,35050000
2022-03-29,141.25296020507812,142.52964906026023,140.79006955797232,141.39372554579415,34318000
2022-03-30,140.69097900390625,141.4661035387116,140.35545318525374,141.20789506521558,19884000
2022-03-31,137.84523010253906,140.85900377297975,137.80260875876402,140.80447930729167,37524000
2022-04-01,138.91868591308594,139.23636461681514,137.09188211987873,138.27390583221185,25942000
2022-04-04,141.71487426757812,142.4488747295106,139.07726712649293,139.12484935301754,25942000
2022-04-05,139.35533142089844,141.7337323550577,139.14866782551803,141.61330967162542,21418000
2022-04-06,135.34783935546875,138.13561937873442,134.3258953417317,137.53048114777272,32468000
2022-04-07,134.6941375732422,135.9589233791473,133.04772597265375,134.81456023404073,26234000
2022-04-08,132.11598205566406,134.47753332303952,131.796806088126,134.3917915536241,25142000
2022-04-11,127.69124603271484,130.93151135411028,127.53760956872993,130.66487843192186,36884000
2022-04-12,126.59198760986328,130.44334266181815,125.67462307577014,130.44334266181815,32710000
2022-04-13,128.75228881835938,129.1884238410796,126.61821281715251,126.87493898845412,27928000
2022-04-14,125.61611938476562,129.3326674858146,125.48824783632143,129.3326674858146,31598000
2022-04-18,126.5543212890625,127.0856057890182,125.07295756823771,125.8837687708988,20808000
2022-04-19,128.8663330078125,129.1874752778057,125.88327780821626,126.56919704178952,26490000
2022-04-20,126.91461181640625,130.24409728114765,126.37936469139383,129.74154970357304,31696000
2022-04-21,123.71746063232422,128.95501432098166,123.43198996855905,128.11397656104157,36446000
2022-04-22,118.583984375,124.2998031690539,117.8797341417918,123.90133604882998,56884000
2022-04-25,121.99227905273438,122.19398930690228,117.46938809472454,118.05419885374349,46128000
2022-04-26,117.60714721679688,121.4332209985113,117.46936899450668,121.21961522065254,73054000
2022-04-27,113.2899398803711,116.2115281359682,111.74563485499026,113.46339722510035,91820000
2022-04-28,117.48078155517578,118.59787504178948,113.11201872859588,115.39180660167489,48884000
2022-04-29,113.1065673828125,116.88357727541786,112.81416200788513,115.7084957674143,42676000
2022-05-02,115.55831909179688,115.71938932068893,111.61032511577044,112.4082500446914,35534000
2022-05-03,116.30272674560547,117.4009899974836,115.01464880494734,115.4071644067974,24968000
2022-05-04,121.1864013671875,121.77468310687208,114.10419735860037,116.00286568913818,49916000
2022-05-05,115.48149871826172,119.97515308141593,113.99468267182898,119.1474930563822,45840000
2022-05-06,114.72917175292969,116.5381358862753,113.01339074570949,114.17211482737774,39710000
2022-05-09,111.5221176147461,114.06556635107472,111.01610644763626,112.25462080802374,40802000
2022-05-10,113.38954162597656,115.22824075207245,111.90817806145773,114.4922665247754,39900000
2022-05-11,112.60401916503906,115.34174426145016,112.24123869560488,112.24123869560488,37534000
2022-05-12,111.85218048095703,113.29042361789074,108.85921908657511,110.3985706744424,53836000
2022-05-13,115.0304946899414,116.83895961506994,112.60649331317624,113.52633065893913,35038000
2022-05-16,113.43911743164062,115.14895451492976,112.88850359418764,113.94512859894805,25990000
2022-05-17,115.44928741455078,115.87253633398905,113.86037975364924,115.81355766184248,23054000
2022-05-18,110.91598510742188,114.38572183997256,110.57500685562273,113.9892360282762,35126000
2022-05-19,109.41380310058594,112.01672181932308,109.03317553495751,110.45209689987173,34144000
2022-05-20,107.9507827758789,111.19749876704485,104.86663436993842,110.96703650906717,48962000
2022-05-23,110.50811004638672,111.16181369829215,107.78525231071643,108.62431643799094,37184000
2022-05-24,105.0385971069336,105.52280600519344,100.98900326705386,104.8423393279953,76780000
2022-05-25,104.87504577636719,105.56393689303482,102.94367020306227,104.0627448772428,40258000
2022-05-26,106.84507751464844,107.6945397193801,104.30013932618309,104.74816998923528,37948000
2022-05-27,111.32931518554688,111.33080496604357,108.17924616749293,108.52072351941294,37914000
2022-05-31,112.7621078491211,114.71776605291463,111.09340252923525,111.75553052247338,50012000
2022-06-01,112.8909683227539,116.07226223773644,112.25461274183665,113.84550925646737,36606000
2022-06-02,116.58868408203125,116.86324988341372,111.95378769453289,112.9980255582533,37992000
2022-06-03,113.53426361083984,115.2991165371884,112.52075159132542,115.04239030742981,26136000
2022-06-06,115.79373931884766,118.2980302082557,115.14300770312117,115.6787539707655,33542000
2022-06-07,116.11982727050781,116.65657169657148,114.04076691423668,114.46549800566815,31590000
2022-06-08,116.16395568847656,117.52836028330441,115.57517473426661,115.73525430628604,26108000
2022-06-09,113.82617950439453,117.25923874880715,113.76720083398786,115.3050626696795,25798000
2022-06-10,110.18446350097656,112.28335238911357,109.39595372206405,111.45668305650874,41452000
2022-06-13,105.45738983154297,107.83529887701552,105.18629514776413,105.84792407779678,47252000
2022-06-14,105.77754211425781,106.97591545107889,104.87009189196922,105.59863233927445,33706000
2022-06-15,108.79975128173828,110.44416645951732,106.7231636370719,107.59096455911155,39698000
2022-06-16,105.10154724121094,107.69356127238406,104.21391782028991,106.27861002380959,51684000
2022-06-17,106.20178985595703,107.7441135350495,104.12272168588028,105.10154532268795,51376000
2022-06-21,110.56361389160156,111.50080688982577,107.64548911545747,107.97209137326078,47416000
2022-06-22,110.50761413574219,112.35026855081978,109.4123229035937,109.58479714760662,30774000
2022-06-23,111.25546264648438,111.75156708607098,109.52927601369151,111.2450568706106,28362000
2022-06-24,116.9380874633789,117.04117725395231,111.95973234728507,112.00186213185698,41164000
2022-06-27,114.81539154052734,117.53725034082612,114.16713294055121,117.23344860105287,36420000
2022-06-28,111.02303314208984,116.27843425509606,110.86493491306922,114.78467596630205,35792000
2022-06-29,110.7197265625,112.1659026711125,109.89801049848562,110.57154255312791,24716000
2022-06-30,108.00527954101562,109.91336299699368,105.81173299422112,109.03316748819037,43170000
2022-07-01,107.78178405761719,108.28977655197615,105.7924202926031,106.9843506377648,35476000
2022-07-05,112.26749420166016,112.38049064467288,104.80218931259407,106.15915998193664,39342000
2022-07-06,113.56498718261719,114.57354585155757,110.49619829116553,112.30615296257244,37432000
2022-07-07,117.73897552490234,118.14190442135235,113.82419547258564,114.06852703009027,40936000
2022-07-08,118.3044662475586,118.63304981056329,115.87401417090683,116.21945418412874,38238000
2022-07-11,114.65979766845703,116.96089626552066,114.31683805679349,116.96089626552066,31196000
2022-07-12,113.01834106445312,115.94588075015933,112.69074816289236,115.19354915850505,29960000
2022-07-13,110.37478637695312,113.19230171782554,110.22412191978457,110.71922817942544,43722000
2022-07-14,109.39745330810547,110.11657870733588,107.4204842436842,109.24183551851672,37004000
2022-07-15,110.7950668334961,112.14609375197466,109.92528445754276,111.01611399125044,46770000
2022-07-18,108.07169342041016,112.68082434708725,107.41749833919559,111.64996438782659,43164600
2022-07-19,112.8096923828125,113.01784573162385,108.59704671976239,109.87570948732167,36530900
2022-07-20,112.89891052246094,114.38572670784276,111.49139301526064,112.17532331814631,35600400
2022-07-21,113.33502197265625,113.54318286379541,110.13341581141034,113.27555175366626,32676200
2022-07-22,106.95162963867188,111.35259974077154,105.56393322929357,110.02438111222146,48901200
2022-07-25,106.5650634765625,108.90432131164432,105.36569944827403,107.45715461067633,34690900
2022-07-26,104.0969467163086,106.25778639316266,103.1552995551691,105.66306147231995,47991000
2022-07-27,112.0662841796875,112.9088193610781,107.06067446511638,108.29968789382276,59858500
2022-07-28,113.2160873413086,113.33502778538879,110.48034369240179,111.3823490591432,32816600
2022-07-29,115.2976303100586,115.68420188473884,112.06628125487264,112.08610970412361,37223400
2022-08-01,113.8504638671875,115.69411641077537,113.33503005804593,114.28659900379381,26034300
2022-08-02,114.11808776855469,115.32736606008014,112.72048458212805,112.9980223744773,20236000
2022-08-03,117.04216003417969,117.57741471400418,114.46501375387983,114.69298797756183,28499000
2022-08-04,117.15119171142578,117.73600237782314,115.86261481324507,116.4474330419797,21602900
2022-08-05,116.4375228881836,117.07189713527843,114.98044193983411,115.20842372972953,19159500
2022-08-08,116.2690200805664,119.09396911037126,115.85270583222336,117.34943613172396,19138300
2022-08-09,115.60490417480469,116.28884199524232,114.69299212244628,116.11042376218631,19086500
2022-08-10,118.64793395996094,119.85721238899586,117.36927863728738,117.73602180645014,30930400
2022-08-11,117.79547119140625,120.4221809525822,117.517933416611,120.21402762148577,24293700
2022-08-12,120.61052703857422,120.61052703857422,118.41003791477617,119.2030095573056,19096300
2022-08-15,121.00701141357422,121.2250789907804,119.54993038618566,120.06535665403284,19494800
2022-08-16,120.63034057617188,121.35392772306473,119.57965964182924,120.45192234559127,19041200
2022-08-17,118.49922943115234,120.22393374570827,118.33071788294788,119.06421916673118,22847000
2022-08-18,119.11378479003906,119.75807324012199,117.67653233875487,118.38029100928513,17987700
2022-08-19,116.17980194091797,118.10275306426914,115.73376016351709,118.0135401713866,21809500
2022-08-22,113.23591613769531,114.61369850167412,112.84934454275668,114.18747756849332,21456600
2022-08-23,112.8592529296875,113.99914676758455,112.43303201855512,112.48259557937843,15870400
2022-08-24,112.69075012207031,113.77116618601146,111.8779576273456,112.5024176637424,17734600
2022-08-25,115.62472534179688,115.69410978570761,113.1070493505059,113.23590401424377,16956800
2022-08-26,109.37019348144531,114.10818734688105,109.22151791479679,113.71170152369614,37245700
2022-08-29,108.45828247070312,109.97483376444924,107.84373662281749,109.02327231665438,21191200
2022-08-30,107.98249816894531,109.52878447093995,106.85251855405113,109.2016831186449,27513300
2022-08-31,107.2688217163086,109.87570309968547,107.1796088220971,109.67746398729584,28627000
2022-09-01,108.77547454833984,109.47923333133411,106.41639549144335,107.3283076416045,28360900
2022-09-02,106.9020767211914,109.76667515278551,106.3172660149257,109.61799202942274,24160700
2022-09-06,105.8712158203125,107.08049412281643,104.8502699767572,106.3569145236708,25068300
2022-09-07,108.4880142211914,109.01336227424459,105.96043133074927,106.11902111929638,23167000
2022-09-08,107.42741394042969,108.63669221562516,106.21814322757177,107.09040592922442,24238300
2022-09-09,109.67745971679688,110.01446770720469,108.06178152061504,108.11134507795128,23197700
2022-09-12,109.88562774658203,110.63895005732203,108.9638014180946,110.01448242562333,22966800
2022-09-13,103.40310668945312,107.34812886109147,103.17512488610275,106.85252347865307,38172900
2022-09-14,104.07711791992188,104.35465569106773,102.7488992830561,103.65089703928014,26395100
2022-09-15,102.0054931640625,104.3447433760891,101.45041004927867,103.11564426895569,34188300
2022-09-16,101.89647674560547,102.22357057340155,100.05282398964128,101.1728895094597,42797200
2022-09-19,102.1640853881836,102.42180228471612,100.65744846869414,100.85568758151153,23036800
2022-09-20,100.25104522705078,101.4702376623831,99.63649189737326,101.18278566442122,26517100
2022-09-21,98.40740966796875,101.97576713173589,98.39749544224667,100.77640293887092,31487300
2022-09-22,99.25984191894531,100.35017220971649,97.92170894561988,97.95144405755235,34298600
2022-09-23,97.87214660644531,98.7840662370101,96.6133122907774,98.75432356236846,31625400
2022-09-26,97.30714416503906,99.0021134075617,96.940401077741,97.23775972454996,27072700
2022-09-27,96.6430435180664,99.12107027493991,96.0185834977758,98.55608047686624,30072800
2022-09-28,99.17063903808594,99.81491997880579,96.25647699916067,96.79173171420844,32466300
2022-09-29,96.5637435913086,97.77302184291314,95.11657689159186,97.77302184291314,31047200
2022-09-30,94.8093032836914,98.03073800147999,94.72009038986029,96.19699975151396,32941500
2022-10-03,97.77302551269531,98.41731399775504,95.67165604887613,95.90955206825485,27982000
2022-10-04,100.74665069580078,100.94488980250854,99.49772314899776,99.55720093087983,28850800
2022-10-05,100.53849792480469,101.03410325667056,97.93161660163159,98.95256237530134,22176900
2022-10-06,100.5285873413086,102.02531761520133,99.70588064565636,99.79509354103838,22324000
2022-10-07,97.81267547607422,99.64641382042795,97.43601811981739,98.97239021921095,27502800
2022-10-10,96.99988555908203,98.22898478378026,96.15735792571904,98.12986522026777,18225100
2022-10-11,96.32584381103516,98.37764939517147,95.46348788986556,96.57364645434794,26507100
2022-10-12,96.7025146484375,97.88205781573463,95.88972216704339,96.44480530818547,21876400
2022-10-13,98.18934631347656,98.90301934949626,93.55047914168735,94.31371574611794,34574500
2022-10-14,95.7113037109375,99.80500878199092,95.52297881847961,99.11115674778205,25410700
2022-10-17,99.09132385253906,100.0428851110771,97.9613443853791,97.99107949309332,28419200
2022-10-18,99.88429260253906,102.56056586089902,99.09132863002786,102.22355031177057,24060700
2022-10-19,98.75431060791016,100.13209275439554,98.05055198046585,99.13097548058234,23811100
2022-10-20,99.09132385253906,101.42066722563769,98.51641989560879,99.12105896025327,25323200
2022-10-21,100.24114227294922,100.41956051373178,96.861117485556,96.98997216298973,32458700
2022-10-24,101.6189193725586,101.84690116488177,99.10125080640549,100.90525400873032,27176400
2022-10-25,103.56169128417969,103.89869927280016,101.81715843544772,101.99557665364006,40611400
2022-10-26,94.09563446044922,97.44592398970775,93.85774600381856,95.58245054848182,88114100
2022-10-27,91.40945434570312,94.59123986812598,90.993147655817,93.68923447770169,60710900
2022-10-28,95.44367218017578,95.70138906064706,91.32023234198307,91.45900122477447,43697300
2022-10-31,93.67932891845703,95.18596591202643,93.15398843755676,94.58132675716521,31675000
2022-11-01,89.67484283447266,95.18597249623339,89.57572326633404,94.61106841375579,47161400
2022-11-02,86.20559692382812,90.37859311828306,86.11638402723818,90.14070466460588,57038300
2022-11-03,82.69670104980469,85.75953818830197,82.6074881629696,85.56129909230341,61288000
2022-11-04,85.81903076171875,85.87850098830332,82.97425311346052,84.64940174408115,51124900
2022-11-07,87.71223449707031,88.11863452220038,86.08664952122535,86.51287043332725,34078900
2022-11-08,88.1186294555664,89.5261467821038,86.82013834461175,88.1186294555664,30429000
2022-11-09,86.55252075195312,88.6538902246859,86.51287141522182,87.67258615584599,31769100
2022-11-10,93.11434173583984,93.56038355540274,90.80481883714413,91.43919312210994,51620100
2022-11-11,95.56262969970703,96.07805594966968,93.09450954770053,93.85774604143894,33090500
2022-11-14,94.85884857177734,95.93927202603575,93.67931313527288,94.2542095187863,30179500
2022-11-15,97.57478332519531,99.25983848330503,95.85998549384487,97.39636509743826,41640800
2022-11-16,97.9811782836914,98.76423566096419,96.78181421845211,97.03953112343324,29105200
2022-11-17,97.4954833984375,98.40739541196346,95.93928292840438,96.11770115386271,26052600
2022-11-18,96.57364654541016,98.03072729943703,95.52296575672096,97.90186508489751,28342300
2022-11-21,94.75973510742188,97.53512790783459,94.5218466726924,96.43488349899745,21647400
2022-11-22,96.19699096679688,96.3654949524555,93.22335919115972,95.10665326586057,23438500
2022-11-23,97.59461212158203,97.8919783793907,96.23665063568495,96.23665063568495,18868100
2022-11-25,96.60340118408203,97.77303020059202,96.5439309575548,97.37654437828832,9701400
2022-11-28,95.2057876586914,96.72233877031711,94.76965254495012,96.18708410227205,26237500
2022-11-29,94.35335540771484,95.27518172427101,93.28284596351969,94.88861012981242,20061700
2022-11-30,100.10237884521484,100.15194241127442,93.59012404398783,93.98660988544916,43647500
2022-12-01,100.10237884521484,101.35130659899957,99.36888495403137,100.13211395991522,28687100
2022-12-02,99.55720520019531,99.88429898405619,98.03073981360708,98.17942293118247,21480700
2022-12-05,98.60564422607422,100.48893851504042,98.1298597604134,98.52634555474117,24405100
2022-12-06,96.12762451171875,98.90301015080603,95.57254133403083,98.42723321260276,24910700
2022-12-07,94.10554504394531,96.02848863434032,93.88747748283083,95.56262596381266,31045400
2022-12-08,92.8863525390625,94.73991924555087,92.62863564307744,94.54167257081721,32213300
2022-12-09,92.01409149169922,93.43152310128887,91.93479282039716,92.94582441131696,28225400
2022-12-12,92.4898681640625,92.73767083950996,90.80481299595476,91.89514325545609,29420000
2022-12-13,94.78948211669922,98.6552055874712,94.19475717404306,96.90076587228482,40593700
2022-12-14,94.23440551757812,96.01858788905928,92.77732450792483,94.36326019238705,28733600
2022-12-15,90.0614013671875,92.81696579796765,89.21887381683445,92.31144624282094,40107000
2022-12-16,89.4666748046875,90.52726989079738,88.73317348357445,89.96228012646478,58011800
2022-12-19,87.66266632080078,89.76402791543508,87.43468455943786,89.46666927813943,29493000
2022-12-20,88.23755645751953,88.39615376937289,86.67144959581589,87.33555882394572,23453800
2022-12-21,88.79266357421875,89.42703786905226,87.54373587274237,88.29705818373395,24745600
2022-12-22,86.98865509033203,87.76179824360828,85.56130923053732,87.38514089164586,27658300
2022-12-23,88.44573974609375,88.76292688788996,86.30472086721583,86.34437020523261,23003000
2022-12-27,86.62191009521484,88.15828984043061,86.24525271849105,88.01952093519877,20097300
2022-12-28,85.26395416259766,87.26620431857047,85.18466304181412,86.21552323538668,19523200
2022-12-29,87.67257690429688,88.06906266743349,85.84875298114018,85.85866720486126,23333500
2022-12-30,87.45453643798828,87.523920894848,85.8091228005453,86.21552287810843,23986300
2023-01-03,88.33670043945312,90.24973739582715,87.74196796868762,88.80256311679109,28131200
2023-01-04,87.30583953857422,89.85325071371112,86.50295373591993,89.55588448127065,34854800
2023-01-05,85.44236755371094,86.80032906609173,85.14500885244108,86.70120949900179,27194400
2023-01-06,86.57235717773438,86.91928704581815,84.1141583578814,86.02719571508962,41381500
2023-01-09,87.2463607788086,89.25852481278592,87.08777100232832,87.58337634262733,29003900
2023-01-10,87.6428451538086,87.89064781997227,85.07561316227476,85.2242962744404,30467800
2023-01-11,90.71559143066406,90.79489009418965,88.22765825182702,88.39616224006632,26862000
2023-01-12,90.32904052734375,91.06254198896006,88.96117229966266,90.6759703689124,30258100
2023-01-13,91.31033325195312,91.37971769910212,89.33781849580512,90.05149141638756,26329200
2023-01-17,90.48763275146484,91.43919419002684,89.2585335052812,91.25086172242439,32602400
2023-01-18,90.3191146850586,91.98434883409725,89.84333025861744,91.33014619303279,29116700
2023-01-19,92.23216247558594,92.78723807060146,89.83342673497357,89.92263963407981,37000400
2023-01-20,97.1584701538086,97.43601550407813,94.18483803338714,94.26413670489272,63191100
2023-01-23,98.91292572021484,99.16072841791184,96.64305210182975,97.08909393274908,40005100
2023-01-24,96.84129333496094,98.73450961634089,96.34568792882023,97.23777917234118,33078500
2023-01-25,94.3830795288086,95.31481996198589,92.93591288382635,94.73000174467127,42330000
2023-01-26,96.66287994384766,96.71244351188778,94.54168930395645,95.65184819194218,30114000
2023-01-27,98.49661254882812,99.43825971343786,96.45471331121503,96.45471331121503,33879800
2023-01-30,96.08796691894531,97.42609984090785,95.5527122376928,96.62322160019781,27226200
2023-01-31,97.97126007080078,98.0109094055175,95.96901782279963,96.01858138177985,29870700
2023-02-01,99.54727935791016,100.30060151999366,96.72233070301775,97.84239594167008,35531100
2023-02-02,106.79303741455078,106.9020711952248,104.68176137141613,104.87009382209624,69883800
2023-02-03,103.85905456542969,106.86242173682118,101.67839407914221,102.02531630709647,65309300
2023-02-06,101.9955825805664,103.44274929562647,100.98454343127975,101.49997723038128,31999600
2023-02-07,106.69391632080078,107.229170992123,102.21364740273903,102.31276695764967,49010200
2023-02-08,98.49661254882812,102.23347365780366,97.17830046850436,101.15305759656383,94743500
2023-02-09,94.1749267578125,99.15080093480049,92.80705120953134,99.12106582502693,119455000
2023-02-10,93.73880004882812,95.89963977995525,93.42161291225615,94.61106278381658,54980700
2023-02-13,93.7784423828125,94.36325304999363,93.01520592965052,93.90729704786835,50076100
2023-02-14,93.84782409667969,94.01632809123518,91.44909615264258,93.60002143562618,54726100
2023-02-15,96.08796691894531,96.26638514602948,93.32248818030943,93.6594961857254,50169000
2023-02-16,94.67053985595703,96.8214653459122,93.90730335156145,94.53177095740106,42462600
2023-02-17,93.52072143554688,94.72008539046281,92.39074192224304,94.0163267505867,34284100
2023-02-21,90.98323822021484,92.28172191944829,90.91385376824827,92.18260235411577,33629300
2023-02-22,90.84446716308594,91.30042320267887,89.81360707091751,90.89402316340856,30884000
2023-02-23,90.09114837646484,91.13192273411576,88.97108290274596,91.11209428334512,41206400
2023-02-24,88.34661102294922,89.09993330697509,87.80144965033324,88.6538914964404,36585100
2023-02-27,89.0801010131836,89.36755300004886,88.55475303297936,89.0801010131836,27502300
2023-02-28,89.26844024658203,90.42816260421704,88.53494638831793,88.54486061355257,30142000
2023-03-01,89.5657958984375,90.2299052260907,88.88185812266312,89.18913856984402,31111200
2023-03-02,91.19139099121094,91.46892879729705,88.80256940162761,88.87196141548718,32204400
2023-03-03,92.82687377929688,92.90617244189619,91.63741652731721,91.66715919754449,35160100
2023-03-06,94.29386901855469,95.1264899199855,93.1738036755349,93.19362456165446,32639300
2023-03-07,93.03504180908203,94.8291308506661,92.70794044588578,94.14520057401873,27835500
2023-03-08,93.4216079711914,95.11657735157019,93.17380529752776,93.2927533033278,34103300
2023-03-09,91.50856018066406,94.69034522585847,91.0922535532188,93.2233578065742,28813500
2023-03-10,89.83341979980469,91.97443846501345,89.60544558188205,91.35988513059155,35941000
2023-03-13,90.3092041015625,91.75637076191212,88.6340556613181,89.29816499049838,37335600
2023-03-14,93.14407348632812,93.53064506595086,91.62752227975622,91.74646272743232,36050200
2023-03-15,95.26524353027344,96.07803585288389,91.82574182138441,92.40064573702833,50622100
2023-03-16,99.43826293945312,100.30061902134946,94.66062738841612,95.35447189407667,65492000
2023-03-17,100.7268295288086,101.93610017608884,99.2201850976227,99.3787824324158,61028500
2023-03-20,100.3303451538086,100.85568559854943,98.9922122627572,99.2400149300755,32960400
2023-03-21,103.9978256225586,104.17624385241345,100.33034902951017,100.36008414076306,42110300
2023-03-22,102.46145629882812,105.65314851003183,102.4218069619865,103.35353990958235,43427400
2023-03-23,104.67185974121094,105.36571184374247,103.54188002584578,104.13660499777403,40797800
2023-03-24,104.51325225830078,104.56280825287806,102.92730918508741,104.06720293308314,30393300
2023-03-27,101.5594482421875,103.83923589570183,101.03410777688019,103.70046700155793,31120900
2023-03-28,100.14202117919922,101.54953863368904,98.86335840017524,101.53963197104099,32057900
2023-03-29,100.49886322021484,101.58919359656976,99.76536933973438,101.38104023436605,28779600
2023-03-30,100.00325775146484,100.27088890436659,98.90301315028726,100.02308620252188,33086200
2023-03-31,102.81829071044922,102.9768804923042,100.1519314693277,100.40964837247186,36863400
2023-04-03,103.44274139404297,103.61124538527355,101.03409927363644,101.49005525349757,25035400
2023-04-04,103.79959106445312,104.6520329153803,103.12556745121624,103.41301947651381,24420100
2023-04-05,103.55178833007812,105.16745913119128,102.74891004200208,104.85027199347772,28290500
2023-04-06,107.46705627441406,108.21046425787682,103.41300836785234,104.33483456983963,48711500
2023-04-10,105.50447082519531,106.6443570965018,104.19607298512094,106.03972551827178,27067400
2023-04-11,104.42404174804688,105.79191730174914,103.75993241934815,105.6134990800635,26311800
2023-04-12,103.72028350830078,105.8117386190125,103.42291728349981,105.643234620716,24370300
2023-04-13,106.48577117919922,106.54524140425345,104.90974215422128,104.90974215422128,24843600
2023-04-14,107.9131088256836,107.98249327038609,105.90094480463668,105.95050836328302,26578000
2023-04-17,105.0385971069336,105.22692955632782,103.60133708165166,103.7401135343835,37571200
2023-04-18,103.58151245117188,105.60358307540247,103.15529157112812,105.55401951819435,26596400
2023-04-19,103.26433563232422,104.05730725261225,102.16409110128505,102.66961069827711,20905700
2023-04-20,104.36457824707031,105.31613963654112,102.95706083112417,102.99671016764434,27820800
2023-04-21,104.48352813720703,105.0683388461455,103.85906052869694,104.54299836188882,25800100
2023-04-24,105.0385971069336,105.69279222417367,103.77975530677848,104.56281265248298,23542800
2023-04-25,102.9372329711914,105.75227538154243,102.92731874642017,104.89983354732145,46664100
2023-04-26,102.79845428466797,105.41524976209612,101.72794498144636,103.99781824829445,53347600
2023-04-27,106.64435577392578,107.41750647367289,102.62995696914422,103.53195477534291,50089200
2023-04-28,106.39655303955078,106.40646726401752,104.16632896179492,106.09919436658583,36139800
2023-05-01,106.25778198242188,107.040839327923,105.88112464606859,105.90094553226093,26681700
2023-05-02,104.3943099975586,106.25778337997941,102.79846017510972,106.19831315828286,30997200
2023-05-03,104.48352813720703,106.54524073699993,104.03747876508014,104.60246858657061,21795400
2023-05-04,103.76985168457031,104.67184949855658,103.05617876315749,104.5628157154331,23419500
2023-05-05,104.6421127319336,104.94938562732777,103.19494602522195,103.89870471094449,26639300
2023-05-08,106.82276916503906,107.01110160979505,104.2357163079201,104.25553719362945,26511400
2023-05-09,106.40646362304688,109.18185651644418,106.24787384869296,107.43732362452766,36360100
2023-05-10,110.76779174804688,111.94733485864512,106.98136731248631,107.02101664654327,63153400
2023-05-11,115.54544067382812,116.88357371843381,113.40442931492669,114.3857258726591,78900000
2023-05-12,116.47718048095703,116.99260675738344,115.08948388118702,115.65447372138091,41102300
2023-05-15,115.4859619140625,117.43864822230549,114.9903565591719,115.08947611768251,36266800
2023-05-16,118.45960235595703,119.6887016048796,115.40667134063953,115.46614156745153,45035600
2023-05-17,119.77790832519531,120.60061509648509,117.84505030815377,118.55872328747317,33323600
2023-05-18,121.75041961669922,122.2261965471798,119.76799809424153,119.8869385456927,35234200
2023-05-19,121.68103790283203,124.86282361046274,121.07639871989548,122.46409532929638,41353400
2023-05-22,123.95091247558594,125.31878064512259,121.6612104053191,121.85945710097975,35253000
2023-05-23,121.4827880859375,123.53459405259528,121.13586583308965,123.06873134867843,34046300
2023-05-24,119.8373794555664,120.83850441605266,118.80651938298395,120.05544702738894,34182600
2023-05-25,122.39471435546875,124.21853861906426,120.8880696867836,123.42556694477331,42317000
2023-05-26,123.51476287841797,124.15905132995717,121.37374418942687,122.08741708575724,35635900
2023-05-30,122.58302307128906,124.55553777083063,120.92770304942592,124.53570932230704,35076700
2023-05-31,121.7900619506836,122.96959754632296,121.42331126767849,121.67111394373497,37325800
2023-06-01,122.63258361816406,123.32642805270005,121.54225340860589,121.7404925149484,30772700
2023-06-02,123.5742416381836,125.04123686671639,122.67224379356901,122.90021802977736,26980100
2023-06-05,124.90245819091797,126.30997552224953,122.75152529744679,122.92003685811163,32305500
2023-06-06,126.19103240966797,127.16241466547471,124.25817456021957,124.90246303081489,26638300
2023-06-07,121.42330932617188,127.90582057329998,121.04665198703012,125.85402231319067,52539000
2023-06-08,121.06647491455078,122.14689851551302,120.17438376750341,121.15568781042428,29389200
2023-06-09,121.15569305419922,122.67224428864927,120.83850591733605,121.17551394173034,23778300
2023-06-12,122.55329132080078,122.95969134096524,120.59069835405128,121.7107637315462,28306400
2023-06-13,122.74162292480469,124.05993497214953,122.09733445666087,123.88151674346875,22278300
2023-06-14,122.58302307128906,122.95968796986351,120.38253415008784,122.01803328576474,30592300
2023-06-15,123.99055480957031,124.35730552643699,121.32420291141162,122.05769678280674,35246300
2023-06-16,122.44425964355469,125.00158512889624,122.19645696231628,124.82316689591107,45535600
2023-06-20,122.0180435180664,123.47512455090713,121.06648209224629,121.8495395031722,26097500
2023-06-21,119.49044799804688,121.58190309406054,119.0443986639801,121.3241862052,30306300
2023-06-22,122.0676040649414,122.15680940156187,117.78557397338955,118.94528872348243,26952200
2023-06-23,121.26471710205078,121.71076646804086,119.99596857737609,120.31315570854476,34913600
2023-06-26,117.29986572265625,120.92770036348257,117.23048127903954,119.69860126412782,33969900
2023-06-27,117.28995513916016,118.03336310834084,115.07955211670136,116.05094185719236,39535900
2023-06-28,119.12370300292969,119.33185634380241,115.82296953551025,116.0608579876023,27091400
2023-06-29,118.05319213867188,119.00475349739705,117.26022812090297,118.19196103083988,24090900
2023-06-30,118.64793395996094,120.01580975256567,118.63802729649173,119.11380426252408,29532200
2023-07-03,118.8461685180664,119.13362053840451,117.77565911039436,118.19196580370979,14467900
2023-07-05,120.67989349365234,121.53233523543224,118.18204604815243,118.19195270951163,27584800
2023-07-06,119.0543212890625,119.24265374755836,117.35935184961298,118.74704838295892,24745200
2023-07-07,118.42986297607422,119.98606354107629,118.35056430162291,119.04440879722722,21709500
2023-07-10,115.4264907836914,117.27014341516231,115.11921786589225,117.2602367523764,35315200
2023-07-11,116.11042022705078,116.67541002080333,114.33615217521867,115.26789264862505,23078800
2023-07-12,117.88468933105469,119.27238582914387,117.36926309239514,117.75583466197419,30404400
2023-07-13,123.44538116455078,123.73283317428397,119.3913254796749,119.86710994186647,44297900
2023-07-14,124.3176498413086,125.6656970596948,122.4046128006824,123.703104019214,33283100
2023-07-17,123.5544204711914,125.98288376353565,123.10837110000271,124.83308323552517,25716200
2023-07-18,122.67223358154297,123.58414557513862,121.87926202742847,123.50484690725973,26193600
2023-07-19,120.95745086669922,124.0797663514812,120.72947662109038,123.50486228130026,37224000
2023-07-20,118.15231323242188,122.9993329839657,117.18093097461103,120.35280221161847,37906800
2023-07-21,118.96510314941406,119.92657872434836,117.68644801994229,119.55983561059963,72937900
2023-07-24,120.46185302734375,121.91893418242496,119.91669159889055,120.59071527735198,29686100
2023-07-25,121.13585662841797,122.067597090128,119.95631349602652,120.29332906056865,52509600
2023-07-26,128.13381958007812,129.82878151515044,127.19217238007396,128.92679121548855,61682100
2023-07-27,128.2626495361328,132.0689098519843,127.65801044654415,130.51270190226427,44952100
2023-07-28,131.4147186279297,132.56452668916148,129.4223905323537,129.63053631303129,36591200
2023-07-31,131.55348205566406,132.35636028283042,130.62174160079337,131.5633887175357,28055500
2023-08-01,130.3937530517578,131.46426227856932,129.53138957410042,129.63051668062243,23166800
2023-08-02,127.25163269042969,128.9465944934301,126.4388326681817,128.31222025946755,26273300
2023-08-03,127.32100677490234,128.25274721907638,126.30006100088384,126.84522989105743,20089500
2023-08-04,126.9840087890625,130.35411926269438,126.78576966555633,128.14372354248303,26147200
2023-08-07,130.3739471435547,130.45324581754625,127.8860136363558,128.02478253467217,22746300
2023-08-08,130.24508666992188,130.35412045755103,128.4014340675314,129.47194349388803,23535200
2023-08-09,128.5203857421875,130.87945697389134,127.86618303626592,130.50280718461022,24912900
2023-08-10,128.5501251220703,130.889383106786,128.31222909619765,130.16580349118593,20857800
2023-08-11,128.42124938964844,128.78799249024013,127.04346719118266,127.52916585454872,19591100
2023-08-14,130.17572021484375,130.2153619932151,127.82655538590826,128.2527687832776,24695600
2023-08-15,128.63934326171875,130.26492845526437,128.14373783533682,129.94774884721215,19770700
2023-08-16,127.56881713867188,129.1349318973664,126.74611798522649,127.56881713867188,25216100
2023-08-17,128.778076171875,130.8298893232879,128.15360866932792,128.65913574269388,33446300
2023-08-18,126.33971405029297,128.1139820986366,125.26920468665479,127.38048074077112,30504800
2023-08-21,127.2417221069336,127.59855859024782,125.44763302751461,126.06218642929755,25248700
2023-08-22,127.94551086425781,129.13496097582,127.19219598936013,127.38051336457548,22054900
2023-08-23,131.20655822753906,132.23742584663677,128.72853142638633,129.03580432978123,27819700
2023-08-24,128.63934326171875,133.07005698354735,128.43119745245764,132.77269070278274,28500700
2023-08-25,128.73841857910156,129.61067349366684,126.13153024571959,128.4013955300603,26762900
2023-08-28,129.85850524902344,131.3750563736932,128.99615680059247,130.15587147682967,20543300
2023-08-29,133.38723754882812,135.36965904379704,131.07771469222826,131.07771469222826,43075600
2023-08-30,134.6857147216797,135.08219295170898,132.89162577508347,133.59537690208668,28315800
2023-08-31,134.97314453125,136.78706173002197,134.59647966630084,134.81454720656896,30053800
2023-09-01,134.46766662597656,136.25184916877205,133.66478826288787,136.25184916877205,21543700
2023-09-05,134.57667541503906,135.22095629355618,133.39713231081367,134.24957408258942,19403100
2023-09-06,133.27822875976562,135.33002752706992,132.49516365255997,134.8245153959204,18684500
2023-09-07,134.07118225097656,134.388377002044,131.7814874686669,132.4158618461236,18844300
2023-09-08,135.1813201904297,135.45885797662925,133.66476902845534,133.7242392505445,23558300
2023-09-11,135.716552734375,136.27162824714438,134.5964799231039,135.3398878687072,20763400
2023-09-12,134.15048217773438,135.66703367417148,134.00180658972224,135.06239440845826,18405500
2023-09-13,135.50840759277344,135.69672490178635,132.97089575556973,133.90263613822427,20749500
2023-09-14,136.88619995117188,137.48091727999335,135.04254749494362,136.3905946148167,24751000
2023-09-15,136.19235229492188,137.30251863025583,135.28044021121335,136.76725635034862,38919600
2023-09-18,136.9952392578125,137.9368864099472,135.40929606761446,135.40929606761446,21861300
2023-09-19,136.82675170898438,137.19351004211867,135.41923398702423,136.21220576515523,20353700
2023-09-20,132.5645294189453,136.86638038785247,132.44557384571905,136.86638038785247,29927500
2023-09-21,129.2935028076172,131.06776298574152,128.92675975466167,130.28471332883512,31503900
2023-09-22,129.10520935058594,130.86956340083478,128.46092836722917,129.61072142408077,26397300
2023-09-25,129.9576416015625,130.0171118264149,127.82654454608127,128.6888930557924,20094600
2023-09-26,127.43995666503906,129.21421701986839,126.10181627825571,128.62940638402773,25718700
2023-09-27,129.39263916015625,129.7494756200031,127.43996798020761,127.43996798020761,22746500
2023-09-28,131.1470947265625,132.12839883500152,128.64923934805705,128.69880291155567,22513100
2023-09-29,129.7098388671875,132.87180356786632,129.21423349403221,132.10856705829798,30859800
2023-10-02,132.99075317382812,133.23855587746678,130.01712073016435,130.0567776325655,22288000
2023-10-03,131.26602172851562,133.0799390690274,130.68121106331455,132.76275951955418,22989400
2023-10-04,134.05133056640625,134.37843188809666,131.3651431138617,131.62285243185696,26752300
2023-10-05,133.88284301757812,134.29914971685594,132.2770713207343,133.88284301757812,19832600
2023-10-06,136.3707733154297,136.9456773507009,132.832143768504,132.832143768504,27597600
2023-10-09,137.20338439941406,137.718818202532,134.41808472961787,135.73639678634393,19278100
2023-10-10,136.84657287597656,138.49198658116535,136.12299316212477,137.28270808695942,27786600
2023-10-11,139.314697265625,139.86977295862408,137.36201055117434,137.36201055117434,25884300
2023-10-12,137.74856567382812,139.97878996715525,137.04479935307614,139.8102859466206,24765500
2023-10-13,136.15267944335938,138.76947464598243,135.41917820391996,138.15492895530255,23420500
2023-10-16,137.87741088867188,138.4027513362433,136.7771664348634,136.9555770964501,28501900
2023-10-17,138.491943359375,138.67035400381826,135.97426001796143,137.41152745778462,23515800
2023-10-18,136.7474365234375,139.48317264449588,136.17253249534386,138.22433080496884,23375000
2023-10-19,136.53929138183594,138.43250769080962,136.17254821584305,137.28269950188223,26066000
2023-10-20,134.40818786621094,136.6582254478533,133.8927540255162,136.12297828131832,26335700
2023-10-23,135.30027770996094,136.45008589771163,132.77268707945487,133.85310324956066,26317900
2023-10-24,137.58995056152344,138.135119454478,136.21216833642438,136.61856834068817,44814300
2023-10-25,124.50597381591797,127.18223962045136,123.97071914254384,127.03356406868409,84366200
2023-10-26,121.20523834228516,123.23722322101568,120.20411345783874,122.18653477861498,57061100
2023-10-27,121.09622192382812,122.22620163366648,119.15344965845101,121.79998068610722,44566500
2023-10-30,123.36608123779297,124.29782170383251,121.67111186993667,122.12706787862865,28940100
2023-10-31,122.98942565917969,124.268088371617,121.61164338905817,123.96080791175726,26292300
2023-11-01,125.3386001586914,125.37824949738864,122.63259896306457,122.97952122374261,30082400
2023-11-02,126.36945343017578,127.8463552955118,125.81437784316901,127.29127970850502,27124600
2023-11-03,127.9653091430664,128.39152248996186,126.73620241363211,126.8947997576898,26393100
2023-11-06,129.10520935058594,129.19441469449498,127.53909443947174,127.91575939110132,19052700
2023-11-07,129.81886291503906,130.75060336661838,128.73844691253734,129.56115358521535,29757300
2023-11-08,130.6812286376953,131.04798691958564,129.63054760646278,129.81888007898115,26425800
2023-11-09,129.09527587890625,131.38496997848083,128.92677188940007,130.80015934584054,23747800
2023-11-10,131.4246063232422,131.6327671985536,128.27256395904828,128.9565016747776,26913300
2023-11-13,130.92904663085938,131.4246520902461,130.0964330890125,130.62177366598814,18324800
2023-11-14,132.445556640625,134.50727652084166,132.14820555787506,133.01055394719708,32395200
2023-11-15,133.4368133544922,133.84321347423608,132.39605395591323,133.6846160921879,23861500
2023-11-16,135.7264862060547,136.0139458049548,133.13944056401175,134.0017891113594,28013200
2023-11-17,134.1207275390625,134.86413562027792,132.4753140227168,134.80466539372887,37240600
2023-11-20,135.05245971679688,135.45885973926121,132.44557070034907,132.5149627101394,27815500
2023-11-21,135.76614379882812,135.9742895959558,134.76502634077858,135.09211259340776,22635300
2023-11-22,137.27276611328125,138.19458474282766,136.26172703194487,136.26172703194487,17813900
2023-11-24,135.4886016845703,136.91594760397751,134.79475717504624,136.8168204777558,12514300
2023-11-27,135.21104431152344,137.20337221294994,134.8046443273795,134.83437943600723,23436500
2023-11-28,135.99407958984375,136.04364314051242,134.22972608367826,134.88392865329166,18730000
2023-11-29,133.8035430908203,137.07452642949448,133.65485240517793,136.36086861217828,23967200
2023-11-30,131.36517333984375,134.35863435541023,130.12615977169108,133.86302892814916,38988300
2023-12-01,130.70103454589844,130.94883720390865,129.52149147382195,130.70103454589844,31442300
2023-12-04,128.13381958007812,128.88713431514626,126.7758581121976,128.73845875055255,36669900
2023-12-05,129.83871459960938,130.97860102647664,127.12279142754068,127.8166359971415,27384800
2023-12-06,128.87721252441406,130.68120803665548,128.73844363885704,130.28472982782802,23576200
2023-12-07,135.7264862060547,137.34216463354636,133.5160903794074,133.8530984180632,56767100
2023-12-08,133.8035430908203,135.20113873793494,132.85197412660608,133.0204781372603,32260100
2023-12-11,132.11846923828125,132.16803279885028,130.20543982265264,131.21647898449544,31138000
2023-12-12,131.35523986816406,131.8310167463247,130.10630476656524,130.6514736502255,29032800
2023-12-13,131.40481567382812,132.32663440647838,130.41360492921032,132.20769395702044,30104800
2023-12-14,130.78036499023438,132.54471913402028,128.55014052621178,132.20771106715728,38722400
2023-12-15,131.43455505371094,132.33654536584615,130.0270224409382,130.4631576026789,50847100
2023-12-18,134.60641479492188,135.94454015229283,131.26602448315583,131.46427872099582,32258000
2023-12-19,135.44894409179688,136.26174417356714,134.883961824314,135.63727655584978,25476800
2023-12-20,137.12408447265625,140.45455302635412,136.85646847368653,137.74855205293554,49107200
2023-12-21,139.185791015625,139.45342211326152,137.9566844233994,138.2639724149609,27488300
2023-12-22,140.2464141845703,140.74201955858857,139.4732710110759,139.53274123600997,26532200
2023-12-26,140.27613830566406,141.42593118854055,139.94903696948103,140.3455151877592,16780300
2023-12-27,139.13623046875,140.8312072908629,138.66045360407793,140.3455086401583,19628600
2023-12-28,138.99746704101562,139.8994723742898,138.5216901576727,139.54263593061398,16045700
2023-12-29,138.4622344970703,139.12634389616656,137.56022906895078,138.40276427098348,18733000
2024-01-02,136.95558166503906,138.2243301608941,135.28043314911363,137.3322465738531,23711200
2024-01-03,137.69900512695312,138.40277146312937,135.87518085036012,136.04368487458785,24212100
2024-01-04,135.19122314453125,137.93688094484938,135.15158137245075,137.20337960162615,27137700
2024-01-05,134.53700256347656,135.95444150265752,133.96209863444332,135.54804155071932,22513900
2024-01-08,137.6197052001953,137.78820922289705,135.06237949599685,135.09211461031617,21404000
2024-01-09,139.71115112304688,140.24641339378692,136.9357580192586,137.2826878289855,24759600
2024-01-10,141.02943420410156,141.74310700177662,139.67148060628745,139.7606859248287,21320200
2024-01-11,140.8312225341797,143.9436236258308,139.40387666099627,142.2288332953947,24008700
2024-01-12,141.39620971679688,141.9413786630196,140.57351809075055,141.4160381670257,18785500
2024-01-16,141.23760986328125,143.08126226290798,140.20674232549314,140.75191120368166,22670500
2024-01-17,140.2265625,140.59330557611017,137.67914403979375,140.10762206983958,20968600
2024-01-18,142.21888732910156,142.94248192977855,140.74199327018036,140.80146348400635,25746400
2024-01-19,145.09341430664062,145.16279118468964,143.11099308151773,143.4678295070268,34271900
2024-01-22,144.7068634033203,147.0857631627537,144.55817271543333,145.80710794511032,32200400
2024-01-23,145.74761962890625,145.88638852663772,144.22116175386006,144.60773333501743,21636100
2024-01-24,147.39303588867188,148.5329373289827,146.79831851190932,147.23443853833155,25233500
2024-01-25,150.53515625,151.7047926793007,148.22563362553456,148.7509891835985,29149100
2024-01-26,150.8523406982422,151.19925532668688,149.682704348174,149.77192479518956,26115500
2024-01-29,152.16075134277344,152.42838247060587,150.0990312415879,150.7234988316385,27784300
2024-01-30,150.12875366210938,152.26975691406153,149.8611225838632,151.4569721435687,36331800
2024-01-31,138.86863708496094,142.73435309816574,138.6406477145511,142.35768815981584,71910000
2024-02-01,139.9193115234375,141.80260587734793,139.5525532652903,140.87086536289783,40466500
2024-02-02,141.1285858154297,141.3664667061821,135.30026199719302,138.03599811357188,62499600
2024-02-05,142.4171600341797,144.1914358303926,141.5250763668689,141.56473326856243,38505400
2024-02-06,142.8334503173828,144.08237020058561,141.93144506162201,143.37860403545926,29128200
2024-02-07,144.2608184814453,144.34011716332222,142.6649684297807,143.48767523899187,25208900
2024-02-08,144.62757873535156,145.04388547733828,143.82470036690026,144.5482800524002,22563800
2024-02-09,147.69041442871094,148.12654961609974,144.89519261390646,145.39079803145248,26829500
2024-02-12,146.2333221435547,148.02741119835667,146.07472479210762,147.11549911454978,21564100
2024-02-13,143.86431884765625,145.3808699923918,142.42706637302987,143.6462512860247,27837700
2024-02-14,144.6572723388672,145.2321762817776,142.82352674295169,144.79604121304055,22704200
2024-02-15,141.51515197753906,142.25855998207064,139.22545774352974,141.88189508654546,37590700
2024-02-16,139.284912109375,141.9314424892963,138.90824725672493,141.7332034022547,31468900
2024-02-20,139.87966918945312,140.831238252674,138.2640058017007,138.43250982988707,25144700
2024-02-21,141.29708862304688,141.43585751636738,139.44351432516038,140.20675080076072,23223300
2024-02-22,142.82354736328125,143.7255527379726,141.5448922041246,143.65616072853092,27191900
2024-02-23,142.6947021484375,143.40835995334845,142.16934655124388,142.40724256933106,19493800
2024-02-26,136.36087036132812,141.18806188186093,136.18244456120365,140.89069563143732,53641800
2024-02-27,137.65936279296875,138.02610595453126,135.88508696473966,136.80692088729302,33099200
2024-02-28,135.1813201904297,136.796983347661,134.21984460085443,136.68794956560583,37328600
2024-02-29,137.24302673339844,137.63950492469195,135.2011201866837,136.07339035713764,42133000
2024-03-01,135.9346466064453,137.64943703156058,135.7165790235201,137.21330186571015,31151100
2024-03-04,132.17796325683594,134.46765773338637,130.7506173169925,134.46765773338637,55999400
2024-03-05,131.50390625,132.06890354223196,129.52148508372335,130.72085654417694,40194800
2024-03-06,130.24508666992188,132.4059339725702,129.6999328564518,131.94997037211849,35318600
2024-03-07,133.1988983154297,133.75397388585452,130.45324044956945,131.62286181229678,37738200
2024-03-08,134.21983337402344,136.87627056964266,132.82222277313073,133.03038365770627,39370400
2024-03-11,136.45997619628906,137.8774153719074,134.93351836260592,134.93351836260592,32437800
2024-03-12,137.28269958496094,138.1549699529064,135.8256184588143,135.8256184588143,27563400
2024-03-13,138.56134033203125,139.84991729704038,137.7683838532644,137.7782905156126,23347200
2024-03-14,141.8422393798828,142.32792288200474,139.22544406599317,139.9490235510771,42753400
2024-03-15,139.9391326904297,141.92155427918553,138.79924632676565,141.24753819885322,49475400
2024-03-18,146.38198852539062,150.81270155253688,145.87647651462308,147.3038223387608,69273700
2024-03-19,145.7377166748047,147.4822421656298,144.79606947876087,146.8577896722865,24070400
2024-03-20,147.4326934814453,147.55163393242162,145.45027196690233,146.6991920761811,21311500
2024-03-21,146.30270385742188,149.04834657827197,145.60884427485487,148.15626300736415,24755600
2024-03-22,149.4448699951172,150.24774839539668,147.67059403368273,147.80936295317946,29211800
2024-03-25,148.7509765625,149.05824941731626,146.5207527940521,148.62211434931658,19229300
2024-03-26,149.34571838378906,150.92173980939236,148.66178056238658,148.89967658168865,22149100
2024-03-27,149.5439453125,150.30718174477965,147.59125913003174,149.85121819279237,22879200
2024-03-28,149.60342407226562,150.09902942352818,148.85010938322958,149.52414052577765,24485400
2024-04-01,154.1233673095703,154.3711700008442,149.28625393600836,149.3655526121771,31730800
2024-04-02,153.2015380859375,153.34030699227824,150.8127164395867,152.1508570629753,24586000
2024-04-03,153.55833435058594,153.7169316661934,151.38758085781012,152.24994430850546,24705000
2024-04-04,149.20697021484375,153.40970972497198,149.1276715307269,152.15086769221787,34724700
2024-04-05,151.1596221923828,152.07153416376286,148.28511739400383,148.71133070821097,23459200
2024-04-08,153.4889678955078,153.90527453372857,151.26865070032358,151.43715468784103,20702000
2024-04-09,155.2235870361328,157.1663513551603,153.82597645097087,154.7180599469995,31079500
2024-04-10,154.76763916015625,155.23350940234246,153.3204648733208,154.8370311694787,22838600
2024-04-11,158.00888061523438,158.27649657940643,155.08481245826903,155.53085418989542,27166400
2024-04-12,156.34368896484375,158.81180951825112,155.7588781714617,156.57167835861193,25353700
2024-04-15,153.49891662597656,157.840425096068,153.23128545495894,157.46376012387117,27136500
2024-04-16,153.0429229736328,154.28193632388786,152.08144740386092,152.8347772006078,20779500
2024-04-17,154.10353088378906,155.69938073798713,153.22135395349792,154.25220644098835,21763100
2024-04-18,154.63876342773438,155.56059716944145,153.26098127050776,153.97465412709587,19883000
2024-04-19,152.7356719970703,154.98572479887758,150.96141127979288,154.8271274373676,32615600
2024-04-22,154.90640258789062,156.2544497066036,152.7059136863934,152.9537163543577,26446200
2024-04-23,156.86900329589844,157.57276956282405,154.90641030278562,155.58044145804854,21151600
2024-04-24,157.7313690185547,158.16750416167633,155.7885893241061,156.10578401898567,22779100
2024-04-25,154.62887573242188,155.11457444082362,149.5439597867095,149.99992338282905,57109700
2024-04-26,170.4386749267578,173.17442610783888,168.1588873174152,172.83740297886922,64665300
2024-04-29,164.68963623046875,168.05976136758494,163.7579109650259,167.5740627254869,45610000
2024-04-30,161.34925842285156,166.62250601471732,161.17084777672406,164.15438620390708,33562900
2024-05-01,162.41978454589844,165.65112595593658,161.6565480783854,162.85591967019158,33493200
2024-05-02,165.15550231933594,165.26453608833387,162.4495016656074,163.34158513946463,24294500
2024-05-03,165.7700958251953,166.48376879475936,161.61692024874446,166.08727540907034,34662400
2024-05-06,166.62252807617188,166.6621698501134,164.5707146259979,165.98815382038057,21871300
2024-05-07,169.7448272705078,170.25033926742327,166.90996414876957,167.01899792747776,28039700
2024-05-08,167.8912811279297,168.65450251317668,167.2569068549834,167.51461620426056,19569100
2024-05-09,168.46617126464844,169.18975081513116,166.70180236639047,167.90117392580035,15346700
2024-05-10,167.16766357421875,168.35712840771933,164.72929393982457,166.55311783500412,29799900
2024-05-13,167.65338134765625,167.7921502441081,162.5585588283877,162.81626817189104,31327600
2024-05-14,168.84283447265625,169.7448398794561,167.3163765820282,168.27785221350925,25127100
2024-05-15,170.99374389648438,171.13251278258656,169.01132259521063,169.13027815806552,26948400
2024-05-16,172.64906311035156,173.5808035378088,171.17216892717605,171.7668862401435,27867900
2024-05-17,174.51255798339844,174.72071889069628,172.1633934028928,172.64907697879545,24479300
2024-05-20,175.364990234375,177.1987360270171,174.53237690001112,174.64141067889267,22554400
2024-05-21,176.28684997558594,176.58420112115073,174.26477143768452,175.34518759904142,16989400
2024-05-22,174.8297576904297,175.5929790815051,173.67004292281268,175.08746704167487,17880000
2024-05-23,172.02462768554688,176.68331515847908,171.42989518914035,175.5136937401354,21024900
2024-05-24,173.4519500732422,174.22509313899903,172.12371636120923,173.44202828735197,16579400
2024-05-28,174.84957885742188,175.71194253715282,172.83742214584382,172.91672082470853,20572200
2024-05-29,174.3539581298828,175.2856986187846,173.1843367499764,173.88808788543193,23388700
2024-05-30,170.5972900390625,173.67995620758435,170.28009532573515,173.6601277568323,22931500
2024-05-31,170.9838409423828,171.53891649882755,167.9507387056137,170.34946671720675,37638900
2024-06-03,171.64797973632812,172.99602708676622,169.65565138830266,171.0235120658181,27459100
2024-06-04,172.26248168945312,172.321967029547,170.37918761932596,171.7569697337049,26879600
2024-06-05,173.86827087402344,175.09736245061762,172.4012681621193,173.66010997413338,22068500
2024-06-06,175.17666625976562,175.59297294708358,174.2052839893571,174.35395954744376,23251000
2024-06-07,172.92660522460938,176.30662182296135,172.76800790116974,175.49383700851138,19661400
2024-06-10,173.67088317871094,175.70520037025813,171.43809934111798,173.63119590631558,23726700
2024-06-11,175.26856994628906,175.48688780612986,172.44038608531787,174.87163664223397,21540600
2024-06-12,176.42959594726562,179.0295587655737,174.76245808700693,176.8860828234983,27864700
2024-06-13,173.8197479248047,175.38766020073976,173.54189158649058,174.76247586851568,20913300
2024-06-14,175.437255859375,175.7051941501706,172.81745685502335,172.886928506799,18063600
2024-06-17,175.88381958007812,176.99524483970762,173.47240531751984,174.1174408030097,19618500
2024-06-18,173.75025939941406,176.03266350713454,172.7678442779151,175.78457643329608,21869900
2024-06-20,174.95103454589844,175.93344981927422,173.65106050074036,174.02814261468728,20160100
2024-06-21,178.2555389404297,179.466205138687,175.2586426839211,175.645657934706,57759000
2024-06-24,177.8486785888672,179.50589857307529,177.3028839492694,178.7814884925371,18298000
2024-06-25,182.6218719482422,182.87987707702328,178.04714529101605,178.24561193946573,23130200
2024-06-26,182.4730224609375,183.09819163519248,181.08372566274275,181.2325870029249,19839000
2024-06-27,183.99130249023438,184.6264047984624,182.61193895476885,182.77070317530075,18848900
2024-06-28,180.7562255859375,183.71343423893046,180.5676921399298,182.90963458847077,29156600
2024-07-01,181.58982849121094,182.4730179096056,179.91275737108273,181.6295157623823,16006100
2024-07-02,183.82261657714844,184.15009335463083,180.17076672022137,180.65702287018632,17372500
2024-07-03,184.39816284179688,184.6660859724945,182.59208172180752,183.43558380831382,10242100
2024-07-05,189.1416015625,189.39960668236182,184.3783264542018,184.43786493247498,20967500
2024-07-08,187.5836181640625,188.71489474236242,186.3431826553111,188.44695643270228,21035900
2024-07-09,187.5339813232422,189.89577517091524,187.27597621110633,188.85380640623399,15121400
2024-07-10,189.71713256835938,190.28277834321375,187.5835898719109,187.70266681734014,15952500
2024-07-11,184.15008544921875,189.39960141202818,183.66382932012837,188.39733505757295,25625800
2024-07-12,183.65390014648438,185.67828393880026,183.0783363373865,183.66381817797418,22898400
2024-07-15,185.10272216796875,186.79964437744582,183.5050408426138,183.5050408426138,16474000
2024-07-16,182.51271057128906,187.2362833659617,181.96691593885006,185.9263913901426,18290700
2024-07-17,179.6348876953125,182.14552760174087,178.52344733868037,181.569963789314,20734100
2024-07-18,176.33038330078125,181.10357651103143,175.11971708479683,180.53793067512186,25315700
2024-07-19,176.3005828857422,178.91044832614054,175.77463955695288,177.51124888764295,18881900
2024-07-22,180.27992248535156,181.30204007198228,178.85093844213043,179.2081844529357,24100300
2024-07-23,180.3990020751953,182.205083362309,180.15091498468195,180.65702234023118,36352700
2024-07-24,171.30908203125,174.84183935353695,170.50528237716065,172.27166103830413,49585200
2024-07-25,166.0000457763672,172.09306459024975,165.91073805088556,171.1999570513624,44852000
2024-07-26,165.72216796875,166.80382399385917,162.8046615111257,165.8710141586151,41336900
2024-07-29,168.23281860351562,169.12592608314606,166.70460877031735,167.5381777702437,20293800
2024-07-30,168.98699951171875,169.91980941464726,167.15116408802947,168.93739420618675,18959700
2024-07-31,170.2274169921875,172.91668748879763,168.70912533779483,171.9144211788754,25729100
2024-08-01,169.45339965820312,172.718234225876,167.58779504728142,168.94730744825696,24531400
2024-08-02,165.38478088378906,167.22061625981866,163.41000220136607,165.1664630337912,29130100
2024-08-05,158.03147888183594,163.17183620146415,153.7445266292353,154.3101724717456,53630700
2024-08-06,157.0788116455078,159.34137978517677,155.2132070680051,158.11086239581772,49004600
2024-08-07,157.72381591796875,161.73289574421796,157.25741108044065,160.01613770044082,25138600
2024-08-08,160.79017639160156,162.43747802495426,158.98411055542044,159.28180289949356,25578800
2024-08-09,162.4176483154297,162.53672526881738,157.84292193770273,158.78564981676743,28602300
2024-08-12,161.04818725585938,163.63821673656008,160.60163358167628,163.09243732479868,15895300
2024-08-13,162.9038848876953,163.46951549041373,161.72298810159427,162.1596237343071,18551700
2024-08-14,159.14291381835938,161.9711129174624,156.50327848683673,161.1573799318549,40591100
2024-08-15,160.0657958984375,160.40319071181239,158.388724722145,159.27191417011724,31524300
2024-08-16,161.7130889892578,163.79701137732062,159.8970897454957,160.23448454041534,24208600
2024-08-19,165.3946990966797,165.4145503036196,163.0031359185699,164.01533548402497,22416200
2024-08-20,165.90078735351562,167.34962258490438,165.54355648931903,165.62293103111787,18341500
2024-08-21,164.58099365234375,165.57334208523812,163.41001462767,163.8863376356894,22902000
2024-08-22,162.54664611816406,166.30763931714822,162.06039002531082,165.9801625781286,22493300
2024-08-23,164.3527374267578,164.90845010892556,162.57644045039766,163.45962992213603,13955700
2024-08-26,164.88861083984375,166.26797448558267,163.20162161831215,165.1069286953162,14190400
2024-08-27,163.419921875,165.1664646925233,163.201619164844,164.57104961527048,11821900
2024-08-28,161.60391235351562,164.33286993605128,160.29400544572312,163.77714221811894,16407400
2024-08-29,160.54212951660156,164.70007190564058,159.02383761377362,163.0527698600771,19699800
2024-08-30,162.1298828125,162.40773914692483,160.45281163127092,161.37568835446018,22123800
2024-09-03,156.15594482421875,160.61159459119546,155.28267338679814,160.48258445374879,38945300
2024-09-04,155.25289916992188,157.78339053713182,154.76665816042646,155.4612989897302,19353800
2024-09-05,156.036865234375,158.22994668183233,154.78649658056972,155.1040553313884,18688700
2024-09-06,149.76519775390625,156.62232787245784,149.39803374273566,156.09638450541732,37912100
2024-09-09,147.76795959472656,152.4282366790671,146.28739297802653,151.54387525137955,39260500
2024-09-10,147.71827697753906,150.31174383865772,147.40029682558622,149.4969310708747,31118800
2024-09-11,150.20242309570312,150.54026559740743,146.5854826673726,148.97027288921362,29607700
2024-09-12,153.71006774902344,153.83924907315188,151.682982309114,152.82570635319718,29621500
2024-09-13,156.46250915527344,157.37667920350046,154.2267627397466,154.44535510677574,29591200
2024-09-16,157.05870056152344,157.2474993531957,155.60795803142506,156.313451749423,18379800
2024-09-17,158.3107452392578,159.53294917671778,157.37669753536267,158.01264265003823,20715600
2024-09-18,158.797607421875,159.4832387245749,157.59528121573842,158.84729370623916,23677300
2024-09-19,161.11285400390625,162.7523953061902,160.31791891468873,162.67291544318158,26587700
2024-09-20,162.55369567871094,162.6928082081416,161.03338904917277,162.46426944453307,40896400
2024-09-23,160.82470703125,164.4416474906759,160.64583942390462,163.3088698512438,24150900
2024-09-24,161.2618865966797,162.18600293337994,159.67203168983335,161.9972041569506,23332100
2024-09-25,160.46697998046875,161.77861000791742,160.27818118844277,160.44710243338025,18869200
2024-09-26,161.69911193847656,163.0405658423745,161.25196569121914,162.60335078741144,20319300
2024-09-27,162.91139221191406,164.65030615932238,161.59976214731748,161.7786145898017,21101300
2024-09-30,164.7993621826172,165.09744958161895,162.22575806160205,162.2853907035285,20413900
2024-10-01,165.93215942382812,168.08841111718823,163.537422620915,166.62772204069785,28338100
2024-10-02,164.80929565429688,166.4587833748385,163.68644922877587,165.36574568962988,17760200
2024-10-03,164.80929565429688,165.5843532266716,162.88158291608877,163.3684842780683,15073100
2024-10-04,166.00167846679688,167.16426473931182,164.43168589066445,166.99534350266865,19047400
2024-10-07,161.9475555419922,167.41271432730716,161.71901678363855,166.65753420806615,22463100
2024-10-08,163.3386688232422,163.68644249996592,161.83822486594266,162.90145376713176,23072700
2024-10-09,160.83462524414062,163.7957428412033,158.72806019467495,162.4145490312399,31181800
2024-10-10,161.05325317382812,162.03698715416354,159.38388779769477,159.8509116423071,14144100
2024-10-11,162.20590209960938,162.86170956550862,160.21857182956228,161.10293319324816,15344300
2024-10-14,163.91500854492188,165.17695235890986,162.36487818674945,162.60336327926677,19016100
2024-10-15,164.41184997558594,166.61777276120088,163.5871060435806,164.73974614754195,20247200
2024-10-16,164.1137237548828,164.74966878217245,162.70272119940034,163.48770991975573,16406000
2024-10-17,161.89785766601562,165.3160682513299,161.7289364078274,164.68012315374543,21453400
2024-10-18,162.384765625,163.66660222742627,162.04692309495266,162.1562268737477,19757700
2024-10-21,163.03065490722656,163.45792366085925,161.58982825285435,161.9177395848208,20946500
2024-10-22,164.09385681152344,164.71987068710104,161.9475365199372,161.9475365199372,16568100
2024-10-23,161.7488250732422,164.76957586597575,160.9042035621243,163.71627798503206,18280500
2024-10-24,161.68917846679688,162.29531475497333,159.9900045566217,161.79848222899673,22412500
2024-10-25,164.22303771972656,164.54100267206263,162.38475119304076,162.63316747166715,19828900
2024-10-28,165.66383361816406,167.68097239909127,162.9113772628699,167.68097239909127,32138600
2024-10-29,168.6051025390625,169.30068030332265,166.03151333010814,166.6674584466476,42169000
2024-10-30,173.3548126220703,180.86691803166593,172.95733750175077,179.5353953312524,68890800
2024-10-31,170.02603149414062,175.69986574053596,169.91672772946706,172.03323918990733,44769000
2024-11-01,170.20489501953125,171.22838406204764,167.8101735573136,168.9926374988831,31796500
2024-11-04,168.1678924560547,169.64844379948434,166.9456734265419,168.8535086611848,21492700
2024-11-05,168.66470336914062,169.44969205157926,167.7703957675669,168.35665448147515,18242100
2024-11-06,175.39183044433594,175.81911434381482,172.4009037964916,172.69900637438644,33695500
2024-11-07,179.60498046875,179.93289179611503,176.067534869967,176.28614242154367,25352900
2024-11-08,177.22018432617188,179.7540183112244,176.95189049215537,179.50560202546419,22006200
2024-11-11,179.20750427246094,179.40623425717754,177.3394090594478,177.44871282536081,17450400
2024-11-12,180.46946716308594,181.33396618962504,178.25359803223796,178.6808819487348,25134900
2024-11-13,177.74681091308594,179.81363605883408,177.40895326922643,179.31680352847516,23184000
2024-11-14,174.46774291992188,177.68722372380293,173.2157301883655,177.15063600875868,31007500
2024-11-15,171.39730834960938,173.03684979342893,170.135349355116,172.62944344024277,32504600
2024-11-18,174.18951416015625,174.32862668292316,171.80470856141605,172.32141871546224,20135300
2024-11-19,176.9916229248047,177.73687175049812,172.46051249052883,172.61950254558704,23434900
2024-11-20,174.8651885986328,176.55441631876369,172.67912830422068,176.2165738071629,18997100
2024-11-21,166.56808471679688,173.0269078339117,162.6629730093742,172.79835394534456,59734400
2024-11-22,163.7162628173828,165.40550568311707,162.8617101914929,164.79936934193785,38604600
2024-11-25,166.5879669189453,167.5617697445597,164.56089655546532,165.03785161237923,33135300
2024-11-26,168.04864501953125,168.74422275300518,166.5184073625678,166.5680936524055,20486700
2024-11-27,168.15794372558594,168.40636000516253,166.95561742322607,167.9294049937709,19266500
2024-11-29,167.87969970703125,168.35665466444746,166.101046017883,167.43255348682078,14257200
2024-12-02,170.40362548828125,170.98988423095403,167.50212535142776,167.70085532970873,23789100
2024-12-03,170.2545928955078,171.58610063371935,169.76770664793386,170.40365177380562,22248700
2024-12-04,173.26535034179688,173.8019378989656,169.97632182381818,170.06574802930507,31615100
2024-12-05,171.54635620117188,174.94468929994056,171.23832242107443,174.24912670582898,21356200
2024-12-06,173.60325622558594,173.97090750291954,170.77130430056872,170.94022556750923,21462400
2024-12-09,174.458740234375,175.3441150228254,172.74767645767284,173.05607839120185,25389600
2024-12-10,184.20785522460938,185.39167441568316,180.109267593904,181.89991783336416,54813000
2024-12-11,194.3846893310547,194.59360484337623,183.88951960925283,184.34712093414166,67894100
2024-12-12,190.96255493164062,194.16580938373951,190.71385396756912,193.9867519757691,34817500
2024-12-13,188.8336944580078,191.72856243728444,188.65462185235455,190.01749841639386,25143500
2024-12-16,195.6381378173828,197.96597529078676,191.6191215772895,191.8678225512729,44934900
2024-12-17,194.40457153320312,200.37339478634232,193.96685539925252,196.22506444695088,43504000
2024-12-18,187.42105102539062,195.97637074387896,186.76449197962535,194.20562099415744,34166100
2024-12-19,187.53048706054688,192.02700516266594,187.40117286917095,190.63428570513082,32265200
2024-12-20,190.41543579101562,191.88774144921763,184.2575966505468,184.81468445746083,63462900
2024-12-23,193.6186981201172,194.08625719212253,189.16196548395996,191.6191324608379,25675000
2024-12-24,195.0909881591797,195.0909881591797,192.7730933133359,193.82758299009262,10403300
2024-12-26,194.5836639404297,195.7276824419866,193.37000187433253,194.1359900072514,12046600
2024-12-27,191.75840759277344,194.30511850410315,189.6593706110804,193.93703071352402,18891400
2024-12-30,190.2462921142578,191.54948271791056,188.13729764820343,188.81377215376864,14264700
2024-12-31,188.31640625,190.9625886175899,187.5305025643788,190.08715621219056,17466900
2025-01-02,188.44570922851562,191.00236272405684,186.52574484771176,189.65937128935172,20370800
2025-01-03,190.79344177246094,192.20607673113864,188.9928490622425,190.37562593745199,18596200
2025-01-06,195.8470458984375,197.19003728298551,192.8427489428689,192.9720631324044,29563600
2025-01-07,194.47422790527344,199.95559215597262,193.5888530048973,196.085805432373,26487200
2025-01-08,192.94223022460938,195.2700679108895,191.3803958585084,191.56941104474132,24864800
2025-01-10,191.04214477539062,195.49887742154428,189.32113818407666,193.29041142782185,26665200
2025-01-13,190.01748657226562,190.1866014129224,186.38645842630518,189.08238366148746,21823700
2025-01-14,188.6745147705078,190.98245196740993,187.33152340912505,190.24630678281764,17174900
2025-01-15,194.53390502929688,195.33969375687735,190.8630762218721,192.08668076451275,21776000
2025-01-16,191.90762329101562,194.46426141133438,191.8081368295779,193.1312278332848,17815400
2025-01-17,194.9815673828125,196.2051719482703,192.74325857357104,195.50881224351804,27735100
2025-01-21,197.0209197998047,201.23887871445535,196.84184720049228,198.03562405056638,29971300
2025-01-22,197.3392333984375,199.43827011349632,196.50360181373688,198.02565047854944,26200600
2025-01-23,196.95127868652344,199.25923110054313,194.18572496319172,197.11045095911172,26951400
2025-01-24,199.16970825195312,199.85611023612495,196.97118481318788,197.07067128135972,23877500
2025-01-27,190.81332397460938,195.85698677854776,189.73893399543607,191.41021235620636,41728900
2025-01-28,194.28521728515625,194.46427471258818,189.68921264751984,191.7484641400102,24157900
2025-01-29,194.3946533203125,195.76747251851242,192.4249304706921,194.54386784853932,18218300
2025-01-30,199.82626342773438,200.3535083038363,196.6428938419765,196.97118096512546,24354700
2025-01-31,202.95993041992188,204.4123358602267,200.7514641722478,200.95042195015876,32001100
2025-02-03,200.1844024658203,202.69131276848185,199.0602842802592,199.64721499071638,27838300
2025-02-04,205.30764770507812,205.97416454187623,201.75619025433605,202.33317837712485,43856400
2025-02-05,190.33584594726562,191.74846576717462,187.05298980095407,190.0772023789456,70373900
2025-02-06,190.60443115234375,191.10183309670842,187.73939109536238,188.51533691421105,29297400
2025-02-07,184.376953125,190.18660431911357,182.28787402069702,190.05729013281342,49315000
2025-02-10,185.5010986328125,187.22210526115876,184.8942676002274,186.37653098919859,23105600
2025-02-11,184.35708618164062,185.9686638183211,183.32248151205218,184.0685845185901,21239500
2025-02-12,182.6559600830078,184.14816605879201,180.88521020610418,182.26798713648407,22072600
2025-02-13,185.1728057861328,185.3120777313061,182.18839394998832,183.36227049888035,21402500
2025-02-14,184.2675323486328,185.43145115453234,183.36227228593566,184.0984174978102,20448400
2025-02-18,182.8151092529297,184.99373213088467,180.79565863535095,184.6356021347893,29916700
2025-02-19,184.3073272705078,184.4963424448096,182.63604878465782,183.11356559747395,19549400
2025-02-20,183.60101318359375,184.34711614040583,181.77057757262898,183.83977159439488,20441500
2025-02-21,178.72647094726562,184.37694976979722,178.14948286814752,184.18793460152546,35199200
2025-02-24,178.318603515625,182.16848984705686,177.96047349552646,181.04437173412518,29854200
2025-02-25,174.5084991455078,177.81125539535978,173.7822965453186,177.11488051844918,41913400
2025-02-26,171.8324737548828,175.16507289862997,170.68845533929954,174.16032642215686,35431300
2025-02-27,167.62445068359375,173.65295965631302,167.06736294980485,173.0859293485287,39991000
2025-02-28,169.3951873779297,169.72347444867967,165.9034315554997,167.80349524935414,48130600
2025-03-03,166.14219665527344,172.46915017235435,165.06780660374991,171.0366301036563,40770500
2025-03-04,170.03189086914062,172.38957139478455,164.93849945595062,165.37621562667857,45388000
2025-03-05,172.12098693847656,172.87703249017144,168.18155654289944,169.6339770163835,30954900
2025-03-06,171.45445251464844,173.9016615264532,169.6140592892689,169.6439021909127,28302000
2025-03-07,172.95663452148438,174.06086763553722,169.38529158828385,170.37013789304362,27385800
2025-03-10,165.19815063476562,167.77767157580016,163.0269878624875,167.57846950382446,43604000
2025-03-11,163.3755645751953,166.0745946593306,160.71638098509786,164.24205105519363,39587400
2025-03-12,166.43313598632812,166.96098805134596,162.86763464348198,165.9052839213103,28372400
2025-03-13,162.10076904296875,165.45712989370372,161.4534078114044,165.36748287025196,31756200
2025-03-14,164.81971740722656,165.81566708355933,161.79202188086273,162.60870791000892,31995900
2025-03-17,163.6245574951172,165.6264259709924,163.00707358955603,164.36156568984055,31184300
2025-03-18,160.0192108154297,163.58471199332098,156.08521317066442,163.01701346080097,42074800
2025-03-19,163.2261962890625,165.19817244671944,160.34790225399752,161.10481855769754,34275600
2025-03-20,162.14059448242188,164.22212545502225,160.3080509045436,160.91558075554488,28138500
2025-03-21,163.32579040527344,163.57477782056455,160.2383403768693,160.55705156299513,36625800
2025-03-24,167.00083923339844,167.63826163368083,164.47113366947016,166.3933245024789,30879100
2025-03-25,169.86915588378906,169.93887964810042,167.6382385775755,168.29555374273664,24174400
2025-03-26,164.39144897460938,168.92302298152063,164.17233883294872,168.31549307909538,28901600
2025-03-27,161.5828857421875,164.7499985121227,161.34385234187698,163.96320493120362,24508300
2025-03-28,153.70492553710938,161.16459457709033,153.00776375696793,159.83997959632808,48669300
2025-03-31,154.01365661621094,154.91000524190235,150.04978117819655,152.489854834344,54603500
2025-04-01,156.43382263183594,157.45964958057314,152.99778409802235,152.99778409802235,30672900
2025-04-02,156.40391540527344,157.7683766642482,154.07339703462338,154.52157130636616,25041700
2025-04-03,150.1095428466797,152.16119683607278,149.78087761580798,150.49796262916686,46883400
2025-04-04,145.01028442382812,150.4581305746649,144.7911742710094,147.41051168463707,62259500
2025-04-07,146.15562438964844,152.23092388429916,139.96081578919706,140.97668877946376,76794100
2025-04-08,144.11390686035156,151.62337549950988,142.45067281990836,150.60750263275938,52200200
2025-04-09,158.06716918945312,158.90376321404577,143.32711193141117,143.8350407612742,70406200
2025-04-10,152.20101928710938,157.081166059798,149.32271046519142,155.9059376747643,48022000
2025-04-11,156.50352478027344,157.03137687020202,152.2010302665367,152.28069286385934,33636200
2025-04-14,158.42572021484375,161.06498074344722,156.92182649738766,159.35194610703772,30333000
2025-04-15,155.67689514160156,159.00336349160088,154.58135959003184,158.48548058954378,27551500
2025-04-16,152.70896911621094,155.2585979132132,150.8963333701315,152.47990494067977,28187400
2025-04-17,150.54776000976562,154.0534920051937,147.89853016558348,153.66507223082013,33046600
2025-04-21,147.07186889648438,148.34668311054725,145.50823599827558,148.27697454416065,26049100
2025-04-22,150.8564910888672,151.5735760354548,147.93835078181212,148.2869392297591,26971800
2025-04-23,154.7207794189453,156.89194229421238,153.1870084950911,154.97972084901838,31128800
2025-04-24,158.63487243652344,158.94361442258594,155.1590023934932,155.51754490565963,45894000
2025-04-25,161.3040008544922,165.4272315126956,160.3877138664607,164.40140465983956,56034000
2025-04-28,159.95948791503906,162.4891935610974,157.95763441398879,161.7721085344851,29745800
2025-04-29,159.51129150390625,160.088944095257,156.88198516909392,159.6706470871033,26809000
2025-04-30,158.15679931640625,158.62489684356424,154.7705615625615,157.34011335090173,34981100
2025-05-01,160.6466827392578,161.29404393761732,158.26636366652554,159.80011945187778,30203200
2025-05-02,163.36561584472656,164.3018109241553,161.21436100650547,162.7481319399907,25715000
2025-05-05,163.54490661621094,164.72011996544808,162.06093609508568,162.33980079480253,21341800
2025-05-06,162.56884765625,164.13249581033162,160.53711717512775,161.51314352018753,21277200
2025-05-07,150.76686096191406,164.33169015930102,147.24119073545722,163.41541831659652,127490100
2025-05-08,153.65512084960938,155.29843180094085,152.2807053795591,154.37220586033243,57498700
2025-05-09,152.13131713867188,154.4220044950508,151.58354176260508,153.5455638933439,32435300
2025-05-12,157.8181915283203,158.45559870977985,155.61713606908535,156.85211913184455,44138800
2025-05-13,158.8838348388672,159.919630909492,155.52748962665564,158.1468266808066,42382100
2025-05-14,164.7001953125,166.32359816964652,158.9635305710967,159.3121190412647,48755900
2025-05-15,163.2958984375,165.53678497348048,161.71232706903228,165.16827329805872,33146700
2025-05-16,165.5168914794922,168.6640963385845,164.9491928271109,167.05064740870256,42846900
2025-05-19,165.86544799804688,165.96504904182535,163.55485271284547,163.84367142462605,30426100
2025-05-20,163.31581115722656,167.8175076045031,162.24018376555952,165.75588463789506,46607700
2025-05-21,167.87725830078125,172.4387091879809,162.89751041479707,163.02698872286769,73416000
2025-05-22,170.17791748046875,176.05402972868134,170.01857708088951,171.15395911169207,74864400
2025-05-23,167.7876434326172,169.27161392343552,167.20999079586213,168.37525009523515,35211400
2025-05-27,172.19969177246094,172.46860243837372,169.3114438097941,169.47079940418584,37995700
2025-05-28,171.66188049316406,174.56009759174123,171.21370619473115,172.45864324425892,34784000
2025-05-29,171.16392517089844,173.71355410724578,169.93891122977584,173.29525703459385,29317300
2025-05-30,171.04440307617188,171.51250064033223,166.76181642373982,170.65598330984582,52639900
2025-06-02,168.34536743164062,169.18196148692468,166.7120106202351,167.16018492149544,38612300
2025-06-03,165.50689697265625,167.79758408844376,164.61054841286258,166.8116037120677,45084900
2025-06-04,167.36932373046875,167.53863332913048,165.68616657138267,166.06463226073475,26900800
2025-06-05,167.52870178222656,170.23767092126516,166.9112026488037,169.65006425936653,36379100
2025-06-06,172.9765167236328,173.79320267833577,170.13806952300837,170.13806952300837,35731800
2025-06-09,175.58908081054688,175.96800471005412,173.87397240224888,174.04348698482235,28935900
2025-06-10,178.09194946289062,180.5948038838724,174.41244383100403,175.6987675223273,61766100
2025-06-11,176.8455047607422,179.8569029175766,176.24720547354727,179.2586188457646,31646800
2025-06-12,175.2001953125,176.2172980493167,174.25290075490625,175.6788256293735,20941900
2025-06-13,174.17312622070312,176.6261351195968,171.8996131999643,171.9494740114175,27663100
2025-06-16,176.26715087890625,176.43666545813562,174.15317124562452,174.23294549738824,27389200
2025-06-17,175.449462890625,176.85545544238207,174.0833650694126,175.20017407855667,24973000
2025-06-18,172.82696533203125,176.057738792968,172.70729634857923,175.50930033034524,28707500
2025-06-20,166.1659698486328,173.8440631360939,164.98933381824614,173.45517315134433,75659900
2025-06-23,164.7200927734375,166.86397066469698,161.53916480969883,165.79702236468145,57671000
2025-06-24,166.29559326171875,167.7414654003419,165.65741447979076,166.44516047022438,40524300
2025-06-25,170.19447326660156,171.86970222006798,167.07338726794845,167.15316152434053,35479000
2025-06-26,173.0463409423828,173.19592338119924,169.4565906415466,171.9394978428303,31796700
2025-06-27,178.0221405029297,178.17170771682706,171.241481190895,173.046329910377,108140200
2025-06-30,175.72869873046875,180.71447592478233,174.08339834249907,180.265759020371,63378900
2025-07-01,175.33981323242188,175.58910209855603,173.03638654380393,175.24010681519917,35904500
2025-07-02,178.13182067871094,178.35119606008848,174.5719841997796,175.04063318866915,29128900
2025-07-03,179.01930236816406,179.15890351135596,176.54636131074304,177.9922335542414,21689700
2025-07-07,176.28709411621094,178.78996387462078,175.18025102838192,178.5506411042797,34175600
2025-07-08,173.864013671875,177.44379785510552,172.3184197808512,177.3440914457585,40442500
2025-07-09,176.11756896972656,178.92955429499338,172.27853009035698,174.75147104078385,43025600
2025-07-10,177.11471557617188,177.92240891673904,173.8839422139032,175.1303863111691,29252400
2025-07-11,179.67742919921875,180.91389212460822,175.97797606848104,176.2870917998284,34282900
2025-07-14,181.04351806640625,183.14751640721383,179.16886118965368,180.49507959550706,32536600
2025-07-15,181.48226928710938,183.69595532751242,181.08341324296114,182.28996266650833,33448300
2025-07-16,182.44952392578125,183.80565587223137,181.5121954195811,182.71876014286474,33104200
2025-07-17,183.0577850341797,183.53641535247564,179.96659729454643,181.62187886390834,31992600
2025-07-18,184.53355407714844,185.88968586946515,183.1874035754976,184.8725832213821,34014500
2025-07-21,189.55923461914062,189.74868135121883,185.62045888710102,185.720180506412,45803100
2025-07-22,190.7957000732422,191.10481579575136,186.9267476808465,190.9552485801447,44660200
2025-07-23,189.6888427734375,191.9823029377756,188.64182669674165,190.95523422678895,58681900
2025-07-24,191.62335205078125,197.3869090653604,190.45668205461735,196.46952792005337,74881700
2025-07-25,192.63046264648438,193.77720042486192,190.71592620592727,191.43387927305906,39785900
2025-07-28,192.0321807861328,193.49800038051387,190.29712498462092,193.0991291078416,38139500
2025-07-29,195.19314575195312,195.36266032343974,191.53358770597436,191.88258292419434,41389200
2025-07-30,195.970947265625,197.0379108346005,194.13618500265545,195.04360005779435,32445400
2025-07-31,191.35409545898438,195.43247218848848,190.54640210266098,195.1532699224849,51329200
2025-08-01,188.59197998046875,190.28714088647305,187.28570901887355,188.4922583678995,34832200
2025-08-04,194.48516845703125,194.71452513752175,189.579166069655,189.7486806495505,31547400
2025-08-05,194.11622619628906,197.2971541323202,193.33844625639603,194.1561209300893,31602300
2025-08-06,195.5321807861328,196.07065317332066,193.11906676548202,193.94670749735778,21562900
2025-08-07,195.96096801757812,196.9780554903085,193.77719542929833,196.49942519635405,26321800
2025-08-08,200.84703063964844,202.03364795164893,196.60912036272285,196.65898117376335,39161800
2025-08-11,200.42822265625,200.90685295750995,198.50372015999918,200.36839577051538,25832400
2025-08-12,202.76156616210938,203.9182700251912,200.01938893683175,200.7971688962253,30397900
2025-08-13,201.385498046875,203.94817934449617,196.94814463612107,203.5493232968563,28342900
2025-08-14,202.36270141601562,203.85843438375156,200.65755913802832,200.92679533252792,25230400
2025-08-15,203.31997680664062,205.85276000380134,200.7074345682602,203.2701312097242,34931400
2025-08-18,202.9210968017578,204.68606588436995,201.9139754597878,203.6191024454688,18526600
2025-08-19,200.99661254882812,202.86128819689205,199.39119181596234,202.45245084896237,24240200
2025-08-20,198.7530059814453,200.70742189093835,196.04074228977996,200.15898342104597,28955500
2025-08-21,199.18177795410156,201.9040077554449,198.86268094385764,199.18177795410156,19774600
2025-08-22,205.5037384033203,207.9467659198768,200.7273710651735,202.15329588435108,42827000
2025-08-25,207.89691162109375,209.92113563994843,204.69603644956018,205.84275894542606,29928900
2025-08-26,206.55076599121094,207.25875300984708,205.11485980130033,206.91970861500775,28464100
2025-08-27,206.88978576660156,208.31572581537765,205.0649896678173,205.11485047791405,23022900
2025-08-28,211.03794860839844,211.61630051242363,206.31142697470574,206.66043741838072,32339300
2025-08-29,212.3043670654297,214.03940778242327,209.60206914501953,209.91118489504095,39728400
2025-09-02,210.74879455566406,211.0778424398192,205.61343524607918,207.84706876322787,47523000
2025-09-03,230.0038604736328,230.65200537566233,224.15054812619755,225.5665221360729,103336100
2025-09-04,231.6392059326172,231.70899889966293,225.46681147970435,228.99673495380736,51684200
2025-09-05,234.33151245117188,235.08934505645462,231.24032471140728,231.53947436612376,46588900
2025-09-08,233.5829620361328,237.66498669397225,233.21368944217105,235.01017746372742,32474700
2025-09-09,239.1620635986328,240.00041962038168,232.77455216251747,233.71271899928072,38061000
2025-09-10,238.70294189453125,241.1880848518513,237.38552753776509,238.4334648921733,35141100
2025-09-11,239.90060424804688,241.77693788592924,235.78865459463688,239.41157085914617,30599300
2025-09-12,240.32977294921875,241.60727216892423,237.53523769524105,239.90060472674395,26771600
2025-09-15,251.11865234375,251.91709313601174,244.18222746714693,244.18222746714693,58383800
2025-09-16,250.66952514648438,252.54584342751238,248.98282303107263,251.58772669443232,34109700
2025-09-17,249.04270935058594,251.10867430438276,245.7990560449756,250.7294115061419,34108000
2025-09-18,251.53782653808594,253.4940056881638,249.312185617516,251.18850393768201,31239500
2025-09-19,254.2225799560547,255.50007913340238,251.3182589953225,252.75544937708653,55571400
2025-09-22,252.036865234375,255.28051872493555,249.81122418035432,253.93314887572123,32290500
2025-09-23,251.16856384277344,253.8632882566711,249.9908602190898,252.54585863312587,26628000
2025-09-24,246.65736389160156,251.8571960720408,245.9587339554844,251.1685411246573,28201000
2025-09-25,245.3100128173828,246.0086580355356,240.26988667693965,243.92272782855147,31020400
2025-09-26,246.0585479736328,248.93292875938775,245.4896689933639,246.58752699597628,18503200
2025-09-29,243.57342529296875,250.6595513653868,242.2959260790964,247.36600774683615,32505800
2025-09-30,242.62527465820312,242.81489082935371,238.7827869377237,242.33583244883135,34724300
2025-10-01,244.4217529296875,245.81902814560354,238.1440427490887,240.2798631456683,31658200
2025-10-02,245.210205078125,246.32801300536266,241.82682587144092,244.6712510924991,25483300
2025-10-03,244.87088012695312,245.8190218960462,241.18808361984188,244.01255894852343,30249600
2025-10-06,249.9409637451172,250.82924041118625,244.1023965111835,244.30200291397747,28894700
2025-10-07,245.28005981445312,249.95092835197497,245.04053824724073,247.78516788414848,23181300
2025-10-08,244.14230346679688,245.52958847857047,243.3438778825467,244.4816510919942,21307100
2025-10-09,241.05833435058594,244.28202248032238,238.68297718710045,243.99259549865826,27892100
2025-10-10,236.10804748535156,243.6133519117745,235.37946202105573,240.95854254659665,33180300
2025-10-13,243.67320251464844,244.02252510434914,239.24188601676218,239.74090958548274,24995000
2025-10-14,244.97067260742188,246.63740953871613,240.0403171957297,240.75891236992726,22111600
2025-10-15,250.53977966308594,251.61767243328853,245.5096286311317,246.76716258187247,27007700
2025-10-16,250.9689483642578,256.4581925767255,249.61160360230107,251.27834055068328,27997200
2025-10-17,252.80535888671875,253.72356048353365,247.32607427452788,250.27031046967195,29671600
2025-10-20,256.0489807128906,256.8274562611235,253.73351927504157,254.19262765863593,22350200
2025-10-21,249.9709014892578,254.38226816359625,243.6732110393333,254.24254216862593,47312100
2025-10-22,251.19851684570312,255.8593804848901,248.8031942886971,253.873276187685,35029400
2025-10-23,252.58578491210938,254.54194887812838,251.35819113136333,252.48597410141812,19901400
2025-10-24,259.4124450683594,261.16898745224296,254.82142179583195,256.07894057309267,28655100
2025-10-27,268.7441711425781,269.61249783187736,263.76392512831256,264.30287916974333,35235200
2025-10-28,266.94769287109375,270.20133657580493,265.9795858431389,269.1633589320839,29738600
2025-10-29,274.0338134765625,274.80229881772505,267.14729422835535,267.22712459889897,43580300
2025-10-30,280.93035888671875,291.02060225143094,279.51311834988803,291.02060225143094,74876000
2025-10-31,280.6408996582031,285.44150434001006,276.48901957648127,282.6569440736325,39267900
2025-11-03,283.16595458984375,284.97241759660864,279.25359613963377,281.62895336390585,29786000
2025-11-04,276.9980163574219,280.7207127582489,275.72051721535576,276.20955057551157,30078400
2025-11-05,283.7547912597656,285.86068664735006,276.79840119805726,278.32541216487215,31010300
2025-11-06,284.1939392089844,287.78691520805194,280.59100344938025,284.77279318145315,37173600
2025-11-07,278.2854919433594,283.225837847663,274.65261591386644,282.6569436244069,34479600
2025-11-10,289.5334777832031,290.2320924976737,282.30759586857965,283.8645774088431,29557300
2025-11-11,290.7411193847656,291.34994399814246,286.75892091303916,287.18807388729897,19842100
2025-11-12,286.1501159667969,291.43978461940384,283.13602426355726,291.1104119733703,24829900
2025-11-13,278.0260314941406,282.2876823136169,276.69861158680555,281.7886586854728,29494000
2025-11-14,275.8702392578125,278.0160347166159,270.17139808707816,270.88000309409097,31647200
2025-11-17,284.4634094238281,293.3759943011471,283.01625922074476,285.2219350622342,52670200
2025-11-18,283.724853515625,288.236015842567,277.65674001133203,287.3577599014325,49158700
2025-11-19,292.23822021484375,303.21674024205015,286.0702953640207,286.59925920155763,68198900
2025-11-20,288.884765625,305.8216273232207,288.1062900504894,303.94529376978943,62025200
2025-11-21,299.0748596191406,303.3265508927851,293.2762072031069,295.8411960915725,74137700
2025-11-24,317.9578552246094,318.85612204740676,308.9954110970811,310.52242205466104,85165100
2025-11-25,322.8083801269531,328.187838552192,317.0296784660599,325.5729598317621,88632100
2025-11-26,319.3252258300781,323.86632857763385,316.1713929045335,320.053780820363,51373400
2025-11-28,319.5547790527344,326.2117679837596,316.1714145243143,322.73855239479167,26018600
2025-12-01,314.2751159667969,319.2254218425781,313.27706870792247,317.0796263275952,41183000
2025-12-02,315.1932678222656,317.75825630619534,313.29698432996054,316.1214443613123,35854700
2025-12-03,319.00579833984375,320.95197190330543,313.48659911430565,315.2731119453438,41838300
2025-12-04,316.999755859375,321.73048997615604,314.0854750084747,321.6007694211511,31240900
2025-12-05,320.642578125,322.528901747787,318.5467035992101,318.8660555204289,28851700
2025-12-08,313.31219482421875,320.0234606774875,310.81544458829893,319.63395301128804,33909400
2025-12-09,316.66778564453125,317.57660631064704,311.4945269093235,311.96391713296777,30194000
2025-12-10,319.7937316894531,320.8923078304596,314.27092168020465,315.4194206321133,33428900
2025-12-11,312.0238342285156,320.7025396818571,308.19882663213485,319.6638831462354,42353700
2025-12-12,308.887939453125,314.46067218572114,305.1627773855729,313.29221022339095,35940200
2025-12-15,307.8193054199219,311.01515750934647,304.4836511834585,310.9152814169449,29151900
2025-12-16,306.1714782714844,310.3660001485481,302.1966411442108,304.55358908476643,30585000
2025-12-17,296.3342590332031,307.6894729197007,295.7350329501308,307.60959033164653,43930400
2025-12-18,302.0668029785156,303.56485302569047,298.8410213827925,301.32777470817274,33518000
2025-12-19,306.7607116699219,306.85059101726483,300.5787559089981,301.33777770154796,59943200
2025-12-22,309.3772888183594,309.7268399185022,304.90310178792384,309.47716491524386,26429900
2025-12-23,313.94134521484375,314.5305745464577,308.91788552805923,309.2274800840275,25478700
2025-12-24,313.68170166015625,314.67040497756983,311.51453957359615,314.3608103937755,10097400
2025-12-26,313.1024475097656,314.6803801033015,311.87403553475036,314.0711877312235,10899000
2025-12-29,313.1523742675781,313.61176774066803,310.2161937852231,310.96521879647884,19621800
2025-12-30,313.4420166015625,316.5379928503015,312.0538089034933,312.09376543928346,17380900
2025-12-31,312.5931091308594,314.17104176667254,311.03513952358344,312.4433102220648,16377700
2026-01-02,314.7403259277344,322.0807776535599,309.92658419973367,316.4880510777925,32009400
2026-01-05,316.1285400390625,318.60529679570504,314.2210191795431,317.24707928114736,30195600
2026-01-06,313.9313659667969,320.5227923064431,311.3746963103618,315.9886856047422,31212100
2026-01-07,321.5614318847656,325.725993751253,313.7815504740342,313.95131240372154,35104400
2026-01-08,325.0169372558594,329.8905982345552,321.08205673508803,328.54234711069296,31896100
2026-01-09,328.14288330078125,330.3999246926398,325.37646465172014,326.6647962522232,26214200
2026-01-12,331.4285583496094,333.6057474535575,324.57749116547984,325.37643895257156,33923900
2026-01-13,335.53326416015625,340.04737751020235,333.18631289711504,334.5146010595183,33517600
2026-01-14,335.4034118652344,336.08252056576845,330.05039437456895,334.62442706687915,28525600
2026-01-15,332.3473815917969,337.2510022020921,330.3100250775331,337.21104566866205,28442400
2026-01-16,329.5710144042969,334.2149635116852,327.27401649506595,333.97528525413946,40341600
2026-01-20,321.5814208984375,327.30398324237245,320.01345448184367,320.4528849486331,35361000
2026-01-21,327.953125,332.0478012719212,318.9348648307384,320.50283121296127,35386600
2026-01-22,330.1103210449219,334.71431361791133,328.32263943252485,334.0152418739244,26253600
2026-01-23,327.5036926269531,333.2562145369407,327.0243361197249,332.05776231305794,27280000
2026-01-26,332.8267822265625,335.4034148973675,326.5749102768944,327.3838548641184,26042100
2026-01-27,334.1150817871094,337.4707297257924,333.04649592160257,334.93402312381306,21636200
2026-01-28,335.5732116699219,337.1012215187292,331.5084951745387,335.62313448097893,27434400
2026-01-29,337.8102722167969,341.84502871736817,326.115503846963,339.85759500876696,39785600
2026-01-30,337.56060791015625,339.5580079569619,331.8580393103398,339.5580079569619,31024000
2026-02-02,343.24322509765625,344.3817273143538,335.1937050748485,335.78293445124825,32006100
2026-02-03,339.26837158203125,348.5463032010534,337.0312933144156,346.8884575284791,36506700
2026-02-04,332.6070556640625,342.86369366519597,328.09291217000737,342.514142570529,70618400
2026-02-05,330.8193664550781,332.25749685616427,306.06158556074746,311.814107165092,88205800
2026-02-06,322.4402770996094,329.95052083207565,319.50412705068965,326.75466854448496,56380500
2026-02-09,323.8984069824219,327.2740180221729,316.84758707958963,320.5127991892576,39640100
2026-02-10,318.16583251953125,321.25184233940706,314.2009923012897,320.5527401483992,39170000
2026-02-11,310.5557556152344,320.64263210541753,309.25745775560665,318.55535268111106,45406400
2026-02-12,308.5982971191406,315.8288752987113,306.80064932708433,311.68427643298344,47761300
2026-02-13,305.32257080078125,308.2287915112591,303.31517401115394,307.32996759040856,38499700
2026-02-17,301.6273498535156,304.0442171582303,295.86486207725466,299.6499434457439,39247600
2026-02-18,302.9356689453125,304.983022308801,300.8583862777236,301.6972906518214,28482100
2026-02-19,302.456298828125,305.0728879320441,299.64995428739604,301.42763905495286,25834400
2026-02-20,314.5705261230469,316.08853909864735,303.504913437054,303.9243808328656,53210800
2026-02-23,311.0850524902344,319.1046122516075,309.4671633706354,318.6352220336332,31423000
2026-02-24,310.495849609375,311.8640638461802,305.53230897934316,310.11633870149166,25615600
2026-02-25,312.49322509765625,313.2322838254539,309.03773161827513,311.6543207518016,29963600
2026-02-26,306.9804382324219,312.73296049797625,301.95697800388234,312.23361045347764,36431200
2026-02-27,311.354736328125,311.9639287272481,303.4050620118916,303.7446468483449,44640600
2026-03-02,306.12152099609375,308.0889612664211,300.908305641281,302.83581985466094,34790200
2026-03-03,303.1853332519531,303.5448811012492,296.3242691134317,298.2018299939976,35497000
2026-03-04,302.7359619140625,305.07291645770977,300.3590508331652,302.49628364637806,29536200
2026-03-05,300.4888610839844,302.9056980180265,297.6026034525966,302.6460567428228,35752300
2026-03-06,298.1319274902344,300.1393243405422,294.7962729857715,295.7050936872067,25576900
2026-03-09,306.1770935058594,306.6168332730834,293.9044256827884,294.1842573074437,29312100
2026-03-10,306.8567199707031,309.3252467158022,305.3875962722132,305.98724420005084,23239700
2026-03-11,308.5157470703125,311.23412470378855,305.7374076911934,306.56689883882945,24125700
2026-03-12,303.3687744140625,308.7555713296518,300.8502897843219,306.636841807898,24928300
2026-03-13,302.09954833984375,307.50632242162294,300.26065041451466,306.8267356773544,23693100
2026-03-16,305.3775939941406,306.3070315122431,302.8391017033621,304.16832484157635,23519700
2026-03-17,310.7344055175781,311.2341070358109,305.3176276402165,305.67739809365116,21955200
2026-03-18,307.5063171386719,312.28346234614037,306.74676108497374,309.0853604878573,20009800
2026-03-19,306.9466552734375,307.8760927647981,302.16951004441273,303.8285227221892,25075800
2026-03-20,300.8203125,305.8173276578073,298.0919312440676,305.2776414809433,44364100
2026-03-23,301.87969970703125,305.7973733016039,300.75036931754545,301.92965766257777,29326900
2026-03-24,290.2666320800781,299.7409842283802,290.15668188195673,299.02141279307426,36864300
2026-03-25,290.7563171386719,295.82329783701033,289.0673235725591,293.2648285118823,29460700
2026-03-26,280.7523193359375,287.7781215852462,278.33375052565475,287.7381369232671,39080600
2026-03-27,274.1762390136719,279.203235317384,273.7864876697142,277.1144865271076,35890600
2026-03-30,273.33673095703125,276.9245842043685,271.9475460941929,276.2550012483934,35141200
2026-03-31,287.3883361816406,287.9080147834651,276.9245851168754,277.87403020607053,43875400
2026-04-01,297.2124938964844,300.34059988895723,290.23664948178913,290.6663854824321,37684500
2026-04-02,295.59344482421875,297.90206355243157,289.2772403921399,290.5164904801884,21666500
2026-04-06,299.8109130859375,300.4405418912755,295.0037868253031,295.69337737406744,16945500
2026-04-07,305.27764892578125,305.4475608650088,297.5422790326475,302.54929810267237,23205400
2026-04-08,317.1305847167969,321.88772251879675,314.8319393907938,320.25872115869026,33547100
2026-04-09,318.29986572265625,319.3492572184689,310.8743084256086,315.72141928886384,23739200
2026-04-10,317.0506286621094,321.6378852163977,316.1311948927162,319.8289680511782,19152600
2026-04-13,321.1181945800781,321.43801087893695,315.28168437302884,316.9507009019676,18866400
2026-04-14,332.7112731933594,333.09105123243734,323.5567375910905,324.59612530340485,27721400
2026-04-15,336.91876220703125,337.278563176308,330.70247381548376,332.69130668872015,24918800
2026-04-16,335.81939697265625,339.67710854893676,334.3202924195682,338.5477782390461,20541500
2026-04-17,341.4760437011719,342.1156763245155,336.0392884001999,337.4484504303517,25581900
2026-04-20,337.2185974121094,341.1962021124509,336.40905286572576,340.55660000710446,18784200
2026-04-21,332.0916442871094,339.13742351057505,331.1522029907326,337.48841459650436,23123800
2026-04-22,339.1174621582031,339.6171637007564,334.96994545488326,336.818816762841,20293000
2026-04-23,338.6877136230469,341.7558578013153,335.97930940305434,340.9763246437424,18650300
2026-04-24,344.19439697265625,345.06387272769797,335.1897964239415,338.5277988797623,26426100
2026-04-27,350.130859375,352.9691603649003,342.5254168368208,345.77347673538645,28576900
2026-04-28,349.5711975097656,352.20963620070955,345.91337868788094,348.34192077884484,27824100
2026-04-29,349.7311096191406,355.5776236260777,344.0045190996302,347.36252924438134,35376300
2026-04-30,384.5702819824219,385.6096696957082,365.60163158627074,373.8467067603946,72040000
2026-05-01,385.45977783203125,386.52914645154755,378.82372671588394,381.4022037517389,30105200
2026-05-04,383.0212097167969,387.14874909409923,379.56328378663693,385.39979379858875,26298600
2026-05-05,388.1981201171875,392.58551415458055,383.79074899852696,385.99945170269467,23878600
2026-05-06,397.8023986816406,399.61131576273664,392.52555179602564,394.0146525811788,31308500
2026-05-07,397.7524108886719,399.8611671879692,392.4455831227277,399.6812819584635,24433500
2026-05-08,400.56072998046875,401.76002583943523,396.1233780013978,396.7630105926761,21461800
2026-05-11,388.40802001953125,397.2027547509894,388.23810807955056,393.41500861238904,30753700
2026-05-12,387.1187744140625,388.28805889354703,382.541491402114,387.10877062384725,26017500
2026-05-13,402.3796691894531,403.4590416115898,384.77019153718186,385.3698394939953,28144600
2026-05-14,400.8305969238281,402.6894719958145,395.6037078837972,397.04285074569174,21136700
2026-05-15,396.54315185546875,399.30151410906007,392.9452946767326,396.0834349796574,20309700
2026-05-18,396.70306396484375,408.36608091552193,394.29449886421145,395.4538101055549,26837200
2026-05-19,387.4285888671875,396.91291402359946,385.8794958446922,396.72302500471704,39545700
2026-05-20,388.6778564453125,393.62488340369265,382.6714341601505,387.4685872554011,31744400
2026-05-21,387.4285888671875,392.2656959548347,382.7913440893277,385.46976743485186,24852800
2026-05-22,382.74139404296875,388.5079387636157,381.54209816202837,387.1187843592316,20442100
2026-05-26,388.6478576660156,389.0276356997364,382.3716078175452,384.2804712769477,27747400
2026-05-27,388.5978698730469,393.64487351491664,385.66962629134815,386.4391861502527,23087300
2026-05-28,389.8971252441406,391.6360768291116,384.9300907577927,387.76839182151133,24357500
2026-05-29,380.1129455566406,385.0100143138995,378.2340629764561,385.0100143138995,44415800
2026-06-01,376.14532470703125,378.3340198477676,373.2970198869562,376.2952290661171,28672100
2026-06-02,361.6340026855469,373.31702687507857,358.2260345973877,366.371163421305,50412300
2026-06-03,358.77569580078125,366.2312646097652,357.8662353535933,361.81388965190393,55441600
2026-06-04,371.96783447265625,373.0271992966173,357.99616844622375,358.68575901079333,44055500
2026-06-05,368.30999755859375,371.8578661166277,363.90262653478294,366.1213024821565,37471200
2026-06-08,363.30999755859375,366.20001220703125,360.5299987792969,365.17999267578125,27942500
2026-06-09,364.260009765625,372.0799865722656,357.29998779296875,367.0899963378906,29535100
2026-06-10,356.3800048828125,368.55999755859375,355.20001220703125,363.19000244140625,32357100
2026-06-11,357.7699890136719,358.79998779296875,346.3599853515625,355.92999267578125,35538200
2026-06-12,359.67999267578125,366.57000732421875,354.94000244140625,362.6199951171875,24704600
2026-06-15,369.3500061035156,372.989990234375,366.54998779296875,367.92999267578125,27727500
2026-06-16,373.25,376.0,367.05999755859375,369.6000061035156,24876100
2026-06-17,363.7900085449219,372.3299865722656,362.0199890136719,369.1300048828125,24543600
2026-06-18,368.0299987792969,369.4800109863281,358.6700134277344,365.75,44470100
2026-06-22,349.67999267578125,358.9200134277344,341.7200012207031,357.95001220703125,52814800
2026-06-23,346.1300048828125,349.2900085449219,340.20001220703125,340.69000244140625,34007700
2026-06-24,345.2900085449219,353.4800109863281,341.92999267578125,349.0400085449219,44997300
2026-06-25,343.7099914550781,345.57000732421875,335.8399963378906,336.7300109863281,44491400
2026-06-26,337.3900146484375,346.3599853515625,330.20001220703125,342.54998779296875,114706300
2026-06-29,353.6499938964844,354.3500061035156,340.6700134277344,341.8299865722656,34213900
2026-06-30,357.3699951171875,358.6199951171875,350.3999938964844,353.8699951171875,35237200
2026-07-01,361.2099914550781,362.9700012207031,356.42999267578125,358.3699951171875,26736400
2026-07-02,359.9100036621094,364.2099914550781,353.4200134277344,359.4800109863281,25974800
2026-07-06,366.4599914550781,367.92999267578125,357.3800048828125,361.54998779296875,26915800
2026-07-07,367.0299987792969,373.1600036621094,365.5,369.07000732421875,24045600
2026-07-08,361.9200134277344,367.8399963378906,358.0199890136719,364.760009765625,22094800
2026-07-09,358.8900146484375,359.6499938964844,351.0799865722656,354.30999755859375,24729100
2026-07-10,357.17999267578125,357.82000732421875,352.75,357.5299987792969,18146100
2026-07-13,352.510009765625,358.1300048828125,351.75,356.19000244140625,15901700
2026-07-14,359.510009765625,360.1600036621094,351.0899963378906,351.20001220703125,18259400
2026-07-15,370.9200134277344,373.6499938964844,357.760009765625,357.9700012207031,28284600
2026-07-16,354.4599914550781,375.2699890136719,352.29998779296875,373.05999755859375,41158500
2026-07-17,346.7699890136719,348.5199890136719,341.3599853515625,346.0,29959300
2026-07-20,351.989990234375,359.67999267578125,350.5199890136719,350.8800048828125,24736600
2026-07-21,347.1499938964844,351.32000732421875,347.0,351.32000732421875,23369800
2026-07-22,342.0899963378906,349.94000244140625,341.7300109863281,348.1600036621094,39334100
2026-07-23,317.69000244140625,324.489990234375,314.8999938964844,321.1300048828125,69419700
2026-07-24,319.739990234375,324.17999267578125,317.32000732421875,318.4200134277344,31806600
2026-07-27,326.55999755859375,330.4200134277344,324.45001220703125,325.0400085449219,28471600
2026-07-28,333.7099914550781,335.8800048828125,324.44000244140625,327.8999938964844,29511900
2026-07-29,336.7099914550781,342.5,331.6199951171875,334.6700134277344,27501600
2026-07-30,333.6600036621094,336.510009765625,330.3399963378906,334.20001220703125,30168000
2026-07-31,356.1300048828125,358.5799865722656,340.0,340.8299865722656,46498000
2026-08-03,373.510009765625,376.69000244140625,363.3500061035156,365.45001220703125,38669700
2026-08-04,377.6499938964844,380.5199890136719,367.5,368.2200012207031,35705700
2026-08-05,362.42999267578125,384.4800109863281,356.7699890136719,383.3399963378906,46926300
2026-08-06,357.75,364.1300048828125,356.8800048828125,360.7699890136719,25235900
2026-08-07,354.29998779296875,358.8999938964844,353.7799987792969,356.7200012207031,19859900
2026-08-10,357.5199890136719,357.6099853515625,352.7099914550781,355.17999267578125,18991400
2026-08-11,343.79998779296875,356.80999755859375,343.3900146484375,355.8900146484375,29081800
2026-08-12,343.5400085449219,346.4800109863281,340.8800048828125,346.30999755859375,25012000
2026-08-13,346.3599853515625,347.92999267578125,343.760009765625,345.7699890136719,17866100
2026-08-14,345.8999938964844,350.45001220703125,344.5,346.79998779296875,17808600
2026-08-17,344.0,347.25,341.92999267578125,346.2699890136719,18291300
2026-08-18,344.20001220703125,344.8699951171875,340.19000244140625,342.4100036621094,19248800
2026-08-19,344.7200012207031,346.7300109863281,340.6600036621094,342.4599914550781,19733800
2026-08-20,340.6700134277344,343.8999938964844,338.57000732421875,343.05999755859375,18570400
2026-08-21,344.82000732421875,346.20001220703125,340.3999938964844,342.5799865722656,20849800
2026-08-24,348.05999755859375,351.6000061035156,342.489990234375,343.6199951171875,26338200
2026-08-25,346.9599914550781,350.1600036621094,345.6000061035156,349.6400146484375,20649700
2026-08-26,342.0,346.8800048828125,340.17999267578125,346.6199951171875,20420300
2026-08-27,340.6499938964844,341.69000244140625,338.5199890136719,339.6700134277344,23391400
2026-08-28,346.5899963378906,349.1400146484375,340.2699890136719,340.7099914550781,25347200
2026-08-31,339.3500061035156,344.5899963378906,337.1600036621094,343.8299865722656,33493600
2026-09-01,335.0199890136719,337.20001220703125,333.04998779296875,336.0,23342700
2026-09-02,337.1199951171875,340.0,332.82000732421875,334.05999755859375,22582300
2026-09-03,342.4800109863281,344.67999267578125,340.05999755859375,340.55999755859375,20726900
2026-09-04,338.4599914550781,343.5299987792969,337.0899963378906,342.57501220703125,20841990
