Price,Close,High,Low,Open,Volume
Ticker,MSFT,MSFT,MSFT,MSFT,MSFT
Date,,,,,
2000-01-03,35.37701416015625,36.00298813725285,33.992283847184986,35.62360996931552,53228400
2000-01-04,34.181976318359375,35.547737858271624,34.06816285670002,34.46650997250776,54119000
2000-01-05,34.54237747192383,35.32010260995177,33.195585159729106,33.72671452228477,64059600
2000-01-06,33.38528060913086,34.56135299422524,32.8920889637687,34.04919243942607,54976600
2000-01-07,33.821563720703125,34.068159530220306,32.5696157646928,32.96796284160518,62013600
2000-01-10,34.06816101074219,34.50444592346327,33.80259628125979,34.4285702864683,44963600
2000-01-11,33.19557571411133,34.67514994594029,32.986917809622625,33.840518327985485,46743600
2000-01-12,32.114376068115234,33.04385298916523,31.697059899480543,32.930039488628495,66532400
2000-01-13,32.72138214111328,32.96797806449558,30.80552150560462,31.678091696034308,83144000
2000-01-14,34.06816101074219,34.580321560458245,32.09539444887293,32.531679361594016,73416400
2000-01-18,34.99764633178711,35.35805569780552,33.9164182337319,33.93538714773287,81483600
2000-01-19,32.474769592285156,33.840530930278454,32.17126707273109,33.53702841072439,97568200
2000-01-20,32.171268463134766,33.29043405235938,32.13333064655088,32.49373990409779,56349800
2000-01-21,31.488386154174805,32.55064496419516,31.33663489560047,32.47476933490799,68416200
2000-01-24,30.729637145996094,32.076429885110734,30.59685476326648,31.502620302600626,63597600
2000-01-25,31.203847885131836,31.52631926145235,30.217464851680862,30.653749654938025,59823200
2000-01-26,30.16057014465332,31.41251833933704,30.084694496490666,31.09004683464578,49365000
2000-01-27,29.97087860107422,30.71066611084757,29.515624748906003,30.317061217827135,63654800
2000-01-28,29.819122314453125,30.426127348844027,29.51561979725767,29.78118449980369,58225400
2000-01-31,29.70530891418457,29.80015345094761,28.794801361259374,29.629433284774137,73194200
2000-02-01,31.241783142089844,31.33662765678957,29.648395295134442,29.89499103335373,70196600
2000-02-02,30.596847534179688,31.545292901017245,30.50200299749593,31.090039124935217,49915600
2000-02-03,31.45044708251953,31.621167241592318,30.388188314955542,30.976224418428465,49186000
2000-02-04,32.34199142456055,32.7782763528684,31.606946164911445,31.678079577135552,55365400
2000-02-07,32.360958099365234,32.43683373383033,31.64013957194678,32.41786482521406,40005800
2000-02-08,33.36631774902344,33.38528666189952,32.304058627963,32.304058627963,56229000
2000-02-09,31.56426239013672,33.2145573588518,31.52632457476396,33.2145573588518,55090000
2000-02-10,32.171268463134766,32.34198863776225,31.109009598785974,31.531067808281698,54527800
2000-02-11,30.331287384033203,31.82983128856017,30.08469155164269,31.82983128856017,115559000
2000-02-14,30.236440658569336,30.881383558438444,30.06572047919222,30.724890060676085,81028600
2000-02-15,29.91396713256836,30.35025200514228,29.781184780045862,30.274376375129425,71027600
2000-02-16,29.629426956176758,30.407151991518145,29.477675729768684,30.122618442003006,65202600
2000-02-17,30.236440658569336,30.255409567389016,29.48242653298707,29.895000299815102,80343400
2000-02-18,28.851699829101562,30.369211983163446,28.79479312332424,30.35024308123767,79063000
2000-02-22,28.472339630126953,29.477692062103454,28.168837009152913,28.870686820155377,66296200
2000-02-23,28.605098724365234,29.06035228496521,27.9411872818236,28.377471944065245,75847200
2000-02-24,28.756858825683594,29.09829910197799,27.922227039186183,28.605107591774974,69733200
2000-02-25,27.713579177856445,28.742642607287458,27.466983333015833,28.73790037950206,65301400
2000-02-28,27.78945541381836,27.960175617725778,26.74616527882859,27.39110827136772,76131800
2000-02-29,27.12554359436035,27.84636223532937,26.97379230152477,27.84636223532937,58437400
2000-03-01,27.561817169189453,28.557684616802973,26.99275005626744,27.201407997672177,106889800
2000-03-02,28.339553833007812,28.94655900212177,27.656673017754613,27.865331044637536,106932600
2000-03-03,29.174171447753906,30.008803140667542,28.491290971733658,28.75685560129709,101435200
2000-03-06,27.504907608032227,29.553549002285664,27.353156393643083,29.13623316271552,93609400
2000-03-07,28.18779945373535,29.591498753584894,27.90326581187396,29.174182745521517,135061000
2000-03-08,29.00345802307129,29.19314708797038,27.618727849307913,28.47232864135383,94290000
2000-03-09,30.35025405883789,30.35025405883789,28.832741355895994,28.927585899829865,88198800
2000-03-10,30.653757095336914,31.10901091358449,30.198503277089337,30.217472186182984,85589000
2000-03-13,29.74325180053711,30.426132581671894,29.591500515840494,29.629438337014648,61831800
2000-03-14,28.870677947998047,30.12262587478377,28.870677947998047,29.93293679496775,73489200
2000-03-15,28.94655418395996,29.325932351508584,28.434393657769316,28.699958375053352,53208000
2000-03-16,28.94655418395996,29.344901259886015,28.3016112991273,29.117274359356838,77300800
2000-03-17,30.16057014465332,30.198507968734642,28.680995005481645,28.908621949969596,81161600
2000-03-20,29.55356788635254,30.274386615287966,29.28800309148159,29.97088399257831,47773000
2000-03-21,31.184885025024414,31.298698474020853,29.28799420841709,29.36386984108138,81648800
2000-03-22,31.336637496948242,32.05745603501364,30.691694594468675,31.203855134673034,93975800
2000-03-23,33.9543571472168,34.257859780934936,32.36096832019657,32.417875064018716,148224000
2000-03-24,33.89744186401367,34.90279408493853,33.252498929835454,34.18197551144523,112196800
2000-03-27,31.583223342895508,32.85413983777478,31.545285537078215,32.70713084023278,111434000
2000-03-28,31.659109115600586,32.60755456543883,31.071072936700876,31.450451116636174,81114400
2000-03-29,32.53167724609375,33.06280667051977,31.905703281591652,31.924672189606866,64363800
2000-03-30,31.374576568603516,32.967964979584586,31.109011833440004,32.22817750305766,64178400
2000-03-31,32.24714660644531,32.854151719037226,31.60220367431641,32.17127096737133,64281400
2000-04-03,27.58078956604004,29.287991121021882,27.31522487970953,28.66201721752854,260118200
2000-04-04,26.878934860229492,27.92222449841765,25.778738514503797,27.789442180830065,181244400
2000-04-05,26.215030670166016,26.859973537594122,26.063279407241755,26.784097906131993,82887600
2000-04-06,26.101215362548828,26.708220370980193,25.878330711015433,26.670282557953236,66421400
2000-04-07,27.030685424804688,27.12552993506716,25.797706791392546,26.40471165707237,82613600
2000-04-10,26.12019157409668,26.89791695865584,26.101222662278165,26.89791695865584,60685400
2000-04-11,25.456279754638672,26.12019167074326,25.34246628330646,25.835657992412724,71961800
2000-04-12,24.09050750732422,24.96307707058163,23.900818471833478,24.925139263483484,153003800
2000-04-13,24.052570343017578,24.96307773770594,23.97669472679355,24.545761848473777,94316200
2000-04-14,22.49712371826172,24.1284497214409,22.23155902006976,24.014636279358633,151217800
2000-04-17,23.02825164794922,23.066189459560338,22.155681980893483,22.53506009700467,119772200
2000-04-18,24.450927734375,24.868243801214604,23.028259324694528,23.217948445985257,91794600
2000-04-19,23.881864547729492,24.735465742842937,23.711144308706803,24.71649682739597,53715400
2000-04-20,23.95772933959961,24.24226294220768,23.521444482267235,23.86288480539692,52387400
2000-04-24,20.220857620239258,20.638173631163518,19.72766597096513,20.410546716113924,313645800
2000-04-25,21.05548858642578,21.09342640369862,20.52435914460603,20.865799500061584,159517400
2000-04-26,20.6381778717041,21.58662354595521,20.44848873685388,21.24518310322481,107091200
2000-04-27,21.18827247619629,21.226210296207384,20.448484985979945,20.467453895985493,77669800
2000-04-28,21.169307708740234,21.54868598309042,20.714053779520015,21.47281032822038,78082600
2000-05-01,22.288471221923828,22.459191427027925,21.757341694933302,22.117751016819728,107811000
2000-05-02,21.207239151000977,22.307435815364173,21.0934257029634,22.09877782729529,97716200
2000-05-03,21.415891647338867,21.49176725990694,20.884762359362348,21.358984937912812,55354800
2000-05-04,21.377958297729492,21.624554089983693,21.036517969992907,21.340020483536538,43317200
2000-05-05,21.586620330810547,21.795278348067942,21.207242117615284,21.321055581573862,36402200
2000-05-08,21.18827247619629,21.66249522633497,21.150334656185194,21.52971285629614,36187600
2000-05-09,20.58126449584961,21.377958605366366,20.486419959002376,21.30208297588858,60778400
2000-05-10,20.08806800842285,20.600228382575278,19.95528568919815,20.562290577082504,67740000
2000-05-11,20.600231170654297,20.67610679190901,19.955288389989246,20.220853064380737,58390800
2000-05-12,20.88477325439453,21.16930694995849,20.714053037056157,20.77095977616895,37886000
2000-05-15,21.05548858642578,21.074457495062198,20.63817259642455,20.941675134607262,33899600
2000-05-16,21.09342384338379,21.434864157395396,20.96064149904594,21.112392749717767,48410600
2000-05-17,20.543331146240234,20.97961611056482,20.41054876579362,20.903740464595327,53242000
2000-05-18,20.08806800842285,20.657135090814435,19.993223494690923,20.657135090814435,53640400
2000-05-19,19.74663543701172,20.012200178719848,19.575915245913635,19.841479987621764,66578000
2000-05-22,19.481069564819336,19.803541018180514,18.949940112224457,19.76560320013802,69955000
2000-05-23,19.177560806274414,19.898379115511236,19.139623000525106,19.3862187378956,57963200
2000-05-24,19.89838409423828,20.20188661617137,19.120658881784735,19.158596697026372,85482400
2000-05-25,18.665407180786133,19.651790487087837,18.551593722366704,19.594883757878122,94348800
2000-05-26,18.646440505981445,19.006849834174375,18.323969001808827,18.836129626082986,55822000
2000-05-30,19.23447036743164,19.46209723568527,18.817154442299987,18.949936782114605,68536400
2000-05-31,18.987878799438477,19.334061404922743,18.836127520322083,19.315092495033195,54968200
2000-06-01,19.59488296508789,20.03116787137736,19.367256057458604,19.53797623818057,94507200
2000-06-02,20.12601089477539,20.258793247521318,19.727663836537612,20.031166357099732,80463200
2000-06-05,20.29671859741211,20.751972098662474,20.03115405501606,20.03589627898742,64400000
2000-06-06,21.131366729736328,21.20724237329014,20.5812683139712,20.695081779301916,99019000
2000-06-07,21.396930694580078,21.472806335341,20.37260954430763,21.01755249077547,76310600
2000-06-08,20.88477325439453,21.890125645387187,20.714053037056157,21.71940542804881,94765600
2000-06-09,20.88477325439453,21.150338036920893,20.733021950093754,21.131369123883296,35710200
2000-06-12,20.29671859741211,20.941661057516793,20.144967430328652,20.941661057516793,49260600
2000-06-13,20.600231170654297,20.638168981281655,20.069101821871314,20.258790875008096,44289200
2000-06-14,21.396930694580078,21.54868197610192,21.09342813153639,21.188272682487543,79992400
2000-06-15,21.965999603271484,22.060844161143986,21.434870079185472,21.491776813908974,65592600
2000-06-16,22.022897720336914,22.193617857703867,21.700426349754892,22.041866624488797,68710600
2000-06-19,22.364347457885742,22.40228528224178,21.852186829079198,22.02290703868138,46604800
2000-06-20,22.743722915649414,22.83856746492235,22.383313628412267,22.421251448121442,62275000
2000-06-21,24.488862991333008,24.944116834704033,23.350728382905448,23.369697293045906,160399600
2000-06-22,24.242267608642578,24.88721056536703,24.07154741421552,24.697521460448076,87315200
2000-06-23,23.57835578918457,24.299174389336635,23.369697773351078,24.261236568275997,49811600
2000-06-26,24.128456115722656,24.31814523612928,23.521450930421455,23.521450930421455,48287000
2000-06-27,23.91980743408203,24.31815474265913,23.787024997889663,24.052589870274396,31071200
2000-06-28,23.95772933959961,24.299169662729295,23.86288480539692,23.976698246440147,37459200
2000-06-29,23.426605224609375,23.957734735774608,23.388667402383284,23.74907671353112,38449000
2000-06-30,24.280197143554688,24.280197143554688,23.274845230579377,23.38865865468979,52356400
2000-07-03,24.280197143554688,24.29916604757309,24.090508103370667,24.185352623462677,15734800
2000-07-05,23.824947357177734,24.242263314070975,23.74907172865169,24.242263314070975,34824400
2000-07-06,24.564733505249023,24.792360379428935,23.824946164164302,23.938759601254258,47873200
2000-07-07,24.887205123901367,25.152769812723484,24.450920277979314,24.66432047435423,54153200
2000-07-10,24.10947608947754,24.67854318836371,24.090507186181334,24.488854155401654,52689800
2000-07-11,24.014631271362305,24.431947138637163,23.82494224078282,23.91978675607256,37164800
2000-07-12,24.375038146972656,24.583696061071254,23.426593082888115,23.749064404676858,58370200
2000-07-13,24.2612247467041,24.280193647991595,23.483499793916874,23.919784523529223,80843200
2000-07-14,23.95772933959961,24.204325128526605,23.805978084875303,24.128449501164454,51180600
2000-07-17,23.7301025390625,24.147418490988457,23.521444563099518,23.749071445968223,53992800
2000-07-18,23.824947357177734,24.12844987128191,23.502475935942048,23.55938265733658,70617200
2000-07-19,22.193613052368164,23.5214360555013,22.098768552144367,23.08515135447184,139924600
2000-07-20,22.705785751342773,22.838568124157643,22.193625170485415,22.28846972249604,54690600
2000-07-21,21.947023391723633,22.76268631812304,21.814241054867914,22.686810697062633,56100600
2000-07-24,21.415891647338867,21.890114225889327,21.2451715190607,21.87114532274731,56165600
2000-07-25,20.941675186157227,21.548680264016856,20.751986099326093,21.491773537967518,64188600
2000-07-26,20.58126449584961,21.093424994824666,20.410544329524587,20.96064264323854,85404600
2000-07-27,21.05548858642578,21.283115490062816,20.48642132733319,20.60023477915171,74337600
2000-07-28,21.150325775146484,21.79526844452315,21.131356873105993,21.52970381595629,75645600
2000-07-31,21.18827247619629,21.586619586312782,21.017552286146362,21.30208593622957,70283800
2000-08-01,20.846834182739258,21.264150244632127,20.69508288750549,21.226212420823686,47163600
2000-08-02,21.05548858642578,21.377960033244914,20.789923865515906,20.808892774152326,48269200
2000-08-03,21.3210506439209,21.358988456454565,20.676107830848558,20.69507673711539,54543400
2000-08-04,20.9796199798584,21.207246959748364,20.695086254995942,21.07446455481255,38107400
2000-08-07,21.24517822265625,21.586618586948937,21.169302586146763,21.302084950038363,52741800
2000-08-08,22.49712371826172,22.667843881385124,21.24517585535677,21.26414476237048,138038800
2000-08-09,22.53506088256836,22.724749947236443,22.19362056616581,22.383309630833892,63945600
2000-08-10,22.041872024536133,22.478156926915073,21.77630730134895,22.402281291718737,48986000
2000-08-11,21.984962463378906,22.060838088791776,21.73836668078708,21.984962463378906,35629600
2000-08-14,21.909082412719727,22.2694915606346,21.66248667993587,21.9470202177634,53427000
2000-08-15,21.738367080688477,22.15568302813625,21.700429267284136,21.852180520901506,40714200
2000-08-16,21.548677444458008,21.928055568480158,21.415895101050257,21.814242131273513,44976200
2000-08-17,21.71939468383789,21.85217700941594,21.41589222537378,21.586612358259845,36112800
2000-08-18,21.548677444458008,21.681459787865762,21.24517494524029,21.586615256860224,54438800
2000-08-21,21.434864044189453,21.49177076289084,21.26414388808529,21.453832950423248,34119600
2000-08-22,21.624561309814453,21.984970664978025,21.31157423822503,21.49177891580682,54428200
2000-08-23,21.472803115844727,21.586616559921644,21.358989671767812,21.49177202319088,36726800
2000-08-24,21.586620330810547,21.60558924147031,21.226211028275046,21.43486904553244,42405400
2000-08-25,21.434864044189453,21.757335450163986,21.41589513795566,21.453832950423248,52729400
2000-08-28,21.64352798461914,21.890123833698937,21.28311866673328,21.302087578200958,56421600
2000-08-29,21.529705047607422,22.079803238251134,21.510736144481776,21.605580660110004,59400200
2000-08-30,21.24517822265625,21.529711859566824,21.15033367701939,21.453836223057337,53498800
2000-08-31,21.18827247619629,21.852184326390443,21.150334656185194,21.510743946290592,72575400
2000-09-01,21.30208969116211,21.434872084606578,21.150338384368435,21.245182951114483,37629800
2000-09-05,21.283117294311523,21.453837486511883,21.1882727430891,21.245179473822557,50755200
2000-09-06,21.07445526123047,21.453833393745867,21.03651744797893,21.264144327488168,62960800
2000-09-07,21.264144897460938,21.871149925755986,21.074455826118736,21.245175990326718,111711200
2000-09-08,21.036518096923828,21.51074077719713,20.998580282501962,21.358989519509677,56709600
2000-09-11,20.88477325439453,21.150338036920893,20.657146297943367,20.97961781958252,48495200
2000-09-12,20.676116943359375,21.036526321271143,20.524365626343894,20.865806089628727,46781200
2000-09-13,20.714033126831055,20.865784285269378,20.39156191514962,20.50537528397836,40744800
2000-09-14,19.97426414489746,20.865803000367716,19.936326321260427,20.8468340885492,78503000
2000-09-15,19.481069564819336,19.917354472307988,19.215504838521895,19.86044774524425,99915200
2000-09-18,19.120656967163086,19.613848515919276,18.874061192784993,19.500035081590926,69037800
2000-09-19,19.727657318115234,19.955284133324255,19.23446588516235,19.310341490232027,79311200
2000-09-20,19.50004005432129,19.72766698102543,19.17756857482376,19.689729159908072,67791400
2000-09-21,19.481069564819336,19.76560320013802,19.29138047460688,19.4241628377556,48952200
2000-09-22,19.196533203125,19.272408828433793,18.513652575345848,18.551590388000246,84476600
2000-09-25,18.58953857421875,19.272419583067602,18.342942654356666,19.19654391541773,53484200
2000-09-26,19.02581214904785,19.99322632611808,18.342931553468866,18.49468279693086,155704800
2000-09-27,18.39983558654785,19.291374011875426,18.153239851882777,19.25343620654234,106155600
2000-09-28,18.60849380493164,18.779213931582387,18.3998358723585,18.456742581242086,52360400
2000-09-29,18.30499839782715,18.6085009619362,17.792837820893126,18.51365641065212,74053600
2000-10-02,17.944580078125,18.456740397479518,17.67901546808932,18.361895893895348,58562400
2000-10-03,17.16686248779297,18.153245746760078,17.147893578966677,18.07737011145492,85374000
2000-10-04,16.825422286987305,17.16686264906822,16.540888651919875,17.109955922054734,136453400
2000-10-05,16.80645179748535,17.375519014104494,16.768513983044077,16.84438961192663,81099400
2000-10-06,16.863353729248047,17.22376286406887,16.61675800542327,16.939229336578745,61794000
2000-10-09,16.446043014526367,16.92026570814016,16.085633767379885,16.88232789265106,58323600
2000-10-10,16.559856414794922,16.863358937861037,16.332229522495336,16.370167337878602,62066200
2000-10-11,16.920269012451172,17.28067832998096,16.389139491880957,16.389139491880957,101205800
2000-10-12,16.502944946289062,17.26170103577362,16.332224826155038,17.090980915639594,90219600
2000-10-13,16.313257217407227,16.654697484748308,15.820065720136775,16.351195024889567,104521200
2000-10-16,15.288939476013184,16.332229390629468,15.042343678012971,16.237384852937076,119759000
2000-10-17,15.307909965515137,15.914915069476084,15.251003237018798,15.744194883987069,81276600
2000-10-18,15.706254005432129,16.161507744720016,14.700901997838043,15.061311208107622,110536400
2000-10-19,18.779216766357422,18.874061295480438,17.603144605232007,17.73592694600423,256993200
2000-10-20,19.78457260131836,20.069106243715076,18.55159348426592,18.608500212745263,160378600
2000-10-23,18.855104446411133,20.107053031384105,18.418819333466008,19.613861164576573,185170400
2000-10-24,18.665407180786133,19.10169210472727,18.267060076318135,19.006847556044413,94427400
2000-10-25,18.58953857421875,19.253450666155135,18.342942654356666,18.7981966602559,167603800
2000-10-26,19.55694007873535,19.74662911926625,18.456743643656157,18.513650355815425,114826600
2000-10-27,20.543331146240234,20.998585022057192,19.613854483113947,19.63282339460632,124292400
2000-10-30,20.960643768310547,21.28311521089994,20.448483241845043,20.486421058620266,110057600
2000-10-31,20.903738021850586,21.093427114607852,20.638173291990416,20.94167584040204,104474000
2000-11-01,21.131366729736328,21.2641491059555,20.770957422855727,20.78992633374418,81309400
2000-11-02,21.340024948120117,21.50126069217258,21.131366926405164,21.358993859185112,77985200
2000-11-03,20.714033126831055,21.13134881253644,20.657126442416683,21.0175354437077,68711000
2000-11-06,21.09342384338379,21.28311290672357,20.714045716704224,20.84682806104207,74851400
2000-11-07,21.396930694580078,21.81424671876515,21.09342813153639,21.16930377229731,104331200
2000-11-08,21.07445526123047,21.965993872641658,20.63817040883776,21.58661574012626,206149400
2000-11-09,21.5107364654541,21.643518789314932,20.770949232515203,20.789918135923894,91058600
2000-11-10,20.448488235473633,21.340027147409867,20.277768018294353,21.22621366929035,93744400
2000-11-13,20.1639461517334,20.676106590206402,19.547456735052933,20.239821772247918,83364800
2000-11-14,20.88477325439453,21.18827586299609,20.4295193414922,20.63817738490577,84218600
2000-11-15,21.264144897460938,21.510740690205804,20.846828940508093,20.960642383313413,60422200
2000-11-16,20.922719955444336,21.700445719880616,20.922719955444336,21.07447132411483,92128600
2000-11-17,20.960643768310547,21.245177394124717,20.57652337346142,21.074457218636216,106525600
2000-11-20,20.39158058166504,20.789927737213848,19.898388865271283,20.676114264199903,80157200
2000-11-21,20.562294006347656,21.01754774818561,20.448480570888165,20.448480570888165,59487600
2000-11-22,20.714033126831055,21.093411022926862,20.0311529138586,20.05012180866339,76343200
2000-11-24,21.226207733154297,21.377958994874792,20.78992285570787,20.941674117428366,34439200
2000-11-27,21.45383071899414,21.92805332551479,21.434861814733313,21.681457570124053,85307600
2000-11-28,20.334674835205078,21.169307011276928,20.277768095927453,21.055493532721677,127446200
2000-11-29,19.74663543701172,20.372609471038025,19.196537043473448,20.27776492042798,98280400
2000-11-30,17.4134521484375,18.83611980762357,17.299638735702615,18.81715090550109,197200800
2000-12-01,17.18583106994629,18.39984121175265,17.01511089375477,17.62211596465795,109809800
2000-12-04,17.128931045532227,17.90665659687976,16.749552727801724,17.375526952057054,80407200
2000-12-05,18.17222023010254,18.361909376554546,17.679028449327312,17.96356216900533,101734400
2000-12-06,17.204788208007812,18.229108564383143,17.015099253123495,18.21013966889471,90560800
2000-12-07,16.123573303222656,16.389138039981617,15.858008566463695,16.218417852065144,145308400
2000-12-08,16.521921157836914,16.95820610230333,16.218418587773318,16.578827889723836,120939800
2000-12-11,17.622114181518555,17.830772153527924,16.692637760749548,16.844389013119997,95576200
2000-12-12,17.716955184936523,18.21014665689407,17.223763712978975,17.546235060028142,63106000
2000-12-13,17.375524520874023,18.361908008958576,17.242742128247258,18.361908008958576,98360400
2000-12-14,16.844383239746094,17.826023817062378,16.806445439656574,17.5841703414917,71201400
2000-12-15,14.928523063659668,15.782123492966765,14.492238399791596,15.492847791923804,116899800
2000-12-18,14.51120662689209,15.175118041194342,14.264610958722681,14.871615680370454,107187400
2000-12-19,13.600703239440918,14.568117277392783,13.505858725916227,14.397397153048336,120271800
2000-12-20,12.595354080200195,13.354110350091773,12.557416266705616,12.993701121893274,149037800
2000-12-21,13.183391571044922,13.695552106898466,12.2349461342791,12.367728495426316,163173000
2000-12-22,14.093899726867676,14.302557730899366,13.58173917151717,13.58173917151717,109551800
2000-12-26,14.226678848266602,14.738839286804199,13.923176366170248,14.226678848266602,66941600
2000-12-27,14.093899726867676,14.207713183612235,13.657614809346875,13.999055179580546,69003800
2000-12-28,13.52482795715332,14.03698834262757,13.316170022330478,13.695548085644736,77619200
2000-12-29,13.1644287109375,13.904216491523325,13.050615206231988,13.335148967995767,99977600
2001-01-02,13.1644287109375,13.657620564661384,13.012677371330152,13.392055720348523,82413200
2001-01-03,14.549153327941895,14.833686965385349,13.088547322398837,13.107516231561734,135962200
2001-01-04,14.700906753540039,15.326880847561744,14.226683955038748,14.511217634139522,112397000
2001-01-05,14.909561157226562,15.13718804512315,14.435338474108669,14.719872083979403,93414600
2001-01-08,14.852654457092285,15.099250252676192,14.169773792398388,14.852654457092285,79817600
2001-01-09,15.725223541259766,15.97181932658712,15.099249624659558,15.175125250914128,114965400
2001-01-10,16.04768943786621,16.332222938537598,15.4027468363444,15.478622436523436,90230200
2001-01-11,16.69264030456543,16.920267217809503,15.876977198774163,16.085635202581233,101854800
2001-01-12,16.237384796142578,16.692638575473676,15.93388227658851,16.65470076052942,73712000
2001-01-16,15.952857971191406,16.237391704327994,15.516572913715303,16.199453873243115,68462400
2001-01-17,16.0666561126709,16.65469193261517,15.952842728165555,16.275313984264027,72844200
2001-01-18,16.844383239746094,17.05304114023844,15.971813837687174,16.29428513844808,109788800
2001-01-19,18.513648986816406,18.646431305369394,17.8687062967019,18.21014654440958,209348800
2001-01-22,18.248088836669922,18.51365353907468,17.906648505006658,18.437777909816177,76673000
2001-01-23,18.38086700439453,18.494680422378398,17.88767552646444,18.134271265429486,70295200
2001-01-24,19.10169792175293,19.253449245858217,18.4377858787923,18.513661540844947,110455000
2001-01-25,18.7602481842041,19.424159899519715,18.6843725595966,19.04478177648222,85657400
2001-01-26,19.42416000366211,19.51900453492999,18.513652503490448,18.513652503490448,93080000
2001-01-29,19.575910568237305,19.61384837941606,19.272408078807267,19.291376984396646,84983800
2001-01-30,19.23447036743164,19.651786292563294,19.08271912192922,19.57591066981208,57276800
2001-01-31,18.532621383666992,19.34828435142306,18.513652477440107,19.120657476700437,81898800
2001-02-01,18.93096351623535,19.006839121510843,18.323958674031413,18.456740983263526,71792800
2001-02-02,18.45675277709961,19.234478228138748,18.43778386365963,18.968913439979044,71100000
2001-02-05,18.798192977905273,18.836130804298623,18.286032321595037,18.43778362716844,51399200
2001-02-06,18.987878799438477,19.367256997229454,18.72231406098479,18.836127520322083,96442000
2001-02-07,19.63282585144043,19.746639334637184,18.760255813598633,18.81716255519701,126061800
2001-02-08,18.89302635192871,19.575906822480352,18.81715074408964,19.34827999896314,88041200
2001-02-09,17.944580078125,18.684367206081525,17.75489107095666,18.60849160321419,100575200
2001-02-12,17.830772399902344,18.03943037479482,17.356549729692176,17.84974130671075,71289400
2001-02-13,17.660051345825195,18.532621014899266,17.641082439975758,18.09633618036223,76070600
2001-02-14,17.716955184936523,17.906644212612505,17.109950296373388,17.489328351725348,61728400
2001-02-15,17.84974479675293,18.267060828132916,17.565211138993853,17.906651528304746,65627800
2001-02-16,17.394485473632812,17.679019041903796,17.034076287156235,17.29964095087582,66958400
2001-02-20,16.958208084106445,17.679026772245198,16.80645678134039,17.413461992404603,60730800
2001-02-21,17.07201385498047,17.62211207919651,16.749542482164173,16.768511386447482,63947200
2001-02-22,16.74954605102539,17.242737667476874,16.351198976199193,17.090986400876417,100816400
2001-02-23,17.22376823425293,17.451395127216625,16.48398083212092,16.52191864761487,92620600
2001-02-26,18.077373504638672,18.191186978959585,17.4134615711,17.489337220647275,87936800
2001-02-27,18.020456314086914,18.570554454201147,17.807056173525357,18.020456314086914,99148600
2001-02-28,17.906646728515625,18.233860347230554,17.66005095788988,18.07736687741037,84608400
2001-03-01,18.015716552734375,18.058396586683994,17.072013579848313,17.773863027019857,81781600
2001-03-02,17.204788208007812,17.641072804241748,17.128912626054085,17.45138384935743,79800800
2001-03-05,17.432424545288086,17.79283375786749,17.166859862334842,17.37551782751239,49383600
2001-03-06,18.0394287109375,18.210148856466876,17.716957324937564,17.792832945172844,66781800
2001-03-07,18.418811798095703,18.551594169451697,18.00149577383401,18.17221596557743,59743600
2001-03-08,17.982528686523438,18.390360297030035,17.735932829007822,18.3050001925054,54626000
2001-03-09,17.204788208007812,17.660041699730183,16.654690238843287,17.584166117776455,103794400
2001-03-12,15.763152122497559,16.69262799975674,15.668307645226214,16.597783522485397,114376000
2001-03-13,16.446043014526367,16.616763184227334,15.782131243467056,15.839037966700712,91035600
2001-03-14,16.389144897460938,16.76852325156883,15.839046284004493,15.933890872531466,90686200
2001-03-15,16.294288635253906,17.019849217673535,16.237381922907268,16.787480142258097,71638400
2001-03-16,16.559856414794922,16.730576584019612,15.929140234048152,15.93388246097106,112848800
2001-03-19,16.483980178833008,16.8443894117419,16.123570945924115,16.540886899818624,61036400
2001-03-20,15.990792274475098,17.034082399144292,15.971823363117474,16.55985961520375,91822800
2001-03-21,15.194095611572266,16.161509938900835,15.099251069677306,15.85800740483697,124988600
2001-03-22,16.389144897460938,16.40811381516633,15.326885505958838,15.345854423664234,126363200
2001-03-23,17.16686248779297,17.299644849577003,16.5029506788728,16.673670858309414,99519600
2001-03-26,17.015111923217773,17.451396844325924,16.863360646310593,17.337583386645537,63118600
2001-03-27,17.679031372070312,17.77387596097627,16.95821249638504,17.015119249728617,95135600
2001-03-28,16.863353729248047,17.584171998889694,16.80644702375002,17.41345188239562,78681600
2001-03-29,16.80645179748535,17.356550106883855,16.559856003617057,16.80645179748535,86985000
2001-03-30,16.597787857055664,17.05304146684919,16.351192151750837,16.920259163992743,91201600
2001-04-02,16.939241409301758,17.280681885637065,16.578832017614484,16.63573876367037,75924000
2001-04-03,16.199443817138672,16.787479833920052,16.009754779467258,16.787479833920052,94187600
2001-04-04,15.763152122497559,16.69262799975674,15.497587586137794,16.199436717945748,104046600
2001-04-05,17.22376823425293,17.413457311722677,16.237385031410252,16.31326066239815,113364000
2001-04-06,17.053049087524414,17.3565516296828,16.71160872759623,17.109955814179113,92622000
2001-04-09,17.345169067382812,17.427113726990427,16.892949813950462,17.1691370542519,56295600
2001-04-10,18.113027572631836,18.237463539504752,17.536372414282205,17.587968436423193,109199400
2001-04-11,18.22229766845703,18.665411217878297,18.119106730860373,18.40743445277197,109879600
2001-04-12,18.871795654296875,18.911251324613218,18.01288256335396,18.076619002409828,87520000
2001-04-16,18.449914932250977,18.689682154958106,18.24656768078733,18.635051619207875,65857400
2001-04-17,18.659337997436523,18.85054494207276,18.222294710324128,18.367975806028262,85149200
2001-04-18,19.85816764831543,20.125249001011813,19.120656518549758,19.2390223022309,156696400
2001-04-19,20.650312423706055,20.941674574706674,19.955291351984982,19.9735007628161,159375600
2001-04-20,20.941675186157227,21.579030054801716,20.78992391669232,21.33622941298223,192919600
2001-04-23,20.714033126831055,20.78080400703014,20.304305462155366,20.671542987711437,92171200
2001-04-24,20.501598358154297,21.223933599881807,20.37716120010564,20.698873164948367,89176600
2001-04-25,21.151090621948242,21.18144040978144,20.41054375800818,20.50766446839865,76744000
2001-04-26,20.98113441467285,21.548685124070648,20.714052953772136,21.266427606584415,118737600
2001-04-27,20.371089935302734,21.148055643977774,20.094901531195006,21.10252980296062,121572400
2001-04-30,20.562294006347656,20.959881533246584,20.54104892435016,20.79902558161695,74368200
2001-05-01,21.29677391052246,21.336230724955545,20.516772430131862,20.534984158155112,83702800
2001-05-02,21.17233657836914,21.594204898612208,21.047899432917347,21.548679057214223,92864400
2001-05-03,20.79903221130371,21.29981195005694,20.680666385939983,21.017554447526283,66273400
2001-05-04,21.472803115844727,21.56385479732244,20.62603081404762,20.638171192614013,119538400
2001-05-07,21.664020538330078,21.897718899426568,21.457638622607977,21.497095453088566,109356200
2001-05-08,21.87039566040039,21.882536041735403,21.472808012727942,21.77631059948028,75084000
2001-05-09,21.366579055786133,21.639731802039282,21.202687408034244,21.62152007526201,76676600
2001-05-10,21.24517822265625,21.621520731391914,21.23303784294985,21.58813526608449,64334600
2001-05-11,21.063072204589844,21.245173226278496,20.835445348594003,21.233032849427236,51128800
2001-05-14,20.856687545776367,21.0023674167711,20.72921707977103,20.981122339103543,44968000
2001-05-15,20.720117568969727,21.032727132969843,20.63817290128779,20.86276413450925,61385600
2001-05-16,20.9902400970459,21.20876001534633,20.434829805289127,20.547124280900256,91893800
2001-05-17,20.689762115478516,21.287662331384897,20.50159207246961,20.97201949553188,106984800
2001-05-18,20.66548728942871,21.002375301445145,20.41054626170853,20.544088123204244,90605400
2001-05-21,20.877933502197266,21.242135510553176,20.562290681036856,20.653342340895783,103491600
2001-05-22,21.339269638061523,21.35141002139031,20.996312492303417,21.078257185346025,83455600
2001-05-23,21.154138565063477,21.730794193644364,21.096474623084777,21.363556181919026,93637400
2001-05-24,21.76719856262207,21.78540797072238,21.02361608614329,21.226964510604297,80781600
2001-05-25,21.521371841430664,21.82183878612201,21.354444474634793,21.748998805857095,52747600
2001-05-29,21.348360061645508,21.776299604353937,21.26034639360259,21.48797321873521,71210800
2001-05-30,20.999343872070312,21.421212265411018,20.835452203964152,21.11163834269686,86501800
2001-05-31,20.996309280395508,21.36051146237987,20.759577630551576,21.090394342374253,70682600
2001-06-01,21.348360061645508,21.45762112295235,20.85061625593203,21.123768909199136,57587600
2001-06-04,21.481910705566406,21.554750671205568,21.184479495141062,21.4121064138616,43736600
2001-06-05,22.034282684326172,22.17996491405611,21.39692784978121,21.47583915403245,89454200
2001-06-06,21.961456298828125,22.301380167901584,21.715619844500214,22.122312364773148,80022800
2001-06-07,22.36207389831543,22.377249956050477,21.876470152830993,21.888610535910768,66960000
2001-06-08,22.213363647460938,22.383324420733103,21.867370750132952,22.36814835931586,51867000
2001-06-11,21.888599395751953,22.110154906459005,21.70346270020763,22.110154906459005,47345600
2001-06-12,21.876462936401367,21.976619327114747,21.491013426276727,21.554748679765094,66714600
2001-06-13,21.454593658447266,21.9432328958497,21.439417606387636,21.867357266632432,55302400
2001-06-14,20.911325454711914,21.41210510847528,20.759574184816387,21.311948714614484,71972400
2001-06-15,20.644243240356445,20.72922590273759,20.15257057205417,20.489458600986136,108354400
2001-06-18,20.298254013061523,20.626037392272103,20.034208220537323,20.62300171777723,56846800
2001-06-19,20.431779861450195,20.89613812628371,20.289133374231668,20.701896790870205,63457400
2001-06-20,21.066116333007812,21.12074457745447,20.365023760575383,20.377164142299435,64108400
2001-06-21,21.19660758972168,21.412096342428637,20.91738592315615,20.987192497567367,69603800
2001-06-22,20.890071868896484,21.43030579940443,20.814196264824254,21.24516914022501,51092000
2001-06-25,20.896141052246094,21.187503096164047,20.568357884511016,20.97201665687701,49215600
2001-06-26,21.287673950195312,21.308919041341564,20.547126803598065,20.58354795222361,63077000
2001-06-27,21.591169357299805,21.709535156335335,21.05093523543702,21.20268649733288,69199800
2001-06-28,22.0767765045166,23.11172138957094,21.406036096268796,21.715610017331397,128975600
2001-06-29,22.155675888061523,22.280112987385,21.670072496088647,22.0342744611834,94283800
2001-07-02,21.427282333374023,22.201214862012936,21.290707094457037,21.867362477017306,72810200
2001-07-03,21.387821197509766,21.48797757660991,21.22392957231142,21.336226329078883,28037400
2001-07-05,20.7929630279541,21.463703472011847,20.77171793933837,21.311952177459208,49242600
2001-07-06,20.04937744140625,20.759574602901374,19.931011633747172,20.729224811419165,67467800
2001-07-09,19.93708610534668,20.307359639854187,19.73980895648961,20.091870760821635,66476600
2001-07-10,19.569835662841797,20.10703388903988,19.530378869114223,20.000808512733993,66562600
2001-07-11,20.18292808532715,20.258803754820857,19.484870999768336,19.487906674899754,73822600
2001-07-12,21.730789184570312,21.86736676581495,21.345341839546094,21.45763633762249,128078000
2001-07-13,21.651865005493164,21.852177746293425,21.530465870445816,21.670076728182327,58934600
2001-07-16,21.60330581665039,21.900739254841046,21.290698644347398,21.6852504643692,55990800
2001-07-17,21.797550201416016,21.855216419357298,21.287665891390013,21.445488493479704,63241000
2001-07-18,21.418174743652344,21.70043220622912,21.20572388603141,21.427279449616,57590800
2001-07-19,22.025177001953125,22.15568317354218,21.615449077605284,21.615449077605284,76549400
2001-07-20,20.996309280395508,21.063080220718877,20.619966716939537,20.647280838594913,124203600
2001-07-23,20.361980438232422,21.014511238675937,20.137389249547276,21.014511238675937,79999400
2001-07-24,20.12828826904297,20.635136952818346,19.940115861500338,20.334670087930153,67530200
2001-07-25,20.4803524017334,20.49249046564799,19.912801818790605,20.110078932741676,74065400
2001-07-26,20.210229873657227,20.431787712124542,19.879413268135366,20.371088139811988,77974000
2001-07-27,19.870319366455078,20.107051068930943,19.74284880597446,20.046351463618702,65396000
2001-07-30,19.9704647064209,20.298245634796054,19.891553410913808,19.92493886995372,42196400
2001-07-31,20.088830947875977,20.453033016799367,19.98563889517217,20.03420040598344,59031600
2001-08-01,20.173812866210938,20.277002611507136,19.95832635496846,20.273969253497576,55679000
2001-08-02,20.471248626708984,20.498565063700052,20.110082121692255,20.398408653967767,54198400
2001-08-03,20.301284790039062,20.443931354850317,20.03116771368863,20.425721943356326,43260400
2001-08-06,20.07062530517578,20.371094534400413,19.934050066830753,20.192026803449686,27831600
2001-08-07,20.137401580810547,20.349854837968863,20.028140434967206,20.043316494600514,31347800
2001-08-08,19.685171127319336,20.40750619940081,19.57287437561559,20.185950684698504,54996400
2001-08-09,19.73070526123047,19.894596947970264,19.515218686685866,19.721600553446226,45536200
2001-08-10,19.885488510131836,19.988680593942235,19.090313212989223,19.65786156955297,51756400
2001-08-13,19.979578018188477,20.028137233277526,19.651794633057772,19.800510268415852,32675400
2001-08-14,19.63358497619629,20.05848678629714,19.560742681143687,19.955297008284422,36481200
2001-08-15,19.18135643005371,19.74283669698195,19.18135643005371,19.639644652592715,39503000
2001-08-16,19.61233139038086,19.63964550253826,19.029606017850934,19.072096180455908,43905600
2001-08-17,18.780742645263672,19.46362238960112,18.665411324287422,19.35739693460367,52234200
2001-08-20,19.02960777282715,19.04478266690411,18.54400305797305,18.713964881837516,48371200
2001-08-21,18.44688606262207,19.181362893160934,18.425640975080533,19.029611606281133,47111800
2001-08-22,18.41046142578125,18.559178158763007,17.93092808245566,18.553107969889247,78107200
2001-08-23,17.943069458007812,18.67451051749981,17.906649478160116,18.413498153422367,51813200
2001-08-24,18.832334518432617,18.90213997164355,17.976457350861466,18.08875297926423,63399000
2001-08-27,18.911251068115234,19.22992862798916,18.686658591403926,18.78681502443986,44562800
2001-08-28,18.43474578857422,19.10548616047774,18.386185425852027,18.92034941579614,47422800
2001-08-29,18.28602409362793,18.604701460386107,18.07053761453879,18.528825841740346,48170000
2001-08-30,17.281435012817383,18.106962330415808,17.15396449583135,17.918791071058646,97632000
2001-08-31,17.3148136138916,17.62135172033039,17.087186788578997,17.254112895587593,57900800
2001-09-04,17.0264949798584,17.930933724543873,17.017390272567976,17.357312852066432,67189200
2001-09-05,17.52423858642578,17.721514558719797,16.811006865075523,17.050774168933412,89470600
2001-09-06,17.002206802368164,17.721507259919516,16.965786833798074,17.16609839758845,112356800
2001-09-07,16.81404685974121,17.408911761251705,16.78673157560192,17.02953345807858,89863800
2001-09-10,17.475679397583008,17.58797502984155,16.601591628729658,16.66836141013638,84471800
2001-09-17,16.058320999145508,16.72299121341127,16.024935531063456,16.39520903848926,127502000
2001-09-18,16.48625373840332,16.692635506376483,16.137225441980167,16.21006654269953,83182600
2001-09-19,16.349689483642578,16.601597270493617,15.35723555463088,16.528756115931007,126950200
2001-09-20,15.405786514282227,15.967266838452739,15.378471242752092,15.888355539467831,117983200
2001-09-21,15.087105751037598,15.357222732676794,14.416365648216916,14.543836115061067,184976600
2001-09-24,15.785165786743164,15.918707638470043,15.135670569683253,15.372403326030788,85580200
2001-09-25,15.56967830657959,16.085632797681914,15.22368563541985,15.864076107514189,84940600
2001-09-26,15.257071495056152,15.721429970300129,15.038549314814185,15.633413963505978,58524400
2001-09-27,15.162986755371094,15.381508956600788,14.568122049546169,15.205476926105685,81191200
2001-09-28,15.530220985412598,15.657692626094411,14.865550986436874,15.0597923838853,116641200
2001-10-01,15.71839714050293,15.933883670370681,15.299563302706064,15.460419281653776,69999600
2001-10-02,16.100807189941406,16.25255843802336,15.64858911900846,15.669834201118322,80860800
2001-10-03,17.065956115722656,17.27840823022648,15.90354141533902,15.927821028492406,97199200
2001-10-04,17.12967872619629,17.72454443814026,17.059873298103735,17.275359770620316,101778000
2001-10-05,17.518165588378906,17.60314592234514,16.674427806886204,17.044701246773727,80844400
2001-10-08,17.61528968811035,17.80042644365427,17.22073657312207,17.23894598660479,60605800
2001-10-09,16.559097290039062,17.472639331728274,16.446800528235222,17.451394248742726,99477600
2001-10-10,16.8474178314209,16.920258917344764,16.085627311556458,16.267728289711446,86349200
2001-10-11,17.093265533447266,17.251087016938598,16.568206199135773,16.92330366866341,83742600
2001-10-12,17.111474990844727,17.190385148565408,16.556064739478106,16.905093153396297,63307000
2001-10-15,17.62135124206543,17.75489189249387,16.950610001777225,16.965786049268758,68437000
2001-10-16,17.739730834960938,17.87934178169077,17.36338702446011,17.56369873517663,66169000
2001-10-17,17.00524139404297,17.997694514771023,16.99006650355115,17.94306398278453,73710600
2001-10-18,17.22376823425293,17.475675884862472,16.84439007931344,17.099332245743586,78348000
2001-10-19,17.572792053222656,17.606176349692664,16.883841363175232,17.421040830510094,91219600
2001-10-22,18.258716583251953,18.264786774255416,17.442294996500085,17.572801208648194,72323600
2001-10-23,18.34065818786621,18.64719523721275,18.02805094891861,18.352798567068323,80325000
2001-10-24,18.61077117919922,18.701821687722614,18.09481675387327,18.361899248942592,79141400
2001-10-25,18.987117767333984,18.999256988036382,18.079644737485026,18.39528763115164,75318200
2001-10-26,18.877859115600586,19.31186786102264,18.84143913324758,18.91427909795359,64509400
2001-10-29,18.100894927978516,18.87786200288872,18.070545131004202,18.84751104814386,55129400
2001-10-30,17.870223999023438,18.070535563198366,17.660806574361057,17.882363216723487,57395600
2001-10-31,17.648662567138672,18.431698048132,17.633486523034733,17.997689583906574,64700000
2001-11-01,18.768600463867188,18.893036481126842,18.08875414372167,18.2344364077154,109671200
2001-11-02,18.635051727294922,19.12672539412881,18.36493356217647,18.79590766250915,83360000
2001-11-05,19.20259666442871,19.433257975136097,18.741272885244175,18.774658333926638,66401600
2001-11-06,19.660890579223633,19.709452088212313,18.86571439385557,19.029606013382068,68612000
2001-11-07,19.50004005432129,19.742843035688708,19.433269118668207,19.490935347739658,58899000
2001-11-08,19.551637649536133,20.049381746451118,19.320976174540377,19.563778031843956,74227800
2001-11-09,19.791400909423828,19.924942771734173,19.396847827935797,19.52735285863947,48013600
2001-11-12,19.967430114746094,20.164707206429522,19.317934938218144,19.636611179669508,57752800
2001-11-13,20.607816696166992,20.622990429253246,20.213262587285683,20.273964466250455,60159600
2001-11-14,20.015981674194336,20.74135220032313,19.9674224959236,20.707969067752952,88625600
2001-11-15,20.067584991455078,20.34984239301211,19.864236568217944,20.061513645098053,77922000
2001-11-16,19.955291748046875,20.216304114329215,19.712488792957068,20.140428480306223,59249000
2001-11-19,20.19505500793457,20.325561165087738,19.94011172430368,20.107039012129867,56005000
2001-11-20,19.849058151245117,20.577464401073673,19.736761425531416,20.16773429361161,65921800
2001-11-21,19.4393367767334,19.606261768639204,19.26633928012822,19.53342181427195,50785200
2001-11-23,19.639652252197266,19.67000204798269,19.308834383945978,19.53949584211848,15754600
2001-11-26,19.770156860351562,19.943153229442995,19.545565611040413,19.72463101258207,41983600
2001-11-27,19.345252990722656,19.74891077901992,19.04478495766877,19.663930435751094,90819000
2001-11-28,19.059953689575195,19.46057799000845,19.038708610628657,19.17224927225976,54536600
2001-11-29,19.679105758666992,19.697317487648846,19.105487237637835,19.157082119414525,54034400
2001-11-30,19.487899780273438,19.751947850288957,19.402919430992355,19.624477326367334,48234200
2001-12-03,19.657861709594727,19.797474938487092,19.363464984966054,19.37257084993801,47211800
2001-12-04,20.03116226196289,20.055443014373655,19.45450712767717,19.7276598034483,51005800
2001-12-05,20.66852378845215,20.689768874943724,19.788365904939813,20.179884483605186,74243000
2001-12-06,20.835453033447266,20.94167847565034,20.50160065129147,20.632106856152667,56026200
2001-12-07,20.586576461791992,20.893112339422597,20.19809360716038,20.714046964304153,42334800
2001-12-10,20.352872848510742,20.77474105410236,20.292173286836785,20.49248369279273,38367400
2001-12-11,20.431779861450195,20.677616045058674,20.35590426744369,20.534971873379515,54334000
2001-12-12,20.622987747192383,20.632094764507652,20.107034578562107,20.383222881968166,47884200
2001-12-13,20.11311149597168,20.71101184614995,20.052411916635425,20.374123855090524,53227800
2001-12-14,20.468217849731445,20.62300252188732,20.009928235866468,20.03724236076176,43000600
2001-12-17,20.935606002807617,20.975060498988533,20.38323147857182,20.386264836749938,57079800
2001-12-18,21.023618698120117,21.06307550795984,20.820272563935557,20.917393278437174,47255200
2001-12-19,21.09038543701172,21.21178688492538,20.774742598652203,20.82633977700503,56996200
2001-12-20,20.261831283569336,21.01755199953328,20.219341110979606,20.987202207046433,78585000
2001-12-21,20.498558044433594,20.64423794003125,20.334666425231088,20.641204582380603,84307600
2001-12-24,20.41661834716797,20.647280965463924,20.395373258347355,20.553195902907067,11701600
2001-12-26,20.541051864624023,20.96292020720411,20.453035850738456,20.46214055639203,29328000
2001-12-27,20.592647552490234,20.853659930709387,20.4135821594663,20.632104365932634,32406600
2001-12-28,20.598711013793945,20.896142102189568,20.547113840242215,20.707972075195546,28787200
2001-12-31,20.107038497924805,20.783850020164284,20.107038497924805,20.589606310415768,43006200
2002-01-02,20.346805572509766,20.36805065248102,19.88244717060944,20.228439796164192,48124000
2002-01-03,21.011484146118164,21.017553178739746,20.361986509647235,20.368057857809685,67590800
2002-01-04,20.911325454711914,21.217863668252253,20.8415188517221,21.01755088053066,52731400
2002-01-07,20.80813980102539,21.251253367841265,20.744404525888314,21.16930867567683,58508800
2002-01-08,21.0570068359375,21.20268908396794,20.63817413560375,20.847591643541016,47736400
2002-01-09,20.85365867614746,21.433349623179097,20.805099475154442,21.160196881529128,76304000
2002-01-10,21.02665138244629,21.184473968287417,20.67762306835857,20.783850788480166,50296600
2002-01-11,20.823301315307617,21.342290177982278,20.66851443205877,21.099487314671926,72993200
2002-01-14,20.78082275390625,20.953819137968548,20.559264843876498,20.729227869221585,50997800
2002-01-15,21.10860252380371,21.12984760892229,20.78992393148442,20.838485449207237,60717400
2002-01-16,20.598711013793945,21.196608863274072,20.592639668416183,20.896142102189568,61955400
2002-01-17,21.202686309814453,21.245176477526268,20.759572906862335,20.79902740101174,78958000
2002-01-18,20.061513900756836,20.592643252296373,19.85513211725129,20.365016387350856,107140400
2002-01-22,19.563770294189453,20.222370144003662,19.500035048937132,20.216301113020688,76837200
2002-01-23,19.345252990722656,19.63964967609123,19.19350171615956,19.439339197749103,80403000
2002-01-24,19.606258392333984,19.782290374319874,19.363456656637926,19.4545071628027,83886000
2002-01-25,19.363466262817383,19.6821437713744,19.275450228159848,19.48183325310023,48981200
2002-01-28,19.369531631469727,19.545563656957736,19.09334437178049,19.493968781896257,41622000
2002-01-29,18.914278030395508,19.575913654278,18.814122795135106,19.393812595020744,58666000
2002-01-30,19.075130462646484,19.090306512908498,18.61380771048739,18.953730164940964,66100000
2002-01-31,19.336153030395508,19.36650398923664,18.85358378364308,19.138877007896266,69566200
2002-02-01,19.01746940612793,19.575914134731867,18.95980433942759,19.469688707186414,63462200
2002-02-04,18.550073623657227,19.02657248552019,18.437778015884295,18.938557634979368,70308400
2002-02-05,18.559181213378906,18.88696336211989,18.361904094707793,18.452954627259714,66772600
2002-02-06,18.331554412841797,18.783772562257013,18.286028567408163,18.69879221906926,66103000
2002-02-07,18.14944839477539,18.69878831012875,18.134273502059905,18.301199637470454,63314000
2002-02-08,18.407432556152344,18.410467072634898,17.855057934687583,18.246575396085003,61283000
2002-02-11,18.553110122680664,18.58649558647512,18.08571594509884,18.213186452928277,50899600
2002-02-12,18.25264549255371,18.468132052587624,18.21622550609866,18.358872093222473,44973800
2002-02-13,18.762531280517578,18.78074185393725,18.19498172329945,18.28906679154131,54168600
2002-02-14,18.72003173828125,19.117620375827705,18.61077066794665,18.81715243240756,57267000
2002-02-15,18.279956817626953,18.83536699033332,18.27085211242529,18.72610589683238,50179800
2002-02-19,17.88540267944336,18.25264043195446,17.78524629724751,18.182834994865008,52262600
2002-02-20,18.17980194091797,18.31941282632176,17.845948464526412,18.028050676495514,50492000
2002-02-21,17.618318557739258,18.292094427144388,17.606178180794824,18.125168296353678,59398400
2002-02-22,17.600112915039062,17.83077433747512,17.345170733520096,17.618322326580927,71347800
2002-02-25,17.93092918395996,18.176765480713268,17.569760449290442,17.58493534352197,51832200
2002-02-26,17.77007484436035,18.210153792568164,17.57279887293644,17.937001022571483,63276200
2002-02-27,17.72150421142578,18.255669061491805,17.6001039511524,17.927885927437238,65750000
2002-02-28,17.70633316040039,18.119096681865077,17.645632438225586,17.839873822968976,68068000
2002-03-01,18.62595558166504,18.64113048120578,17.861128835551224,17.92182959148482,62115600
2002-03-04,19.211711883544922,19.272412627311002,18.474200567547452,18.586497348734337,74464200
2002-03-05,19.144941329956055,19.38774313739027,18.92034893447294,19.120660570327463,55926400
2002-03-06,19.311872482299805,19.33311757357048,18.874827958398754,19.09335022034928,49835400
2002-03-07,19.035675048828125,19.387737863277472,18.774662742676536,19.324001465476016,58079200
2002-03-08,19.408987045288086,19.636612785255117,19.172254284357507,19.31186632820846,57701800
2002-03-11,19.52734375,19.72765645002853,19.120651636181496,19.27543735429378,43718200
2002-03-12,18.98104476928711,19.059954902141552,18.716996786547533,18.97497458094907,66407200
2002-03-13,18.847511291503906,19.126734289909223,18.80198659545462,18.841442258247113,44387400
2002-03-14,18.580419540405273,18.88999216469077,18.528823524139398,18.85964122636675,51819600
2002-03-15,18.96587562561035,18.971944658017787,18.50455159202899,18.51365629841053,69086800
2002-03-18,18.859647750854492,19.11762560589137,18.57435577853156,19.04174997048705,52296800
2002-03-19,18.886962890625,19.12065998492879,18.66540617576382,18.871787995206898,36376400
2002-03-20,18.24049949645996,18.823224889222075,18.24049949645996,18.63505366639385,55235200
2002-03-21,18.62291717529297,18.69272262481736,18.15855863126228,18.27388876990064,46123400
2002-03-22,18.346731185913086,18.556147549239917,18.276925731470808,18.528832270738985,41341400
2002-03-25,17.976459503173828,18.446888318475438,17.952179896344557,18.355837766767156,47752400
2002-03-26,17.93092918395996,18.489372701409554,17.697232107929747,17.9369982154364,69357200
2002-03-27,18.040185928344727,18.173727752626124,17.782209298697506,17.845944537866348,47318400
2002-03-28,18.30423927307129,18.407430186752904,18.10696215175426,18.194978169435416,43901200
2002-04-01,18.325485229492188,18.331555419734777,17.96735210957222,18.158559050017384,47010000
2002-04-02,17.384620666503906,17.93396053995182,17.33302580365306,17.876295488923812,76509400
2002-04-03,17.096296310424805,17.4847791383408,16.844388680731043,17.433183111512495,76931400
2002-04-04,17.132722854614258,17.290544353404854,16.820114373765115,16.99007625502513,61763800
2002-04-05,16.956695556640625,17.390704511076645,16.947590846110238,17.266268450153998,50166000
2002-04-08,17.366413116455078,17.39372838728768,16.468044852277366,16.480185229929663,73389600
2002-04-09,16.653188705444336,17.43015584204908,16.631943614321255,17.39980604266486,63413000
2002-04-10,17.087190628051758,17.33302807142594,16.710848173988996,16.7290575831329,75636400
2002-04-11,16.628904342651367,17.13271850965586,16.540888328725387,16.96275667149917,58165800
2002-04-12,16.97490119934082,17.07505645936372,16.65015349678654,16.73816953222253,52297600
2002-04-15,16.902050018310547,17.223763012971137,16.81403519295115,16.996136189011168,47388800
2002-04-16,17.545480728149414,17.633495577188736,17.105401851871957,17.1175422302809,51921600
2002-04-17,17.187339782714844,17.68811800570428,17.12360340419973,17.587962824214266,55158600
2002-04-18,17.108434677124023,17.393727752693685,15.988510929387006,17.23590632228219,74794800
2002-04-19,17.360342025756836,17.597073588827723,17.25715113661336,17.433181972346304,104268600
2002-04-22,16.871702194213867,17.208590117974296,16.692635692294814,17.15395958126882,51465200
2002-04-23,16.386098861694336,16.9415077796514,16.176681416460163,16.90508780743373,68281400
2002-04-24,16.091712951660156,16.519651703273613,16.085642758856384,16.343619585276855,61220400
2002-04-25,16.30718994140625,16.525712122014507,16.049213267564998,16.055283456778582,57290400
2002-04-26,15.630376815795898,16.525709311555683,15.618236439433389,16.41037805165188,62776600
2002-04-29,15.85497760772705,16.058323810340685,15.612174581995875,15.621280448011705,70246000
2002-04-30,15.861047744750977,16.176690773942713,15.757856798967934,15.812487367780763,77384000
2002-05-01,16.009756088256836,16.143296764897194,15.375435848117467,15.830689575745623,76413000
2002-05-02,15.542362213134766,16.41037951855488,15.5241528047333,15.976370865844823,79009200
2002-05-03,15.041587829589844,15.685012955678856,15.026411774829523,15.557541273868805,71628000
2002-05-06,14.756290435791016,15.339015806633109,14.680414814853302,15.00516237984511,66299400
2002-05-07,15.014273643493652,15.26314567708721,14.67434990580008,14.926257613674576,88385400
2002-05-08,16.683528900146484,16.683528900146484,15.545394790882787,15.560569680785658,101242000
2002-05-09,15.818551063537598,16.692638647817144,15.75178129623009,16.510537598403594,83288200
2002-05-10,15.190303802490234,15.985480232943802,15.17209438877716,15.942990057252684,64408800
2002-05-13,15.991543769836426,16.058314679724212,15.099246978269548,15.311698926100702,64819000
2002-05-14,16.65621566772461,16.72298542299895,16.38306298506131,16.510534622894195,64832400
2002-05-15,16.61676788330078,17.129686876965078,16.34665074587489,16.537857714187265,70412000
2002-05-16,16.917232513427734,17.005247372330363,16.586414690217577,16.604624102101404,53406400
2002-05-17,17.00524139404297,17.11753813077628,16.7745800483655,17.059871926029462,54646200
2002-05-20,16.392175674438477,16.85956997791239,16.23738985070132,16.84439507876492,52115800
2002-05-21,15.839795112609863,16.57123609381144,15.821585703520217,16.37396016279592,63120000
2002-05-22,16.29505157470703,16.30415743853669,15.73660683358586,15.74267702354885,54169400
2002-05-23,16.638011932373047,16.644082123120537,16.088671826315537,16.298089354907162,51412800
2002-05-24,16.164546966552734,16.546960867246,16.09777718596745,16.43162956220528,35982000
2002-05-28,15.879255294799805,16.295053515745767,15.706258912443802,16.264703720085958,49602000
2002-05-29,15.79730224609375,16.000649489056784,15.645551021524607,15.675901961100415,45393200
2002-05-30,15.976367950439453,16.194890073541544,15.609130282936146,15.672865516250955,63213000
2002-05-31,15.451314926147461,16.213105824720454,15.442210220044432,16.055285516006254,66468000
2002-06-03,14.999096870422363,15.67287296502987,14.923221225814148,15.475596983710782,88439000
2002-06-04,15.169055938720703,15.548434091923312,14.944464720376095,15.02337486682333,88008400
2002-06-05,15.678935050964355,15.706250315214652,15.275277432343126,15.305627211390187,66969400
2002-06-06,15.751787185668945,15.824627169560427,15.17513171730316,15.630385668822253,78703400
2002-06-07,15.7760648727417,15.964236158939904,15.132639690477486,15.141744397912237,97834400
2002-06-10,16.031003952026367,16.176685031220227,15.618240315425275,15.675906538573262,71825400
2002-06-11,15.955118179321289,16.443757139870257,15.909592364476893,16.158465352451472,74368200
2002-06-12,16.85653305053711,16.929373019136364,15.933884957963468,15.958165719343501,136198600
2002-06-13,16.455904006958008,16.83831660307137,16.449833818731445,16.644075210901406,79771600
2002-06-14,16.768516540527344,16.859567077519113,16.08563577643347,16.131161623814553,109433600
2002-06-17,16.899019241333008,17.12968063121408,16.804933049821305,16.892949052419013,94486600
2002-06-18,16.99311065673828,17.08416120289798,16.798868025088275,16.853498584338197,77518400
2002-06-19,16.498397827148438,16.97793122573722,16.486257448001815,16.835285822960387,81247000
2002-06-20,16.41948699951172,16.72298954041042,16.35878741754823,16.501432824486805,86401200
2002-06-21,15.86711311340332,16.556064048212388,15.86711311340332,16.207036806637547,116820000
2002-06-24,16.437700271606445,16.583381376259663,15.736608870052992,15.809450001264851,104523200
2002-06-25,16.070459365844727,16.69263932740296,16.024933522752786,16.601588798989365,84025200
2002-06-26,16.4285888671875,16.50749899920935,15.493800712853107,15.493800712853107,112131400
2002-06-27,16.668359756469727,16.67442994649911,16.043145234457857,16.5712390315403,95812400
2002-06-28,16.601587295532227,16.932405073099638,16.38913530996019,16.556061456563153,89555600
2002-07-01,15.982442855834961,16.50750208303835,15.958163255973256,16.42555626268588,66473800
2002-07-02,15.612164497375488,16.061347952396748,15.578780202784014,15.897457520994447,82814200
2002-07-03,15.733572959899902,15.939954795986823,15.311704581295002,15.551471884656337,80936600
2002-07-05,16.647109985351562,16.6622860350393,16.100805771924218,16.11294614856639,35673600
2002-07-08,16.061355590820312,16.67139641027088,15.958165827566644,16.51357493354164,63199400
2002-07-09,16.149372100830078,16.61069616413044,16.076532129544503,16.179723053674458,85277200
2002-07-10,15.85497760772705,16.44984247367304,15.821592133800483,16.295055486880884,90673400
2002-07-11,16.058320999145508,16.106881364236564,15.554506777161912,15.794274086323554,129550600
2002-07-12,15.73963451385498,16.307183672797535,15.624303278671494,16.197922624494208,95733800
2002-07-15,15.72143268585205,15.739643256607785,14.568123166708386,15.5969966801139,136965600
2002-07-16,15.554509162902832,16.024937988958456,15.369372380793765,15.572719736769015,97154600
2002-07-17,15.78213119506836,16.17668424339102,15.530223545263514,15.939952645951474,98034800
2002-07-18,15.512012481689453,16.00672186560305,15.375436129348873,15.800340079348425,91053600
2002-07-19,15.041587829589844,15.445245646819076,14.813960901430152,15.135672885589443,112543400
2002-07-22,14.41939926147461,15.172086271299552,13.930761344690847,14.8564434810852,180069800
2002-07-23,13.053645133972168,14.203920161626714,13.041505910977543,14.109835105123594,168061600
2002-07-24,14.030913352966309,14.070368982223918,12.568032134081244,12.671222978299134,202307800
2002-07-25,12.999011039733887,13.873097299156807,12.88064410669431,13.794187168233771,163411400
2002-07-26,13.763837814331055,13.78204838099923,13.256989198653375,13.27519976532155,123538000
2002-07-29,14.644004821777344,14.659179724753505,14.128050016191633,14.219100591819492,112148600
2002-07-30,14.598468780517578,14.820026609081788,14.364772890465606,14.431542648578992,122690600
2002-07-31,14.562050819396973,14.568121008749713,14.070377059527337,14.44975521079686,93875600
2002-08-01,13.885236740112305,14.595432501655075,13.809361129510599,14.440646765446367,92002800
2002-08-02,13.478549003601074,13.915592284886882,13.293412251808691,13.812401365417543,85947600
2002-08-05,13.35107707977295,13.7092090074185,13.296446530623395,13.442127609098778,78941600
2002-08-06,13.8609619140625,14.34049653377899,13.609055381224044,13.627265952350008,88715800
2002-08-07,14.291933059692383,14.35566830811359,13.706173130251349,14.26461778783041,86349400
2002-08-08,14.844310760498047,14.871626038307797,14.085554329972139,14.29800636207348,88748000
2002-08-09,14.60453987121582,14.917148231260395,14.464929000080655,14.613645733434304,69049400
2002-08-12,14.710770606994629,14.795750959970471,14.446722525498876,14.449758199688285,56866600
2002-08-13,14.282822608947754,15.084068717526906,14.24033130265789,14.56507991871128,100122800
2002-08-14,15.087105751037598,15.093175938663974,14.32834966428934,14.34049003954209,96706000
2002-08-15,15.105316162109375,15.399713891295393,14.79574354289488,15.162981207325545,98745600
2002-08-16,15.175127029418945,15.244932474821834,14.847343729853746,15.002130673905194,69334000
2002-08-19,15.78213119506836,15.797306089663415,15.129600307548783,15.187266527888335,79848200
2002-08-20,15.490767478942871,15.691079077473592,15.402751478344642,15.59395837259628,70317600
2002-08-21,15.86711311340332,15.897464063390498,15.524156061825915,15.648592062347442,81203400
2002-08-22,16.155439376831055,16.222210303272224,15.964232460603323,16.040108092370012,72517600
2002-08-23,15.848901748657227,16.040107500054006,15.733570468455044,15.982442438838023,57929200
2002-08-26,15.812474250793457,15.979401493566758,15.533252604281302,15.933875671397722,55652400
2002-08-27,15.430072784423828,15.91871217321476,15.372407705150398,15.882292184082624,65470200
2002-08-28,14.986952781677246,15.375435585463848,14.962672027555543,15.320805046460096,68875000
2002-08-29,15.351156234741211,15.478626722609524,14.725940699344454,14.838236294528935,94275600
2002-08-30,14.895905494689941,15.320808363893763,14.871624735310697,15.21761745207263,58138400
2002-09-03,14.270689010620117,14.725942802783695,14.264618821125504,14.725942802783695,74452600
2002-09-04,14.631857872009277,14.750223683000222,14.310145905268836,14.401196440048766,80232000
2002-09-05,13.933799743652344,14.422438954420308,13.924695039129018,14.41636876548137,90438800
2002-09-06,14.513490676879883,14.650067044909795,14.407265256062313,14.492245592716369,69918400
2002-09-09,14.780576705932617,14.856452355185073,14.152326422743918,14.340497708714263,81653200
2002-09-10,15.1113920211792,15.120496727059423,14.674347614603203,14.732013839232165,83950000
2002-09-11,14.744152069091797,15.508977353540851,14.728976017810455,15.24493050158177,77443200
2002-09-12,14.310145378112793,14.659172608206813,14.270689723312488,14.613647921379066,63726800
2002-09-13,14.540802955627441,14.647028354566572,14.219089928058903,14.234265977424506,59549200
2002-09-16,14.501355171203613,14.607581785489096,14.279798392065059,14.44672460563294,50166200
2002-09-17,14.352635383605957,14.841274657879513,14.32835462469458,14.771468054894454,73343400
2002-09-18,14.492249488830566,14.640966275726619,14.161431600785182,14.179642174008341,83951800
2002-09-19,14.3253173828125,14.513488597488152,14.14018068353819,14.167495953230631,77777600
2002-09-20,14.404232025146484,14.568123694575366,14.355671659142052,14.480107669389065,130619200
2002-09-23,13.727421760559082,14.176605446770278,13.599951230775172,14.143219977225783,89783800
2002-09-24,13.851853370666504,14.106795506963378,13.545316367125913,13.606017096295666,104142200
2002-09-25,14.115898132324219,14.252474463400555,13.672784842849836,14.08251383607884,107116600
2002-09-26,14.02181625366211,14.416369286799421,13.94594062583685,14.298003492635248,100852200
2002-09-27,13.733489036560059,14.294968235720168,13.715278468554077,13.973256305339445,81011600
2002-09-30,13.275205612182617,13.669758801606825,13.083998630148098,13.618162752207377,115577000
2002-10-01,14.030913352966309,14.03698353883437,13.108265940873364,13.45122391691658,110636600
2002-10-02,13.842753410339355,14.206956752398069,13.706177012346025,13.991469032110588,103488600
2002-10-03,13.596915245056152,14.140185136830265,13.536214497981481,13.748666533857607,105221400
2002-10-04,13.28429889678955,13.83060293217971,13.260018151418153,13.775972412863728,107120400
2002-10-07,13.369284629821777,13.675822797128546,13.260023546733033,13.29644467960937,89790000
2002-10-08,13.654574394226074,13.955041141873162,13.39356212761072,13.581733303959288,115667600
2002-10-09,13.35107707977295,13.79419050485686,13.296446530623395,13.423917040125493,123142600
2002-10-10,14.076448440551758,14.149288403410596,13.12648514517604,13.354112055207995,118515000
2002-10-11,14.832170486450195,14.84127635096591,14.267655512834422,14.373882108534522,108828800
2002-10-14,14.959641456604004,14.971781836865926,14.519562513157622,14.643998516416355,76216200
2002-10-15,15.870148658752441,15.894428260775179,15.372404660697635,15.557540244153357,133374200
2002-10-16,15.299562454223633,15.557539140995596,15.260106801242772,15.293492264705788,95437400
2002-10-17,15.408828735351562,15.933888148749299,15.190306470253532,15.867117199353643,182602400
2002-10-18,16.13115119934082,16.146326086071213,15.521110795960125,15.964223971997576,152817200
2002-10-21,15.936912536621094,16.082594725942325,15.587885426999181,15.77302209973207,112378600
2002-10-22,15.681977272033691,15.760888588765594,15.487735812032744,15.609137303418551,87159000
2002-10-23,16.146339416503906,16.16454883250623,15.60913964679397,15.60913964679397,110866600
2002-10-24,15.548432350158691,16.19792749044065,15.448277130973304,16.19489297497387,95833400
2002-10-25,15.988512992858887,16.024932971417243,15.527189019295466,15.554504292656794,75425800
2002-10-28,15.76695442199707,16.237383045018348,15.633412586822184,16.207033259444113,79906600
2002-10-29,15.803380966186523,15.930852665686407,15.433107407842321,15.82766173095625,90517200
2002-10-30,16.1190242767334,16.204004639547822,15.669840539646188,15.842836939815903,94451200
2002-10-31,16.22828483581543,16.4103859376819,16.040112385080093,16.143303318209913,105973800
2002-11-01,16.085634231567383,16.158475348827366,15.751781908737303,15.912637880566487,105097800
2002-11-04,17.0264949798584,17.37552342441779,16.85046407821064,17.223772128134666,139964200
2002-11-05,17.2025203704834,17.238940343296903,16.86866811119114,16.92936767995696,76658200
2002-11-06,17.308744430541992,17.329989509515556,16.853490753502847,17.296605212392794,115407000
2002-11-07,16.999174118041992,17.18431082395565,16.84438835608065,17.056840332666322,73699600
2002-11-08,16.72298812866211,17.163067007368,16.69567285597636,16.996140855519617,64522200
2002-11-11,16.346651077270508,16.722993672626988,16.334510694769822,16.713888964636773,58341200
2002-11-12,16.543916702270508,16.823139535731755,16.358781195268115,16.41948075414372,81398600
2002-11-13,16.801902770996094,16.974899146471987,16.422524551483974,16.46198021048896,107370200
2002-11-14,17.296607971191406,17.299642486770217,16.95668433785685,16.993105471423508,78337000
2002-11-15,17.205549240112305,17.27535464750362,16.895976678353207,17.17823398002269,77533600
2002-11-18,16.950620651245117,17.308753830973963,16.917236335991245,17.284474223719272,58086400
2002-11-19,16.650150299072266,16.935442283058734,16.48322412591241,16.859566644552405,76403400
2002-11-20,17.184310913085938,17.269292398823058,16.671392114217838,16.69567171173549,76435400
2002-11-21,17.55458641052246,17.603146769091904,17.232873311393483,17.293574049047855,82922200
2002-11-22,17.669912338256836,17.694191931294142,17.31481388320563,17.436215321701923,70002000
2002-11-25,17.672956466674805,17.797392487825753,17.47264479463253,17.62136157979857,61583000
2002-11-26,17.269298553466797,17.679026603925962,17.232877407554902,17.493889831070746,68650400
2002-11-27,17.62743377685547,17.788289804564382,17.421051890322563,17.48175149172697,55191800
2002-11-29,17.506025314331055,17.794352937712837,17.506025314331055,17.73365220261611,28393000
2002-12-02,17.50905990600586,17.894508244105563,17.302678100444286,17.80042320417941,63735000
2002-12-03,17.211631774902344,17.40587324922124,17.120581228536675,17.38462816032827,58457400
2002-12-04,17.160030364990234,17.433181900225836,16.941508210585695,17.035594395458777,83892000
2002-12-05,16.79583168029785,17.326961159146375,16.783691300059278,17.284470986081754,68435800
2002-12-06,16.835283279418945,16.917229089622527,16.45590517168205,16.653181093043173,71670200
2002-12-09,16.246496200561523,16.759416411085898,16.240426008734943,16.69264545876421,63862800
2002-12-10,16.392175674438477,16.53482227352001,16.23131965948821,16.25560042434064,63730200
2002-12-11,16.58945083618164,16.695676275175042,16.261668654594544,16.34361333166348,69186200
2002-12-12,16.44072914123535,16.710847326800803,16.295048086618877,16.692636760809954,55242000
2002-12-13,15.933879852294922,16.31325794401623,15.930845336979974,16.29201286350144,65245400
2002-12-16,16.53481674194336,16.556061825196583,15.985476777525212,16.08563316237916,60140400
2002-12-17,16.498397827148438,16.68960474651176,16.322365802833254,16.516607238098093,49549800
2002-12-18,16.246496200561523,16.510544335049612,16.021904891831568,16.340582437217467,62709400
2002-12-19,16.1190242767334,16.616768386538936,16.04921881331146,16.16151445814061,82686600
2002-12-20,16.09777069091797,16.30415245550179,16.07045542331805,16.234347028917558,98294600
2002-12-23,16.389144897460938,16.47412527829443,16.055292408954333,16.100817116784768,48798400
2002-12-24,16.334510803222656,16.458946830254387,16.24346024940418,16.249530440694826,18386000
2002-12-26,16.203994750976562,16.598547683256363,16.137223845072167,16.398236123313087,37228000
2002-12-27,16.07653045654297,16.38913771280062,16.055285370648004,16.17061550614343,40891600
2002-12-30,16.009756088256836,16.158472815367546,15.864075034348238,16.088666224960207,48019600
2002-12-31,15.691082000732422,16.082600566454943,15.557540138319585,16.006724929273233,58208800
2003-01-02,16.30414581298828,16.313250512555552,15.694105471051548,15.873171895081544,67025200
2003-01-03,16.325401306152344,16.328435822022197,16.049214051185192,16.264700568822914,55546800
2003-01-06,16.622831344604492,16.762442210698204,16.32843356185766,16.3952044794547,59456200
2003-01-07,16.935434341430664,16.999169570023376,16.59551196449971,16.668351894957148,80517400
2003-01-08,16.46197509765625,16.859562607247387,16.422519450905572,16.8049320679834,64566000
2003-01-09,16.9384822845459,16.971866601490905,16.549998128856224,16.607664369827155,61808000
2003-01-10,16.97186279296875,17.087194091259363,16.66229119707722,16.722990783552955,67730200
2003-01-13,17.114501953125,17.2237630138747,16.92633076948379,17.1539575934557,60817800
2003-01-14,17.29054069519043,17.29964540123088,17.053807918205536,17.09629924785846,54206400
2003-01-15,17.078092575073242,17.39677009468222,17.05381180973092,17.299649348854164,59622600
2003-01-16,16.798860549926758,17.193414670667508,16.72602060851954,17.09325830402009,81371000
2003-01-17,15.618237495422363,16.08563159705054,15.572712817639935,16.067421031275515,155876000
2003-01-21,15.57878589630127,15.827657885878528,15.56664551686572,15.742676387599978,86159200
2003-01-22,15.478629112243652,15.903533119609433,15.451313838087705,15.65769565220591,86948000
2003-01-23,15.86711311340332,15.94602442559962,15.618241112360264,15.766957872871535,71374800
2003-01-24,15.12960433959961,15.79731029965838,15.08407964368208,15.791240108648598,103027000
2003-01-27,14.923216819763184,15.3572254714036,14.692555437675535,14.96874265619488,114838600
2003-01-28,14.81699275970459,15.084075298342503,14.73808261485055,15.081039624826836,86151200
2003-01-29,15.147809982299805,15.18726563213603,14.546875161171135,14.789676933682188,106884000
2003-01-30,14.640966415405273,15.226725387539789,14.625790358689242,15.223690870858928,87877400
2003-01-31,14.404232025146484,14.674349133406798,14.273725824427611,14.40119750879578,106858400
2003-02-03,14.738077163696289,14.90196758204754,14.404223824438263,14.546870324888406,80129800
2003-02-04,14.361738204956055,14.549909430748672,14.228197521775833,14.507419265999063,81854800
2003-02-05,14.252477645874023,14.728976495762415,14.182672207241286,14.516525664171565,101072000
2003-02-06,14.392087936401367,14.452788667711328,14.131076759977796,14.22212727805766,83312000
2003-02-07,14.137155532836914,14.552953884458338,14.085559474675243,14.531708789265547,75208000
2003-02-10,14.379945755004883,14.422435910840552,14.125003662220962,14.203913786234358,74081400
2003-02-11,14.094659805297852,14.467967850542333,13.961119083040064,14.355672216876227,84292000
2003-02-12,14.094659805297852,14.29497146756978,14.040029246699099,14.128045275304922,71315200
2003-02-13,14.261582374572754,14.30103686429111,14.000570050490797,14.085550376370465,73558200
2003-02-14,14.659174919128418,14.719875668904805,14.194816325214477,14.340497430015507,90446400
2003-02-18,15.15084457397461,15.169055141168155,14.81092209075305,14.944463934632013,57415500
2003-02-19,14.937712669372559,15.150846647961725,14.718487821117336,15.114309560416878,46902700
2003-02-20,14.700218200683594,15.144757590370402,14.67586053030643,15.083861672187947,50897200
2003-02-21,14.99860954284668,15.102132273397503,14.432280540826193,14.79156524323827,56853200
2003-02-24,14.6575927734375,14.919444432998414,14.517532961600358,14.88290734327854,62403700
2003-02-25,14.73066520690918,14.779381704084656,14.237409366327965,14.334843522171827,68113000
2003-02-26,14.37746810913086,14.90117008315357,14.359198989929366,14.65758763459734,57096000
2003-02-27,14.359197616577148,14.742839791174053,14.188689338149292,14.554063556784632,75434300
2003-02-28,14.432276725769043,14.65759009291248,14.340932275934373,14.456634393963474,56585400
2003-03-03,14.334843635559082,14.688038533248244,14.249588893707958,14.62714262092399,50653500
2003-03-04,14.048628807067871,14.407913299892561,14.042539101588675,14.359196817551547,56605700
2003-03-05,14.273951530456543,14.340936006536037,14.036457525195626,14.048636943207619,55415900
2003-03-06,14.170425415039062,14.310485204237118,14.085170670815634,14.109529501020313,54607600
2003-03-07,14.34702205657959,14.487083005010886,13.945110656630332,13.975559193894933,66167600
2003-03-10,13.975563049316406,14.286130084640545,13.939024794519122,14.194786770633842,48413600
2003-03-11,13.884214401245117,14.16433512970772,13.859856733526968,14.042543306638256,53990700
2003-03-12,14.243498802185059,14.27394733827246,13.731975010845586,13.890303914021413,72379500
2003-03-13,15.022960662841797,15.065587442675724,14.273944259064562,14.444451378400274,80701300
2003-03-14,15.13866138458252,15.199556115134692,14.773287193806823,15.029049011200557,75451400
2003-03-17,15.790246963500977,15.80242637590956,14.815916039175463,14.931618134071622,100983800
2003-03-18,15.857237815856934,15.857237815856932,15.528400541001401,15.765893354068343,78108800
2003-03-19,16.027734756469727,16.094720342571815,15.674540035963656,15.82068945532903,73652100
2003-03-20,15.985116004943848,16.149534619753002,15.63192110729433,15.845056219658831,71798500
2003-03-21,16.17997932434082,16.320039086506213,15.851143310496301,16.289591716119904,85586800
2003-03-24,15.4005126953125,15.790244540645155,15.333527098836255,15.558840386359503,61105200
2003-03-25,15.52230453491211,15.680633399882264,15.24218503945979,15.589290136647492,63595100
2003-03-26,15.376153945922852,15.601468395989123,15.37006424062457,15.504034272709164,51673600
2003-03-27,15.24827766418457,15.382247731808613,14.974246660529907,15.187381756539887,60043300
2003-03-28,15.022960662841797,15.284812209241798,14.980333883007868,15.022960662841795,39584600
2003-03-31,14.742847442626953,15.047325922596876,14.621056747534919,14.767206278541295,71384000
2003-04-01,14.828108787536621,15.041244050403469,14.767212832218416,14.89509329304228,49803200
2003-04-02,15.662365913391113,15.832874207610454,15.284813409645562,15.284813409645562,68282500
2003-04-03,15.668462753295898,15.887687636887444,15.589298857272984,15.826791706834985,57394300
2003-04-04,15.278725624084473,15.71108437813135,15.181292632707912,15.686726711033648,55740600
2003-04-07,15.327449798583984,16.0947358611923,15.327449798583983,15.972943980209347,65627100
2003-04-08,15.577118873596191,15.729358112455222,15.345715741587481,15.412700216870068,54132100
2003-04-09,14.962067604064941,15.631920281169952,14.943799644380196,15.595383200307602,76875800
2003-04-10,14.97424030303955,15.09603206662079,14.785464114831735,15.047314431994424,51608900
2003-04-11,14.736759185791016,15.333536739543785,14.584519942803476,15.156938660161481,71565500
2003-04-14,15.077771186828613,15.150845355685519,14.614963858593981,14.779382480761477,51599600
2003-04-15,14.98033332824707,15.096035413149153,14.675855013288768,15.029049812180697,63399000
2003-04-16,15.175198554992676,15.674542782355996,14.980332628362358,15.589289229828369,86178700
2003-04-17,15.528399467468262,15.552758298659361,15.06559212827436,15.083861251667686,58356600
2003-04-21,15.351797103881836,15.595380701245722,15.272633247783444,15.595380701245722,41557800
2003-04-22,15.686726570129395,15.711084237008308,15.242188405780242,15.26045636556621,58844000
2003-04-23,15.662365913391113,15.8267845012284,15.510126738317934,15.680635032537277,55559300
2003-04-24,15.52230453491211,15.662364282638267,15.418781860181337,15.51621482916411,51703600
2003-04-25,15.357891082763672,15.613653001958463,15.327443705368601,15.424876706824426,53657400
2003-04-28,15.674545288085938,15.796337092445773,15.418783428124469,15.461410211202592,56287600
2003-04-29,15.711087226867676,15.985118290734647,15.638013050831873,15.802431689152057,65877300
2003-04-30,15.57103157043457,15.75980793056819,15.376165500426524,15.668464605438592,55566800
2003-05-01,15.662365913391113,15.802426837192911,15.430962878336684,15.552754682992317,42085800
2003-05-02,15.893771171569824,16.009473277571775,15.564933973930422,15.61974017353699,52695400
2003-05-05,15.747628211975098,16.07037467493639,15.735448793355689,15.98512106758711,50391500
2003-05-06,16.058195114135742,16.137359005748447,15.723268098252593,15.747626933513853,54299500
2003-05-07,15.826791763305664,16.046016647679412,15.73544844864769,15.899867111928,49120000
2003-05-08,15.674545288085938,15.91812773531288,15.656276168984146,15.680634994453202,46401400
2003-05-09,16.052101135253906,16.13735471300337,15.765890704535758,15.771980411731132,58913600
2003-05-12,15.954668045043945,16.119085492336865,15.869413306325638,15.924219509254236,53900800
2003-05-13,15.826791763305664,15.954673333021438,15.765895833035925,15.857240309187162,44501900
2003-05-14,15.601475715637207,15.942491241885383,15.552759211887468,15.88159532182494,45021000
2003-05-15,15.705002784729004,15.838972916804128,15.57103149116049,15.741539882296149,45450200
2003-05-16,15.57103157043457,15.863330675446639,15.473598535430545,15.75980793056819,60620900
2003-05-19,15.077771186828613,15.552757930370388,15.065591771521472,15.467503184713369,55336300
2003-05-20,14.99860954284668,15.223924131043143,14.919445648422279,15.138670527587136,52677600
2003-05-21,14.633235931396484,15.047325681876858,14.547981168553378,14.998609172320744,108960900
2003-05-22,14.712392807006836,14.779378411258651,14.6393186582709,14.736751630913915,93157100
2003-05-23,14.74893856048584,14.943805781935431,14.633237563320147,14.736760302858574,76968000
2003-05-27,15.096035957336426,15.156930693329166,14.74892969011757,14.767198807810974,68486800
2003-05-28,14.864631652832031,15.144752314286512,14.79764605001827,15.089946123164822,91467000
2003-05-29,14.858543395996094,15.022961985395318,14.755020709503185,14.901170179582692,75451300
2003-05-30,14.98642349243164,15.169110022398838,14.925527595278364,15.059497639821467,85096700
2003-06-02,15.004695892333984,15.242189845418874,14.9620691001501,15.21174130707826,66310800
2003-06-03,15.150848388671875,15.175207224162454,14.962072059592707,15.071684496313903,61058200
2003-06-04,15.14476203918457,15.35789607319231,15.065596973844519,15.217836233274832,83484600
2003-06-05,14.669761657714844,14.9316131292681,14.621045185902071,14.901164608452428,115877900
2003-06-06,14.414010047912598,14.955981323944687,14.401830631003465,14.882907145476132,119629400
2003-06-09,14.462724685668945,14.602784477550793,14.371381393637,14.444455562665366,73610000
2003-06-10,15.029048919677734,15.071675695401682,14.523614993321944,14.578421179679172,80655300
2003-06-11,15.150848388671875,15.199564898159828,14.870728749489446,15.02296798682595,75768600
2003-06-12,15.21783447265625,15.309177785447849,15.065595230839168,15.205655054552505,66177700
2003-06-13,15.010786056518555,15.376160397267068,14.913353053851354,15.345713019493447,55157500
2003-06-16,15.46141242980957,15.479681551532858,15.022963961886719,15.102127833035176,69658600
2003-06-17,15.808521270751953,15.918133703474078,15.546670767740743,15.613655239909582,122213900
2003-06-18,15.875500679016113,16.094725458493848,15.65627589953838,15.820694484146681,89957700
2003-06-19,15.875500679016113,16.07036663344401,15.838963602934061,15.887680091541036,63626900
2003-06-20,16.033836364746094,16.06428374749254,15.838970327585162,16.03992607359402,86048900
2003-06-23,15.698908805847168,15.979028413510726,15.522310752890778,15.918132493129452,52584500
2003-06-24,15.650185585021973,15.857230928561789,15.540573207678241,15.61973705715284,51820300
2003-06-25,15.382246971130371,15.82678510041559,15.309171653271882,15.613650014945502,60483500
2003-06-26,15.68064022064209,16.143447605368372,15.35180293616824,15.461415364326191,51758100
2003-06-27,15.607560157775879,16.039920031157937,15.546665415222792,15.802427283021157,76040300
2003-06-30,15.61364459991455,15.905944608481992,15.52839105989075,15.796332250455748,48073100
2003-07-01,15.924226760864258,15.954675310519697,15.461419259542264,15.583211135177203,60926000
2003-07-02,16.36876678466797,16.399215337396907,16.10691620016026,16.137363591395673,94069300
2003-07-03,16.13735580444336,16.41138683930468,16.082549597471097,16.253057925995133,39440900
2003-07-07,16.697589874267578,16.776753720527243,16.411380692876453,16.454007468669545,88960800
2003-07-08,16.86810302734375,16.928997775271288,16.594072015698373,16.6001617227897,61896800
2003-07-09,16.728046417236328,16.8681073936055,16.594076311027955,16.782852633751837,62300700
2003-07-10,16.387025833129883,16.697593910906832,16.192159861542653,16.594071218314514,55350800
2003-07-11,16.63060760498047,16.71586233511879,16.374845737551027,16.41138397682149,50377300
2003-07-14,16.68541717529297,16.935089386647707,16.472282049101775,16.825476969664066,60464400
2003-07-15,16.606252670288086,16.76458158201039,16.502729964988614,16.7280433367332,53567600
2003-07-16,16.758501052856445,16.81939700017732,16.56363495062451,16.78285873488864,49838900
2003-07-17,16.25305938720703,16.60625432973021,16.161716087872136,16.527089285211716,72805000
2003-07-18,16.374847412109375,16.581892809844263,16.28959383474544,16.508818646815996,63388400
2003-07-21,15.857237815856934,16.387029654466737,15.832878982981821,16.362671983084706,48480800
2003-07-22,16.064285278320312,16.17389772504203,15.912046027094219,16.003390507024523,51791000
2003-07-23,16.106904983520508,16.228695625142258,15.918127572543815,16.088635864605525,49828200
2003-07-24,15.832877159118652,16.393117474285646,15.8206977440841,16.307863892029673,53556600
2003-07-25,16.374847412109375,16.411385655116387,15.875503039275666,16.00338456681445,54173000
2003-07-28,16.204341888427734,16.441834684413728,16.131266556551196,16.40529759922196,52658300
2003-07-29,16.119089126586914,16.38094078595175,15.97902931485465,16.368761368889864,62391100
2003-07-30,15.972935676574707,16.17998106971576,15.93639859587124,16.112995453848697,41240300
2003-07-31,16.08254623413086,16.43574107103689,16.021650332286498,16.198248331485875,64504800
2003-08-01,15.936393737792969,16.14343906781796,15.905946373403852,16.03382669762914,42649700
2003-08-04,15.942493438720703,16.08255326111446,15.680641759423452,15.92422431173721,51825600
2003-08-05,15.625825881958008,16.161708327323357,15.589288812067077,16.021647430005192,58825800
2003-08-06,15.619744300842285,15.948581585372471,15.485774200566901,15.55275983145115,56294900
2003-08-07,15.656283378601074,15.717179308823171,15.497955586114186,15.66237308777261,44258500
2003-08-08,15.577118873596191,15.820701423471995,15.52840236362103,15.75980549562974,33241400
2003-08-11,15.59538459777832,15.826787679299246,15.552757806037068,15.59538459777832,36433900
2003-08-12,15.668462753295898,15.692821589914185,15.497955542940927,15.656283334986755,38208400
2003-08-13,15.58929443359375,15.765891302991474,15.528398520821355,15.704996551712007,39636900
2003-08-14,15.607560157775879,15.656276648714009,15.54057570866893,15.625829277437465,37338300
2003-08-15,15.552756309509277,15.625830470750614,15.485770693794008,15.595383097148865,27607900
2003-08-18,15.650185585021973,15.729349434496573,15.504034974235278,15.564930868480973,45817400
2003-08-19,16.210430145263672,16.22869810547795,15.692816645156086,15.741533141548983,72952900
2003-08-20,16.106904983520508,16.15562147246775,15.832874007259319,16.015560550438302,56739300
2003-08-21,15.979033470153809,16.27742229680627,15.912047820387164,16.228705777383286,63802700
2003-08-22,15.966846466064453,16.41138580133404,15.960756758842361,16.307863101544257,65846300
2003-08-25,16.13735580444336,16.16171463487235,15.97293718352657,16.021653682891586,36132900
2003-08-26,16.17997932434082,16.24087522660617,15.808515365865647,16.021650443048006,47546000
2003-08-27,16.088640213012695,16.186073217241187,16.01556487909481,16.14344642307785,30633900
2003-08-28,16.143451690673828,16.186078498746262,15.979033006828669,16.13736198073585,46211200
2003-08-29,16.149532318115234,16.16780027616186,16.046009630377597,16.112994079036476,34503000
2003-09-02,16.600160598754883,16.62451826397801,16.11908422455064,16.259145155181578,74168900
2003-09-03,17.233474731445312,17.294370635814687,16.673234501934047,16.697593328278902,109437800
2003-09-04,17.31263542175293,17.33699308050764,17.044694206496267,17.11167980068355,59840800
2003-09-05,17.282196044921875,17.507510605510625,17.154315655407004,17.190852743626525,64024500
2003-09-08,17.56231689453125,17.611033399532307,17.257838447901364,17.288285827967112,46105300
2003-09-09,17.276111602783203,17.48315592621448,17.239573344389417,17.446618829314062,44315200
2003-09-10,16.776763916015625,17.160407454284364,16.734137114317598,17.06906414186098,54763500
2003-09-11,16.953359603881836,17.117778239966317,16.801120384135405,16.843747179825517,37813300
2003-09-12,17.25783348083496,17.294370558696556,16.715862373499068,16.73413033168348,55777200
2003-09-15,17.270009994506836,17.42224914844574,17.251740877896843,17.2760997000435,41432300
2003-09-16,17.598857879638672,17.629306427939422,17.24566284980347,17.300469075251463,52060600
2003-09-17,17.355268478393555,17.62929949791272,17.336999356594646,17.51359738283875,47221600
2003-09-18,17.9642391204834,17.97032883244587,17.306565327955962,17.34919215019946,67268100
2003-09-19,18.244346618652344,18.250436326514873,17.976406441659144,18.1225559458808,92433800
2003-09-22,17.702383041381836,18.268713340785137,17.544054053049145,17.897249131177915,65678700
2003-09-23,18.02512550354004,18.092109976556994,17.586675767100157,17.73282645357557,57827800
2003-09-24,17.330913543701172,18.086021153499978,17.306555870655522,18.031214937280822,66336500
2003-09-25,17.19693946838379,17.635387935430106,17.184760053925945,17.336999250170308,56224500
2003-09-26,17.166500091552734,17.525784854998545,17.13605154122224,17.215216610588094,49864700
2003-09-29,17.556224822998047,17.604941321441437,17.111686629515486,17.30046291579701,47380300
2003-09-30,16.928997039794922,17.422252839327214,16.898549667153933,17.410073425673694,63333700
2003-10-01,17.367446899414062,17.43443135252573,16.935087000183035,17.069058229392034,58375900
2003-10-02,17.355268478393555,17.507507675572448,17.166492199109744,17.324821103554935,38143600
2003-10-03,17.708465576171875,17.939868673663767,17.61712227878016,17.75718207888033,57303000
2003-10-06,17.77545738220215,17.842441870778803,17.604948982702552,17.75109854163359,34047600
2003-10-07,17.744985580444336,17.885046407206616,17.61101561733686,17.66582177531081,52356800
2003-10-08,17.550140380859375,17.878977715129,17.46488677337908,17.878977715129,46989100
2003-10-09,17.623214721679688,17.872886981992753,17.537959957589774,17.793721926873065,62653300
2003-10-10,17.60494613647461,17.78154421756537,17.45879660117187,17.60494613647461,37604700
2003-10-13,17.525781631469727,17.72064767176932,17.355273265460973,17.647572325910364,39320300
2003-10-14,17.464885711669922,17.519691930716466,17.34309385567911,17.4527062937722,34851300
2003-10-15,17.80168914794922,17.918040385676967,17.575111712805366,17.8812983198716,57242100
2003-10-16,17.899662017822266,17.94865180975575,17.636341448176506,17.703702850088334,42232500
2003-10-17,17.715951919555664,17.936406583804594,17.636342771684056,17.930282713352252,49960000
2003-10-20,17.9731502532959,17.98539799530098,17.636344356210053,17.72820125323917,38794500
2003-10-21,17.9731502532959,18.022140053307247,17.86292291126813,17.9731502532959,44166800
2003-10-22,17.691457748413086,17.887416945370227,17.636344078267772,17.777190773088545,48798500
2003-10-23,17.703704833984375,17.807808299510068,17.207682989072033,17.587353627100626,67357900
2003-10-24,16.295246124267578,16.779020193449355,16.178894925650663,16.699412216295986,210558300
2003-10-27,16.478958129882812,16.59530933252661,16.423844463788846,16.478958129882812,65619100
2003-10-28,16.656557083129883,16.66880366354255,16.460596612402707,16.589195634817116,71752600
2003-10-29,16.37485694885254,16.68716737754754,16.325867146391108,16.632053703777302,73551500
2003-10-30,15.995183944702148,16.55856717504869,15.86658500194461,16.540195563795084,98729400
2003-10-31,16.007431030273438,16.19114364466756,15.989060586440248,16.148277718378264,69623700
2003-11-03,16.338117599487305,16.380983537751348,16.099292418868085,16.136034484807375,57772300
2003-11-04,15.964569091796875,16.301375051646232,15.927827026943755,16.283003435215083,84026100
2003-11-05,15.982939720153809,16.117661394959473,15.921702170511558,16.01355791097038,61514400
2003-11-06,16.062551498413086,16.105417442851124,15.92170591868543,16.08092311803341,68189800
2003-11-07,15.982939720153809,16.221764878948566,15.940073785806966,16.15440345754118,57822100
2003-11-10,15.921697616577148,16.062543122863225,15.921697616577148,15.995182888731366,54579100
2003-11-11,15.799229621887207,15.97069455496534,15.719621612106577,15.927828613698132,64990700
2003-11-12,15.909457206726074,16.007436836069306,15.676755879038227,15.829849195888192,75877300
2003-11-13,15.731866836547852,15.878836255058665,15.58489741803704,15.835970320660817,78949500
2003-11-14,15.61551570892334,15.933950035074554,15.578773646062546,15.737990809138152,83146400
2003-11-17,15.401192665100098,15.578781533523033,15.211357214862593,15.548162158962333,103900200
2003-11-18,15.401192665100098,15.82373068996009,15.382822208373387,15.511420077499201,106868300
2003-11-19,15.523666381835938,15.640017658313123,15.41343897970067,15.48692430379405,78853300
2003-11-20,15.370561599731445,15.695118522486682,15.35831386015347,15.413427520245628,106845700
2003-11-21,15.376690864562988,15.542030734841633,15.358319248750188,15.511412543162773,70712900
2003-11-24,15.756363868713379,15.805353683319195,15.480796599559152,15.511414795684294,99463800
2003-11-25,15.554279327392578,15.891085294282627,15.542031582849113,15.842095484117973,85663800
2003-11-26,15.584903717041016,15.695129949467807,15.50529451983271,15.682883368982331,69758400
2003-11-28,15.74411392211914,15.76860941000237,15.554278563060702,15.615516114759629,33402600
2003-12-01,15.823731422424316,16.050308964612995,15.6155243378127,15.860473505588201,101914600
2003-12-02,15.713492393493652,15.976812992276159,15.682874208150576,15.891081138908422,85121700
2003-12-03,15.71961784362793,15.96456685501105,15.68899965520842,15.811473576895471,93121600
2003-12-04,16.044174194335938,16.06254463810086,15.713492190460698,15.75023424599943,87202400
2003-12-05,15.909457206726074,16.215643840426004,15.872715137724692,15.897209461055843,96610900
2003-12-08,16.068666458129883,16.129903988219016,15.80534589635271,15.995182356429908,90504000
2003-12-09,16.15440559387207,16.295252327078185,16.0747975864158,16.19114882932198,103547100
2003-12-10,16.28299903869629,16.307493352648347,16.154400094419167,16.197267187850787,82853700
2003-12-11,16.295246124267578,16.393225712152717,16.093163078253372,16.28299838377973,79309000
2003-12-12,16.319751739501953,16.417731395243045,16.227895958245885,16.34424723744204,69154100
2003-12-15,16.37485694885254,16.595311643933485,16.33811488900872,16.56469228738945,88860600
2003-12-16,16.57081413269043,16.632051670282348,16.39322655848363,16.42996861383523,73978000
2003-12-17,16.558576583862305,16.583070911442945,16.442225315828097,16.558576583862305,53712300
2003-12-18,16.779016494750977,16.80963583922099,16.564685755495123,16.595305099965138,61177800
2003-12-19,16.754526138305664,16.87087617070418,16.65042267857463,16.834134116684062,76856400
2003-12-22,16.644302368164062,16.797395655335535,16.515703399575298,16.632054624868164,43894800
2003-12-23,16.62592315673828,16.742274328869613,16.54019132885654,16.638170894438115,39609000
2003-12-24,16.558576583862305,16.63206073461374,16.53408108827215,16.619812986818662,19924200
2003-12-26,16.66267204284668,16.687167528303203,16.53407424822703,16.564692437038648,12076900
2003-12-29,16.815767288208008,16.85863439276687,16.632055797849556,16.662673990239576,40426700
2003-12-30,16.85251235961914,16.870882809854052,16.779027054651603,16.785150927399673,34406600
2003-12-31,16.760650634765625,16.870876800943662,16.674917614837533,16.791268819591377,42198900
2004-01-02,16.809642791748047,17.00560200537131,16.736157502634804,16.889250784279106,44487700
2004-01-05,17.232181549072266,17.256677037823053,16.974984757234953,16.98110862942265,67333700
2004-01-06,17.293420791625977,17.317916282768724,17.189317290287907,17.262802595706844,46950800
2004-01-07,17.275041580200195,17.33627911313143,17.152567682346525,17.250547267832978,54298200
2004-01-08,17.244430541992188,17.440389794149713,17.146450915913423,17.38527610847925,58810800
2004-01-09,16.938243865966797,17.183192930404097,16.895377925691427,17.164822480577094,67079900
2004-01-12,16.88313102722168,16.98111065791066,16.748409327026668,16.944368588404622,55845200
2004-01-13,16.797399520874023,16.925997351047556,16.69329601492001,16.87088366154194,51555900
2004-01-14,16.962739944458008,16.981110394921853,16.82189320551575,16.852512569637682,43907000
2004-01-15,16.864757537841797,16.97498372649974,16.791272244060714,16.87088024164853,58504100
2004-01-16,17.03009605407715,17.07296198537903,16.85863232886961,16.968858508784873,63983400
2004-01-20,17.207693099975586,17.268930674738975,17.1035895732807,17.1342077766576,63068500
2004-01-21,17.330163955688477,17.330163955688477,17.054596670971083,17.226060447770514,53570600
2004-01-22,17.15257453918457,17.415895218446636,17.109708599399447,17.366905406119454,78425200
2004-01-23,17.440383911132812,17.611848782936494,17.28116678045987,17.317910003852084,127259100
2004-01-26,17.63633918762207,17.65471079524562,17.342400473697047,17.44650391421324,58299600
2004-01-27,17.299541473388672,17.587356433170626,17.281169858420384,17.53836662793095,63196200
2004-01-28,16.9688663482666,17.41589981781981,16.821896872471825,17.330166747599016,71336000
2004-01-29,17.091333389282227,17.11582887430165,16.883126438653193,17.030095844742686,63748400
2004-01-30,16.932117462158203,17.085210750546633,16.870879913201016,17.048468688375955,40528700
2004-02-02,16.779016494750977,17.023965410468282,16.681036928464057,16.907615405507915,62891800
2004-02-03,16.711669921875,16.87088597112153,16.64430847703334,16.779030198707144,47993800
2004-02-04,16.540199279785156,16.797396055074277,16.540199279785156,16.668797083425158,60648000
2004-02-05,16.50957489013672,16.638173822600088,16.429966917094642,16.570812421404572,55527500
2004-02-06,16.58306121826172,16.65042262375084,16.491205499509448,16.552443034680575,47209600
2004-02-09,16.47283935546875,16.674922470993486,16.442221161726213,16.6504281496013,48108500
2004-02-10,16.54633140563965,16.6259394426514,16.423856244688047,16.454475618930797,37790600
2004-02-11,16.62592315673828,16.67491293952907,16.442211763274962,16.51569585345687,51515300
2004-02-12,16.503448486328125,16.625922353382947,16.49120074922009,16.589180310067352,44537000
2004-02-13,16.28299903869629,16.570813943683955,16.227885372293077,16.521824147770975,67541100
2004-02-17,16.5279483795166,16.595309788372614,16.282999394597777,16.36260737669306,43477000
2004-02-18,16.393232345581055,16.601439346088963,16.374860727415314,16.472840354947355,50334700
2004-02-19,16.20339584350586,16.521830217938376,16.185025393294676,16.485088149506716,61840600
2004-02-20,16.270751953125,16.411597476047177,16.22788602597555,16.325865621748274,57821900
2004-02-23,16.295246124267578,16.387101841908795,16.215636979105387,16.36873023117702,50256800
2004-02-24,16.460594177246094,16.50346129038225,16.258511030213267,16.295254270044257,55426500
2004-02-25,16.350364685058594,16.527952303281012,16.295251004366662,16.472838622589084,64275700
2004-02-26,16.227886199951172,16.31974192597175,16.17277253073704,16.282999869165305,66602700
2004-02-27,16.246257781982422,16.301371451093505,16.13603044376025,16.20951455723575,58266500
2004-03-01,16.350364685058594,16.362611261205224,16.227889579518934,16.307497580513292,51912300
2004-03-02,16.160526275634766,16.344238912583396,16.136031958180368,16.29524910966557,66331000
2004-03-03,16.148277282714844,16.258503446766863,16.056420393991537,16.13602954181722,54998700
2004-03-04,16.148277282714844,16.17889546695004,16.050296523542727,16.1237818009196,44023200
2004-03-05,16.136035919189453,16.289129236889526,16.044180162171276,16.062550612769318,59849800
2004-03-08,15.817608833312988,16.136043361317018,15.805361081925943,16.111547858542927,69367800
2004-03-09,15.750226974487305,15.903320164562832,15.640000858759935,15.799216748591139,81111700
2004-03-10,15.535908699035645,15.799228195621678,15.523660954633728,15.707372448625694,75155800
2004-03-11,15.364442825317383,15.786980636815692,15.352195081677637,15.419556503687124,90536300
2004-03-12,15.542031288146973,15.62164045816077,15.450175541831133,15.542031288146974,64137100
2004-03-15,15.407306671142578,15.572647683835058,15.346069129255477,15.49303852897914,68835300
2004-03-16,15.419557571411133,15.535908808027205,15.370567761468976,15.46854738135329,65453800
2004-03-17,15.388933181762695,15.591016227743362,15.376686609285702,15.462418456668765,56241400
2004-03-18,15.241959571838379,15.327692563447924,15.052124319003847,15.284825483638903,123231000
2004-03-19,15.082748413085938,15.272584908432128,15.039882484462268,15.168481438342234,86281600
2004-03-22,15.00314712524414,15.211354158382164,14.703084322900395,14.99089937788085,127605200
2004-03-23,14.788812637329102,15.101123111410484,14.764318316543271,15.09499923921173,91696300
2004-03-24,14.948029518127441,15.052133007451928,14.807183964338185,14.929657901890472,97584700
2004-03-25,15.425681114196777,15.456299306753237,15.052133091360238,15.064380835586492,85677900
2004-03-26,15.327704429626465,15.62164333925182,15.309332809771355,15.376694247897358,61584900
2004-03-29,15.499160766601562,15.554274431690944,15.309325457965267,15.46241871254492,51881600
2004-03-30,15.431797981262207,15.511405946577597,15.327694538613688,15.437920682586846,59010400
2004-03-31,15.266464233398438,15.431805279567397,15.229722168030621,15.431805279567397,70533200
2004-04-01,15.358312606811523,15.37668421467924,15.21746711718494,15.278704642068693,69051900
2004-04-02,15.829845428466797,15.860463617346094,15.57877254202765,15.60326685952928,98043800
2004-04-05,15.891090393066406,15.909460847766704,15.75636749587978,15.805357321763212,53800300
2004-04-06,15.799229621887207,15.860467181415776,15.71349773935279,15.780859171635147,48992000
2004-04-07,15.670629501342773,15.786980730593278,15.523660080820145,15.762485243168275,63268900
2004-04-08,15.60326862335205,15.829847217902438,15.529784494531341,15.811475601692678,45294600
2004-04-12,15.682876586914062,15.762484581686268,15.572649234145567,15.603267424132781,38786800
2004-04-13,15.584903717041016,15.780863020923645,15.560408220050896,15.725749320705457,56971500
2004-04-14,15.621642112731934,15.725745614385156,15.542032934286304,15.54815680709053,61079600
2004-04-15,15.444052696228027,15.756363188868233,15.370568561494602,15.633889241642773,73756900
2004-04-16,15.407306671142578,15.554276070866239,15.376688484203509,15.511410141947959,51768600
2004-04-19,15.633882522583008,15.67674844408966,15.346066475880475,15.35831421574202,44592100
2004-04-20,15.511409759521484,15.848214479583328,15.480791573337292,15.707368954321751,59902600
2004-04-21,15.584903717041016,15.609398046021553,15.431810364881516,15.52979001682283,49252000
2004-04-22,15.891090393066406,15.91558472200333,15.59715026975623,15.621645766702738,99207700
2004-04-23,16.864757537841797,16.97498372649974,16.742282437543036,16.779024500429014,258269000
2004-04-26,16.681047439575195,16.870882822874673,16.59531555705465,16.809646431365312,89391000
2004-04-27,16.668804168701172,16.760661116642208,16.613690467140394,16.632062090330525,80716800
2004-04-28,16.264629364013672,16.56469204571319,16.209515691047535,16.54019772884436,72842200
2004-04-29,16.21564292907715,16.497335223614304,16.111539432749606,16.23401454654998,77787300
2004-04-30,16.001314163208008,16.380986131392454,15.897210653222707,16.283006494701514,66172200
2004-05-03,16.136035919189453,16.240139421945877,16.038056289302155,16.038056289302155,65916200
2004-05-04,16.123777389526367,16.252376297749592,15.933942129586743,16.13602512707306,55496400
2004-05-05,16.105411529541016,16.28912415426363,16.074793342758394,16.117659271457647,51841700
2004-05-06,15.995183944702148,16.129905589868702,15.940070278950182,16.01967825836477,62693900
2004-05-07,15.78698444366455,16.15440749738382,15.768612823774825,15.940077772050714,68290200
2004-05-10,15.878832817077637,15.952316926418188,15.688997505270875,15.69512020770854,64621400
2004-05-11,15.884960174560547,15.98906365898631,15.793104433716428,15.976815915404664,57917200
2004-05-12,15.884960174560547,15.92170223729637,15.572649721283254,15.8420942400339,64145600
2004-05-13,15.982939720153809,16.038053398030925,15.79310436747103,15.811474814757327,63861500
2004-05-14,15.835970878601074,16.0258062381981,15.701248030879377,15.921702750417316,43775300
2004-05-17,15.640010833740234,15.793104121456523,15.566525541712418,15.597143732052038,55149600
2004-05-18,15.817608833312988,15.903340757002589,15.701257531155774,15.738000785316911,58158600
2004-05-19,15.689010620117188,16.087053187804266,15.689010620117188,15.940083678258722,60052800
2004-05-20,15.756363868713379,15.842096920280541,15.670631985155527,15.76861161436716,52089900
2004-05-21,15.854350090026855,16.044186722564977,15.786989796941851,15.903339925002223,57809300
2004-05-24,15.774728775024414,16.025801614048536,15.762481034582063,15.952316339403245,56250500
2004-05-25,15.982939720153809,16.038053398030925,15.676753139951664,15.74411339334994,66615000
2004-05-26,16.007431030273438,16.013554900887463,15.829843454502234,15.915575307080822,50306900
2004-05-27,16.038055419921875,16.038055419921875,15.87271436544626,16.01968380231039,49071900
2004-05-28,16.062551498413086,16.136036808884995,15.933953665098977,16.0074378075615,37393000
2004-06-01,15.989063262939453,16.087042873147453,15.842093847627453,16.001309838208638,48369500
2004-06-02,16.001314163208008,16.09317109461399,15.927830019694502,15.995191457923049,54020000
2004-06-03,15.854350090026855,16.001319594952957,15.835979631917219,15.95232975997759,45933100
2004-06-04,15.891090393066406,16.068678073890254,15.884966518829778,15.940080218949838,48815300
2004-06-07,16.185022354125977,16.185022354125977,15.903330101020337,15.933949458971536,65218600
2004-06-08,16.289127349853516,16.319745542642796,16.068672624141307,16.093168112780077,58447700
2004-06-09,16.209518432617188,16.31974579719258,16.166652494839912,16.166652494839912,50385500
2004-06-10,16.393232345581055,16.405480091024884,16.154405981463576,16.154405981463576,48109200
2004-06-14,16.47283935546875,16.47283935546875,16.246261918551827,16.258508495243312,67377500
2004-06-15,16.785144805908203,16.901496009669998,16.515700343305213,16.527948084334636,114183400
2004-06-16,16.730043411254883,16.84027082535696,16.62593987215956,16.742291161268387,67431100
2004-06-17,17.00560188293457,17.097457617658,16.711663064615976,16.723909639372476,105427500
2004-06-18,17.360776901245117,17.45263262884779,16.962734636294236,17.005600564641554,134218700
2004-06-21,17.360776901245117,17.5506122273585,17.219931374387087,17.281167747449572,116881700
2004-06-22,17.324039459228516,17.360781526456513,17.030099417376743,17.23830641168417,98932000
2004-06-23,17.330163955688477,17.37915377306108,17.146452432543548,17.26892755997975,58558400
2004-06-24,17.385278701782227,17.544495909912428,17.366908249157998,17.440392395673815,65503800
2004-06-25,17.495500564575195,17.532242626230147,17.299541345070015,17.440386888088227,71136500
2004-06-28,17.317913055419922,17.60572801465448,17.250551635340077,17.513872276005927,77024100
2004-06-29,17.452640533447266,17.50163035489095,17.25668124767253,17.25668124767253,55371700
2004-06-30,17.489376068115234,17.63634547749329,17.385272590471313,17.495499939507116,83544400
2004-07-01,17.532249450683594,17.6608484685469,17.305671952938514,17.575116568644386,78441400
2004-07-02,17.495500564575195,17.562861984283508,17.39139708321193,17.526119922628556,36690100
2004-07-06,17.158695220947266,17.34853056241272,17.10970541773008,17.34240669100944,69158900
2004-07-07,17.207693099975586,17.34241483004737,16.870887022781734,16.94437234609972,66255700
2004-07-08,16.925992965698242,17.238303402643886,16.870879290472008,17.072962376965183,59125100
2004-07-09,17.060705184936523,17.146436996154634,16.92598243244141,17.011715411667844,50249300
2004-07-12,17.079086303710938,17.146447722096358,16.895374831034957,16.944364634949157,45757300
2004-07-13,16.9014949798584,17.11582576277863,16.9014949798584,17.091330282212297,43274100
2004-07-14,17.226055145263672,17.366901848862835,16.742280993625226,16.77902305334243,87656300
2004-07-15,17.066843032836914,17.2689261591069,17.023975924105102,17.177069236976582,46759700
2004-07-16,16.82801628112793,17.268925759521544,16.687170716867417,17.256678014452998,66406300
2004-07-19,17.11583137512207,17.305666739723673,16.90150052192197,16.91374826622122,60354500
2004-07-20,17.3424129486084,17.440392590396396,17.05459789685733,17.1464536650324,89010700
2004-07-21,17.673091888427734,18.303835571258876,17.642472525954368,18.303835571258876,201518000
2004-07-22,17.75881576538086,17.94252718540545,17.654712315897935,17.80168168551935,124640700
2004-07-23,17.164817810058594,17.39139519500829,17.158693939112798,17.379147453116698,97372700
2004-07-26,17.550617218017578,17.58123541325535,17.268926084200384,17.36690571057239,72387600
2004-07-27,17.415895462036133,17.61185471408566,17.22605891460504,17.575112646328694,72968400
2004-07-28,17.50162696838379,17.6302259547959,17.317915465519913,17.35465753249084,62718800
2004-07-29,17.440383911132812,17.63634309718909,17.299538392155977,17.624096524067234,60148400
2004-07-30,17.446502685546875,17.642461814363177,17.348523121138726,17.42200837844911,59552900
2004-08-02,17.464885711669922,17.483256162003027,17.24443096359821,17.311792396177744,52267000
2004-08-03,17.189319610595703,17.40365051498908,17.14645366331892,17.379155020539798,53990900
2004-08-04,17.183195114135742,17.268928173591163,17.14032916841274,17.152576915193432,46217900
2004-08-05,16.858633041381836,17.27504579734869,16.852509169792885,17.24442760741302,55591700
2004-08-06,16.619802474975586,17.060711772651967,16.570812682790297,16.766771851531455,75628000
2004-08-09,16.644302368164062,16.705539916634468,16.595312562989555,16.69329217333857,51877500
2004-08-10,16.974979400634766,16.993351011400538,16.687164506690618,16.71778268995808,57632700
2004-08-11,16.785144805908203,16.846382343046457,16.656547029125857,16.77289706487878,53097300
2004-08-12,16.460594177246094,16.723914889321172,16.44834759864517,16.674925070889255,50279700
2004-08-13,16.54633140563965,16.6871770231272,16.521835906245446,16.540207530791097,43333200
2004-08-16,16.589187622070312,16.656549037846826,16.50957846378734,16.552445562559946,54347200
2004-08-17,16.564687728881836,16.766770754424265,16.52182180952567,16.668791176464826,56879700
2004-08-18,16.815767288208008,16.840262776527357,16.46671475572145,16.491210244040804,58844000
2004-08-19,16.607555389404297,16.80963842192099,16.540193989229152,16.748400891580744,46293000
2004-08-20,16.656557083129883,16.760660608699805,16.558577431771084,16.61368996365203,46494800
2004-08-23,16.730253219604492,16.785529480810446,16.65655231896635,16.748679030491378,39572200
2004-08-24,16.730253219604492,16.865372318410884,16.63812650807947,16.828521868091812,40835300
2004-08-25,16.9206485748291,16.994350646901083,16.693402764561984,16.71182740398896,53512700
2004-08-26,16.853086471557617,16.95135510171036,16.82237679247584,16.865369171735853,35465500
2004-08-27,16.86536407470703,16.982058477041605,16.859223312201003,16.889931810547623,33248700
2004-08-30,16.767099380493164,16.822375627558113,16.49071931662281,16.767099380493164,36679600
2004-08-31,16.767099380493164,16.77938325127524,16.61355451008039,16.760958616556522,52106700
2004-09-01,16.822378158569336,16.90222215921137,16.66883326505496,16.7241095204365,48507500
2004-09-02,16.963640213012695,17.000490659149314,16.797811448216077,16.828519958087497,42161700
2004-09-03,16.650407791137695,16.9636394987465,16.64426585513111,16.865369694095637,46174400
2004-09-07,16.803951263427734,16.816233962953202,16.681114896537768,16.76095888645257,44893400
2004-09-08,16.74253273010254,16.87150985833271,16.668830677217876,16.7670993000945,53278100
2004-09-09,16.75481414794922,16.87150738837252,16.69339597477925,16.76709684541984,56904700
2004-09-10,16.88380241394043,16.896086290982325,16.69340700561099,16.791675679036185,52664500
2004-09-13,16.73638916015625,16.932926386714392,16.42315751603386,16.908359819121763,48239200
2004-09-14,16.853086471557617,16.896078850817634,16.748675905588524,16.810094092297604,55920000
2004-09-15,16.69954490661621,16.828522070007832,16.66883522143627,16.80395549331859,52605700
2004-09-16,16.74253273010254,16.797808976902438,16.687256483302637,16.71796498865619,35951500
2004-09-17,16.896076202392578,16.90836007209982,16.742531345414953,16.82237415560343,65283000
2004-09-20,16.896076202392578,16.98206094743468,16.785523717936,16.85308382987153,51513600
2004-09-21,16.74253273010254,16.908361470502236,16.73639079474095,16.859227159063924,73874400
2004-09-22,16.656557083129883,17.037347912069624,16.625847389534723,16.754825759724334,68409000
2004-09-23,16.79781150817871,16.82237808187263,16.68725899791966,16.699542870493904,52155800
2004-09-24,16.760963439941406,16.865372857272284,16.6995452398108,16.82238046861728,49859800
2004-09-27,16.69954490661621,16.77938774517464,16.662693284400284,16.687261032544235,47813600
2004-09-28,16.748680114746094,16.80395637953045,16.60741906983263,16.711828490586676,62055100
2004-09-29,16.939069747924805,17.006629864538795,16.724106698979323,16.74253250481615,61529300
2004-09-30,16.982059478759766,17.068045387819758,16.902216675476406,16.945209044279306,71218000
2004-10-01,17.350584030151367,17.393576440315353,17.06191986801082,17.086486457480813,66302800
2004-10-04,17.270727157592773,17.47954709899885,17.24001748131661,17.467264399942753,62016200
2004-10-05,17.430419921875,17.473413486256906,17.258450350166772,17.28915886755614,58017700
2004-10-06,17.522550582885742,17.534833288907404,17.338295935100398,17.436564612003902,56999600
2004-10-07,17.301437377929688,17.55939282695507,17.295295442065456,17.528684319088388,38401500
2004-10-08,17.19088363647461,17.39970475499256,17.178599765631343,17.25844375465818,49556600
2004-10-11,17.23387336730957,17.332141976061184,17.15403056199422,17.319859278557896,44691000
2004-10-12,17.215456008911133,17.295298847960336,17.08033573619827,17.09261961034575,56412900
2004-10-13,17.215456008911133,17.362858984316766,17.160179746702184,17.313724659181556,49500700
2004-10-14,17.074193954467773,17.295299005315222,17.074193954467773,17.221598102669223,41548700
2004-10-15,17.19088363647461,17.344428507652257,17.086473077215636,17.178599765631343,49828500
2004-10-18,17.448841094970703,17.473408839512718,17.1847436984167,17.240019952181704,50350700
2004-10-19,17.307580947875977,17.559394484811907,17.301439011431857,17.522544037601786,57026500
2004-10-20,17.626949310302734,17.657657811828564,17.27072530391358,17.332142306965242,69078100
2004-10-21,17.540966033935547,17.74364522025108,17.485689785717273,17.694510907551994,94988500
2004-10-22,17.03734016418457,17.40584811955894,16.93907153227867,17.381280375855216,101912800
2004-10-25,16.969776153564453,17.055762065378108,16.920641848865607,16.99434389164099,61529500
2004-10-26,17.13560676574707,17.13560676574707,16.96977802975895,17.01891233989013,76966600
2004-10-27,17.28915023803711,17.41198658919308,16.939068160133132,17.111038817460642,72392600
2004-10-28,17.20317268371582,17.528688330282975,17.135612545203546,17.264590884958366,63059600
2004-10-29,17.178606033325195,17.289158568341406,17.07419543597153,17.27073392680859,80010100
2004-11-01,17.246170043945312,17.369006481835065,17.17246794692044,17.295304384810194,72930900
2004-11-02,17.344430923461914,17.485691943471757,17.215453776006292,17.356714796016135,89417100
2004-11-03,17.48569107055664,17.596243575116528,17.38742243793774,17.596243575116528,79666700
2004-11-04,17.811206817626953,17.811206817626953,17.430414984017013,17.430414984017013,87867700
2004-11-05,18.00160789489746,18.03231758484461,17.829638317012986,17.94018968645805,95337700
2004-11-08,17.983184814453125,18.10602007054686,17.891056908064083,17.92176660067876,112802100
2004-11-09,18.28412628173828,18.35782717493671,18.026170812634632,18.075305131918444,100401000
2004-11-10,18.25955581665039,18.425384558828906,18.234989246394907,18.37625024686354,84097700
2004-11-11,18.413097381591797,18.474515553383437,18.314828775306847,18.35782114412474,87358900
2004-11-12,18.406965255737305,18.548227477568357,18.302554659490777,18.523659727178675,162269000
2004-11-15,18.749221801757812,18.824520300763606,18.619162419735975,18.714995923464397,104468000
2004-11-16,18.564411163330078,18.715006944391217,18.516493077614214,18.708161503574665,64522600
2004-11-17,18.5986270904541,18.72184234782369,18.52332858747632,18.653389281992403,58830700
2004-11-18,18.53017234802246,18.59862540766015,18.482255597966134,18.571243661551666,63249900
2004-11-19,18.38642120361328,18.53017144679084,18.372730331224908,18.502791007647545,85808600
2004-11-22,18.242673873901367,18.35904370484922,17.866183935582054,18.311126946041355,92410800
2004-11-23,18.160531997680664,18.276901833535902,18.071542608455815,18.153686559614613,70459700
2004-11-24,18.235828399658203,18.297436033897622,18.071541810231,18.222138829764585,60069200
2004-11-26,18.20844841003418,18.359044127703747,18.17422122035897,18.181066658294014,24398700
2004-11-29,18.324827194213867,18.44804252596017,18.215302745024808,18.23583776322624,67079900
2004-11-30,18.352201461791992,18.489107629904364,18.27690424440077,18.311130133611872,75960400
2004-12-01,18.65338897705078,18.673925288154532,18.352196275697136,18.448031088547705,99889000
2004-12-02,18.543867111206055,18.75607046552871,18.42749727709999,18.667082383275268,96088300
2004-12-03,18.639690399169922,18.783441906216257,18.578082796954792,18.5917736653655,76498400
2004-12-06,18.708152770996094,18.783451279196047,18.530175309744944,18.550711622608674,55297400
2004-12-07,18.53017234802246,18.742375657829133,18.482255597966134,18.66023303077072,111656000
2004-12-08,18.728689193725586,18.728689193725586,18.420651027131257,18.489104098111522,95655000
2004-12-09,18.639690399169922,18.72867973820648,18.441178029746887,18.571237362749436,83006000
2004-12-10,18.537023544311523,18.605476625218724,18.509643095328997,18.537023544311523,70949200
2004-12-13,18.65338897705078,18.673925288154532,18.420649340409366,18.55071003279924,93812500
2004-12-14,18.639690399169922,18.70814343559041,18.509631066167376,18.51647519473966,127843200
2004-12-15,18.557554244995117,18.75606668336136,18.530172498664033,18.63285143613854,106303900
2004-12-16,18.591785430908203,18.673929387723017,18.489106464115107,18.58493999237081,88997500
2004-12-17,18.454875946044922,18.701306466451168,18.345351560449625,18.48225769526058,126184400
2004-12-20,18.44803237915039,18.58493721251894,18.406959754069494,18.489103698597585,85552800
2004-12-21,18.53017234802246,18.59862540766015,18.441184284436925,18.482255597966134,94646100
2004-12-22,18.461727142333984,18.584942440973112,18.331667709889633,18.372739040891318,63651900
2004-12-23,18.48910140991211,18.584934911970652,18.365886161189103,18.39326790785357,65801900
2004-12-27,18.37958335876465,18.55071541740187,18.35904704169994,18.489107771841752,55958500
2004-12-28,18.44803237915039,18.502794573624552,18.34535212208185,18.379579309649266,55075900
2004-12-29,18.413806915283203,18.482259991192162,18.359044715682803,18.379581030145637,47594900
2004-12-30,18.317968368530273,18.441183610246792,18.311122932253415,18.406956428862497,48355400
2004-12-31,18.290586471557617,18.41380171225109,18.26320603231099,18.311122780217683,54959500
2005-01-03,18.304285049438477,18.448036659306233,18.242677403157156,18.34535637841469,65002900
2005-01-04,18.372730255126953,18.55070767853828,18.249515015408846,18.393266563624454,109442100
2005-01-05,18.331663131713867,18.550711916529398,18.31797225625446,18.372734452458342,72463500
2005-01-06,18.311124801635742,18.523328125348318,18.23582630053654,18.37957786575923,76890500
2005-01-07,18.256362915039062,18.406958614108035,18.222137035224996,18.35904186011489,68723300
2005-01-10,18.345361709594727,18.386434356140697,18.167385463766397,18.208456804677983,70376600
2005-01-11,18.297435760498047,18.35904339381693,18.215293119828694,18.270055315486175,64712000
2005-01-12,18.331663131713867,18.379579890188047,18.2221387393061,18.324817693984162,72940600
2005-01-13,17.98255729675293,18.345356430739947,17.90725877205343,18.263213772553232,89861600
2005-01-14,17.879871368408203,18.10576554903113,17.825109182367296,18.07153836673462,92180800
2005-01-18,18.016788482666016,18.037324806066245,17.68821514206871,17.81827591233471,69146400
2005-01-19,17.78404426574707,17.975712652717128,17.742972934837084,17.941485455597082,58114100
2005-01-20,17.701900482177734,17.8661871010411,17.61975651992906,17.68820960419729,58380100
2005-01-21,17.558141708374023,17.88671481199511,17.551296272177737,17.76350087736229,76501000
2005-01-24,17.571834564208984,17.797728761650745,17.55129825330206,17.633442191296158,69010900
2005-01-25,17.811426162719727,17.927796022569705,17.62660321372845,17.63344865320599,67580700
2005-01-26,17.80457878112793,17.914103189553504,17.72928026072262,17.845650107879038,64974500
2005-01-27,17.873027801513672,17.90725368175679,17.69505035185545,17.763503417975326,93204100
2005-01-28,17.92095375061035,18.242681629115353,17.77035666675474,18.167384392821855,110466500
2005-01-31,17.989398956298828,18.153685543789635,17.907255009736556,18.0373157144461,71442100
2005-02-01,18.06468963623047,18.092071377074692,17.948319848909055,17.968856154542223,57981700
2005-02-02,18.112619400024414,18.140001160556086,17.9894053945345,18.085238945126946,79329500
2005-02-03,17.92095375061035,18.071549528831653,17.866191530744942,18.05101451240357,62545400
2005-02-04,18.016788482666016,18.051015688333067,17.893573153533428,17.914109476933657,61246500
2005-02-07,17.907257080078125,18.00309060745242,17.838804000967674,17.98255559766301,57763400
2005-02-08,17.962017059326172,18.03047012996512,17.90725486394176,17.92779117682356,61343700
2005-02-09,17.845643997192383,18.009930553575916,17.82510899366537,17.968859240888403,77874800
2005-02-10,17.838794708251953,17.886711446977966,17.797723404434404,17.866176447885792,71796400
2005-02-11,17.77719497680664,17.879875240298084,17.667670581007304,17.818267604456732,83835900
2005-02-14,17.80457878112793,17.879877301533238,17.736125699453464,17.749816576915144,58694000
2005-02-15,17.8045711517334,17.907566865170473,17.756506572773535,17.85263573069326,76551600
2005-02-16,17.70844841003418,17.804577602783958,17.626051023632925,17.763379564414343,57506600
2005-02-17,17.612319946289062,17.75651506176667,17.57798846195077,17.653517989427446,67024800
2005-02-18,17.495588302612305,17.612317164452406,17.44065715055002,17.605450606736873,77091100
2005-02-22,17.323928833007812,17.50245541023483,17.303330468876013,17.337661948870355,96419200
2005-02-23,17.303325653076172,17.406321374055818,17.282725985015585,17.33079056749531,83689400
2005-02-24,17.420055389404297,17.468119974376386,17.26899376845006,17.28959343757883,85236300
2005-02-25,17.337663650512695,17.42692629305607,17.268999374122792,17.39259480969219,62467700
2005-02-28,17.275861740112305,17.42005681650314,17.25526206929595,17.31705977208319,82728000
2005-03-01,17.358264923095703,17.44752757385025,17.25526784420519,17.2964671996263,56394800
2005-03-02,17.344533920288086,17.49559431293821,17.27586962920624,17.296469309429522,67739000
2005-03-03,17.282730102539062,17.378859290400808,17.262130429570707,17.371992732744687,52183600
2005-03-04,17.282730102539062,17.371992732744687,17.25526387191459,17.310195023501578,63058200
2005-03-07,17.488723754882812,17.70844969804711,17.275865679885342,17.28273223839005,80407400
2005-03-08,17.44065284729004,17.591714460435263,17.39945482082391,17.44065284729004,52871800
2005-03-09,17.378862380981445,17.55738898280304,17.358264014011926,17.433793542337153,62991800
2005-03-10,17.461261749267578,17.495593237867688,17.337666294847445,17.461261749267578,59132900
2005-03-11,17.227800369262695,17.495589591587773,17.207200694598434,17.474991226585576,60617900
2005-03-14,17.241535186767578,17.269000112700905,17.13853811294657,17.220935510070937,65550500
2005-03-15,17.104206085205078,17.330797283027053,17.090472967843223,17.234668080818384,71469400
2005-03-16,16.911945343017578,17.14540308532816,16.86388074483518,17.042407330699863,74841400
2005-03-17,16.85014533996582,16.9462745158042,16.843278783168536,16.918808288615065,60573200
2005-03-18,16.69222068786621,17.10420501531664,16.671622322774038,16.84328235007321,135904000
2005-03-21,16.6166934967041,16.7265558248094,16.582360700632286,16.719689265595033,71446200
2005-03-22,16.47249984741211,16.664759593641712,16.451900167924602,16.609828424670734,102113300
2005-03-23,16.602954864501953,16.747148631130646,16.45189323127743,16.472492902079452,79293300
2005-03-24,16.671628952026367,16.802089681693026,16.61669777383446,16.644162708099117,78820900
2005-03-28,16.6166934967041,16.802085356842877,16.602960378275377,16.754020752004593,49802000
2005-03-29,16.42442512512207,16.64414966571315,16.355760878771967,16.575485419363048,74231700
2005-03-30,16.589216232299805,16.609815896249433,16.47935397722455,16.50682019582406,59585700
2005-03-31,16.59609031677246,16.692219506162797,16.561758837607908,16.651021469232937,62382300
2005-04-01,16.56175422668457,16.719681082332603,16.548021114977363,16.64415027760458,64619600
2005-04-04,16.63728904724121,16.657888721395846,16.43816410239455,16.554892969946742,62196400
2005-04-05,16.802085876464844,16.822685554745,16.561762844841184,16.630425819783774,73549600
2005-04-06,16.93940544128418,17.124798518270268,16.788345143181587,16.802076945073388,78020200
2005-04-07,17.234663009643555,17.25526136996326,16.911941394909253,16.93254106489073,77451500
2005-04-08,17.12480354309082,17.33766159597967,17.104203869716294,17.214066175056473,47956300
2005-04-11,17.14540672302246,17.241537249445088,17.069877185423255,17.186606081344596,47791800
2005-04-12,17.38572120666504,17.40632087413399,17.02866816183955,17.111065522053746,67517800
2005-04-13,17.193470001220703,17.474992358219254,17.159137207890296,17.32393068688978,60929300
2005-04-14,17.05613136291504,17.262122762458,17.049264808308756,17.172860171899085,66754400
2005-04-15,16.795215606689453,17.097337606409695,16.760884126802566,16.877612991944794,100251600
2005-04-18,16.925674438476562,17.056136395164724,16.754014451657,16.788347234817973,75766400
2005-04-19,16.911945343017578,17.02867421417287,16.788351223260868,16.966876499463474,65956200
2005-04-20,16.699081420898438,16.960005304784637,16.685348309186192,16.932539081360144,91923500
2005-04-21,17.358264923095703,17.43379445537655,16.802085411871076,16.808951971107927,93562300
2005-04-22,17.152273178100586,17.337666360432088,17.014945913518332,17.20033778618749,80087500
2005-04-25,17.15913200378418,17.35825821572209,17.06986938752144,17.214063146790885,75457900
2005-04-26,17.0012149810791,17.337668590628834,16.98748185995564,17.131677012426962,60464300
2005-04-27,17.15913200378418,17.268994289797593,16.911941205423123,16.932540875173796,47732800
2005-04-28,16.788358688354492,17.11107921226694,16.78149212703772,17.042414908761852,83623100
2005-04-29,17.371992111206055,17.371992111206055,17.021806850906717,17.0836032482769,98641200
2005-05-02,17.323928833007812,17.413192776452327,17.131670449580266,17.323928833007812,54376700
2005-05-03,17.413188934326172,17.440653850329262,17.22779584007387,17.255260756076957,67867800
2005-05-04,17.31019401550293,17.44065598404827,17.24153106226401,17.39945795017254,86864200
2005-05-05,17.323928833007812,17.392593102658513,17.220933083362766,17.303330468876013,59362300
2005-05-06,17.317062377929688,17.49558895621705,17.296464013675546,17.39259320596027,64322600
2005-05-09,17.241535186767578,17.392595553556358,17.200335833374297,17.32393127422975,61872400
2005-05-10,17.097333908081055,17.220929304398112,17.042402766347,17.193464388361946,62235100
2005-05-11,17.104206085205078,17.145404127628485,16.91881292980651,17.090472967843223,59463300
2005-05-12,17.166004180908203,17.2415350183961,17.04927530009154,17.056141858923365,74540700
2005-05-13,17.371992111206055,17.42692326082771,17.15913407012989,17.186600299771673,77204300
2005-05-16,17.557968139648438,17.564856476316663,17.351323294865182,17.378875327722206,50577300
2005-05-17,17.53730583190918,17.56485918282769,17.39265468103526,17.43398339359694,39983200
2005-05-18,17.7026309967041,17.79906513916078,17.50976139797409,17.564866809923142,71182400
2005-05-19,17.85416603088379,17.943711809949015,17.702626514844052,17.737066895911525,52120800
2005-05-20,17.730173110961914,17.854160546827146,17.723284774100968,17.826607199383353,64444500
2005-05-23,17.80595588684082,17.95749546173125,17.73018544248719,17.73018544248719,75421100
2005-05-24,17.737077713012695,17.826623546688175,17.716412683479682,17.77151811508393,61287700
2005-05-25,17.709518432617188,17.750848477896003,17.564867215591384,17.688854723794464,35749000
2005-05-26,17.840389251708984,17.909271327269437,17.72329011740111,17.737066795276462,50579200
2005-05-27,17.957487106323242,17.971263783216838,17.778394248155177,17.792170925048772,54978000
2005-05-31,17.771501541137695,17.92993065883672,17.737061171186024,17.902377311822665,46131100
2005-06-01,17.77839469909668,17.909270505272996,17.640631868115104,17.7232893039408,54621000
2005-06-02,17.764617919921875,17.81283497261359,17.661294162649742,17.709511215341458,27212500
2005-06-03,17.51664924621582,17.778399617160574,17.454655495289003,17.702630498996275,79659500
2005-06-06,17.475309371948242,17.564855114058616,17.433979355144274,17.482196394266456,40756900
2005-06-07,17.571746826171875,17.792168369545177,17.433982704655545,17.447759379570385,54511400
2005-06-08,17.495975494384766,17.64751628272984,17.45464678566155,17.599297923100792,45369700
2005-06-09,17.571746826171875,17.640628886930042,17.461536054485222,17.49597642795629,52767900
2005-06-10,17.51664924621582,17.578642997142637,17.454655495289003,17.557977975561492,39459800
2005-06-13,17.433984756469727,17.557972217663362,17.399544378945357,17.468426447810284,49104100
2005-06-14,17.468425750732422,17.523531140862147,17.385767008629767,17.43398406076626,44243300
2005-06-15,17.39954948425293,17.502871960958707,17.296227007547152,17.495983620669445,50764800
2005-06-16,17.24800682067871,17.37888132106118,17.18601308310119,17.371992982017417,65918800
2005-06-17,17.24800682067871,17.420211355323747,17.16534806596991,17.406434677236227,90821300
2005-06-20,17.29622459411621,17.413323735061066,17.17223711384326,17.20667749666735,50538900
2005-06-21,17.323780059814453,17.351333422569827,17.24801093987047,17.275562988809195,81084000
2005-06-22,17.268667221069336,17.399543010235934,17.24111518398042,17.296220571974338,60492700
2005-06-23,17.433984756469727,17.647519301332625,17.323773971812315,17.33755064834854,105159800
2005-06-24,17.24800682067871,17.495980457172458,17.24800682067871,17.371992982017417,57970700
2005-06-27,17.254886627197266,17.392650722805204,17.2411112686891,17.268663299521215,61636200
2005-06-28,17.268667221069336,17.358214297694513,17.24111518398042,17.282443896521837,53058100
2005-06-29,17.282447814941406,17.440875677117,17.2204540751655,17.37199359805306,55859900
2005-06-30,17.110240936279297,17.31688583141917,17.09646425958565,17.26178043846079,82018200
2005-07-01,17.020694732666016,17.213564274912372,16.99314269166869,17.11713016069733,69718400
2005-07-05,17.206680297851562,17.3513328196577,16.958706610752845,16.98625865873421,61883500
2005-07-06,17.013813018798828,17.275563402154443,17.006924677945168,17.199792966580883,64214600
2005-07-07,16.979366302490234,17.02069502159592,16.876043847817876,16.93114924456422,80082900
2005-07-08,17.282447814941406,17.303112832805503,16.965590776773844,16.972479116061876,56104000
2005-07-11,17.420209884643555,17.482202303171107,17.296222419956006,17.323774459988673,61525400
2005-07-12,17.64063262939453,17.647520968313316,17.358217302806004,17.385769344664823,63384800
2005-07-13,17.67506980895996,17.737063534184728,17.551082358510428,17.58552404686645,44749200
2005-07-14,17.888601303100586,17.97814837040816,17.764615178377394,17.764615178377394,69506800
2005-07-15,17.764617919921875,17.978151144906395,17.737064567631666,17.93682243028723,56472800
2005-07-18,17.59930419921875,17.76462172069771,17.59930419921875,17.709515004327105,39668000
2005-07-19,18.019485473632812,18.081479221784257,17.73707009375027,17.764623454624935,113290100
2005-07-20,18.04014778137207,18.06769982428684,17.82661320815487,17.90927196453191,71424800
2005-07-21,18.212356567382812,18.239908616723884,17.909276141731006,18.115921110147386,112932100
2005-07-22,17.688854217529297,18.143474192051315,17.654412514116025,17.902387523424995,97558900
2005-07-25,17.695743560791016,17.840394781872252,17.66819019649932,17.695743560791016,45174600
2005-07-26,17.592418670654297,17.730181531855543,17.585530330521753,17.716404851590454,51476400
2005-07-27,17.716400146484375,17.77150553909334,17.585525660173207,17.64063105278217,57977300
2005-07-28,17.737077713012695,17.805959830972288,17.675083938230777,17.737077713012695,44738700
2005-07-29,17.64063262939453,17.909271278145496,17.626855951556966,17.757731763381212,59524400
2005-08-01,17.85416603088379,17.943711809949015,17.743955234888286,17.77839561595576,61346800
2005-08-02,18.467208862304688,18.529202582878657,17.819720935579202,17.84038463322654,137510100
2005-08-03,18.770296096801758,18.89428358398209,18.41211031468445,18.432775333819997,139422400
2005-08-04,18.818517684936523,18.942505201923435,18.632536409456158,18.708306850685222,91461400
2005-08-05,19.12159538269043,19.245582881824205,18.77029790641693,18.797851267920695,82212400
2005-08-08,18.68762969970703,19.176691108922576,18.653189329034017,19.14913776133142,77207200
2005-08-09,18.839170455932617,18.949381218502193,18.60497225701829,18.749623390209887,64761800
2005-08-10,18.56365394592285,18.942503490200192,18.494771852286064,18.88050973730875,62818800
2005-08-11,18.784072875976562,18.804736581405376,18.522321220802194,18.58431496472157,48646800
2005-08-12,18.632530212402344,18.6945239502771,18.5292077538832,18.65319522963271,52006500
2005-08-15,18.74306297302246,18.860509424698133,18.4390850068021,18.639434061005833,45976600
2005-08-16,18.4736328125,18.749977096012284,18.445999043005514,18.673983241617336,46894600
2005-08-17,18.61871337890625,18.75688485433995,18.41836296061427,18.5289006680466,52413100
2005-08-18,18.52889633178711,18.70852039375614,18.51507879216339,18.57725640275702,40861900
2005-08-19,18.45981216430664,18.591076171041422,18.445995940739767,18.54962486491427,36043500
2005-08-22,18.591081619262695,18.770705755404563,18.494361437383862,18.508178982713307,41691700
2005-08-23,18.563446044921875,18.70161753166725,18.473633326709535,18.542719728938984,48296700
2005-08-24,18.521987915039062,18.763789592210912,18.50126292292153,18.542714224869723,63645000
2005-08-25,18.673982620239258,18.715433931958433,18.549627367368288,18.58416990751536,39306300
2005-08-26,18.632532119750977,18.70852729801384,18.5634470315632,18.694709753290848,36774600
2005-08-29,18.756879806518555,18.812148645360857,18.521986912010505,18.521986912010505,52307700
2005-08-30,18.777620315551758,18.812162871808148,18.62562990550991,18.694716335736747,55163200
2005-08-31,18.915781021118164,18.957233646133783,18.680889401262828,18.7707007867034,65210200
2005-09-01,18.791431427001953,18.922694149975516,18.75688756486659,18.915785377548442,75974500
2005-09-02,18.667072296142578,18.83978761794024,18.632528441155046,18.7983349919552,52047500
2005-09-06,18.653249740600586,18.853600092538894,18.639432202319394,18.694701037731175,46089000
2005-09-07,18.54962730407715,18.729251411198625,18.52890098943156,18.611804930300487,44656100
2005-09-08,18.383819580078125,18.570351129265006,18.321641957778045,18.51508227807753,52552300
2005-09-09,18.36308479309082,18.52889127014181,18.32854227118081,18.390719864789023,41515800
2005-09-12,18.383819580078125,18.480539740227865,18.321641957778045,18.390728351190727,40550500
2005-09-13,18.294008255004883,18.487449907627635,18.218014402453424,18.335460884811265,63422900
2005-09-14,18.17654800415039,18.40453202453677,18.169639237749294,18.321629463148515,54969600
2005-09-15,18.148927688598633,18.259465397402177,18.114383831026633,18.218014086029207,60357200
2005-09-16,18.010751724243164,18.238735873244476,17.94166533897027,18.19728456916602,187384300
2005-09-19,17.962390899658203,18.148923736790422,17.865670754943633,18.02456851203561,61832300
2005-09-20,17.85185432434082,18.11438101247235,17.74822540317609,18.010752091307623,61043400
2005-09-21,17.610050201416016,17.893303161805644,17.568598902208837,17.824216784651654,68281800
2005-09-22,17.50642204284668,17.6860461040398,17.375158052414573,17.610050954150722,71314900
2005-09-23,17.458065032958984,17.644597896638402,17.354436103485973,17.4856987992189,66396800
2005-09-26,17.458065032958984,17.610054041671845,17.416612406999114,17.547876420445373,56203700
2005-09-27,17.50642204284668,17.582417192735758,17.478786963718616,17.52714835219273,48797900
2005-09-28,17.73440933227539,17.87258211709011,17.53405892606538,17.54096769707745,71019400
2005-09-29,17.920944213867188,17.96239552689255,17.61696484368308,17.692960015657476,66807100
2005-09-30,17.775863647460938,17.9278540000093,17.69296101671961,17.900218911286487,57644500
2005-10-03,17.616968154907227,17.775865982798233,17.57551683409082,17.76204843662152,55341300
2005-10-04,17.257720947265625,17.540974073155244,17.098823109369267,17.52024907029891,151666300
2005-10-05,17.043546676635742,17.306073365471526,17.043546676635742,17.29916591272681,73684700
2005-10-06,17.084999084472656,17.23698940893167,16.94682761953474,17.03663900585872,81724600
2005-10-07,16.988271713256836,17.160986959371517,16.93991165517877,17.112626901293446,50768700
2005-10-10,16.898469924926758,17.050460282680245,16.822476063763617,17.04355151026294,48880900
2005-10-11,16.863927841186523,16.960648022243458,16.75339011491756,16.933014249533034,76567300
2005-10-12,16.78792381286621,17.06426930061601,16.767198823684037,16.91918778777607,71294400
2005-10-13,16.988271713256836,17.084991829412974,16.767196409064088,16.794830163231804,70192000
2005-10-14,17.043546676635742,17.084997981670185,16.926100214277128,17.071180440754294,53846700
2005-10-17,16.94682502746582,17.0573627095944,16.884647416554355,17.050453939747225,46924400
2005-10-18,16.974458694458008,17.154082756343286,16.89155609218056,16.919189853702008,69328200
2005-10-19,17.333707809448242,17.333707809448242,16.926099591421448,16.967550894930543,66574500
2005-10-20,17.1264591217041,17.361350845523845,17.091915252235104,17.306081972087338,58830600
2005-10-21,17.11954116821289,17.271530159237436,16.974459629664445,17.20935254524713,69431200
2005-10-24,17.340614318847656,17.340614318847656,17.050452596687816,17.195532798911234,51868000
2005-10-25,17.29225730895996,17.361342378778915,17.154084533895574,17.236988462476855,41310500
2005-10-26,17.347530364990234,17.49951940027209,17.22317510079892,17.250808871889454,58178100
2005-10-27,17.16790199279785,17.458063764874073,17.16790199279785,17.423519912416644,61566100
2005-10-28,17.63768768310547,17.686047758390078,17.34061714325634,17.34061714325634,106559300
2005-10-31,17.755138397216797,17.824223482618464,17.616965590986393,17.69296076618447,75122100
2005-11-01,17.934762954711914,18.03148445561892,17.69296249672857,17.69296249672857,71370400
2005-11-02,18.280197143554688,18.30783223981558,17.91404134209528,17.91404134209528,75067100
2005-11-03,18.266372680664062,18.404544146554255,18.135108668012055,18.376910380461545,73421600
2005-11-04,18.418359756469727,18.45290228989062,18.273279534846168,18.328548378947502,57464000
2005-11-07,18.660160064697266,18.70852013499831,18.445993474344185,18.459809696063708,77104800
2005-11-08,18.687801361083984,18.777614085896847,18.494361001881423,18.611807498988814,60091700
2005-11-09,18.6256160736084,18.756880061787683,18.611799851994586,18.639433612935285,59562100
2005-11-10,18.715425491333008,18.756876784357722,18.404537499365542,18.6117965999148,73314800
2005-11-11,18.846696853637695,18.92269070105737,18.74306660383324,18.756884146168947,51945600
2005-11-14,18.908876419067383,18.95723650449735,18.791429932574534,18.901967647189746,67152200
2005-11-15,19.05437469482422,19.082090783282183,18.881153106689453,18.936583962029545,65081000
2005-11-16,19.22067642211914,19.317680134805844,19.012810945911497,19.040525726003498,86277000
2005-11-17,19.38003921508789,19.40082629045231,19.234533652266176,19.29689355678303,91351000
2005-11-18,19.449317932128906,19.57403767567381,19.331527210067133,19.483963039544555,75431200
2005-11-21,19.51168441772461,19.567115286803183,19.28996094141031,19.44932452481419,65794400
2005-11-22,19.33846092224121,19.45625167287403,19.303817127998165,19.442393626546394,104253300
2005-11-23,19.345396041870117,19.46318682962326,19.22067622876956,19.345396041870117,70541300
2005-11-25,19.234539031982422,19.35925887589907,19.033601211988532,19.262253818643465,44082500
2005-11-28,19.227603912353516,19.296892839416007,19.075169330077124,19.255320011809058,57517200
2005-11-29,19.179101943969727,19.255319895435466,19.123671066970015,19.255319895435466,62220400
2005-11-30,19.179101943969727,19.24146184579145,19.144456819859688,19.179101943969727,55904700
2005-12-01,19.324600219726562,19.47010704301458,19.213738507495624,19.213738507495624,61006100
2005-12-02,19.40776252746582,19.47012245515552,19.255327882878174,19.276113644390136,42319600
2005-12-05,19.296886444091797,19.414677184587223,19.19988144972291,19.352317303055766,47517300
2005-12-06,19.186023712158203,19.345387258060057,19.179094689956923,19.3315292136575,65980000
2005-12-07,19.227603912353516,19.227603912353516,19.08902605822853,19.172173035018794,55583200
2005-12-08,19.186023712158203,19.269169335421843,19.123663833922546,19.199880434984905,63931600
2005-12-09,19.199886322021484,19.283033292355363,19.15138447331683,19.199886322021484,48467000
2005-12-12,19.019731521606445,19.227596905467635,18.93658457511644,19.192953115349397,63757200
2005-12-13,18.79801368713379,19.00588046904342,18.70793900674307,18.908876763764745,104285500
2005-12-14,18.77030372619629,18.87423648303527,18.60401105093858,18.70794380777756,65076200
2005-12-15,18.65250015258789,18.78414892600756,18.576282232990852,18.76336186023315,79018100
2005-12-16,18.638643264770508,18.763363024000917,18.576283385155303,18.624785220061376,88542500
2005-12-19,18.59014320373535,18.61785929579828,18.465423432604183,18.58321418071962,68680100
2005-12-20,18.610931396484375,18.62478812177648,18.479282594388707,18.541642483719492,62960600
2005-12-21,18.52085304260254,18.645572805299,18.506994997508283,18.61785803668641,75800900
2005-12-22,18.42384910583496,18.555497889190267,18.30605836737514,18.50699473205607,91276900
2005-12-23,18.458498001098633,18.479285074190418,18.319921478548874,18.375352351884032,30689200
2005-12-27,18.333778381347656,18.60400504782469,18.326850678493624,18.48621427566195,37819000
2005-12-28,18.28527069091797,18.472350326047366,18.257555923626125,18.36841763594521,35444400
2005-12-29,18.20213508605957,18.36149872003622,18.195206060028855,18.299138807336387,34495500
2005-12-30,18.118976593017578,18.229838295978833,18.084332806433093,18.118976593017578,49044600
2006-01-03,18.597076416015625,18.707938166088564,18.084340491534206,18.18827321703055,79973000
2006-01-04,18.687149047851562,18.76336698827904,18.5485725362098,18.5485725362098,57975600
2006-01-05,18.70100212097168,18.798005785475294,18.6455712667445,18.680215055045558,48245500
2006-01-06,18.64557647705078,18.70793637067914,18.354564080643836,18.63171842922755,100963000
2006-01-09,18.610931396484375,18.756436923872148,18.541642483719492,18.659433238946967,55625000
2006-01-10,18.707931518554688,18.72178956278367,18.42384821973974,18.465421030850848,64921900
2006-01-11,18.908878326416016,18.97816593786887,18.638651619759287,18.714869578249196,70120700
2006-01-12,18.80493927001953,18.888086231879676,18.687148511637066,18.881157208259985,45994800
2006-01-13,18.83958625793457,18.881159082202654,18.714866463554056,18.72872451216884,41418000
2006-01-17,18.70100212097168,18.839579917327537,18.638642244769127,18.638642244769127,58566600
2006-01-18,18.59014320373535,18.69407590581932,18.500068547682847,18.527783318169767,52376200
2006-01-19,18.721790313720703,18.874224841626194,18.603999576201407,18.61785762098624,60367600
2006-01-20,18.29913330078125,18.71486548648628,18.19520058474904,18.71486548648628,79165900
2006-01-23,18.257556915283203,18.382276678810275,18.222911802316833,18.299129729266916,47925600
2006-01-24,18.209049224853516,18.326839927919913,18.16747510265914,18.25062202547239,63040700
2006-01-25,18.292203903198242,18.40999466471573,18.174413141680752,18.299132927002347,59072100
2006-01-26,18.361492156982422,18.513926710442803,18.22984335260803,18.403064976730505,69509300
2006-01-27,19.255321502685547,19.366183265938652,18.839589229698166,18.86730400972321,134520700
2006-01-30,19.40082359313965,19.52554338483346,19.248389026389564,19.276103801445842,103999200
2006-01-31,19.5047607421875,19.664124369289617,19.310753308002845,19.33846808935357,94841300
2006-02-01,19.42853546142578,19.449321207800207,19.23452679195019,19.373103280224807,68448800
2006-02-02,19.179101943969727,19.393896427146572,19.089025942859973,19.380038377502554,55073400
2006-02-03,19.082096099853516,19.19295784142152,18.94351826210541,19.040521955583362,75022700
2006-02-06,18.82572364807129,19.08209219902466,18.77029278861866,19.061305131138948,60170500
2006-02-07,18.66636848449707,18.81187406038665,18.576292471404592,18.67329751024084,72159500
2006-02-08,18.64557647705078,18.763367240395883,18.506998641970835,18.714865394590753,51795200
2006-02-09,18.47235107421875,18.728719620325037,18.465422051721184,18.68021646284208,52861700
2006-02-10,18.493146896362305,18.631723447187987,18.368427075515612,18.44464503749449,52127000
2006-02-13,18.28527069091797,18.500066414915068,18.250626901409202,18.451563259396593,46707000
2006-02-14,18.465423583984375,18.486210653201987,18.257558178112347,18.299130994971552,58432900
2006-02-15,18.687896728515625,18.72265923789807,18.423708287479737,18.49323198019049,62808900
2006-02-16,18.639236450195312,18.701807660865065,18.4723803304275,18.66704646651723,48868500
2006-02-17,18.562767028808594,18.639241944125775,18.46543326904725,18.541909510419387,41513200
2006-02-21,18.45152473449707,18.576665833785214,18.312477300548544,18.576665833785214,50216100
2006-02-22,18.576663970947266,18.673997695372606,18.402855358968157,18.444570380602364,43043100
2006-02-23,18.534942626953125,18.69484616573689,18.451515270219826,18.58360880605654,47359100
2006-02-24,18.51409149169922,18.590567700049686,18.437616609403133,18.486282805242748,44753800
2006-02-27,18.806095123291016,18.952095076694555,18.541906562636402,18.597525276777095,51301500
2006-02-28,18.68094253540039,18.979892111479092,18.68094253540039,18.736561215374792,65036100
2006-03-01,18.868661880493164,18.910376900775194,18.736568294430032,18.75742447851662,53061200
2006-03-02,18.75047492980957,18.84085616194168,18.70180872453288,18.78523745218909,41850300
2006-03-03,18.722665786743164,18.882569407671348,18.590570856993768,18.639237061097596,45218800
2006-03-06,18.708759307861328,18.875615419985138,18.65314060382006,18.7157118116233,53054100
2006-03-07,18.813037872314453,18.840847877990555,18.63922931500099,18.70180050171816,51613900
2006-03-08,18.945146560668945,19.11895524471178,18.750480357161162,18.764385370137795,57547400
2006-03-09,18.77132797241211,19.063326460580694,18.77132797241211,18.959041570389267,45360700
2006-03-10,18.889516830444336,18.924278016580242,18.687898237904193,18.81304062968025,41297200
2006-03-13,18.847808837890625,18.97295126748613,18.729618912834272,18.896475043610067,40342600
2006-03-14,18.931230545043945,19.035515429649273,18.76437446446457,18.799136976702513,39821800
2006-03-15,19.02161407470703,19.084185278325496,18.778281763530163,18.91037667406408,57152000
2006-03-16,18.959047317504883,19.105045942819036,18.924284792867184,19.007713525942933,73793700
2006-03-17,19.118942260742188,19.230179636902175,18.95903869826897,19.014657386348965,120615000
2006-03-20,19.39008140563965,19.459605090821682,19.237130359082375,19.257987862453184,67094100
2006-03-21,19.285810470581055,19.61952280922259,19.244096759764602,19.285810470581055,73199600
2006-03-22,18.875612258911133,19.11894454561159,18.632279972210675,18.826946066781897,145696100
2006-03-23,18.66704750061035,18.840856134087065,18.534952567872747,18.826951125155816,73682900
2006-03-24,18.778278350830078,18.917324413336807,18.507137401795905,18.569707267988722,69157600
2006-03-27,18.778278350830078,18.979895605583796,18.771325848796614,18.778278350830078,59908600
2006-03-28,18.70180320739746,18.91732547835166,18.639232011627815,18.77827940801686,58520500
2006-03-29,18.785228729248047,18.910371099595046,18.715705042827047,18.736562546569555,53150300
2006-03-30,18.931230545043945,19.042467932096862,18.771326966912156,18.792184474254924,54612000
2006-03-31,18.917335510253906,19.146764233778637,18.917335510253906,18.979906739205205,62190500
2006-04-03,19.160663604736328,19.278853529909334,19.077236202293413,19.237139828687877,57605300
2006-04-04,19.21628761291504,19.327525064209812,19.098097655157463,19.188478913118853,45470000
2006-04-05,19.285810470581055,19.42485794137584,19.21628673518366,19.38314290450443,41539300
2006-04-06,19.160663604736328,19.271901025363317,19.02856999652594,19.23018732414186,51885500
2006-04-07,18.945146560668945,19.271906409289667,18.931241547692313,19.195431490028234,47249400
2006-04-10,18.972951889038086,19.07723680843249,18.910380672190506,18.93123686043657,39432000
2006-04-11,18.861713409423828,18.993808349781023,18.771333498266618,18.972952161235746,42953400
2006-04-12,18.910369873046875,18.910369873046875,18.750465006833977,18.84084619113526,32183000
2006-04-13,18.819995880126953,18.91037709896415,18.771329682008975,18.826948383580156,28160000
2006-04-17,18.66009521484375,18.80609383216909,18.583618990880197,18.792190149129524,35796200
2006-04-18,18.924278259277344,19.11894435187598,18.64618478846091,18.729613492732973,56272700
2006-04-19,18.792184829711914,18.9034222188689,18.743517311658238,18.84780352429041,45111100
2006-04-20,18.792184829711914,18.9034222188689,18.56275754881884,18.80608850881583,45648300
2006-04-21,18.875612258911133,19.042468343091777,18.77132737205502,18.80608855898896,58528000
2006-04-24,18.847808837890625,18.945141249329506,18.757427604936247,18.819998819734,42318400
2006-04-25,18.847808837890625,18.917331231172884,18.785237623092872,18.83390382881231,49222500
2006-04-26,18.840850830078125,18.931230710578557,18.771327131048572,18.82694582506136,39190000
2006-04-27,18.945146560668945,19.209335176949843,18.72962416375124,18.750480357161162,96509600
2006-04-28,16.78990936279297,17.033241651598086,16.685624475034857,16.845528058000912,591052200
2006-05-01,16.887245178222656,17.38086099394454,16.748197759849315,16.908101362740535,174800900
2006-05-02,16.69257354736328,17.380855256389836,16.61609735989788,17.026285650033,190533500
2006-05-03,16.108577728271484,16.699527109750967,16.094672724929826,16.67866960473848,211527100
2006-05-04,16.296302795410156,16.45620646851985,16.087731576260307,16.233731562270705,171257400
2006-05-05,16.546573638916016,16.650859831078584,16.35190890912779,16.449241274021905,131604300
2006-05-08,16.49791145324707,17.38085943057323,16.344960367637587,16.58134016197773,80693500
2006-05-09,16.42144203186035,16.685630599555882,16.331060790188747,16.511821947477173,75345900
2006-05-10,16.525718688964844,16.539623692426677,16.400576309916584,16.456194997709797,76563300
2006-05-11,16.143339157104492,16.53962380206902,16.094672970719582,16.48400378785298,92916700
2006-05-12,16.108577728271484,16.24762510957987,16.025149034275632,16.087720223258994,83115900
2006-05-15,16.157438278198242,16.21327386570756,16.07368556254697,16.12254153521445,67314800
2006-05-16,16.059722900390625,16.750688647346657,15.989928098114987,16.164414438191514,82095100
2006-05-17,15.864300727844238,16.108581916507635,15.86430072784424,15.975971900166012,98598300
2006-05-18,15.934093475341797,16.150456177231376,15.885237510194976,15.94107308910923,95476400
2006-05-19,15.745651245117188,15.982952838763833,15.717734115336961,15.906179733449088,100071200
2006-05-22,15.968993186950684,16.066706466667235,15.668877726410107,15.68981524038651,87322300
2006-05-23,15.906176567077637,16.317963135135546,15.892217339353579,16.129518885761666,79986300
2006-05-24,16.401721954345703,16.42964041793714,16.038789915010714,16.045769530908576,107356700
2006-05-25,16.569231033325195,16.69486147440696,16.4296426897433,16.450580209106395,83052700
2006-05-26,16.555267333984375,16.666938511218046,16.443596156750704,16.5901654088858,46861600
2006-05-30,16.157438278198242,16.583185464972683,16.1504586633564,16.436616215744838,52497500
2006-05-31,15.808469772338867,16.297032292776585,15.808469772338867,16.23421707354243,120202000
2006-06-01,15.92711353302002,15.941072760266925,15.787525254226503,15.871277955257577,80230800
2006-06-02,15.885244369506836,16.045771561798446,15.822429149701287,15.962018822874903,73935600
2006-06-05,15.703775405883789,15.864302568316473,15.696795790400778,15.85732295283346,63914100
2006-06-06,15.445531845092773,15.745648594250484,15.340840296397712,15.738668980174111,126601300
2006-06-07,15.38272476196289,15.627004706194596,15.361785910503377,15.45949788819606,73827500
2006-06-08,15.431573867797852,15.501367345747566,15.333860602462783,15.375738286702925,104126900
2006-06-09,15.298969268798828,15.48741492078381,15.278030419280809,15.459496454759783,52573800
2006-06-12,15.152400016784668,15.42459973619373,15.145421731489582,15.326886436127978,74309700
2006-06-13,15.012811660766602,15.375743732028798,14.977913578207314,15.16635923035027,113175300
2006-06-14,15.271049499511719,15.312927194973827,15.040727499372588,15.068645963013994,86081500
2006-06-15,15.403658866882324,15.445535229290627,15.215213239206623,15.361782504474021,121577300
2006-06-16,15.424601554870605,15.550232004606682,15.208238742117299,15.333867860627485,147506500
2006-06-19,15.738668441772461,15.773566510960505,15.438553034106619,15.452510930556615,129640900
2006-06-20,15.745651245117188,15.885240887694799,15.703774884834102,15.73169334583982,90598500
2006-06-21,16.10857582092285,16.157431773923058,15.724706477728464,15.780542042760827,91660300
2006-06-22,15.968993186950684,16.171398030225618,15.899199698728731,16.094623595710924,76590600
2006-06-23,15.703775405883789,15.962015853853115,15.70377540588379,15.948056622887089,60532600
2006-06-26,15.92711353302002,15.975969497159008,15.794503536624775,15.808462763871681,53644100
2006-06-27,15.955033302307129,16.164416403364456,15.941074073909897,15.975970813677687,84759100
2006-06-28,16.164413452148438,16.22722863724222,15.989927122715727,16.02482385611225,71906500
2006-06-29,16.38078498840332,16.492456193146126,16.206298564589467,16.27609340036016,121395500
2006-06-30,16.26213264465332,16.506413881370563,16.26213264465332,16.429640767312762,73048800
2006-07-03,16.54131317138672,16.55527107327448,16.366826751145194,16.422662352373454,25711400
2006-07-05,16.297025680541992,16.41567645415205,16.262127611112426,16.387757998608397,53093500
2006-07-06,16.387758255004883,16.478491905716105,16.345881902259457,16.366820744244794,44775200
2006-07-07,16.26213264465332,16.436619052133402,16.26213264465332,16.3249478578442,63168800
2006-07-10,16.401721954345703,16.51339314626022,16.317967894797007,16.352865974286303,50565100
2006-07-11,16.122539520263672,16.31098510376574,15.871278742260913,16.31098510376574,88676300
2006-07-12,15.801487922668457,15.968994706546765,15.787530022431119,15.906180827414785,77379300
2006-07-13,15.536270141601562,15.780551382404157,15.529290525438556,15.613044588168977,73099500
2006-07-14,15.557199478149414,15.738664062534353,15.515321806776104,15.550219866253864,67499400
2006-07-17,15.689821243286133,15.780554942649962,15.536273646735145,15.557212499948175,37053500
2006-07-18,15.871286392211914,15.885245626879355,15.689820335212858,15.76659479465789,65047300
2006-07-19,16.331920623779297,16.373796971267105,15.857317581500524,15.927112381463594,82188200
2006-07-20,15.948057174682617,16.366824799573795,15.89920119583667,16.35984518384929,76605200
2006-07-21,16.65995216369629,16.85537596365327,16.05273926656974,16.806520013664024,175483800
2006-07-24,16.750694274902344,16.827468716321164,16.604126338985225,16.75767389059729,59586700
2006-07-25,16.90423583984375,16.953093132405453,16.680893541604956,16.750688342610854,60075800
2006-07-26,17.00893211364746,17.120603285133235,16.8204865125557,16.834445741797765,54942100
2006-07-27,16.65995216369629,17.16945182961955,16.590157378901026,17.15549260641554,85386800
2006-07-28,16.92518424987793,16.94612310138713,16.79257418610472,16.806533420444186,51705800
2006-07-31,16.79256820678711,17.043829010527812,16.757671464589958,16.799547821471617,40254400
2006-08-01,16.74371337890625,16.89028263484159,16.646001429099677,16.764652224390005,49168700
2006-08-02,16.960065841674805,17.029860619747577,16.77162167147039,16.834436838613417,46462000
2006-08-03,16.897260665893555,17.085706278750656,16.855384306778237,16.883302767005418,43155300
2006-08-04,16.953102111816406,17.092690456537717,16.8553888061631,17.029875235484095,45690400
2006-08-07,16.90423583984375,17.085701789969047,16.88329833139955,16.94611351918235,36862400
2006-08-08,16.987993240356445,17.11362364086666,16.890281298281998,17.022889982175787,58171300
2006-08-09,17.057790756225586,17.19737907683134,16.98799593030992,17.09268750357063,44405700
2006-08-10,17.07175064086914,17.169463940999616,16.987997905015284,17.008936754591616,31753400
2006-08-11,17.050798416137695,17.0647576371487,16.89027136818491,17.050798416137695,30255500
2006-08-14,17.12060546875,17.169461446103103,16.994975051998853,17.113625853238766,47831900
2006-08-15,17.2466983795166,17.267712996927273,17.120605330541537,17.197661154593597,48994500
2006-08-16,17.3027400970459,17.323754715077058,17.14162045408283,17.23969357069683,52373600
2006-08-17,17.3027400970459,17.337765351183027,17.23969357069683,17.3027400970459,45674800
2006-08-18,18.06629753112793,18.07330151116742,17.498878946753734,17.547914823794788,128414800
2006-08-21,18.29747200012207,18.304475981838152,17.905182217633573,17.975234059944217,88398300
2006-08-22,17.94720458984375,18.388528690520335,17.94720458984375,18.220405159970824,89312400
2006-08-23,17.98223304748535,18.178377869680553,17.877155989073646,17.968222416729848,44648500
2006-08-24,18.03127670288086,18.11533918757533,17.86315306961978,18.087317913967887,35933300
2006-08-25,18.108327865600586,18.213404934535887,17.996245480585944,18.010254776617206,33115900
2006-08-28,18.178382873535156,18.21340812393782,17.99624863196046,18.101325719296106,34190900
2006-08-29,18.101327896118164,18.199399677941624,17.954218887255156,18.1573691051784,42711200
2006-08-30,18.07330894470215,18.13635548000804,17.961226512186787,18.108335539943194,30283100
2006-08-31,18.003252029418945,18.19939554856158,17.989241396300898,18.122339738667335,26380500
2006-09-01,18.101327896118164,18.192394359793116,17.96122420540366,18.13635315073288,31594600
2006-09-05,17.940208435058594,18.18538787387309,17.905181846565288,17.996249640520155,44222400
2006-09-06,17.940208435058594,18.01726425748841,17.87015659419971,17.87015659419971,50160400
2006-09-07,17.814109802246094,18.003249312412745,17.786088540238893,17.84913504362778,51266900
2006-09-08,17.933197021484375,18.066295340260528,17.83512394316797,17.88416115038981,36866800
2006-09-11,18.15036392211914,18.178385194921724,17.80711134705446,17.814116665255103,55608200
2006-09-12,18.16437339782715,18.199398650464456,18.01726439726942,18.14335744456812,52248800
2006-09-13,18.199392318725586,18.28345476638785,18.08730994592742,18.08730994592742,37706700
2006-09-14,18.444568634033203,18.563656293891928,18.19938800066207,18.206393314315754,74324500
2006-09-15,18.8088436126709,18.87189012183633,18.556657576009176,18.619704085174607,126057700
2006-09-18,18.766813278198242,18.941942175518673,18.68275081958836,18.731786697057686,49135000
2006-09-19,18.81584358215332,18.871884759250584,18.717770520137815,18.731781148443897,43039100
2006-09-20,19.04001808166504,19.07504333431454,18.906919716567003,18.9209303520779,71676400
2006-09-21,18.843870162963867,19.089050900470646,18.808844915946125,19.082045583841595,58495100
2006-09-22,18.675743103027344,18.808841421999862,18.54965009938257,18.794830791344378,47712500
2006-09-25,18.87889862060547,19.04702222801327,18.766816215666935,18.780825514188507,67903900
2006-09-26,19.05402374267578,19.13808486153955,18.82985764140848,18.85087358918812,54766500
2006-09-27,19.222152709960938,19.24316732750955,18.997987881923944,19.04001845314894,66233900
2006-09-28,19.194135665893555,19.278198162986044,19.096063866059037,19.243171565810815,44179700
2006-09-29,19.159103393554688,19.20813927552722,19.061030293482048,19.159103393554688,34283500
2006-10-02,19.166101455688477,19.257167868291713,19.01899252932686,19.138080198809284,52908100
2006-10-03,19.173110961914062,19.250166762925172,19.0610272460184,19.173110961914062,39386200
2006-10-04,19.572404861450195,19.586414157007944,19.17311121131573,19.18712050687348,82191200
2006-10-05,19.558401107788086,19.691499483348192,19.46032932375845,19.558401107788086,81967200
2006-10-06,19.52337074279785,19.6144371846878,19.369256452653705,19.446313597725776,36452200
2006-10-09,19.41829490661621,19.56540389979368,19.348244404855933,19.474336109701035,33366300
2006-10-10,19.397279739379883,19.43931030646732,19.222150817699998,19.397279739379883,34598500
2006-10-11,19.292198181152344,19.383264611418102,19.20813573033775,19.2361556565244,37219600
2006-10-12,19.768550872802734,19.81758808993253,19.29220136011834,19.320221290922106,120174900
2006-10-13,19.87363052368164,20.09779532856359,19.831598620670555,19.852614572176098,129751900
2006-10-16,19.92967414855957,20.034751246610508,19.845611668442146,19.950688766493084,49744800
2006-10-17,19.92266082763672,19.971696697954336,19.73352132544541,19.782557195763022,40122600
2006-10-18,19.97869873046875,20.104791711211337,19.79656457341024,19.96468810235801,40630800
2006-10-19,19.81759262084961,19.929675041945288,19.698504881419467,19.859623194728524,44730800
2006-10-20,19.915658950805664,19.957689513173314,19.733524732375866,19.950684196757457,48887800
2006-10-23,19.92967414855957,20.097797772666627,19.740534570391212,19.82459571438084,48525000
2006-10-24,19.810577392578125,19.915654442776162,19.705499006252904,19.915654442776162,61409600
2006-10-25,19.831594467163086,19.936671530428317,19.712506772495193,19.81057985618645,40717100
2006-10-26,19.859617233276367,19.901647794538565,19.642457774606314,19.845606600813152,69964200
2006-10-27,19.852617263793945,20.16784989847819,19.789570736857097,19.957694363312758,89060100
2006-10-30,19.985713958740234,20.202873457673817,19.838604962855893,19.859620915447284,47296800
2006-10-31,20.11180305480957,20.20987615137563,20.006725977750065,20.076777807832244,61861700
2006-11-01,20.181856155395508,20.30794919025583,20.104800339969007,20.160841540337195,75895900
2006-11-02,20.153837203979492,20.216883724477555,20.020738845580507,20.11180529956233,58674400
2006-11-03,20.125812530517578,20.265916182623886,20.04175140815575,20.209874989006853,41124500
2006-11-06,20.20287322998047,20.34998088807916,20.14683202649606,20.153837343947572,60446200
2006-11-07,20.279930114746094,20.363991250785254,20.174851690505644,20.21688359465289,56511200
2006-11-08,20.300939559936523,20.476068440894142,20.076774806091144,20.160837256846825,77403300
2006-11-09,20.497089385986328,20.595161155677395,20.3149551450403,20.392012299013373,89407500
2006-11-10,20.483078002929688,20.518104588059167,20.420031485824232,20.434042119876022,37855100
2006-11-13,20.560136795043945,20.63719261622361,20.42703843318422,20.44805438593924,47271800
2006-11-14,20.546072006225586,20.679625366304442,20.433606442168216,20.581218332928064,63012500
2006-11-15,20.4687557220459,20.637454092471287,20.461726455691238,20.475783647705086,63943200
2006-11-16,20.714767456054688,20.83426226874526,20.47577783067354,20.48280709503123,64328500
2006-11-17,20.66556739807129,20.763975774821294,20.581218893080212,20.602305348980323,49356700
2006-11-20,21.009998321533203,21.08731891992888,20.73586360459673,20.749922138976967,85703800
2006-11-21,21.031085968017578,21.08731876442823,20.93970817661113,21.024056700879296,66446600
2006-11-22,21.031085968017578,21.08731876442823,20.96079463733036,21.06623096301338,43907200
2006-11-24,20.918615341186523,20.974848124064902,20.834265496521304,20.848324027414726,20456700
2006-11-27,20.721799850463867,20.90455672928421,20.616363550562404,20.869411742882154,72722100
2006-11-28,20.65854263305664,20.679630434246096,20.47578571150149,20.623397638436483,52602300
2006-11-29,20.785066604614258,20.932678530454236,20.686659547851338,20.693688814862345,58775100
2006-11-30,20.63745880126953,20.785069406310893,20.616370997394004,20.679633068324808,53297400
2006-12-01,20.4687557220459,20.595278494343336,20.314114543634354,20.546074970556198,72257000
2006-12-04,20.616369247436523,20.749922645920375,20.50390365103823,20.546077914513674,55123400
2006-12-05,20.47578239440918,20.66556855228198,20.405492416555894,20.637452829279745,45606000
2006-12-06,20.37738037109375,20.475787436878875,20.293031840619562,20.454700974608187,48564100
2006-12-07,20.27897071838379,20.433610564990026,20.25085365134872,20.356289971339134,46831100
2006-12-08,20.66556739807129,20.66556739807129,20.243820851029973,20.25787938209359,108854900
2006-12-11,20.763980865478516,20.9115914557499,20.461729076984945,20.517961874330567,107712000
2006-12-12,20.68665885925293,20.827240172706762,20.53904693832652,20.77803664596314,68529400
2006-12-13,20.771007537841797,20.806153871995377,20.60933842282201,20.806153871995377,46002500
2006-12-14,21.136526107788086,21.1435553761948,20.749925730289753,20.763984267103183,85866500
2006-12-15,21.22086524963379,21.248980968337467,21.108399693428712,21.185718925385213,102783700
2006-12-18,21.009998321533203,21.27007584478507,20.93267906383316,21.220872315149872,56986800
2006-12-19,21.080291748046875,21.20681588865381,20.756953469336494,20.88347626924767,53822100
2006-12-20,21.15058135986328,21.25601768819777,21.0662314927783,21.080290027408406,31202100
2006-12-21,21.07325553894043,21.18572110672527,21.009993489474542,21.178691841151803,32270500
2006-12-22,20.834274291992188,20.988915515713092,20.820217095859633,20.96782771047046,37971700
2006-12-26,21.080291748046875,21.08732101593568,20.665574327477813,20.756953469336494,37098300
2006-12-27,21.101377487182617,21.178696745003116,21.024056888666486,21.08028968557941,31248400
2006-12-28,21.07325553894043,21.10840186680777,20.953760705582123,20.98890703344946,26690600
2006-12-29,20.988906860351562,21.19275019751972,20.967819063805074,20.988906860351562,41739800
2007-01-03,20.988906860351562,21.263041511979374,20.66556735011527,21.024051847233736,76935100
2007-01-04,20.95376968383789,21.066235299811915,20.693693449658923,20.876450410790685,45774500
2007-01-05,20.834274291992188,20.911594903852638,20.700722214209783,20.82724502357798,44607200
2007-01-08,21.03811264038086,21.157607485602323,20.75694869300549,20.841297206870372,50220200
2007-01-09,21.0591983795166,21.213839550815038,20.897529282882243,21.08731544364192,44636600
2007-01-10,20.848325729370117,21.00999482575642,20.686656632983812,20.946732772266923,55017400
2007-01-11,21.57935333251953,21.614498321968146,20.84129648783996,20.9186170734614,99464300
2007-01-12,21.937841415405273,22.0643655507948,21.537182547135576,21.544211814734517,103972500
2007-01-16,21.902685165405273,22.106529798960437,21.81130741495659,21.972976464586193,62379600
2007-01-17,21.86052131652832,22.099511042962504,21.797259251254822,21.972986912415507,58519600
2007-01-18,21.79023551940918,22.050313113901915,21.64965281848943,21.89567187475099,56364300
2007-01-19,21.867544174194336,21.867544174194336,21.572321736350126,21.600437456733008,75826900
2007-01-22,21.59341049194336,21.87457576989804,21.445799927643016,21.832400173787594,56143900
2007-01-23,21.60747528076172,21.762115155858854,21.45283540566458,21.53015467286525,49171200
2007-01-24,21.85349464416504,22.00110525353394,21.544213548402244,21.63559269384607,58527800
2007-01-25,21.40362548828125,22.127622452914792,21.40362548828125,21.84645851807189,97378700
2007-01-26,21.509061813354492,21.95189484349707,21.509061813354492,21.944865577533488,96103700
2007-01-29,21.45985984802246,21.63558748776511,21.32630646642331,21.544208364309455,57605900
2007-01-30,21.42470932006836,21.53717488022395,21.185719669563923,21.48797136524278,61900400
2007-01-31,21.691823959350586,21.860522361243465,21.333339352567318,21.375513617866606,73968400
2007-02-01,21.48094940185547,21.74805620354018,21.3473973417088,21.67776486937601,55355800
2007-02-02,21.22086524963379,21.67775673930381,21.178689660535497,21.663698209604377,60401700
2007-02-05,20.813182830810547,21.10137606312711,20.672600177667835,21.06622972949366,99102100
2007-02-06,20.742895126342773,20.911593535154644,20.539050377760233,20.799127929280065,79281100
2007-02-07,20.644487380981445,20.876447853096035,20.56013750898717,20.83427224675103,65145500
2007-02-08,20.567161560058594,20.946732536019155,20.524987305106396,20.553103028176064,48749000
2007-02-09,20.370351791381836,20.66557433940313,20.335206792613302,20.630429340634592,69823100
2007-02-12,20.34223175048828,20.447668065150292,20.264911160744916,20.307085418470624,52774400
2007-02-13,20.462146759033203,20.596163263049323,20.426878549900213,20.483307684512994,50348100
2007-02-14,20.737228393554688,20.941779934291446,20.560891415131017,20.57499869628756,55588600
2007-02-15,20.779552459716797,20.913568963027057,20.610269092803915,20.864194815845543,63858100
2007-02-16,20.271699905395508,20.41277003342081,20.208218482318568,20.39160911061368,109340300
2007-02-20,20.335176467895508,20.356337385644686,20.081250836281836,20.194106373589218,53978200
2007-02-21,20.701955795288086,20.73016900443318,20.27169325673733,20.278746895359603,68604900
2007-02-22,20.730175018310547,20.83597828299447,20.567945318966974,20.673747238306504,57754400
2007-02-23,20.384552001953125,20.652584930535795,20.37749836221735,20.61026309212113,63787100
2007-02-26,20.504465103149414,20.518572385315476,20.328128112107063,20.426876396580546,63481900
2007-02-27,19.658044815063477,20.433926359721827,19.601617041900248,20.25053576060527,87143300
2007-02-28,19.869657516479492,19.92608531488484,19.69332047829467,19.71448140720099,86333300
2007-03-01,19.81322479248047,19.982508145612453,19.55929909011024,19.6227805157028,80175700
2007-03-02,19.58045768737793,19.862596575743307,19.58045768737793,19.76384830115151,63254700
2007-03-05,19.432327270507812,19.686252855686178,19.333579029757953,19.390006788092712,56454300
2007-03-06,19.629823684692383,19.70741235132297,19.50286090124007,19.608662772335734,49361800
2007-03-07,19.474651336669922,19.67920147964033,19.4323295040465,19.580453227540414,52044700
2007-03-08,19.27010726928711,19.643942196027233,18.762257190328924,19.55224620204166,72175200
2007-03-09,19.24894142150879,19.382956530083135,19.065550838605667,19.340636040288295,80125000
2007-03-12,19.354755401611328,19.3829686306397,19.136096486252917,19.171364704219574,36516400
2007-03-13,18.84689712524414,19.32653395631162,18.839843484158504,19.220732030716025,75169500
2007-03-14,19.326536178588867,19.326536178588867,18.853952934266662,18.917434365992378,75730300
2007-03-15,19.241884231567383,19.375899315411598,19.185456473805644,19.27009743777632,51757100
2007-03-16,19.277158737182617,19.382960656867834,19.1854640988806,19.291266018565818,65055300
2007-03-19,19.629823684692383,19.629823684692383,19.185455287953065,19.284203521596517,49412000
2007-03-20,19.636886596679688,19.862597720379203,19.580458815754806,19.700368018388225,47902400
2007-03-21,20.11651611328125,20.11651611328125,19.439381642356587,19.67919996066908,72808200
2007-03-22,19.9401798248291,20.13767632003623,19.756789261176785,20.116516750032023,47934900
2007-03-23,19.763839721679688,19.940176618528344,19.60866239143287,19.904908431952357,50519800
2007-03-26,19.904911041259766,19.904911041259766,19.538131270195166,19.707414551919733,47491500
2007-03-27,19.552244186401367,19.862597653109315,19.50287004642737,19.777956654680867,58979800
2007-03-28,19.495824813842773,19.749750609330277,19.32654139863277,19.453504296376522,46947000
2007-03-29,19.57340431213379,19.643939371516655,19.390013695876075,19.636885731043932,42629900
2007-03-30,19.658044815063477,19.714472588226705,19.397065523343393,19.573402482646514,47061000
2007-04-02,19.56635284423828,19.700369337412,19.439389992320493,19.672154772388264,41977600
2007-04-03,19.658044815063477,19.792059935486,19.573402482646514,19.650991175250045,39821300
2007-04-04,20.1024169921875,20.299914906610194,19.679207944335708,19.75679665095614,63244200
2007-04-05,20.137676239013672,20.208211277879844,19.961339314520227,19.975446591362257,30131200
2007-04-09,20.15178680419922,20.257588707091116,20.02482398259127,20.158840443771236,31384600
2007-04-10,20.03188133239746,20.20116467744739,19.9049184872739,20.102416395837707,38643100
2007-04-11,19.827333450317383,20.15179289665839,19.742691095207565,19.96134860666975,44050200
2007-04-12,20.130624771118164,20.187052535455358,19.7779509076747,19.79205683975098,43762100
2007-04-13,20.180004119873047,20.24348553935109,19.820276524612254,20.053041280916958,36002900
2007-04-16,20.26464080810547,20.278748086178435,19.897859650272878,20.172946191319365,30740100
2007-04-17,20.34928321838379,20.377496429306515,20.144731721481666,20.194105849604497,33170200
2007-04-18,20.172950744628906,20.222324883684614,20.00366740557602,20.18000438525749,41778400
2007-04-19,20.236425399780273,20.377494129158674,19.93312568086801,19.989553441688155,43648800
2007-04-20,20.46919059753418,20.52561835977735,20.243479548561492,20.440976043740605,60311500
2007-04-23,20.299911499023438,20.448033900967957,20.22232280542721,20.42687298125692,41739100
2007-04-24,20.306970596313477,20.42687847086786,20.16590045101656,20.306970596313477,34236700
2007-04-25,20.448030471801758,20.45508411052253,20.23642669155465,20.35633585911975,39475000
2007-04-26,20.525617599487305,20.701954518133512,20.39160116461989,20.518563961300185,68760300
2007-04-27,21.245075225830078,21.68239008575096,21.160432902269598,21.28034207586289,128298800
2007-04-30,21.118114471435547,21.421414254517536,21.118114471435547,21.252129590897272,67788800
2007-05-01,21.442581176757812,21.456688461118055,21.089907139819875,21.118121708540357,73539300
2007-05-02,21.5906982421875,21.64712601669566,21.37203943879216,21.435520853281872,80686700
2007-05-03,21.844621658325195,21.865782577401433,21.53426958393894,21.58364371643929,82036800
2007-05-04,21.555431365966797,21.654180986428337,21.364988456147117,21.640073705598923,104385900
2007-05-07,21.661222457885742,21.696490642336574,21.498992845442935,21.5272073930036,59889100
2007-05-08,21.689443588256836,21.82346003915704,21.569534415418563,21.64006946038415,60551700
2007-05-09,21.71061134338379,21.816413271483793,21.562487567768173,21.654183558707484,51735000
2007-05-10,21.569534301757812,21.81640628516443,21.534267452132898,21.640069346351712,55398600
2007-05-11,21.788192749023438,21.8516741575949,21.5483743933855,21.562481672033414,43425300
2007-05-14,21.844621658325195,21.858728937709355,21.73176611394034,21.752927033016576,70188500
2007-05-15,21.8658504486084,22.000301041299284,21.823392863964745,21.8658504486084,75013900
2007-05-16,21.986154556274414,22.000307538569473,21.80216983554669,21.936620467944387,45833600
2007-05-17,21.922462463378906,22.035683596395913,21.90830948432619,21.957844911010703,41045600
2007-05-18,21.816314697265625,21.929535814077013,21.639406533535055,21.915382837050046,58453000
2007-05-21,21.97199821472168,22.049838255741008,21.745555931431795,21.745555931431795,41836400
2007-05-22,21.717241287231445,21.887072921234495,21.69601182684287,21.865843460845923,39999500
2007-05-23,21.639404296875,21.823388930102304,21.632327809092946,21.823388930102304,46322500
2007-05-24,21.34927749633789,21.795085480151403,21.200673935265257,21.611102175512436,64046400
2007-05-25,21.568647384643555,21.696021504386728,21.356358084873236,21.427121634697492,47726500
2007-05-29,21.788013458251953,21.81631806697559,21.50495927280125,21.575722819163925,42373100
2007-05-30,22.014453887939453,22.028605516267966,21.58987399493179,21.61817860129109,57376800
2007-05-31,21.717241287231445,22.049828068441354,21.660630742563765,22.02152347095844,85290500
2007-06-01,21.646480560302734,21.865846280464662,21.618174609467893,21.788007615072896,39469400
2007-06-04,21.73847770690918,21.76678366491319,21.512035441686535,21.526188420688545,41434500
2007-06-05,21.639404296875,21.674785386083233,21.46249615142975,21.667710248003218,44265000
2007-06-06,21.434192657470703,21.604024323908803,21.40588670487997,21.49080321295007,38217500
2007-06-07,20.9600830078125,21.434197012419844,20.938853539056094,21.243135842719337,71971400
2007-06-08,21.264362335205078,21.271438824249245,20.811477833996495,20.93177544834281,61346200
2007-06-11,21.243139266967773,21.405894504561434,21.179452200135017,21.18652869086117,48467400
2007-06-12,21.122835159301758,21.398811464644993,21.066224600521036,21.20067383406138,56981800
2007-06-13,21.504959106445312,21.51911208554884,21.122838118566655,21.207753293783078,64435600
2007-06-14,21.59695816040039,21.731407450374885,21.441278046131135,21.47666050378449,59065700
2007-06-15,21.57572364807129,21.8517000048157,21.533266058503482,21.83754837476139,100933000
2007-06-18,21.589879989624023,21.738482251101676,21.526192920504272,21.717254127863523,45412600
2007-06-19,21.554485321044922,21.696012361049785,21.497874774983355,21.568638294985785,46802600
2007-06-20,21.236053466796875,21.589869749783087,21.20067102867705,21.54033568611734,46861600
2007-06-21,21.38466453552246,21.44127511031375,21.165298726919033,21.214832811148593,56564800
2007-06-22,20.868091583251953,21.299748032945214,20.83978697245538,21.22898448140005,86219900
2007-06-25,20.868091583251953,21.066229257637914,20.790251541582023,20.853938603002423,53905800
2007-06-26,20.88931655883789,21.08745284088806,20.87516358163368,20.910544674942013,48340300
2007-06-27,21.136995315551758,21.193605893560125,20.776102374609934,20.776102374609934,53468600
2007-06-28,21.108686447143555,21.20775460760077,21.002541796696192,21.129915917114012,46055200
2007-06-29,20.85393714904785,21.17944892357965,20.549656193112604,21.136991335493722,71193900
2007-07-02,21.04499053955078,21.08744811193993,20.86808241327712,20.99545648014646,47316000
2007-07-03,21.243139266967773,21.384665032382983,21.07330753864796,21.080384029374112,35202600
2007-07-05,21.22190284729004,21.384658031601887,21.108681732142482,21.264360428044835,47838500
2007-07-06,21.20775604248047,21.257291475763015,20.98839023675368,21.16529844936941,57541000
2007-07-09,21.136995315551758,21.193605893560125,21.0945363697685,21.129918824587882,33831400
2007-07-10,20.75486946105957,21.221906989630646,20.648724813602946,21.016694184508165,66013500
2007-07-11,20.868091583251953,20.98131272584322,20.669953908865992,20.691183379240286,48017000
2007-07-12,21.278518676757812,21.30682463740877,20.832710594125164,20.917625776673052,54302400
2007-07-13,21.10161018371582,21.243137285633484,20.98838904206268,21.186526714806913,42173000
2007-07-16,21.250205993652344,21.398808181513992,21.030838931044226,21.059144880942814,48023200
2007-07-17,21.780942916870117,21.85170513285508,21.236065215688296,21.24314170722734,77539600
2007-07-18,21.8800106048584,21.915391712051807,21.582804715444496,21.589881206823723,64414400
2007-07-19,22.297513961791992,22.53103277654216,21.887086913149187,21.972002109584132,121159300
2007-07-20,22.049835205078125,22.078141161424384,21.788011857386692,22.042758715991564,98292600
2007-07-23,22.07105827331543,22.304576946659246,22.02152421377309,22.191355853504785,48910600
2007-07-24,21.79509162902832,22.27628219156704,21.73140456341569,21.943695232025313,59729300
2007-07-25,21.731393814086914,22.148897104497024,21.49080000152869,21.929531403507582,54950100
2007-07-26,21.21482276916504,21.604021467618665,20.882235968408168,21.398807387573708,87025300
2007-07-27,20.797317504882812,21.22897373608784,20.77608939495588,21.179439679989258,69214600
2007-07-30,20.804401397705078,20.86808844956181,20.48596748812371,20.81147788676719,67499600
2007-07-31,20.5142765045166,21.03084816977498,20.507200013933293,21.023771679191672,66554000
2007-08-01,20.7336368560791,20.91054502498661,20.393973495705218,20.485966499370363,80006300
2007-08-02,20.88931655883789,21.080377701988148,20.535500226945793,20.655797833777193,47938300
2007-08-03,20.493051528930664,21.073311736747584,20.45059392581821,20.839792895074787,61535500
2007-08-06,20.903470993041992,20.903470993041992,20.344440501830253,20.55672977588148,59530500
2007-08-07,20.91054344177246,21.080376458802938,20.55672713074618,20.75486475081366,49163000
2007-08-08,21.228981018066406,21.236057507036698,20.66995053673357,21.03084337600497,52898600
2007-08-09,20.7336368560791,21.299743806404457,20.464737033208664,20.97423207376949,72964500
2007-08-10,20.316131591796875,20.556726787250657,19.997697727015403,20.450582165656833,76576200
2007-08-13,20.2595272064209,20.514275455583974,20.125077941320388,20.478894354179104,55492300
2007-08-14,20.07489776611328,20.5151671319126,20.025190065564964,20.42995431795356,42944100
2007-08-15,19.954185485839844,20.586185936453372,19.91867900553734,20.053600921819392,48117700
2007-08-16,19.748247146606445,20.13170891374123,19.535213734487165,19.79795485247205,81447400
2007-08-17,20.060691833496094,20.060691833496094,19.755343033126515,19.947073864209695,76747700
2007-08-20,20.067794799804688,20.231120474973313,19.939974235087277,20.010985810422856,49952000
2007-08-21,19.932876586914062,20.11040488049817,19.79085476470681,19.954180469740177,50786200
2007-08-22,20.039396286010742,20.11040788494001,19.89027314724952,20.074902762692172,44763500
2007-08-23,20.096202850341797,20.11750673375986,19.95418102418832,20.08200161582985,33886600
2007-08-24,20.45836067199707,20.479664555342396,19.93287707271317,20.03229248612451,45158900
2007-08-27,20.231121063232422,20.429953209066838,20.167210779015402,20.31633522699951,32789500
2007-08-28,19.833454132080078,20.231116989237275,19.81925154857338,20.096195154789456,43924400
2007-08-29,20.302135467529297,20.316338055873597,19.75534800617412,19.97548270777727,45753700
2007-08-30,20.202720642089844,20.543574645607617,20.110405169616232,20.181416758957454,33690700
2007-08-31,20.401540756225586,20.536462569697335,20.138799774364106,20.380238238710316,42511900
2007-09-04,20.45836067199707,20.66429414770162,20.224023372932177,20.23822596182906,45689600
2007-09-05,20.224027633666992,20.401555968978887,20.181421212433577,20.34474695585643,47669800
2007-09-06,20.52937126159668,20.600382848187092,20.273730091644538,20.280831385746918,45430800
2007-09-07,20.195613861083984,20.47255749439954,20.110399706138328,20.323434416285945,52160900
2007-09-10,20.224027633666992,20.415758560867932,20.174319916489058,20.35894954774547,37247600
2007-09-11,20.543567657470703,20.557770241394454,20.29502785653688,20.330532961913303,34380800
2007-09-12,20.543567657470703,20.713994601256854,20.45125221639928,20.458353508361153,42364700
2007-09-13,20.706886291503906,20.777897832623115,20.564863209265486,20.678482487715716,35288600
2007-09-14,20.621679306030273,20.671386992417197,20.508059995732182,20.579071556756162,33496600
2007-09-17,20.401540756225586,20.50805740710004,20.323429267948423,20.44414850012153,39536500
2007-09-18,20.543567657470703,20.571971470885252,20.074893223450555,20.38024200564643,77462400
2007-09-19,20.35894203186035,20.529369008311413,20.096199596644208,20.50096518945284,94242200
2007-09-20,20.181411743164062,20.295029716098572,20.124602756696806,20.224018144406234,67168900
2007-09-21,20.34473419189453,20.45835214685735,20.19561113391815,20.373139357851667,135636100
2007-09-24,20.65009307861328,21.026453585479604,20.451260882723492,20.458362177694575,104459800
2007-09-25,20.990943908691406,20.990943908691406,20.671393810337538,20.692696337567803,75621000
2007-09-26,20.948331832885742,21.196871633993013,20.934129248952082,21.076152379422794,60337000
2007-09-27,20.941234588623047,21.104560272130307,20.905729476359106,21.09035903988466,43407100
2007-09-28,20.919925689697266,21.083252688453896,20.75660004537352,20.941229564604537,45819100
2007-10-01,21.140056610107422,21.154259189981477,20.884415590104663,20.91992068535724,43875100
2007-10-02,21.09035301208496,21.196869672866637,20.998037579490102,21.09035301208496,33700900
2007-10-03,20.912830352783203,21.196875308531677,20.799212370483815,21.09745855819482,37633900
2007-10-04,21.09746551513672,21.140073288373898,20.905735953303942,20.990948790911034,37868000
2007-10-05,21.189775466918945,21.296292163317297,21.111662590824622,21.225280580907302,45012300
2007-10-08,21.189775466918945,21.196876760603274,21.019348481794925,21.06195488946761,30265400
2007-10-09,21.374404907226562,21.580337005065402,21.303393325255723,21.324697206176957,63603100
2007-10-10,21.466712951660156,21.566129680108904,21.324691182270772,21.331792473905175,32251500
2007-10-11,21.23948097229004,21.7507618747999,21.154268165754967,21.516424625178736,50788400
2007-10-12,21.42410659790039,21.58743224251022,21.267882244938754,21.32469122369143,31121100
2007-10-15,21.331802368164062,21.537734503347,21.303397188451374,21.374408783299582,47150500
2007-10-16,21.530620574951172,21.715250071448523,21.4667103125316,21.473811603292965,56286200
2007-10-17,22.0703125,22.176829181594933,21.764963686176927,21.835975258717912,86092400
2007-10-18,22.12712287902832,22.17683057660389,21.750762468989727,22.169729283459784,49208600
2007-10-19,21.42410659790039,22.07741053077261,21.381500202444105,22.07741053077261,75200200
2007-10-22,21.66555404663086,21.800475934819417,21.38861033010533,21.38861033010533,58785100
2007-10-23,21.942489624023438,22.098715338008752,21.80756778588147,21.80756778588147,49956200
2007-10-24,22.1910343170166,22.22653943015053,21.658449493408202,21.90698934864544,77979200
2007-10-25,22.716510772705078,22.879837763784074,22.361454334204968,22.418263310187672,169588700
2007-10-26,24.875255584716797,25.58536852938005,24.541504342753882,25.571165945422877,288121200
2007-10-29,24.548608779907227,25.05989106061673,24.46339596941111,24.747439574020298,114655600
2007-10-30,25.25872230529785,25.27292489211162,24.392383471723203,24.40658605853697,107297300
2007-10-31,26.139253616333008,26.27417407558365,25.216104792530988,25.223207437624154,185635800
2007-11-01,26.31678009033203,26.622128796504565,25.819700612223357,25.940418482220988,152078800
2007-11-02,26.31678009033203,26.6292287322658,25.86230564452124,26.430398024568426,96389800
2007-11-05,26.08245849609375,26.345199631534992,26.011448256958385,26.103761026060965,75485400
2007-11-06,25.855213165283203,26.03274140802996,25.47175151082236,25.983033716770148,100966700
2007-11-07,25.223207473754883,25.677679241213735,25.17349979349316,25.592466462031553,74897800
2007-11-08,24.66931915283203,25.493049868734193,24.427880699436642,25.28001386778246,133742400
2007-11-09,23.95211410522461,24.5273066810253,23.89530646686146,24.271665536224994,125136900
2007-11-12,23.703582763671875,23.937918744566957,23.44794154170104,23.660974990387647,84865200
2007-11-13,24.551393508911133,24.7010095941223,23.781937415095328,23.89593101113551,104311500
2007-11-14,24.17379379272461,24.758011398220887,24.045550638559856,24.665390738474763,84063100
2007-11-15,24.05268096923828,24.294917805917052,23.90306481894863,24.05268096923828,64014100
2007-11-16,24.28779411315918,24.408911171196046,24.01705818872819,24.123928419320723,71113800
2007-11-19,24.195167541503906,24.394658408888574,24.1310459623128,24.195167541503906,63026200
2007-11-20,24.63689613342285,24.914755414686336,24.29491255267454,24.38753321903647,100009400
2007-11-21,24.387527465820312,24.743757787058392,24.351904977260837,24.508647188308526,89518700
2007-11-23,24.30203628540039,24.53714691642144,24.01705090216429,24.480151470467444,33467200
2007-11-26,23.48983383178711,24.487277337487946,23.46133474704135,24.28778917991224,80335000
2007-11-27,23.553953170776367,23.938679906921706,23.283217327115384,23.70356927471189,84178400
2007-11-28,24.009939193725586,24.14530582194213,23.439970867256765,23.781951863138058,88585000
2007-11-29,23.93155288696289,24.17378961206769,23.732064778460696,23.924429476439947,53633600
2007-11-30,23.938692092895508,24.30917219443947,23.646583147923618,24.166679429565107,71027800
2007-12-03,23.454214096069336,23.96718687003907,23.283224983294723,23.867442767950052,61770600
2007-12-04,23.347339630126953,23.682197059881137,23.247595557729234,23.32596667684805,54801500
2007-12-05,24.330533981323242,24.594143679216042,23.53257604084587,23.610947152662565,84894700
2007-12-06,24.615514755249023,24.65826337238925,24.1310412989465,24.40890051580378,49209700
2007-12-07,24.60128402709961,24.722403842698007,24.38042279755202,24.65828222686915,40771000
2007-12-10,24.7651424407959,24.900511766248652,24.558530822376294,24.679647884283547,36083500
2007-12-11,24.29491424560547,24.929006694152132,24.173797203926693,24.743765348520185,55070700
2007-12-12,24.55853271484375,25.00025779499011,24.17380310415668,24.65827682476488,63345400
2007-12-13,25.09286117553711,25.25672677416692,24.423146526208594,24.565639178267084,73913200
2007-12-14,25.15699577331543,25.534599186854777,24.943255325523722,24.971754414272308,71126200
2007-12-17,24.50152587890625,25.028748053875113,24.48015292513123,24.957500344921375,58121200
2007-12-18,24.750885009765625,24.936123589157784,24.373279004439567,24.679637311674963,52791800
2007-12-19,24.786510467529297,25.035870646147455,24.49440166493855,24.715262760908317,58469100
2007-12-20,25.306608200073242,25.498972944172568,24.993126423294132,25.142742540541732,59345000
2007-12-21,25.69133949279785,25.691339492797848,25.47047564861752,25.57734586434211,83240500
2007-12-24,26.061826705932617,26.16157081881717,25.684220498525498,25.74121868750138,29622600
2007-12-26,26.083194732666016,26.10456769057636,25.833831779813544,25.940702005010706,30252400
2007-12-27,25.627216339111328,26.040442197799706,25.605840666580633,25.8979494914918,33311100
2007-12-28,25.734094619750977,25.812465776969326,25.41348657559565,25.719845071363686,33447200
2007-12-31,25.36361312866211,25.64147523028983,25.306617656052047,25.577353624963944,35229700
2008-01-02,25.09286117553711,25.62008045498585,24.93611898649064,25.498963467319967,63004200
2008-01-03,25.19974136352539,25.399232264369264,24.836387499047795,25.092873858830878,49599600
2008-01-04,24.494413375854492,25.07863126035382,24.28779900460333,25.071505127373623,72090800
2008-01-07,24.65827178955078,24.793638379970034,24.401785434800534,24.615523157818206,80164300
2008-01-08,23.831819534301758,24.729519143491952,23.79619703004759,24.729519143491952,79148300
2008-01-09,24.537151336669922,24.608399054224897,23.76056888116713,23.767695011833894,74305500
2008-01-10,24.458778381347656,24.579895401962176,24.066922802131224,24.47302520439005,72446000
2008-01-11,24.159542083740234,24.394655417888053,24.024175529966016,24.3234077176212,55187900
2008-01-14,24.50152587890625,24.62976903720078,24.280664775705162,24.55139791626277,52792200
2008-01-15,24.223674774169922,24.49441072381288,24.223674774169922,24.245047735149615,61606200
2008-01-16,23.675071716308594,23.974306661259206,23.162099078005962,23.81043828793969,120778500
2008-01-17,23.589580535888672,24.081177572263094,23.489836446000176,23.895938936444832,94247800
2008-01-18,23.51833724975586,24.22367486065838,23.489840874288895,23.62520749068213,117062000
2008-01-22,22.770248413085938,23.17635088549922,22.442517070054603,22.471016156706675,108521400
2008-01-23,22.74887466430664,22.83436920346124,22.114784956417104,22.428266745198897,137597400
2008-01-24,23.689321517944336,23.767692640524437,22.884240055742765,23.04810571303649,155640400
2008-01-25,23.468461990356445,24.936132480480946,23.418589942821306,24.864887474808672,196992300
2008-01-28,23.311721801757812,23.582454990224406,23.097981354895257,23.525459530797686,81019000
2008-01-29,23.226228713989258,23.432843066951616,23.048113454778225,23.40434397320029,68023000
2008-01-30,22.941247940063477,23.368723512496203,22.834377688043592,23.197734370652473,106432600
2008-01-31,23.226228713989258,23.325975542118897,22.599263599487525,22.73463157698315,103642200
2008-02-01,21.694435119628906,23.689325111794428,21.551942394940795,22.129035347996105,291138900
2008-02-04,21.509193420410156,21.886796800828037,21.452196606823804,21.722931131631174,119998600
2008-02-05,20.711233139038086,21.331074570124507,20.58298999061255,21.309700259083254,137534100
2008-02-06,20.319379806518555,20.91072214236953,20.155514169105736,20.860850110018752,138315600
2008-02-07,20.034393310546875,20.504617212870045,19.87765110383196,20.191134158351,164964900
2008-02-08,20.347881317138672,20.7183612820298,20.119894064562967,20.15551792209743,124872000
2008-02-11,20.098522186279297,20.38350764545458,19.884784450809214,20.31938605303128,156814100
2008-02-12,20.19114112854004,20.39063066099268,20.02727545487069,20.2552627154387,84365900
2008-02-13,20.63287353515625,20.696995145142292,20.326516392781745,20.390638002767787,88986200
2008-02-14,20.305133819580078,20.689863323175814,20.276634733871713,20.575868339253553,69113500
2008-02-15,20.248138427734375,20.404879333394117,20.127020022798252,20.169767295448857,68166100
2008-02-19,20.14799690246582,20.627200289944057,20.07647374411862,20.598590480928866,68261200
2008-02-20,20.18376350402832,20.21237332112943,19.969195332534653,20.133697688292543,93056200
2008-02-21,20.097936630249023,20.713032687203068,19.997803635337917,20.46985606462478,98776500
2008-02-22,19.797544479370117,20.30535655668903,19.454234790687632,20.198072449499684,125705400
2008-02-25,19.9119815826416,20.19807299764104,19.65449862704637,19.776087648945065,109974300
2008-02-26,20.298194885253906,20.641505782258765,19.790383038490322,19.84044884150185,108923500
2008-02-27,20.212377548217773,20.512773869646587,20.097940984263126,20.162311722011548,75199500
2008-02-28,19.976348876953125,20.219526878818534,19.883368330491574,20.040719604752276,83002900
2008-02-29,19.454240798950195,19.904834733983805,19.325499284885776,19.804703051574528,117411400
2008-03-03,19.30403709411621,19.590128518318576,19.21821034895126,19.482844404766627,76544300
2008-03-04,19.733171463012695,19.761779918336206,19.282576354993715,19.3254910842659,86925600
2008-03-05,20.11225128173828,20.319667097878924,19.811854879865223,19.847615804105807,106489800
2008-03-06,19.7188663482666,20.148004087188365,19.66880052882746,20.06932844853185,91127700
2008-03-07,19.933443069458008,20.076488124421346,19.540066098877382,19.554371013631243,77597600
2008-03-10,20.062175750732422,20.212374571421883,19.847607565966044,19.904825839516494,72175100
2008-03-11,20.94190788269043,20.984821245371773,20.298200621514262,20.31250553047178,98740700
2008-03-12,20.477014541625977,21.09211218466428,20.412645158793076,21.04919880804513,75993800
2008-03-13,20.469863891601562,20.73449797803166,20.14085769256346,20.412645600141676,84552200
2008-03-14,19.99779510498047,20.74878610760717,19.768922124283385,20.54136911623133,105214900
2008-03-17,20.24098014831543,20.548528836494707,19.51144760531718,19.525751148527732,84490100
2008-03-18,21.042041778564453,21.084955145858036,20.50561991272497,20.50561991272497,83695300
2008-03-19,20.469863891601562,21.163635846076644,20.469863891601562,21.013436978374646,61442100
2008-03-20,20.870384216308594,20.89899266936652,20.448398961222566,20.555683047524347,60170200
2008-03-24,20.863231658935547,21.027734014731745,20.784556026080335,20.977668198984308,48294700
2008-03-25,20.84177589416504,21.00627962676586,20.698730890231577,20.97766980746441,49149000
2008-03-26,20.42694664001465,20.791713714824564,20.298205159000386,20.763105254705565,45868100
2008-03-27,20.062175750732422,20.376876937355522,20.026414841335107,20.36972448263781,47894400
2008-03-28,19.962053298950195,20.33397293026898,19.904834999069756,20.19092649847195,49244000
2008-03-31,20.298194885253906,20.44839365847931,19.911972001885815,19.94058044752491,46780600
2008-04-01,21.099258422851562,21.127868241626548,20.477008506408065,20.620054871900503,65796200
2008-04-02,20.856081008911133,21.156477293574103,20.741644458962504,21.149324838678403,49499400
2008-04-03,20.741649627685547,20.970522784616936,20.59860322250762,20.741649627685547,38961400
2008-04-04,20.856081008911133,20.927604193676846,20.555684724248163,20.834623644224035,43860800
2008-04-07,20.856081008911133,21.163629748469802,20.763101823649603,21.135019928887004,44428600
2008-04-08,20.562833786010742,20.741641036323877,20.412636350559414,20.69872767822222,44733500
2008-04-09,20.6629695892334,20.77025505247522,20.4126404795127,20.541380579858487,45839300
2008-04-10,20.82032585144043,21.027741643961168,20.59860378098407,20.62006115160001,65591600
2008-04-11,20.2266845703125,20.74880161835979,20.17661737469056,20.648669955499102,54373700
2008-04-14,20.0693302154541,20.248137508731254,19.97635102319419,20.198071684884276,43418100
2008-04-15,20.205217361450195,20.36971968866857,20.04786748726622,20.112238200384876,34310000
2008-04-16,20.705883026123047,20.777404844892487,20.298201292504487,20.434095203710672,54107400
2008-04-17,20.899003982543945,20.98483211656109,20.67013077742078,20.82748212908689,48743300
2008-04-18,21.456876754760742,21.528399950114906,21.177937793490127,21.464029210715307,73658900
2008-04-21,21.757272720336914,21.88601419698488,21.542704502051276,21.59277032870516,54411700
2008-04-22,21.635683059692383,21.95753674179413,21.435418394807808,21.914622008052948,67387500
2008-04-23,22.493961334228516,22.501112426518475,21.67144657334155,21.77873205637313,98351500
2008-04-24,22.74428939819336,22.95885762557213,22.286543118883174,22.62270037222765,115416700
2008-04-25,21.335285186767578,21.735813123102684,21.170782812011005,21.492635106422824,145194900
2008-04-28,20.73448944091797,21.34243438998688,20.612900451104185,21.313824573940764,97473000
2008-04-29,20.484163284301758,20.670123034855955,20.348270722282127,20.59859984399797,84428900
2008-04-30,20.39833641052246,20.8918435593478,20.391183955065248,20.55568633800703,74733600
2008-05-01,21.027734756469727,21.09210548304168,20.369723945882917,20.3840288549414,71699400
2008-05-02,20.913297653198242,21.185085461277396,20.641511209310263,21.163628098263406,66024200
2008-05-05,20.798860549926758,21.62137367788525,20.73448982681607,21.406805510310384,119687700
2008-05-06,21.24230194091797,21.356738472295767,20.691575281042887,20.741641092996794,93582000
2008-05-07,20.891841888427734,21.557005186644,20.798862703303147,21.235152901959253,88775000
2008-05-08,20.93476104736328,21.020587795762943,20.741648817176696,20.94191350376185,69589900
2008-05-09,21.020587921142578,21.135024495819074,20.705888022878007,20.891846433583627,51621200
2008-05-12,21.44972038269043,21.49978620104029,20.991974198701723,21.027735107754125,64278800
2008-05-13,21.37793731689453,21.629187997493904,21.198471762630113,21.535866511730354,70934700
2008-05-14,21.485620498657227,21.722515020977294,21.342047480008915,21.456905347242053,66730400
2008-05-15,21.858898162841797,21.916327067324914,21.492788383307,21.52150215094202,53355800
2008-05-16,21.528682708740234,21.880434948829198,21.47843258432941,21.873256164025765,81538200
2008-05-19,21.148221969604492,21.456902967006425,21.040542902170092,21.442546762105167,59615000
2008-05-20,20.645715713500977,21.040539350518586,20.55239286672077,21.033360564672925,75767600
2008-05-21,20.279603958129883,20.853893080055332,20.236532616288795,20.6816063434777,60125100
2008-05-22,20.437536239624023,20.602645585406613,20.229356914648513,20.301143408134834,52203100
2008-05-23,20.136032104492188,20.337033992867447,20.06424698719913,20.28678386307697,48890700
2008-05-27,20.416006088256836,20.45907744687038,20.136038834234277,20.179111562061625,47334500
2008-05-28,20.22936248779297,20.509328383384787,20.128862190752596,20.502149595137066,52318500
2008-05-29,20.322677612304688,20.58828721717482,20.200640988858428,20.250891121592755,47699200
2008-05-30,20.32985496520996,20.602643336843293,20.24371227779873,20.372926308915577,63399200
2008-06-02,19.956565856933594,20.358569619263086,19.777100331712198,20.272425564702967,77028400
2008-06-03,19.60481071472168,20.322672710258164,19.57609694689103,20.03552818588619,86616700
2008-06-04,19.769927978515625,19.841713111617086,19.525854692172448,19.583283620181803,79567400
2008-06-05,20.31549835205078,20.31549835205078,19.812995667224918,19.899138358697517,76063400
2008-06-06,19.73402976989746,20.222176236889315,19.73402976989746,20.09296083454284,78500800
2008-06-09,19.89196014404297,20.035533126237656,19.59763676283595,19.848888797069936,66787100
2008-06-10,20.02117347717285,20.308319411773617,19.61199230034404,19.64070744148943,77433900
2008-06-11,19.468429565429688,20.057076534764015,19.461250776875133,19.99246880698694,59330800
2008-06-12,20.272438049316406,20.494975054258788,19.51868292687801,19.669433403680035,113996300
2008-06-13,20.868249893188477,21.22718092367115,20.459068737512347,20.55239020298402,131969100
2008-06-16,20.76774787902832,20.896963258102133,20.55956724180649,20.832355568565227,74718900
2008-06-17,20.674434661865234,20.904151758777562,20.667257243436676,20.846722826852915,44256700
2008-06-18,20.43035888671875,20.7175048808098,20.43035888671875,20.49496659846788,49677800
2008-06-19,20.76774787902832,20.95439216333348,20.33703040518665,20.494959552269584,62037800
2008-06-20,20.26525115966797,20.760576499721978,20.171929668835507,20.746218925989723,97480400
2008-06-23,20.078603744506836,20.39446347234373,19.949389708277245,20.315498198081162,57145300
2008-06-24,19.906326293945312,20.107328281789005,19.74839704084857,20.042720548882606,65218300
2008-06-25,20.351396560668945,20.58111227851837,19.927857692428944,19.963750259887785,64280200
2008-06-26,19.92067527770996,20.243713802871714,19.92067527770996,20.12167717883432,67049100
2008-06-27,19.834535598754883,20.03553754430804,19.712498947742922,19.870429536825306,73450200
2008-06-30,19.748388290405273,20.08578301447379,19.73403071851808,19.906317473524137,57830500
2008-07-01,19.288955688476562,19.65506416328121,18.980274759056698,19.576100261467133,100327800
2008-07-02,18.57827377319336,19.382280067329113,18.57827377319336,19.310493571014817,84669000
2008-07-03,18.65006446838379,18.736208557198132,18.377277364030405,18.642885680214775,37074500
2008-07-07,18.68594741821289,18.94437679422089,18.269587533808465,18.743376320571674,71527600
2008-07-08,18.556737899780273,18.807989940318446,18.312664645453303,18.614166820256415,65553200
2008-07-09,18.111661911010742,18.556737051259553,18.075769350809416,18.51366570517528,54255800
2008-07-10,18.269596099853516,18.427525313085,17.93219994223971,18.09013052468487,57830600
2008-07-11,18.126020431518555,18.40598624954023,17.85323339975557,18.061412724403784,69532600
2008-07-14,18.054235458374023,18.52802443763467,17.996806532682236,18.291129948004347,51216200
2008-07-15,18.772092819213867,19.12384506850666,17.896301588477517,17.896301588477517,92719300
2008-07-16,19.568920135498047,19.590456490452073,18.60698485496327,18.757735232001753,82060400
2008-07-17,19.75556755065918,20.035533363114023,19.46124416597243,19.798638898141437,96526100
2008-07-18,18.56391716003418,19.001812176391674,18.025520503366955,18.922848264478993,150277000
2008-07-21,18.405981063842773,18.786448413079892,18.327017175671365,18.42033863231506,77575600
2008-07-22,18.520849227905273,18.62135089418708,18.29113348077061,18.334206210268754,88657200
2008-07-23,18.973094940185547,19.267418282621836,18.55673498972348,18.56391377480891,79408800
2008-07-24,18.262414932250977,18.78645401482983,18.262414932250977,18.72902509302959,81092600
2008-07-25,18.779272079467773,18.8223434212922,18.305483211759302,18.405983465754048,58682300
2008-07-28,18.305482864379883,18.743379167127014,18.190625042218873,18.70748524194342,59707800
2008-07-29,18.743375778198242,18.800804678895215,18.23369308645124,18.319837122103195,66368200
2008-07-30,18.82952117919922,19.016165475873493,18.592626758269027,18.80798619406851,51977700
2008-07-31,18.463409423828125,18.86541311391413,18.45623063980376,18.556732246931787,60461000
2008-08-01,18.262414932250977,18.628524822182552,17.99680531316644,18.6069884630524,82720200
2008-08-04,18.147554397583008,18.341376124158902,18.025517785702398,18.226518297590484,60588300
2008-08-05,18.81517219543457,18.865423711834616,18.305490566301362,18.40599086067381,84297600
2008-08-06,19.39662742614746,19.49712764653582,18.9371949132018,19.188446833385505,95550000
2008-08-07,19.662246704101562,19.920677553758125,19.188457725873594,19.31049436385435,82565800
2008-08-08,20.193471908569336,20.26525843378444,19.518682131504008,19.633540024162535,80814100
2008-08-11,20.028352737426758,20.38728379497639,19.856065994108533,19.999638964813716,68743800
2008-08-12,20.186290740966797,20.358577547971343,19.79864439829619,19.94221742207356,62813000
2008-08-13,20.03554344177246,20.459082451176045,19.92786433429331,20.150401338978774,51165200
2008-08-14,20.03554344177246,20.301153184820897,19.78429127817835,19.970935703442144,49732300
2008-08-15,19.9637451171875,20.207818346832184,19.798637158667074,20.085781732009842,47267400
2008-08-18,19.87760353088379,20.13603297660096,19.777101897736674,19.942211234616433,38078200
2008-08-19,19.690210342407227,20.00012236842436,19.65417463575718,19.84877075088525,40332900
2008-08-20,19.668596267700195,19.87760591293825,19.582108617297663,19.848777612587117,41497200
2008-08-21,19.589317321777344,19.625353043250065,19.358685405132743,19.53165934261619,43614200
2008-08-22,20.06499481201172,20.09382311255743,19.618144468819295,19.625351887624365,47930400
2008-08-25,19.935258865356445,20.06498962093554,19.791113275896517,19.899223155328574,51381300
2008-08-26,19.654170989990234,19.978496413701915,19.582098215385248,19.877595354059235,44774400
2008-08-27,19.863182067871094,20.028949874747358,19.553270075256524,19.704623051156776,33975300
2008-08-28,20.137069702148438,20.187520264312393,19.892022936202324,19.899230355750706,48372600
2008-08-29,19.668596267700195,20.021751538717613,19.668596267700195,19.949678725827933,50735500
2008-09-02,19.531660079956055,20.00733876966156,19.5028304019498,19.9424733688222,66079200
2008-09-03,19.38751220703125,19.589315805815595,19.344269069675516,19.45958501907384,57127700
2008-09-04,18.991104125976562,19.380294913216847,18.991104125976562,19.272186437576426,66141900
2008-09-05,18.486608505249023,18.89742181374959,18.472193665556954,18.76048496069925,82305200
2008-09-08,18.825340270996094,18.976691882587826,18.50101342519375,18.890204265482524,62110800
2008-09-09,18.810930252075195,19.171292895315432,18.77489316294654,18.883003055658122,85735700
2008-09-10,19.05596923828125,19.358673790939022,18.919031104426253,19.113627182850642,75064900
2008-09-11,19.704626083374023,19.791112333191023,18.76047650393918,18.810927045444792,72913300
2008-09-12,19.90643310546875,19.99291937041117,19.41633968854705,19.560483921675885,75628500
2008-09-15,19.32984733581543,19.812733217139506,19.264981965587264,19.401920122143842,82349400
2008-09-16,18.731651306152344,19.09201397393059,18.392910893323606,18.80372411464289,111729700
2008-09-17,17.70821762084961,18.645161188553466,17.657767077718287,18.544258727616622,106972100
2008-09-18,18.20551872253418,18.270384100527973,17.304612222258385,17.873984415602088,132291300
2008-09-19,18.133447647094727,19.02714681515309,16.93704381125254,19.005525936887757,134926100
2008-09-22,18.306419372558594,18.969486595879967,18.248761412907786,18.89741380264791,105207700
2008-09-23,18.33524513244629,18.86137407397512,18.263172354573076,18.49380414402824,92181300
2008-09-24,18.53705406188965,18.80372302545579,18.349665320538328,18.43615296065217,80250300
2008-09-25,19.178503036499023,19.373097846728783,18.55147134336544,18.609129319484364,96203500
2008-09-26,19.74786949157715,19.86318540943686,18.83975560742628,18.861377857527792,100744300
2008-09-29,18.02533531188965,19.935256593906505,18.02533531188965,19.416335005390977,134383100
2008-09-30,19.236164093017578,19.236164093017578,18.407330038078996,18.57309657413175,107192700
2008-10-01,19.084802627563477,19.45237263800465,18.940658414924755,19.012729833907017,88957000
2008-10-02,18.919036865234375,19.12084042001294,18.522638547451546,18.868586320208298,93819800
2008-10-03,18.969491958618164,19.79832587841543,18.911833982667257,19.005529052759094,114289400
2008-10-06,17.953264236450195,18.731647380746168,17.39830551444703,18.472185874422777,146374600
2008-10-07,16.742443084716797,18.16947839667986,16.67757771829357,18.003711960120047,145941200
2008-10-08,16.583885192871094,17.51361988377739,16.216315216339833,16.504604989695505,171598600
2008-10-09,16.07217025756836,17.232538186252206,15.906403803377561,17.131637105383742,131948700
2008-10-10,15.495591163635254,16.10820783341148,14.882974493859027,15.70460212289533,228467500
2008-10-13,18.37849235534668,18.37849235534668,16.31001045402552,16.47577829257124,144935400
2008-10-14,17.369474411010742,18.544255666809953,17.00911187706726,18.47939030072621,165674900
2008-10-15,16.331634521484375,17.47758781168863,16.20190375283116,17.138847429396403,113280200
2008-10-16,17.43433952331543,17.43433952331543,15.358650588197836,16.53343320157056,161147800
2008-10-17,17.24696159362793,18.097417911400484,16.80011117465979,16.98749997134483,133673100
2008-10-20,17.816326141357422,17.83794839186664,16.583886730490253,17.44155008858373,93484300
2008-10-21,16.836132049560547,18.025327714520856,16.771266706501486,17.51361238312976,100385600
2008-10-22,15.5172119140625,16.619920438420916,15.063154330771594,16.605506981158154,150054800
2008-10-23,16.086585998535156,16.281182129487004,15.05594875831709,15.531627273083243,154774100
2008-10-24,15.827127456665039,16.475781348064803,15.099196089071013,15.178474939939736,153919700
2008-10-27,15.264959335327148,15.827124088679959,15.149643417989434,15.618114504008167,117683900
2008-10-28,16.648754119873047,16.72803296530847,15.380277471488263,15.59649450402031,134088800
2008-10-29,16.576683044433594,17.275786138816013,16.360465989376003,16.670376735045345,111701800
2008-10-30,16.310009002685547,17.21091541052592,16.137035137341087,17.073978626299525,95323000
2008-10-31,16.093791961669922,16.511812478544176,15.942440345494765,16.237937536319286,93055200
2008-11-03,16.30280113220215,16.5118106805428,16.007302598880926,16.201898691065416,61923500
2008-11-04,16.95866584777832,17.052359526639265,16.482987286570324,16.670374644292217,72123000
2008-11-05,15.913616180419922,16.821730315336154,15.891993924347672,16.814522896645403,81179700
2008-11-06,15.048739433288574,15.913610100292965,15.03432597608859,15.762258489637913,95509700
2008-11-07,15.495591163635254,15.524420830294922,15.135228578434434,15.365860413015092,71256300
2008-11-10,15.351447105407715,15.834333072555996,15.272168263562744,15.74784681332979,67106800
2008-11-11,15.279375076293945,15.351446497905602,14.983877848728548,15.344240455483838,78014500
2008-11-12,14.630722999572754,15.135231258043985,14.616309538365265,15.055951035367942,90162300
2008-11-13,15.315409660339355,15.315409660339355,13.506389342557197,14.522611708869311,148413700
2008-11-14,14.457741737365723,15.38027014433755,14.162244625498518,14.818104203025602,96624500
2008-11-17,13.924413681030273,14.587481064635265,13.8018903153204,14.227118386038521,97289000
2008-11-18,14.236419677734375,14.265443257895829,13.605140547381815,14.149346169277088,108966500
2008-11-19,13.271363258361816,14.475871726435674,13.242338290944799,14.243676139059387,103010500
2008-11-20,12.719901084899902,13.67044660545729,12.698132359762278,13.148009658033672,139532800
2008-11-21,14.279960632324219,14.294473119370195,13.046426913154914,13.075451887246869,157231900
2008-11-24,15.012829780578613,15.194231779044808,14.417831447047487,14.432342555094348,125289900
2008-11-25,14.504898071289062,15.186969711588052,14.18563028885319,15.136177392925118,92948100
2008-11-26,14.867696762084961,15.005562567675875,14.31623492370771,14.31623492370771,79678300
2008-11-28,14.671785354614258,14.73709015013816,14.526664663217447,14.6790415967821,28650800
2008-12-01,13.503559112548828,14.475873496097536,13.496302869807506,14.425079796908271,79639900
2008-12-02,13.895393371582031,14.011490544609286,13.467284527048731,13.779296198554778,79689800
2008-12-03,14.417825698852539,14.439593044238185,13.496303581885885,13.532583413519871,80961500
2008-12-04,13.866365432739258,14.454107360334836,13.634171159318143,14.076790974032004,78719200
2008-12-05,14.417825698852539,14.497641605244683,13.401973805258537,13.721241582787705,91996200
2008-12-08,15.245022773742676,15.419168510845514,14.613743265756003,14.766121650713044,107225000
2008-12-09,14.94752025604248,15.419165027133886,14.845934227693746,14.962032743519012,80484900
2008-12-10,14.954773902893066,15.208735469697176,14.72983453802837,15.107150842975532,61499000
2008-12-11,14.113070487976074,14.599227708170277,14.011484467645804,14.591971465004768,83564300
2008-12-12,14.047770500183105,14.403318233282336,13.56886935894844,13.895392109433523,78112600
2008-12-15,13.815568923950195,14.105811677817506,13.706726680261662,14.033250643354023,59925900
2008-12-16,14.591970443725586,14.642762758342375,13.786545500554277,13.938922444404646,97688700
2008-12-17,14.265446662902832,14.548433210958516,14.14934954657297,14.374287536463726,78922700
2008-12-18,14.004229545593262,14.526668030900145,13.779291522190022,14.410570897273505,80759200
2008-12-19,13.873619079589844,14.367031126247657,13.86636283690545,14.091300824174562,113530400
2008-12-22,13.91715145111084,13.99696871542883,13.706724621176654,13.960687511654102,58575400
2008-12-23,13.989715576171875,14.200141068770652,13.793801184313669,13.989715576171875,47511400
2008-12-24,13.909894943237305,14.11306552851496,13.859102642914488,13.975199724791324,16880400
2008-12-26,13.880875587463379,14.025997690419553,13.85185199726431,13.9316692922889,23101000
2008-12-29,13.757518768310547,13.938920659563502,13.52532456894462,13.89538459317904,58512800
2008-12-30,14.033257484436035,14.142098397196879,13.7865506773849,13.793806922767264,43224100
2008-12-31,14.105812072753906,14.279957729950047,13.982458725908309,14.011482310114337,46419000
2009-01-02,14.751608848571777,14.802401181156206,14.055025914864316,14.171123070482226,50084000
2009-01-05,14.889471054077148,14.998311937527719,14.55569077631022,14.657276800319417,61475200
2009-01-06,15.063613891601562,15.237759548939618,14.954773028763613,15.05635764954748,58083400
2009-01-07,14.156608581542969,14.722583173272026,14.134839848942482,14.650022115257471,72709900
2009-01-08,14.599225044250488,14.650017353154118,14.18562756320675,14.243676113951844,70255400
2009-01-09,14.163866996765137,14.729840291258892,14.084049682316108,14.63551187017236,49815300
2009-01-12,14.127579689025879,14.359775287112628,14.004226339786886,14.301725349600927,52163500
2009-01-13,14.381551742553711,14.504905169955522,14.1638698748976,14.1638698748976,65843500
2009-01-14,13.851849555969238,14.27995816185306,13.793801001814822,14.17111729581187,80257500
2009-01-15,13.960698127746582,14.004234221395867,13.438260851992773,13.837344709084055,96169800
2009-01-16,14.301725387573242,14.446847463764437,13.895385511819265,14.243676833894103,79634100
2009-01-20,13.409232139587402,14.236425992916608,13.329416220747756,14.120327468810883,89873000
2009-01-21,14.062273025512695,14.113066714088841,13.394714056649137,13.692214410934849,68340900
2009-01-22,12.41515064239502,13.191550813329112,12.386125664347665,13.097221018662335,222436600
2009-01-23,12.480454444885254,12.690879982681437,12.15393038832064,12.313563602648331,117020600
2009-01-26,12.792464256286621,12.923073875100792,12.502221427803452,12.545758890066159,92476500
2009-01-27,12.81423282623291,13.03917084247959,12.647343374952696,12.901306365676087,61695000
2009-01-28,13.089959144592285,13.285872105494077,12.88678855908013,12.915812137589645,64145500
2009-01-29,12.763440132141113,13.031914218275363,12.741671401919316,12.90130598890533,49192800
2009-01-30,12.40789794921875,12.908567891938219,12.40789794921875,12.872286658994765,62370900
2009-02-02,12.937582015991211,13.155263718224157,12.335327830227786,12.357096554045684,88871700
2009-02-03,13.423745155334473,13.503562461296129,12.770698370521034,12.952100332079608,86865100
2009-02-04,13.518072128295898,13.786547611795667,13.423743727274728,13.452768702350156,75618000
2009-02-05,13.815568923950195,13.888128574427057,13.242338274073964,13.43099641008437,75195200
2009-02-06,14.265446662902832,14.46136106570452,13.830081784672458,13.902642828375319,86746000
2009-02-09,14.105812072753906,14.345262524396931,13.975202483860137,14.25093276175736,52196400
2009-02-10,13.641427040100098,14.367034890828553,13.568867362216965,13.96795112652276,83953200
2009-02-11,13.938929557800293,14.142100303937504,13.72850394928986,13.743016442011264,58599000
2009-02-12,13.975205421447754,14.018741498901406,13.45276834004308,13.764778509779028,75323200
2009-02-13,13.851849555969238,14.127579842206034,13.81556972861774,13.982459148813346,47416000
2009-02-17,13.216245651245117,13.515784548683781,13.070128504139062,13.50847855198084,75853300
2009-02-18,13.238160133361816,13.47925238676608,13.150489589634802,13.311217294078972,54946900
2009-02-19,13.084742546081543,13.42811608401975,13.011683961090522,13.369669494722254,49195600
2009-02-20,13.150492668151855,13.289303814266836,12.90209436183088,12.982458929604238,69413800
2009-02-23,12.57332992553711,13.260078180831956,12.536801341165795,13.165103025380835,70803400
2009-02-24,12.544107437133789,12.675612571484914,11.952335726029908,12.441826285294551,122674500
2009-02-25,12.390684127807617,12.59524782185699,12.025392712811268,12.427214105392949,105894600
2009-02-26,11.996169090270996,12.478353605028667,11.996169090270996,12.456435620366577,83219500
2009-02-27,11.798913955688477,12.069230250968037,11.762385366842532,11.90119651271454,93428000
2009-03-02,11.535902976989746,11.87197111013066,11.48476240131768,11.660102115111698,80602100
2009-03-03,11.601655960083008,11.864665540210108,11.426316239998274,11.71124380768955,80476600
2009-03-04,11.776998519897461,11.981560867147886,11.608964068353092,11.776998519897461,69285100
2009-03-05,11.156000137329102,11.601655412355772,11.156000137329102,11.58704342133617,89708500
2009-03-06,11.163308143615723,11.411706477290101,10.863769222445415,11.214449427849903,92821400
2009-03-09,11.068331718444824,11.499375782286812,11.031803127329983,11.104861006297881,66479100
2009-03-10,12.04000473022461,12.142287274211474,11.141388181799034,11.22905803798167,95184200
2009-03-11,12.500271797180176,12.56602435878182,12.003475284401555,12.149591004146048,84522200
2009-03-12,12.427210807800293,12.4491287885355,12.040001508999739,12.427210807800293,93694100
2009-03-13,12.164205551147461,12.456438445541504,11.820832074419005,12.40529786320709,82965800
2009-03-16,11.871971130371094,12.390684277044896,11.864665134766032,12.288403125526383,67028900
2009-03-17,12.346853256225586,12.346853256225586,11.879280550519784,11.923115143310559,62481000
2009-03-18,12.390684127807617,12.580635830822859,12.127675256574035,12.441826096427082,70710700
2009-03-19,12.52218246459961,12.74866402229272,12.361454830876626,12.690217483350235,58994600
2009-03-20,12.4637451171875,12.894789182319949,12.332239959218084,12.653696857201497,81725500
2009-03-23,13.391586303710938,13.581538050494782,12.646391310976583,12.69022729417965,71600000
2009-03-24,13.099355697631836,13.303918081484875,13.033603104685723,13.179720287560803,50044100
2009-03-25,13.062816619873047,13.376967369126206,12.799807824490207,13.135875160497744,73927100
2009-03-26,13.756872177124023,13.793400754712051,13.238159129299271,13.274687706887299,63775100
2009-03-27,13.245463371276855,13.603450110627687,13.187016812633514,13.545003551984346,47670400
2009-03-30,12.770587921142578,12.975151621395929,12.617166191059717,12.960539629918646,49633000
2009-03-31,13.42081069946289,13.727655623806196,12.989766605897856,13.02629519953156,92423300
2009-04-01,14.107552528381348,14.144082502008525,13.281994633071292,13.31852321322246,96438900
2009-04-02,14.09294605255127,14.531294716422781,13.881076324000476,14.246367806211016,99082300
2009-04-03,13.698427200317383,13.99066003522894,13.46464093238814,13.976048045114343,81858400
2009-04-06,13.705728530883789,13.705728530883789,13.347743255766284,13.545000874752134,47476100
2009-04-07,13.705728530883789,13.983349281197668,13.610752020938484,13.705728530883789,65815200
2009-04-08,14.019885063171387,14.334035906731494,13.851849951248328,13.859155946851606,56408900
2009-04-09,14.370563507080078,14.392481492388825,14.041800694829275,14.209835795244176,55759600
2009-04-13,14.312121391296387,14.5020731426255,14.151393629468606,14.385179971573203,44444700
2009-04-14,14.136774063110352,14.282889751928407,13.881069865834045,14.202526610794996,63796300
2009-04-15,13.756872177124023,14.063716966681566,13.52308593621845,14.034492989830413,72725500
2009-04-16,14.436312675476074,14.45092466224655,13.873763726094554,13.997962826692088,67688700
2009-04-17,14.027192115783691,14.38517756646303,13.881074979659916,14.38517756646303,61398500
2009-04-20,13.596147537231445,13.844545822328483,13.566923553819452,13.800709847210493,62937200
2009-04-21,13.859155654907227,13.93952021137423,13.56692280431287,13.581534795211626,60928300
2009-04-22,13.720343589782715,14.01988238491454,13.66189702959787,13.705731601367527,59401000
2009-04-23,13.822627067565918,13.837239058460899,13.493864239809596,13.822627067565918,86116300
2009-04-24,15.276488304138184,15.488358013682497,14.246366528193095,14.48015283287903,168478500
2009-04-27,14.903886795043945,15.210731584654082,14.816217651427285,15.013473921302728,68219600
2009-04-28,14.560521125793457,14.808919486492094,14.458239939674014,14.794307490338845,76685200
2009-04-29,14.794306755065918,15.261879460918458,14.655495585462226,14.692025574029818,79301600
2009-04-30,14.801606178283691,15.415295778868183,14.618960497002021,15.05000441630484,87439900
2009-05-01,14.786994934082031,14.86735948380577,14.509374097681164,14.750466353376348,63224500
2009-05-04,14.750468254089355,14.903889984994045,14.597045129708453,14.881973391136926,54313400
2009-05-05,14.458229064941406,14.786990370252353,14.34864056969549,14.713931837913607,66835500
2009-05-06,14.458229064941406,14.662791283319168,14.326723985426788,14.655485290737733,59639100
2009-05-07,14.114862442016602,14.60435307671693,13.983357287399139,14.58243508645522,68727200
2009-05-08,14.187918663024902,14.34864638452502,13.983354968271524,14.217141251717575,67597600
2009-05-11,14.114862442016602,14.414401341544641,13.888382116551194,14.02719326792256,63762600
2009-05-12,14.531290054321289,14.655489174164888,14.224445251970982,14.25366923004052,71966800
2009-05-13,14.4290132522583,14.61165898962866,14.370566672038843,14.5532124094092,49281700
2009-05-14,14.65549087524414,14.779690009503673,14.465539176172143,14.487457162268344,54539500
2009-05-15,14.772387504577637,14.976951242715028,14.59704775480693,14.706634924229064,61289900
2009-05-18,15.050006866455078,15.050006866455078,14.786996596678934,14.874667151096379,46073800
2009-05-19,14.932372093200684,15.24851806690402,14.88825912548016,15.079417188703712,51368300
2009-05-20,14.983829498291016,15.211749415509203,14.866194045293017,15.005886671600097,47450700
2009-05-21,14.57210922241211,14.873550324816451,14.344190647933953,14.807380189915442,58232800
2009-05-22,14.520647048950195,14.829440611906982,14.314784206203708,14.652987347692516,37318700
2009-05-26,14.954426765441895,15.035301694611798,14.300079145287519,14.366249286912762,44991700
2009-05-27,14.800028800964355,15.145584284963181,14.755915842146134,14.888256120926478,42892900
2009-05-28,15.035306930541992,15.167645857552769,14.741216686537031,14.939727180542516,45480800
2009-05-29,15.358809471130371,15.395571465996662,14.925027747995157,15.116185914319718,46134900
2009-06-01,15.7337646484375,15.807287194925598,15.336745141123274,15.439675864811049,57317100
2009-06-02,15.7337646484375,16.16019373527734,15.586720957787243,15.704356471237823,48935700
2009-06-03,15.976383209228516,15.998440387161585,15.652886346829892,15.667589729793095,56039600
2009-06-04,16.049915313720703,16.10138069062595,15.86610959487263,16.005802333848543,42330000
2009-06-05,16.27783203125,16.40281996094734,16.035208567993536,16.145491705414443,59579200
2009-06-08,16.211658477783203,16.41016892501954,15.902864916190861,16.160193117905457,49000600
2009-06-09,16.233715057373047,16.410168314240316,16.086669975487407,16.219010268719316,50887700
2009-06-10,16.579265594482422,16.630732343650006,16.263121120691856,16.29988168205746,61297200
2009-06-11,16.785131454467773,17.10127738841244,16.593973415284353,16.608678203450566,65124600
2009-06-12,17.152748107910156,17.189508687494033,16.718966537654538,16.836602075114413,50963500
2009-06-15,17.218914031982422,17.30714136450994,16.924825260767165,17.07922133978297,69089600
2009-06-16,17.240968704223633,17.72621545662494,17.23361631072353,17.255672088898162,105295600
2009-06-17,17.410066604614258,17.512997291564115,17.03510301344992,17.277726348635618,86483100
2009-06-18,17.277725219726562,17.417417858835023,17.130680188841307,17.365952518722786,58852200
2009-06-19,17.69680404663086,17.895314443561684,17.461533088339007,17.674748270744452,115459000
2009-06-22,17.115982055664062,17.60858123714601,17.093924873570565,17.60858123714601,71291600
2009-06-23,17.16009521484375,17.39536621724328,17.064515493665322,17.189503388980796,56752700
2009-06-24,17.25568199157715,17.461544920743446,17.17480842131571,17.240978598464643,54287700
2009-06-25,17.490947723388672,17.586526051995165,17.057166242574574,17.22626711751541,57724300
2009-06-26,17.167449951171875,17.41742577590786,17.145392765815412,17.32919843680799,65126400
2009-06-29,17.54241943359375,17.667407386896546,17.314499317242127,17.35126130487615,62854900
2009-06-30,17.47624397277832,17.821798138072356,17.373311840859614,17.62328767186416,66452400
2009-07-01,17.67475700378418,17.865913700102066,17.61593783282333,17.682107997828066,54908400
2009-07-02,17.18215560913086,17.674754888360912,17.06451868361489,17.46889202161553,65422200
2009-07-06,17.057161331176758,17.115979070843206,16.814537979761962,17.064512321600226,49207700
2009-07-07,16.564571380615234,17.013056367300745,16.513104602958325,16.968943388778268,52842500
2009-07-08,16.586626052856445,16.682205802605754,16.174901675583833,16.402820351997537,73023400
2009-07-09,16.498395919799805,16.77042750281484,16.446930560976735,16.65279199626901,46981200
2009-07-10,16.461633682250977,16.571918194895442,16.285180425275996,16.31459000260141,43229200
2009-07-13,17.079225540161133,17.123339918437097,16.277832565055355,16.48369545669785,67584000
2009-07-14,16.990991592407227,17.07186510986881,16.807185976400486,17.057161726355698,45448700
2009-07-15,17.73356819152832,17.73356819152832,17.32184256155022,17.461535236090135,67238700
2009-07-16,17.96884536743164,17.96884536743164,17.542416205628918,17.593881576520012,64555100
2009-07-17,17.858558654785156,17.976194165368412,17.718865960095325,17.939432191857456,52860100
2009-07-20,18.03501319885254,18.03501319885254,17.755627789672044,17.968843044169052,47798000
2009-07-21,18.255577087402344,18.255577087402344,17.91737536478745,18.15264637222839,52028400
2009-07-22,18.233522415161133,18.30704496569122,18.020308561182492,18.160001266957057,66192500
2009-07-23,18.79229736328125,18.909932917798937,18.262937367951643,18.329107542658647,106060500
2009-07-24,17.240968704223633,17.564465604274055,16.770425336496857,17.358604195573907,215135700
2009-07-27,16.990991592407227,17.24096734236244,16.836594145752272,17.2336149494431,80950000
2009-07-28,17.25568199157715,17.314499771006595,16.836605137851542,16.90277531500048,70288400
2009-07-29,17.4982967376709,17.57917166972801,17.16009502602439,17.446831381753018,73626900
2009-07-30,17.50564956665039,17.9614881918538,17.43212702680135,17.79238733182907,67820000
2009-07-31,17.292434692382812,17.696806533480732,17.27772990484179,17.47624032966836,54258200
2009-08-03,17.520360946655273,17.54241813760616,17.27773745550087,17.513008549671643,46902900
2009-08-04,17.47624397277832,17.490948763384708,17.299790692479704,17.410073817375586,49218300
2009-08-05,17.50564956665039,17.829147900590687,17.49094618054123,17.527706749302848,53310300
2009-08-06,17.248323440551758,17.630639571615852,17.108632140695473,17.59387899845914,59686000
2009-08-07,17.32184600830078,17.513004074043717,17.277733039998868,17.461538710637154,46169700
2009-08-10,17.218914031982422,17.314492356755178,17.130686699454905,17.24832220794101,35261900
2009-08-11,17.005699157714844,17.204209608375066,16.946881402222104,17.145391852882323,33615800
2009-08-12,17.299789428710938,17.57182102342684,16.932178104361732,17.005699247370842,61972300
2009-08-13,17.3659610748291,17.535061962034415,17.204211180697033,17.373312067902347,38954500
2009-08-14,17.417417526245117,17.4982910295949,17.285077281440525,17.365952187115624,46330200
2009-08-17,17.093929290771484,17.351257539054778,17.079224498909323,17.145394659962918,42474400
2009-08-18,17.434022903442383,17.485777622982162,17.204822826818933,17.219610292461823,38878900
2009-08-19,17.48578453063965,17.537539270624837,17.19004215200222,17.19004215200222,41821300
2009-08-20,17.500574111938477,17.648446024189614,17.404458356122984,17.4488193657139,39505900
2009-08-21,18.047700881958008,18.05509461980064,17.57451294171985,17.69280992677939,69011400
2009-08-24,18.217750549316406,18.284292772119198,17.951583068316385,18.04769882891423,54180900
2009-08-25,18.217750549316406,18.35083499492199,18.084666103710827,18.188177011521354,43980300
2009-08-26,18.151206970214844,18.2990788787742,18.055091216798985,18.180781916011128,41079000
2009-08-27,18.254711151123047,18.3212533444609,17.966361176588848,18.047690837381893,45495600
2009-08-28,18.247329711914062,18.846208445251246,18.195574951160555,18.535678470518732,55808000
2009-08-31,18.225143432617188,18.373015345299258,17.958975964084964,18.165994949586576,49592800
2009-09-01,17.74456024169922,18.29168401325963,17.67062429198328,18.00333536059952,62608500
2009-09-02,17.641056060791016,17.8480750899685,17.581907565281536,17.61148110793059,40771300
2009-09-03,17.82589340209961,17.8480732041901,17.567118232757853,17.678021473843973,34120000
2009-09-04,18.202959060668945,18.336042056401922,17.803705842837857,17.81109957763592,44999700
2009-09-08,18.350828170776367,18.365615639280428,18.047692117496194,18.202957716367603,53737100
2009-09-09,18.32126235961914,18.446953074414605,18.23993265880701,18.291687410156108,49900300
2009-09-10,18.483915328979492,18.52088259555312,18.225140232331615,18.336043442263325,46256000
2009-09-11,18.38040542602539,18.6096055759039,18.34343675010254,18.43216016210659,54303500
2009-09-14,18.483915328979492,18.550457536980684,18.217746496974723,18.225140232331615,42806800
2009-09-15,18.63178825378418,18.683542993955157,18.380406878487232,18.461735151522667,44716600
2009-09-16,18.63178825378418,18.742691469894975,18.44694909019589,18.668755522417477,50055800
2009-09-17,18.705732345581055,18.764880851732798,18.52828682712583,18.52828682712583,42428800
2009-09-18,18.6761531829834,18.838811173447777,18.55785620624363,18.824023698802506,68016500
2009-09-21,18.705732345581055,18.757488522399,18.557861785307512,18.565255524852933,28878700
2009-09-22,19.05323028564453,19.090197571670874,18.69833926303,18.77966757433027,61376700
2009-09-23,19.00885772705078,19.408110972529727,18.9571029900911,19.164123348140645,60599900
2009-09-24,19.178911209106445,19.30460189151419,18.971890846843447,19.164123738185335,56302900
2009-09-25,18.89055824279785,19.09018483869882,18.868378450060383,18.994069113011665,50158900
2009-09-28,19.097576141357422,19.341563701877487,18.927524504372926,18.927524504372926,44358000
2009-09-29,19.038429260253906,19.19369344333937,18.99406826654528,19.156726183617277,39050300
2009-09-30,19.016250610351562,19.21587722414691,18.764869261915365,19.045825550266763,63533400
2009-10-01,18.39519691467285,18.83141754781723,18.33604842595215,18.78705653382951,75958100
2009-10-02,18.454341888427734,18.550459045673616,18.062483754118812,18.084663551782523,51219700
2009-10-05,18.217750549316406,18.528280452325717,18.129028525720113,18.469131966524472,60804900
2009-10-06,18.565237045288086,18.639171546725727,18.23252614797782,18.247313612349433,48795300
2009-10-07,18.5578556060791,18.61700409253611,18.395196210663958,18.476525908371528,38472700
2009-10-08,18.97928810119629,19.149339817685288,18.64657699483859,18.80923638470729,60521300
2009-10-09,18.89055824279785,19.068005045961353,18.824016044164196,18.905345711429916,39520000
2009-10-12,19.016250610351562,19.14194128456966,18.890559936133464,18.971889610689512,29145800
2009-10-13,19.08280372619629,19.17892092566824,18.86839093005624,18.920145694289644,37749000
2009-10-14,19.19369125366211,19.371138028674043,19.090181810080487,19.32677562981586,45365500
2009-10-15,19.748214721679688,19.748214721679688,19.149336251961767,19.149336251961767,65620100
2009-10-16,19.592954635620117,19.68907039635856,19.297212206181285,19.555987360769443,56500900
2009-10-19,19.489442825317383,19.652100789655506,19.408113138042832,19.585558574651053,48143200
2009-10-20,19.496841430664062,19.60035094198362,19.178917748512482,19.53380871036067,54604700
2009-10-21,19.652099609375,19.777790295700033,19.51162145166799,19.563376191294022,61672700
2009-10-22,19.659500122070312,19.75561589876433,19.319395214098623,19.63731890735106,61600000
2009-10-23,20.716773986816406,21.700118289877153,20.61326309529728,21.589215072731083,281761000
2009-10-26,21.20474624633789,21.456127588131018,20.783313235158445,20.798099294514554,124149700
2009-10-27,21.138214111328125,21.352626881325943,21.027310857176747,21.24172362717456,69685800
2009-10-28,20.716773986816406,21.271291482757675,20.665019246162302,20.879431944616584,73542400
2009-10-29,20.864643096923828,21.005121248156847,20.59108194001886,20.753739887091793,65225500
2009-10-30,20.50235366821289,20.99772253762039,20.450598943234727,20.724161445532804,73371800
2009-11-02,20.613262176513672,20.73895285973312,20.265765068888538,20.480179167996774,62428900
2009-11-03,20.3544864654541,20.509750665092497,20.280550527916944,20.435814727555336,50294800
2009-11-04,20.74635124206543,20.99033892764505,20.421035268100052,20.47279001803949,63898400
2009-11-05,21.049480438232422,21.2491070448739,20.909003709301633,21.086449111801603,52681700
2009-11-06,21.086456298828125,21.16778458797854,20.849862348188395,20.982945387764854,38908500
2009-11-09,21.433956146240234,21.44134988439125,21.093852652561687,21.160394885709465,57518000
2009-11-10,21.4487361907959,21.648362821070847,21.300864299434263,21.367406509525914,65881100
2009-11-11,21.53006935119629,21.663152382674138,21.456133393567864,21.50049440406048,49693400
2009-11-12,21.707502365112305,21.803618067807783,21.441333634247457,21.448727366794845,55352400
2009-11-13,21.90713882446289,22.02543719614636,21.71490731972842,21.788841862990438,53037600
2009-11-16,21.840593338012695,22.03282480155973,21.714902667102272,21.89234807129157,54129500
2009-11-17,22.278743743896484,22.278743743896484,21.885152094501002,21.907431348164877,75648900
2009-11-18,22.36043357849121,22.382711416362557,22.137645284666778,22.27874439577781,59431200
2009-11-19,22.115367889404297,22.27874484165644,22.055957959817658,22.271318423402555,51967700
2009-11-20,21.996551513671875,22.107944972231873,21.855452377392048,22.02625577494703,42647100
2009-11-23,22.23418426513672,22.286167768325193,22.05595450430015,22.15992151067709,41832700
2009-11-24,22.2119140625,22.271324006981132,22.093094173537732,22.241619742962968,37341400
2009-11-25,22.122793197631836,22.17477670635628,21.96684125501412,22.137644616949977,32033500
2009-11-27,21.699504852294922,21.825751175604896,21.35047156617674,21.61781705470256,29357900
2009-11-30,21.84059715270996,21.870302827184798,21.536121071565457,21.647514517957063,44172000
2009-12-01,22.28616714477539,22.315871395861603,21.8405920469287,21.922281216193113,49904200
2009-12-02,22.115367889404297,22.271318423402555,22.018825868548227,22.20448207556203,36308600
2009-12-03,22.15250015258789,22.42727198190532,22.100516637527864,22.15992657137426,43095200
2009-12-04,22.263893127441406,22.553517788164754,22.15249968090682,22.315876641394578,58810700
2009-12-07,22.122793197631836,22.338153650410874,22.04110401738235,22.115366779750573,38082700
2009-12-08,21.959409713745117,22.08565595538306,21.818310639809994,21.922279049446214,37402200
2009-12-09,22.06338119506836,22.13764395521674,21.721774481407877,21.885151420578843,44713300
2009-12-10,22.18220329284668,22.249038221397285,22.02625134904356,22.063382022287716,45940200
2009-12-11,22.1673583984375,22.278751874521127,22.12280129129303,22.256472612726444,43744200
2009-12-14,22.36043357849121,22.397564252573073,22.204481631169667,22.21190804927492,34651200
2009-12-15,22.293596267700195,22.434693956263757,22.18962783516808,22.197054252952114,49473200
2009-12-16,22.353012084960938,22.58322543116433,22.30845498295748,22.330732825736842,55737800
2009-12-17,21.981698989868164,22.249043010954978,21.959419731258976,22.241618007863277,43691200
2009-12-18,22.54608917236328,22.612925517059566,22.13021826837653,22.159923939994606,94118000
2009-12-21,22.6649112701416,22.902551000838862,22.553517823432824,22.575795662907865,40129100
2009-12-22,22.887699127197266,22.969388319230497,22.6797650623048,22.724322159575387,36321000
2009-12-23,22.961963653564453,22.984242912123197,22.79116025394816,22.806011676542628,28362700
2009-12-24,23.021373748779297,23.021373748779297,22.84314392843953,22.932258130387066,11083900
2009-12-28,23.14761734008789,23.155043758788675,22.939681865799542,23.021371055063632,25384000
2009-12-29,23.310993194580078,23.39268237996281,23.192173333902172,23.281288937632834,29716200
2009-12-30,22.991666793823242,23.23673437668264,22.87284692019454,23.132765924924062,42006200
2009-12-31,22.635208129882812,23.01394702425293,22.635208129882812,23.006520604781592,31929700
2010-01-04,22.984241485595703,23.095634938586354,22.716896065262464,22.739175322438435,38409100
2010-01-05,22.991666793823242,23.095635245581825,22.754027046565838,22.9099790159814,49749600
2010-01-06,22.85057258605957,23.0807859494906,22.664916327966356,22.93226037643809,58182400
2010-01-07,22.61292839050293,22.79858461237424,22.419845749783423,22.746599680436837,50559700
2010-01-08,22.768878936767578,22.932255902092752,22.456976427368932,22.486682102761453,51197400
2010-01-11,22.479257583618164,22.84314363926089,22.367864124371565,22.806011541882235,68754700
2010-01-12,22.330726623535156,22.575792741155894,22.211906773564152,22.39013654852066,65912100
2010-01-13,22.538660049438477,22.664906305774842,22.286167536765745,22.471823712763683,51863500
2010-01-14,22.991666793823242,23.095635245581825,22.471830200808824,22.50896088015106,63228100
2010-01-15,22.917402267456055,23.199599074207338,22.806007411937287,23.08077921700212,79913200
2010-01-19,23.09562873840332,23.19959574442464,22.78372630389513,22.83570980690579,46575700
2010-01-20,22.716888427734375,22.97680734162296,22.508953013334683,22.880265342762907,54849500
2010-01-21,22.28616714477539,22.81342999544231,22.278740727892792,22.731742242622083,73086700
2010-01-22,21.506418228149414,22.427274427865683,21.417304025883134,22.27874886882894,102004600
2010-01-25,21.773757934570312,22.026250468581917,21.610380995804586,21.714348009887836,63373000
2010-01-26,21.90743064880371,22.1673496008072,21.602954607339274,21.68464378505463,66639900
2010-01-27,22.033687591552734,22.14508107739869,21.55098154192358,21.79604777736269,63949500
2010-01-28,21.654943466186523,22.182207918150876,21.454434389392556,22.15992865969221,117513700
2010-01-29,20.927167892456055,22.219334923992136,20.54100264171347,22.204482087476396,193888500
2010-02-01,21.097976684570312,21.14996020928909,20.734090595094056,21.083123844237857,85931100
2010-02-02,21.135101318359375,21.164806990520088,20.89746160685131,21.068266388886588,54413700
2010-02-03,21.261354446411133,21.380175756915314,20.88261691937511,20.986583972565793,61397900
2010-02-04,20.6746768951416,21.16480920553312,20.652397638689422,21.075693596168954,77850000
2010-02-05,20.8083553314209,21.001438024512897,20.474173474829954,20.793502489695758,80960100
2010-02-08,20.585559844970703,20.852905237906835,20.47416640339547,20.800921726268022,52820600
2010-02-09,20.80092430114746,21.045990469526714,20.60784165084189,20.77121862427985,59195800
2010-02-10,20.786075592041016,20.971731860011847,20.674682114547497,20.815781274809908,48591300
2010-02-11,20.88260841369629,21.090542435384215,20.570705964720112,20.74150931580499,65993700
2010-02-12,20.741514205932617,20.838054822128033,20.48159520109856,20.65239859245294,81117200
2010-02-16,21.1518611907959,21.166783480061408,20.90564911018633,20.987718855010968,51935600
2010-02-17,21.330921173095703,21.375686611067515,21.159319141647405,21.286155735123888,45882900
2010-02-18,21.614442825317383,21.659209697363572,21.271238678037708,21.330926417698,42856500
2010-02-19,21.465225219726562,21.577139559086834,21.405537477196546,21.480147511126074,44451800
2010-02-22,21.43537712097168,21.592058308830726,21.375689388231997,21.51744828713917,36707100
2010-02-23,21.136947631835938,21.50999647914901,20.95788435589387,21.398082109568772,52266200
2010-02-24,21.36077308654785,21.480150008555494,21.174248691571446,21.27870332044461,43165900
2010-02-25,21.338388442993164,21.375692748168717,20.90565195684385,21.092176328857658,48735300
2010-02-26,21.390615463256836,21.524913241458368,21.271239976648374,21.375693171663766,40370600
2010-03-01,21.65175437927246,21.67413639825138,21.286166697577166,21.46522996475027,43805400
2010-03-02,21.23393440246582,21.86065642326321,21.069793462949576,21.696515483746968,93123900
2010-03-03,21.23393440246582,21.34585016716169,21.15186464424173,21.271240131720464,48442100
2010-03-04,21.36077308654785,21.37569537968233,21.092178925468204,21.23393644104117,42890600
2010-03-05,21.330921173095703,21.39807004158723,21.20408457961922,21.383147754574086,56001800
2010-03-08,21.36077308654785,21.584603214360456,21.263781027310127,21.27870332044461,39414500
2010-03-09,21.48760223388672,21.71889342755676,21.30107790399858,21.308539047962228,50271600
2010-03-10,21.614442825317383,21.718897437023863,21.487606200655772,21.53237307270196,44891400
2010-03-11,21.771120071411133,21.77858121539506,21.52490801221226,21.554751165080276,35349700
2010-03-12,21.8382625579834,21.920332271671377,21.666660565738106,21.87556684392636,31700200
2010-03-15,21.85319709777832,21.91288484260283,21.644289279358492,21.771125914994087,37512000
2010-03-16,21.912878036499023,22.002408914393598,21.786041440258668,21.950182331777153,36723500
2010-03-17,22.10686683654785,22.28593147700315,21.93526476443514,22.00987479411352,50385700
2010-03-18,22.091949462890625,22.174019227754954,22.009878274958115,22.10687033273166,43845200
2010-03-19,22.077030181884766,22.308320061259085,21.897966911749645,22.20386684278069,81332100
2010-03-22,22.084487915039062,22.159097955160888,21.927806688476416,22.00987787491724,37718200
2010-03-23,22.293394088745117,22.308316381228522,21.942728753793936,22.0770265400083,42026600
2010-03-24,22.121788024902344,22.271008076824376,22.084483723455776,22.17401461615469,33987700
2010-03-25,22.39038848876953,22.808202734031887,22.233707257378523,22.256090697025297,73168700
2010-03-26,22.129253387451172,22.532146750587952,22.077026786244883,22.45007556408198,55595500
2010-03-29,22.077030181884766,22.248632304547378,22.047185591994726,22.166561105418143,33336000
2010-03-30,22.211322784423828,22.278471672869873,22.009876119085696,22.10686816735885,34954800
2010-03-31,21.85319709777832,22.174017836792505,21.763664769007512,22.114330091967993,63760000
2010-04-01,21.756202697753906,22.039720540913695,21.353310793090035,21.897961619333802,74768100
2010-04-05,21.8382625579834,21.95763798068163,21.659199423936055,21.73380799582198,34331200
2010-04-06,21.87557601928711,22.069561518302674,21.621902783887364,21.748739401587237,47366800
2010-04-07,21.89795684814453,22.054636603857084,21.741275669364256,21.756197957451466,58318800
2010-04-08,22.323238372802734,22.36800382658139,21.860657273529583,21.87557956581184,63713800
2010-04-09,22.636592864990234,22.68881944984324,22.30830964482713,22.3456153647705,54752500
2010-04-12,22.621679306030273,22.748515956644713,22.539608113553797,22.56945270102461,37068800
2010-04-13,22.718677520751953,22.75598183978648,22.47992504049792,22.494847337339152,41374600
2010-04-14,22.99472999572754,23.12902780421716,22.875354482196403,22.972347976358186,68941200
2010-04-15,23.03203010559082,23.09171784777258,22.912653198159276,22.994724377309705,52745400
2010-04-16,22.8828125,23.114102347949583,22.830585897856693,22.972344834437227,88703100
2010-04-19,23.158864974975586,23.315544752640733,22.949957181687473,22.95741832677647,64970300
2010-04-20,23.397624969482422,23.457312730197696,23.226021412241103,23.293170320929345,52199500
2010-04-21,23.375232696533203,23.502069318029413,23.300622668052856,23.375232696533203,55343100
2010-04-22,23.419998168945312,23.52445277815447,23.054410594383096,23.158865203592253,84847600
2010-04-23,23.099185943603516,23.56176718049461,22.867896036692237,23.218562894308103,126766600
2010-04-26,23.211091995239258,23.337928617953548,23.024567633781068,23.129020820815914,63649300
2010-04-27,23.01711082458496,23.315549574525242,22.942500781332836,23.091720867837083,68730900
2010-04-28,23.06186866760254,23.12901754205392,22.845501178978548,23.06932981177133,64557900
2010-04-29,23.1290225982666,23.44984475232054,22.88281047914326,23.076796000735595,52665200
2010-04-30,22.785818099975586,23.188710005858653,22.77089580859191,23.18124886016681,63214800
2010-05-03,23.02457046508789,23.173789118762937,22.81566264226108,22.882811534488695,43989500
2010-05-04,22.479917526245117,22.793278539822534,22.196401096374156,22.770896525110768,82085600
2010-05-05,22.271013259887695,22.450076510026236,22.151637759795335,22.211325509841515,66833800
2010-05-06,21.621906280517578,22.293393779197554,20.823582143626084,22.077026233465038,128613000
2010-05-07,21.047407150268555,21.599520483272727,20.383380913992223,21.58459819360929,173718100
2010-05-10,21.59206199645996,21.99495390549431,21.42045849034151,21.6442885936433,86653300
2010-05-11,21.547292709350586,22.121788060178268,21.31600290926371,21.398074080258485,63789400
2010-05-12,21.965110778808594,22.069563973333373,21.57713973761935,21.621905189120252,47146800
2010-05-13,21.815885543823242,22.181473061158734,21.771120102922573,21.830807831812702,45188800
2010-05-14,21.584598541259766,21.793504907641125,21.368229606858627,21.786045185757125,63334000
2010-05-17,21.59206199645996,21.80842953094351,21.226474393108553,21.726359773827426,46053300
2010-05-18,21.43467140197754,21.734456726094802,21.284778025174315,21.637027031815133,52690600
2010-05-19,21.164871215820312,21.5021307155309,20.827613145599404,21.374721730027975,61746700
2010-05-20,20.31797218322754,20.86508063247129,20.265509925010925,20.722682053390958,87991100
2010-05-21,20.11561393737793,20.317969561089267,19.81582862233658,19.958225753550508,117596300
2010-05-24,19.688426971435547,20.13061101083207,19.68093215709954,20.123116196496067,73711700
2010-05-25,19.53852653503418,19.733387349402786,19.021395967267082,19.22375159328323,98373600
2010-05-26,18.744102478027344,19.943245654384373,18.406842968289837,19.658448417386097,176684100
2010-05-27,19.486066818237305,19.755874354695642,19.28371116589355,19.28371116589355,136433600
2010-05-28,19.3361759185791,19.576005664967358,19.231251387308287,19.366155172936207,67496900
2010-06-01,19.403627395629883,19.718402412187135,19.12632644621605,19.133821259644733,76152400
2010-06-02,19.8308162689209,19.84580589163175,19.28370790537677,19.531030962149398,65718800
2010-06-03,20.13060760498047,20.183069866966854,19.79334816436881,19.898272688341578,67837000
2010-06-04,19.328678131103516,19.913259162995065,19.20126918809063,19.56101158148377,89832200
2010-06-07,18.953947067260742,19.358656922811143,18.916473005966733,19.35116211055234,80456200
2010-06-08,18.819046020507812,18.931465361629456,18.474291754313356,18.923970548289418,87355000
2010-06-09,18.57921600341797,19.12632446153464,18.54923675281409,18.901484370473586,87794000
2010-06-10,18.73659896850586,18.849018276419084,18.57171741219907,18.834028654166907,78930900
2010-06-11,19.23124122619629,19.27620865448321,18.564218893566668,18.76657446509097,68057700
2010-06-14,19.111331939697266,19.45608469245467,19.088847505152124,19.381139436282457,50972400
2010-06-15,19.920757293701172,19.973219556125137,19.291207285634727,19.29870209876521,81641500
2010-06-16,19.725902557373047,19.920763470719727,19.658450647772664,19.838321930210395,48698000
2010-06-17,19.76337242126465,19.98821111900567,19.516049281953695,19.905769596072158,47995500
2010-06-18,19.815826416015625,19.88327828307589,19.613470814834834,19.76336417041075,52075600
2010-06-21,19.448589324951172,20.15308438157522,19.40362046045169,20.07064432230414,54625300
2010-06-22,19.313695907592773,19.823331874916892,19.306201092839213,19.605986535532885,55985400
2010-06-23,18.96893310546875,19.321182094134397,18.90148123229827,19.321182094134397,61466200
2010-06-24,18.73659896850586,19.27621250418277,18.684136720112292,19.08135170337162,85243400
2010-06-25,18.384361267089844,18.81905053874982,18.21947819300135,18.774081647913054,156256700
2010-06-28,18.219472885131836,18.444312985343647,18.077075727436036,18.369366285273042,73784800
2010-06-29,17.470008850097656,18.13703291236134,17.320116878530435,18.08456922134893,119882100
2010-06-30,17.245168685913086,17.74730967767027,17.200201241282542,17.462512526201802,81050500
2010-07-01,17.357585906982422,17.477500031112697,17.035316162323884,17.305123656361566,92239400
2010-07-02,17.440032958984375,17.597419760983247,17.275149913664144,17.507484853980912,62485100
2010-07-06,17.852237701416016,18.054593386270856,17.672366458041573,17.76230279447358,73592000
2010-07-07,18.21197509765625,18.22696472112003,17.694845953558335,17.852232711460527,79965300
2010-07-08,18.294418334960938,18.45180653730223,17.964653734880056,18.436816912414617,50758100
2010-07-09,18.189495086669922,18.29441960921283,18.099558760569277,18.23446253497554,53806100
2010-07-12,18.609193801879883,18.654161248241614,18.301913631010905,18.30940844365275,49854200
2010-07-13,18.834035873413086,18.961444852415433,18.661659439906852,18.841530687412,61928700
2010-07-14,19.06635856628418,19.193767463409664,18.82653039039825,19.11132599189062,72808100
2010-07-15,19.118837356567383,19.17879445245726,18.721620702865742,19.111342540894906,56934700
2010-07-16,18.654163360595703,19.216261506980768,18.64666854710516,19.11883179058274,65064800
2010-07-19,18.908979415893555,18.961441675606803,18.66915112606763,18.70662376029442,38181800
2010-07-20,19.096345901489258,19.096345901489258,18.511764788467577,18.63167893624071,45530700
2010-07-21,18.8265380859375,19.223753128556005,18.721612143981346,19.186280496814767,73297300
2010-07-22,19.36615562438965,19.478574971870394,19.08885323308021,19.118832488136178,73016400
2010-07-23,19.343664169311523,19.50105234230911,18.923964757133028,19.366148602450902,108520100
2010-07-26,19.561010360717773,19.635957045369697,19.336170306762007,19.381139175246627,67249900
2010-07-27,19.605974197387695,19.665931248195132,19.45608085562467,19.590984577313623,60672100
2010-07-28,19.448589324951172,19.62846049448214,19.358653025441196,19.53852419497216,69704800
2010-07-29,19.50855255126953,19.79334830239131,19.186282734546577,19.583497823493015,69446200
2010-07-30,19.343664169311523,19.366148602450902,18.998911438108593,19.2986967325218,83534800
2010-08-02,19.73339080810547,19.770863443421906,19.29870166278351,19.47857288538335,55044600
2010-08-03,19.605974197387695,19.74837272911368,19.463575665661708,19.63595343753584,56877700
2010-08-04,19.28371810913086,19.66594511357389,19.066374182774936,19.598493205172776,78531900
2010-08-05,19.0139102935791,19.17129711351653,18.893994688092352,19.103845210831995,64922100
2010-08-06,19.1488094329834,19.156304246402676,18.751594328188066,18.871508483917545,55982100
2010-08-09,19.19377326965332,19.283708148072098,19.01390208332665,19.148804400954813,57096500
2010-08-10,18.789064407348633,18.99142005364657,18.646665830751274,18.983925241247835,87257700
2010-08-11,18.631677627563477,18.661655447656436,18.40683754416442,18.496773863421904,76746900
2010-08-12,18.354379653930664,18.496778264348613,18.256949928585524,18.301917384168693,70240500
2010-08-13,18.286924362182617,18.489280018988826,18.167010216554353,18.2494517277323,45263500
2010-08-16,18.361867904663086,18.444309401671564,18.211974533645694,18.25694340264439,40909700
2010-08-17,18.61804962158203,18.806415164999645,18.53516975971651,18.61804962158203,52912600
2010-08-18,18.700927734375,18.798878605048117,18.392008410771723,18.59544350790992,46818900
2010-08-19,18.41461944580078,18.640657566250173,18.241322020533236,18.550242892916543,54064600
2010-08-20,18.256389617919922,18.384478255416113,18.23378667061276,18.316666539264297,49560100
2010-08-23,18.2940673828125,18.56531286651148,18.263928197337357,18.41462125048215,51643000
2010-08-24,18.11322021484375,18.346792942766218,18.08308105660128,18.15089272553267,66522500
2010-08-25,18.158435821533203,18.248850463391776,17.98513989370859,18.08308932857451,47404800
2010-08-26,17.94746971130371,18.226251362872805,17.924866764632654,18.150904854033985,49105300
2010-08-27,18.030353546142578,18.098165269906556,17.713899314282465,17.992679567876298,60939400
2010-08-30,17.811838150024414,17.94746151658634,17.78170042251869,17.887184624460424,45453100
2010-08-31,17.68375015258789,17.87965041767848,17.57073115579723,17.781701003690443,66074600
2010-09-01,18.00774383544922,18.045417802577724,17.73649845769848,17.834447898002797,65235900
2010-09-02,18.037883758544922,18.04541855228366,17.86458637678387,17.992674996112495,48837100
2010-09-03,18.301589965820312,18.42214375303974,18.23377828087007,18.263916009117676,64189100
2010-09-07,18.052946090698242,18.309123246793217,18.022808362571215,18.15843173192908,51928700
2010-09-08,18.030353546142578,18.233788717434507,17.88719530296137,18.135837811057506,65512400
2010-09-09,18.09062385559082,18.241315402177726,18.07555426979769,18.226247253499395,46028900
2010-09-10,17.970069885253906,18.105693281968353,17.92486256538735,18.068019317817235,58284300
2010-09-13,18.919429779052734,19.055053158232475,18.150898255110597,18.233779528412576,114680400
2010-09-14,18.859153747558594,19.100261349568434,18.753668093843288,18.866688539760734,87160400
2010-09-15,18.92696762084961,19.00231267732223,18.776274633674703,18.911898034709154,56201900
2010-09-16,19.085193634033203,19.11533280579307,18.874223743058568,18.881758535998536,44548300
2010-09-17,19.00231170654297,19.23588596844285,18.896827483178352,19.137935100648768,70341600
2010-09-20,19.16054344177246,19.228355152851186,18.919435774432582,19.047524402346276,49838700
2010-09-21,18.94957160949707,19.15300672228411,18.89682949220745,19.15300672228411,52675700
2010-09-22,18.542701721191406,18.813947085037164,18.354336206549853,18.753670177836458,94299400
2010-09-23,18.407073974609375,18.527627760546782,18.35433187290107,18.467350867578077,46201800
2010-09-24,18.67078971862793,18.685857867099685,18.520096736992134,18.56530405663696,51948800
2010-09-27,18.63311767578125,18.829017997259673,18.52763344002938,18.723533761507802,43603300
2010-09-28,18.59544563293457,18.761206784481576,18.34680318705658,18.685860283918405,56041200
2010-09-29,18.45981788635254,18.58037168411057,18.384471403475114,18.557767308112954,44318900
2010-09-30,18.45228385925293,18.708461049386674,18.354334433432236,18.542699929876772,61262700
2010-10-01,18.369401931762695,18.700925596181083,18.309125032515226,18.663253073069406,62672300
2010-10-04,18.015277862548828,18.075554770275502,17.917328426411046,18.052950390959936,98143400
2010-10-05,18.3467960357666,18.422142506960917,18.015272424780267,18.128291413014534,78152900
2010-10-06,18.407073974609375,18.489955241359276,18.181034548140875,18.324192707859474,50489700
2010-10-07,18.482431411743164,18.648192606438876,18.294065829859942,18.55024313619035,50096100
2010-10-08,18.512556076049805,18.572832962174473,18.3618645792953,18.550230028074175,41327800
2010-10-11,18.52762794494629,18.640646940748137,18.45981626004228,18.640646940748137,27587800
2010-10-12,18.70846176147461,18.783808250343228,18.40707724311489,18.57283836893405,50141500
2010-10-13,19.092731475830078,19.24342448446347,18.75367292496246,18.851623811708677,75336500
2010-10-14,19.00984764099121,19.092728928392688,18.836551710165253,19.055056399818294,51949100
2010-10-15,19.243417739868164,19.250951094255946,19.009843514639964,19.10779436705554,68954800
2010-10-18,19.454389572143555,19.552340441771783,19.175609423141225,19.28109364848105,48330500
2010-10-19,18.911897659301758,19.115332756815178,18.798878639721462,19.039986264723378,66150900
2010-10-20,19.07012176513672,19.1379334563634,18.91189544368422,19.032449242061734,56283600
2010-10-21,19.153011322021484,19.243427428457014,18.874229644534257,19.137941731429688,50032400
2010-10-22,19.122861862182617,19.243417085002573,19.03998203270666,19.22834750251077,25837900
2010-10-25,18.979713439941406,19.100267278366715,18.964643850859463,19.01738597553115,50912400
2010-10-26,19.514673233032227,19.567415363959874,18.88176478766986,18.92697356027809,69304200
2010-10-27,19.627685546875,19.67289430395094,19.303698077186166,19.43178668133842,64805500
2010-10-28,19.80098533630371,19.876330399773618,19.52973850904415,19.748241779913823,80730300
2010-10-29,20.094829559326172,20.49416489618408,19.951671391454155,20.45649093773641,114193200
2010-11-01,20.305797576904297,20.50923118564559,20.11743211306331,20.25305403985269,61912100
2010-11-02,20.6373233795166,20.65992775650483,20.358543248901942,20.388680981104883,54402100
2010-11-03,20.36607551574707,20.712667297232787,20.313331975981644,20.690062923047606,110255300
2010-11-04,20.448959350585938,20.66746403248041,20.351009917501553,20.652394446739798,93599300
2010-11-05,20.23044776916504,20.486624872729795,19.989340245130965,20.471555293199113,110953700
2010-11-08,20.200315475463867,21.752448203897124,20.02701956330661,20.102366049453366,71670800
2010-11-09,20.305797576904297,20.426351358793372,20.12496546695624,20.200311939915522,58538600
2010-11-10,20.29827308654785,20.40375733995169,20.20032219085986,20.35101521324977,52277300
2010-11-11,20.10236358642578,20.132501314923065,19.800979115880356,20.10236358642578,62073100
2010-11-12,19.7934513092041,19.98181684940487,19.66536268438298,19.9441428790957,64962200
2010-11-15,19.740707397460938,19.966745450354846,19.71810301732559,19.838656837150992,51794600
2010-11-16,19.56634521484375,19.740707394449068,19.44505066569358,19.740707394449068,65339200
2010-11-17,19.38440704345703,19.642158370451973,19.369244860470186,19.63457727895855,58299700
2010-11-18,19.589082717895508,19.771024488056018,19.4147220355681,19.49053002200982,59514000
2010-11-19,19.475374221801758,19.581506586439605,19.407145859978847,19.55876331718363,52423200
2010-11-22,19.505695343017578,19.51327643207315,19.285849544185528,19.445048076517885,53350500
2010-11-23,19.043262481689453,19.407146118971056,19.02051921212996,19.384402849411565,69742500
2010-11-24,19.232791900634766,19.30101884051851,19.073591851717943,19.103916221395636,56825900
2010-11-26,19.141809463500977,19.263103982049564,19.081162204226683,19.111485110891472,21356500
2010-11-29,19.187294006347656,19.270684527731635,18.899219894390235,19.096323842969387,56603600
2010-11-30,19.149394989013672,19.30859353926943,18.952290989212457,18.99019499281286,75282100
2010-12-01,19.740705490112305,19.89990402828501,19.376820431819795,19.384401521153485,74123500
2010-12-02,20.385086059570312,20.453314430619844,19.86200380945086,19.89232672661442,91759200
2010-12-03,20.483633041381836,20.51395595002992,20.301691251658898,20.324433071658756,52622000
2010-12-06,20.347179412841797,20.453311778067974,20.286532140434694,20.415407775042922,36264200
2010-12-07,20.36992073059082,20.56702326257083,20.354758552455465,20.529119263177343,57860500
2010-12-08,20.642831802368164,20.650412891103503,20.316852216472746,20.33959548267876,41666800
2010-12-09,20.52912139892578,20.726225397356416,20.476055215876197,20.680740304163205,47148300
2010-12-10,20.72622299194336,20.77170807985773,20.551862283317547,20.612509549185,37625800
2010-12-13,20.65799903869629,20.809617958642775,20.597351759906733,20.673161219879976,47943900
2010-12-14,20.93848991394043,21.037041182362756,20.66557648454794,20.70348048487693,64070500
2010-12-15,21.112855911254883,21.218988295485573,20.870266778187418,20.870266778187418,69634200
2010-12-16,21.218982696533203,21.218982696533203,20.968812538325434,21.044621983891858,57680200
2010-12-17,21.150753021240234,21.294790814240322,21.037039582953774,21.165915198597048,87456500
2010-12-20,21.082529067993164,21.21898580078683,20.983977786500585,21.18866288569108,52811000
2010-12-21,21.27962875366211,21.332694928757352,21.044620787121097,21.112849139656362,38153000
2010-12-22,21.370607376098633,21.52980595355816,21.211407352693808,21.23415062630744,42252300
2010-12-23,21.453996658325195,21.46915884085504,21.19624533909907,21.203826430363993,24902500
2010-12-27,21.27962875366211,21.378181461077414,21.135590959871568,21.31753419726216,21652800
2010-12-28,21.234149932861328,21.355444496282306,21.19624447807649,21.20382556903346,23042200
2010-12-29,21.20382308959961,21.317537994711806,21.135594724910323,21.181081265333233,19502500
2010-12-30,21.112855911254883,21.226569386637095,21.059789719139534,21.165922103370228,20786100
2010-12-31,21.158336639404297,21.165917728989026,20.946070468866882,21.07494609991728,24752000
2011-01-03,21.211406707763672,21.363025635354003,21.165921607864675,21.26447289863671,53443800
2011-01-04,21.294790267944336,21.355437529870926,21.112848482164562,21.181076832575076,54405600
2011-01-05,21.22657012939453,21.234151220811327,21.052209364644245,21.150760661171912,58998700
2011-01-06,21.848201751708984,21.870945022405085,21.120434440775206,21.256891173061568,88026300
2011-01-07,21.68141746520996,21.787549813858778,21.416085147643123,21.711740373704707,73762000
2011-01-10,21.393346786499023,21.529803520871756,21.256891498071425,21.4236711478908,57573600
2011-01-11,21.30995750427246,21.4160898763555,21.26447096256962,21.37818587088159,50298900
2011-01-12,21.643510818481445,21.673835171234543,21.279627261112648,21.317532702054017,52631100
2011-01-13,21.370607376098633,21.522224862353617,21.23415062630744,21.476739761071652,67077600
2011-01-14,21.453996658325195,21.514643942499266,21.158341328719768,21.287216988332833,62688400
2011-01-18,21.72690773010254,21.787555007493705,21.332699704087407,21.347861884921485,53322700
2011-01-19,21.582870483398438,21.74207049453922,21.431253008823376,21.575289392777908,50005900
2011-01-20,21.49188995361328,21.643507355284147,21.32510893204749,21.605603366352554,58613600
2011-01-21,21.241727828979492,21.55254528174074,21.241727828979492,21.529802012290517,58080300
2011-01-24,21.5146427154541,21.651099458549545,21.21898740271079,21.24173067520844,52047800
2011-01-25,21.567705154418945,21.567705154418945,21.31753500100565,21.332695733072455,42436600
2011-01-26,21.817874908447266,21.977073436821133,21.60560875800392,21.61318984687099,74628800
2011-01-27,21.88610076904297,22.333373393687886,21.598025208691343,21.795129158946484,146938600
2011-01-28,21.037036895751953,21.931585002309845,20.809610048229786,21.908841739179774,141249400
2011-01-31,21.021883010864258,21.150758660870892,20.786874982950472,21.052207373663563,65029000
2011-02-01,21.218982696533203,21.272048874646227,20.930908538514675,21.074944894551482,62810700
2011-02-02,21.18107795715332,21.309953576332884,21.13559142383475,21.17349686826689,45824000
2011-02-03,20.961231231689453,21.20382029822909,20.87784214378201,21.20382029822909,60340100
2011-02-04,21.052207946777344,21.105274137175567,20.85510392105163,20.99914175637912,40412200
2011-02-07,21.378183364868164,21.484315724510054,21.06736592939266,21.074945572842836,68980900
2011-02-08,21.43883514404297,21.48432024403721,21.26447294316539,21.302378398114975,34904200
2011-02-09,21.20382308959961,21.423670363808434,21.15833799512178,21.37060417926012,52905100
2011-02-10,20.847518920898438,21.181079628497404,20.68832037955607,21.173498539012773,76672400
2011-02-11,20.65799903869629,21.082529990223197,20.52154229993349,21.044625983209166,83939700
2011-02-14,20.642831802368164,20.67315615730952,20.430567101557997,20.627669624897486,56766200
2011-02-15,20.558956146240234,20.84110864201879,20.551331700360503,20.619963349212266,44116500
2011-02-16,20.604698181152344,20.6428262037825,20.284417845790205,20.627574412934106,70817900
2011-02-17,20.74959373474121,20.87160665351509,20.52082260283438,20.56657653831747,57207300
2011-02-18,20.63521385192871,20.749599449385045,20.581834003415207,20.688593700442215,68667800
2011-02-22,20.27680015563965,20.665712252707124,20.223420320560244,20.421689318349042,60889000
2011-02-23,20.27680015563965,20.482695051938563,20.154788688460606,20.23104621907036,60234100
2011-02-24,20.414066314697266,20.635211584884953,20.208171389201002,20.314931074499082,64494200
2011-02-25,20.24629783630371,20.551327977947395,20.208169795844007,20.520824381986422,53006300
2011-02-28,20.269182205200195,20.482703083736286,20.21580234918917,20.35306566721294,51379900
2011-03-01,19.948894500732422,20.421690043713138,19.94126860195144,20.284426774638366,60055000
2011-03-02,19.887897491455078,20.109044289664745,19.857395337438774,19.910775197836386,48658200
2011-03-03,19.979398727416992,20.131912344383306,19.964146929372905,20.025152667057736,68271500
2011-03-04,19.78875160217285,20.00989681099769,19.674364594531458,19.994645016046675,70437200
2011-03-07,19.613359451293945,20.03277509794675,19.483722099345446,19.92601398461246,64980400
2011-03-08,19.758256912231445,19.84214036775549,19.559987852033075,19.65149720846766,50549800
2011-03-09,19.74300193786621,19.81163358054062,19.567610608583454,19.68199619487692,39789100
2011-03-10,19.376968383789062,19.60573956704726,19.331214438035765,19.537109375663167,66549500
2011-03-11,19.58286476135254,19.712502162595598,19.338841760069563,19.376969808585596,49905800
2011-03-14,19.590492248535156,19.64387210257742,19.33121742505107,19.437977133135597,54473400
2011-03-15,19.361709594726562,19.42271531854034,19.06430687294579,19.125312596759567,76067300
2011-03-16,18.904163360595703,19.277823521054607,18.820279962812176,19.23206814708675,100725400
2011-03-17,18.89654541015625,19.23207623338555,18.87366771355319,19.110064760485532,62497000
2011-03-18,18.91179656982422,19.20157492134013,18.91179656982422,19.11006558546891,85486700
2011-03-21,19.315959930419922,19.506603041243054,19.178696657908628,19.201574354824345,46878100
2011-03-22,19.2930850982666,19.41509659095114,19.23970525202858,19.2930850982666,30895600
2011-03-23,19.476102828979492,19.52948267257867,19.2015762567647,19.239704300909352,43969000
2011-03-24,19.681997299194336,19.72775269987228,19.445600213658523,19.521857760296704,38696700
2011-03-25,19.537109375,19.78875825837216,19.514231674878275,19.773506458291006,57029800
2011-03-28,19.376968383789062,19.613365467088094,19.35409068366656,19.567611521334797,48973200
2011-03-29,19.437969207763672,19.460846902093348,19.29308005265841,19.323583645097976,40763500
2011-03-30,19.529481887817383,19.61336387246329,19.44559844867989,19.521855988396556,41999300
2011-03-31,19.361709594726562,19.582856252608504,19.323581562777147,19.521850528794726,63233700
2011-04-01,19.430343627929688,19.46847311910372,19.300706266920702,19.46847311910372,63114200
2011-04-04,19.483728408813477,19.567611856206494,19.376968715398174,19.40747231608354,35433700
2011-04-05,19.659116744995117,19.96414541020821,19.628613151228105,19.689618884270722,73651100
2011-04-06,19.941268920898438,20.06328039436273,19.720123670678717,19.81163154853119,65581400
2011-04-07,19.979398727416992,20.025152667057736,19.804005958893033,19.97177282839495,46134700
2011-04-08,19.88026237487793,20.04040333633796,19.796378944851654,19.956519906311684,39887600
2011-04-11,19.811635971069336,20.01753092393643,19.674372669157936,19.971776974796573,34286300
2011-04-12,19.55235481262207,19.712495764292687,19.48372318397628,19.69724396803999,36920400
2011-04-13,19.54473114013672,19.72774980702749,19.491351301665038,19.5599829381262,38144700
2011-04-14,19.384593963623047,19.399845763452777,19.132945084399243,19.384593963623047,55239900
2011-04-15,19.346466064453125,19.49135380045326,19.20157687396129,19.415096255221155,65080400
2011-04-18,19.12531852722168,19.277833611294263,18.850791957687687,19.140570326527268,58045100
2011-04-19,19.178695678710938,19.193947475876044,18.96517633636515,19.06431010895549,38892400
2011-04-20,19.64386558532715,19.826882790391792,19.45322248157338,19.476100177640756,61608600
2011-04-21,19.460851669311523,19.743002696037802,19.33884017864745,19.66674660524153,46892300
2011-04-25,19.529481887817383,19.53710778723821,19.32358696692985,19.491352390713253,33525100
2011-04-26,19.971773147583008,20.162416262706387,19.575235119048404,19.628614958564306,69200000
2011-04-27,20.116662979125977,20.12428887907025,19.926019843994226,20.055657234063485,52689000
2011-04-28,20.36830711364746,20.490320029835985,20.131910088420614,20.177664022934213,80200000
2011-04-29,19.765872955322266,20.31492445662608,19.338832898752635,20.24629283715171,319317900
2011-05-02,19.567607879638672,19.826882614807,19.430344613432915,19.781128677568894,89825600
2011-05-03,19.681997299194336,19.7125008996463,19.43797431354553,19.521857760296704,71892900
2011-05-04,19.872638702392578,20.017527882897866,19.666745235296386,19.712499177485363,73292300
2011-05-05,19.666744232177734,19.887889486887754,19.58286079703349,19.865011789714362,55600000
2011-05-06,19.72774887084961,19.994648050542335,19.63623954174679,19.88026248003239,55993000
2011-05-09,19.697248458862305,19.796382248123887,19.57523697000574,19.67437075926732,38696400
2011-05-10,19.575237274169922,19.712500564889304,19.254956747321927,19.35409053812387,120798700
2011-05-11,19.338834762573242,19.567605879875337,19.2244477494309,19.559979982033095,78600000
2011-05-12,19.308334350585938,19.36171418978006,19.140568933905612,19.331212047879788,77400000
2011-05-13,19.087190628051758,19.308335901691574,19.02618488485888,19.277833757340957,66812300
2011-05-16,18.736412048339844,19.117698419545757,18.683032189089747,19.03381495244299,91350900
2011-05-17,18.820831298828125,18.958994239864218,18.628938650505713,18.72872218346249,82882100
2011-05-18,18.951326370239258,18.98970433051878,18.61359475648319,18.828515140514387,53931100
2011-05-19,18.974353790283203,19.097165027965907,18.80548870447584,19.074138835916298,37783600
2011-05-20,18.797807693481445,19.0894854014646,18.759429741179733,18.97434861650939,45451500
2011-05-23,18.552194595336914,18.613600228250522,18.444735103744538,18.58289667978083,52692500
2011-05-24,18.53683853149414,18.644299462244764,18.45240672079239,18.575217958199875,47691800
2011-05-25,18.567533493041992,18.659641146523136,18.54450584765933,18.55218172945355,34904200
2011-05-26,18.93597412109375,19.212300112991322,18.66732401386281,18.690351667862707,78016600
2011-05-27,19.005054473876953,19.112513924684002,18.920621211657004,18.94364886426932,50251000
2011-05-31,19.196950912475586,19.23532887691895,18.959004312070633,19.15857148400672,60196300
2011-06-01,18.751754760742188,19.26602725208067,18.7057009229578,19.181593996121705,74033500
2011-06-02,18.5905704498291,18.92062623816311,18.559868368881492,18.79781498632147,51487800
2011-06-03,18.352615356445312,18.529156266431084,18.298885641582245,18.460074786171447,60697700
2011-06-06,18.42937660217285,18.6135934336684,18.245159770677308,18.337267454412462,54778700
2011-06-07,18.467748641967773,18.55218187835713,18.344937460324036,18.49077628753526,41112600
2011-06-08,18.37564468383789,18.437050287010926,18.314239080664855,18.344941150238842,42205000
2011-06-09,18.391000747680664,18.452407834114823,18.283541274471926,18.429380176702015,42878700
2011-06-10,18.199106216430664,18.43705426103676,18.18375591034751,18.43705426103676,49327200
2011-06-13,18.45240020751953,18.56753551894575,18.19142605414014,18.26050753380086,47572500
2011-06-14,18.5905704498291,18.767112905373864,18.567544255124798,18.65197607574992,42894500
2011-06-15,18.22213363647461,18.429378138189584,18.1684039058134,18.421702253234358,49410200
2011-06-16,18.42169761657715,18.49845498278455,18.153047566863734,18.229804933071136,57184100
2011-06-17,18.62126922607422,18.65197129915932,18.406348858377587,18.59056568896389,83320400
2011-06-20,18.782453536987305,18.928292372421698,18.544507042138978,18.552182924427616,54338400
2011-06-21,19.005054473876953,19.081811851892795,18.728728498630005,18.82083764505406,49708700
2011-06-22,18.920623779296875,19.043435015178343,18.874569931847677,18.882245817093445,44287300
2011-06-23,18.905271530151367,18.92062330025422,18.575217257092298,18.7594341062504,59470400
2011-06-24,18.6519718170166,18.836190116742806,18.567540015669465,18.813162463270714,101387200
2011-06-27,19.342782974243164,19.542350075625173,18.59823842945074,18.59823842945074,92044200
2011-06-28,19.803327560424805,19.895436707600716,19.31208267955387,19.41954213123808,81032100
2011-06-29,19.66516876220703,19.73424880213514,19.465600135677402,19.73424880213514,66051000
2011-06-30,19.956836700439453,19.956836700439453,19.695862564927108,19.75726815775208,52535400
2011-07-01,19.972187042236328,20.08732233758014,19.83402410221387,19.9031055722251,52906200
2011-07-05,19.97986602783203,20.071973692806875,19.880081016080187,20.033595743071512,37805300
2011-07-06,20.210145950317383,20.240849495448277,19.926144013959064,19.93381990024179,48744200
2011-07-07,20.54787254333496,20.63230434350629,20.233168603725293,20.332952172664232,51946500
2011-07-08,20.663005828857422,20.709059666561068,20.348301920503147,20.37132957136752,58320700
2011-07-11,20.440404891967773,20.57089195545342,20.332945474047158,20.43273047413753,43999800
2011-07-12,20.3713321685791,20.563224891505318,20.217817404628015,20.379006589153892,47319300
2011-07-13,20.440404891967773,20.693703137084054,20.34829723775718,20.41737871042751,40861800
2011-07-14,20.317598342895508,20.732087273423932,20.23316655128887,20.432735132947915,46382300
2011-07-15,20.555553436279297,20.67068880203969,20.317605354478793,20.317605354478793,49132400
2011-07-18,20.409709930419922,20.647656494623057,20.156411597164897,20.440412004498416,44501900
2011-07-19,21.138904571533203,21.21566049497084,20.555550476449692,20.578576667870827,86730600
2011-07-20,20.77047348022461,20.993069801144078,20.709067851009873,20.939340058584392,49795400
2011-07-21,20.80116844177246,20.962357602925408,20.45576100498031,20.7551146048752,81737400
2011-07-22,21.1312313079834,21.14658161616009,20.47879562964272,20.616958651411988,76380600
2011-07-25,21.422901153564453,21.56106413337363,20.870250698352866,20.92398042071752,108482400
2011-07-26,21.553386688232422,21.607116406704783,21.32311604791515,21.353818116745774,74636500
2011-07-27,20.977705001831055,21.48430149429044,20.877921465326835,21.39986825753895,71488700
2011-07-28,21.277053833007812,21.545703802076062,20.885592700483997,20.94699974623633,83761400
2011-07-29,21.031444549560547,21.269391143324416,20.92398508089792,21.123553711289553,104394800
2011-08-01,20.931655883789062,21.2540356755227,20.53251871992359,21.115872698490413,61838400
2011-08-02,20.570894241333008,21.069816369176568,20.54019217452606,20.709057202026614,63883100
2011-08-03,20.663005828857422,20.724411433803986,20.325274269638772,20.5939243402894,64581200
2011-08-04,19.910789489746094,20.624630658617424,19.90311360508857,20.363656436362845,92949500
2011-08-05,19.711214065551758,20.033593789578063,19.365806695514717,19.93380878755634,112071700
2011-08-08,18.790128707885742,19.649808459342676,18.721047233928275,19.204617551630548,134257200
2011-08-09,19.634456634521484,19.665160162418488,18.444722744983714,18.96666954300962,126268900
2011-08-10,18.57520866394043,19.25834601320931,18.49845131296057,19.150886600252328,127819900
2011-08-11,19.335113525390625,19.480950958467282,18.728731744404485,18.805489135722734,90690100
2011-08-12,19.266029357910156,19.45024619320821,18.920621876710516,19.28905554730662,64787100
2011-08-15,19.580726623535156,19.634456332503646,19.30440073281176,19.37348220549261,56529400
2011-08-16,19.580726623535156,19.766106104294884,19.34900116763663,19.480311817332915,54251500
2011-08-17,19.503488540649414,19.85107605444241,19.256315852292364,19.503488540649414,50923700
2011-08-18,19.05548667907715,19.379901183912164,18.56114132819155,18.978244849684934,105714200
2011-08-19,18.576595306396484,19.01687345290244,18.468457589675317,18.854665404554794,77397900
2011-08-22,18.522518157958984,18.916450129616816,18.37576031474027,18.862381295455684,54721000
2011-08-23,19.094112396240234,19.117285393759868,18.561146712680717,18.561146712680717,59670600
2011-08-24,19.2331485748291,19.256321573722264,18.862389432133735,19.04004467051703,45329700
2011-08-25,18.978254318237305,19.433979718428112,18.92418545266655,19.372186518737806,48192000
2011-08-26,19.503488540649414,19.57300604340801,18.862383827748783,18.931901330507383,71957000
2011-08-29,19.95921516418457,19.974663826627683,19.596180436364655,19.71976678937848,38863200
2011-08-30,20.26045799255371,20.414941680191166,19.851078724866024,19.874250246725698,57341400
2011-08-31,20.546253204345703,20.631217910046317,20.283631808691386,20.306804804754655,59300800
2011-09-01,20.245010375976562,20.747081650126848,20.245010375976562,20.438114258875686,60510800
2011-09-02,19.92832374572754,20.08280746941404,19.820186023106576,19.91287655197167,43894400
2011-09-06,19.704315185546875,19.766108352829526,19.39534934913361,19.46486684648476,54929300
2011-09-07,20.08279800415039,20.08279800415039,19.750659186051614,19.84334967123057,41961000
2011-09-08,20.252729415893555,20.592592573501605,20.044178396540392,20.08279857372219,65811900
2011-09-09,19.881977081298828,20.22184035292592,19.696597516756547,20.082805311202755,64529200
2011-09-12,19.997840881347656,20.028738214784592,19.518943999202715,19.650254719777802,55046100
2011-09-13,20.11370086669922,20.229562900153983,19.936044177251848,20.021010355975996,48792300
2011-09-14,20.469017028808594,20.700741160583007,19.997842957832376,20.2141198945503,66739200
2011-09-15,20.84749412536621,20.87839145247023,20.32225135072309,20.64666591898704,67808300
2011-09-16,20.947908401489258,21.063770428480233,20.72390720580985,20.89383808051224,89681500
2011-09-19,21.01741600036621,21.094657811768695,20.546243750014593,20.700725899554545,52324900
2011-09-20,20.83977508544922,21.241431600200492,20.80115489002799,21.094672205720986,49211900
2011-09-21,20.0750732421875,20.90155736807752,20.059624582779307,20.893833038373426,72750700
2011-09-22,19.35672950744629,19.812454711212425,19.001419130687857,19.54210902661575,96278300
2011-09-23,19.35672950744629,19.426247011293018,19.070936634534586,19.233143161333317,64768100
2011-09-26,19.65024185180664,19.71203500494929,19.101826328558786,19.457138064077746,51057600
2011-09-27,19.827905654907227,20.021009527092428,19.657974777759875,19.820181323227942,55620700
2011-09-28,19.758386611938477,20.368595507924788,19.704317767639033,20.0287323067012,60736200
2011-09-29,19.657970428466797,20.214108926939844,19.379900442597624,20.067349604034966,63407300
2011-09-30,19.225419998168945,19.696593892131578,19.217695666909577,19.464869847412718,54060500
2011-10-03,18.947351455688477,19.573007555587637,18.939627124422373,19.09410932994786,64592500
2011-10-04,19.573007583618164,19.611627766738458,18.7387989581361,18.769694809979224,83485400
2011-10-05,19.997840881347656,20.206393462249135,19.433977805517088,19.634806053059332,94061300
2011-10-06,20.345420837402344,20.39176534680043,19.851075475115064,20.005557664197145,55111400
2011-10-07,20.275907516479492,20.476735729625076,20.237287329563905,20.345425031540106,52741600
2011-10-10,20.80887222290039,20.832043743050974,20.445836025708992,20.530802194969194,41815300
2011-10-11,20.855226516723633,20.909295386785136,20.6389495632114,20.747088776600624,38826200
2011-10-12,20.824321746826172,21.094667473931008,20.77797722806313,20.994254104400138,52489800
2011-10-13,20.99425506591797,21.00970373063508,20.561702766699142,20.66984047318741,43823500
2011-10-14,21.063772201538086,21.241427422762875,20.870668315876607,21.094668057145746,50947700
2011-10-17,20.83977508544922,21.179638403566912,20.73936169339441,20.940189950770048,39453300
2011-10-18,21.094667434692383,21.164184949340477,20.700735342775072,20.808874517375266,52487900
2011-10-19,20.955631256103516,21.218252636311824,20.862942223833294,21.141012267175174,42880000
2011-10-20,20.8861141204834,21.117838162242084,20.39176723905773,21.056044986222066,76300200
2011-10-21,20.97880744934082,21.001980447574255,20.700737363602943,20.971083116596343,76620600
2011-10-24,21.001977920532227,21.164184468851428,20.886115889837704,20.901563080202163,56897800
2011-10-25,20.708457946777344,21.032872496976243,20.63894043793004,20.91701047331926,53554600
2011-10-26,20.538532257080078,20.901567082305426,20.160048765266602,20.87839555568917,63029900
2011-10-27,21.048320770263672,21.164182791777154,20.584871210944208,20.955630269093565,74512400
2011-10-28,20.83977508544922,21.001983147403628,20.693017164235734,20.96336147871638,57712100
2011-10-31,20.56942367553711,20.85521805264354,20.56170081717654,20.669838513411914,46799000
2011-11-01,20.0750732421875,20.329970229361667,19.97465990256475,20.22955688973892,61182600
2011-11-02,20.090524673461914,20.237284011557453,19.851076312659526,20.160042177124776,53533100
2011-11-03,20.4921817779541,20.53852629099026,20.0673524097819,20.268180597292584,65836100
2011-11-04,20.275907516479492,20.39176955049195,20.082803635370162,20.37632088641944,36549200
2011-11-07,20.700740814208984,20.716189482273077,20.183222220190455,20.245015419180753,42589700
2011-11-08,20.97880744934082,21.00970478031873,20.61577264994535,20.862945404705314,47822500
2011-11-09,20.237285614013672,20.662113527134508,20.129146447938925,20.53852717156243,62950900
2011-11-10,20.299076080322266,20.469006928218736,20.1754897412584,20.445833937169745,32514400
2011-11-11,20.78569793701172,20.917008611673605,20.52307658768795,20.530800918346348,37903000
2011-11-14,20.669837951660156,20.85521748585365,20.584871779346877,20.762526982124115,34199200
2011-11-15,20.809919357299805,20.965566320044502,20.545320411249484,20.669837387701467,43874200
2011-11-16,20.288501739501953,20.630924129417902,20.26515573669903,20.599794146534958,53262800
2011-11-17,19.876041412353516,20.26515732268752,19.798217933414833,20.241809833698095,70977500
2011-11-18,19.689268112182617,19.844915098858714,19.572533614355383,19.829350103319168,47626200
2011-11-21,19.45580291748047,19.650360946655272,19.377979408938554,19.642578447365086,61882500
2011-11-22,19.292369842529297,19.42466784280051,19.18341636530657,19.370191846368932,49204500
2011-11-23,19.0433292388916,19.292364630724435,19.0433292388916,19.15228268668071,49099700
2011-11-25,18.91103172302246,19.198978135696265,18.91103172302246,18.973290206254728,26164600
2011-11-28,19.354625701904297,19.432447695151765,19.214543739083858,19.409101690921272,46766700
2011-11-29,19.331279754638672,19.48692672226242,19.261238767643935,19.3157147610044,40917100
2011-11-30,19.907169342041016,19.91495183814749,19.56474693515289,19.743741376883104,81350900
2011-12-01,19.673704147338867,19.946084141201602,19.61144565097601,19.891608142429057,48545400
2011-12-02,19.62700843811035,19.938302392806264,19.5803149386498,19.914954900896195,52293800
2011-12-05,20.000558853149414,20.078380849550605,19.844911891628165,20.062817340886028,56818400
2011-12-06,19.969430923461914,20.132860398324386,19.93051992125444,20.086165414443915,46175300
2011-12-07,19.922740936279297,20.047257946526805,19.720400423537136,19.9772169427176,62667000
2011-12-08,19.767086029052734,20.0161199499921,19.743740026689203,19.829344509287576,60522200
2011-12-09,20.000558853149414,20.132858325134645,19.844911891628165,19.860476884652176,53788500
2011-12-12,19.852691650390625,19.899385138664044,19.681481203815263,19.774868180362105,38945900
2011-12-13,20.047252655029297,20.311851603053988,19.961646676445,20.039470158398046,54581100
2011-12-14,19.914958953857422,20.12508197073214,19.899393956083024,20.016128470671237,47926400
2011-12-15,19.8916072845459,20.140641259257023,19.876043774396134,20.01612427190146,46213900
2011-12-16,20.234024047851562,20.36632349523111,19.94607766789872,19.97720764815704,101408100
2011-12-19,19.868255615234375,20.327412431895773,19.81377814997627,20.249588965886204,52258300
2011-12-20,20.25737762451172,20.31185362198575,20.08616565032521,20.125078137349238,60767600
2011-12-21,20.047252655029297,20.381892588375788,19.798218700267107,20.24181061773219,64132500
2011-12-22,20.086158752441406,20.125071226102314,19.82934236371579,20.093941247173586,35794100
2011-12-23,20.25737762451172,20.265160121916523,20.02390715544637,20.16398914001366,23205800
2011-12-27,20.265159606933594,20.34298161028481,20.17955362201578,20.20289962927732,21287200
2011-12-28,20.093950271606445,20.350766775671417,20.04725676660184,20.3196382671216,29822500
2011-12-29,20.249597549438477,20.272943560086023,20.125080544785614,20.195121545447822,22616900
2011-12-30,20.20290184020996,20.327420324789802,20.163990834276074,20.234031832444852,27395700
2012-01-03,20.83326530456543,20.98112827543002,20.537536394117577,20.66205336135057,64731500
2012-01-04,21.323558807373047,21.37803481576222,20.84105574647474,20.872184257971455,80516100
2012-01-05,21.541460037231445,21.58037103994666,21.237950059845875,21.307989567861338,56081400
2012-01-06,21.876102447509766,21.938360949423213,21.42472793754732,21.42472793754732,99455500
2012-01-09,21.588153839111328,21.868317812527618,21.572588844063837,21.829405324908898,59706800
2012-01-10,21.665969848632812,21.907221251125193,21.5959288794642,21.736010817801425,60014400
2012-01-11,21.57257843017578,21.774918815037005,21.300198570130775,21.346892048372933,65582400
2012-01-12,21.790496826171875,21.80606182300835,21.518115318972765,21.689327315454385,49370800
2012-01-13,21.98503875732422,21.98503875732422,21.627052998015724,21.73600492748201,60196100
2012-01-17,21.992828369140625,22.296338261962273,21.92278739628037,22.101780333874718,72395300
2012-01-18,21.9694881439209,22.101787638117404,21.767147653716847,22.031746642109862,64860600
2012-01-19,21.883880615234375,22.132914573607312,21.81383962889705,21.915009117851252,74053500
2012-01-20,23.12126922607422,23.144616717635078,22.37416730844146,22.42864330439057,165902900
2012-01-23,23.136831283569336,23.308043231230357,22.841103849801154,22.996749320704637,76078100
2012-01-24,22.833328247070312,23.012321260609706,22.708811239011617,22.934497759483065,51703300
2012-01-25,23.004535675048828,23.074576668227916,22.623202203495797,22.623202203495797,59231700
2012-01-26,22.95783805847168,23.113485011933875,22.880014581740582,23.04344403131182,49102800
2012-01-27,22.747709274291992,22.98117964452289,22.701015793989402,22.91892117599978,44187700
2012-01-30,23.04344367980957,23.0512261757999,22.436422351797678,22.54537432694366,51114800
2012-01-31,22.981185913085938,23.11348538032966,22.74771547917146,23.08235539539731,50572400
2012-02-01,23.2613468170166,23.38586377979084,23.160177341397265,23.183524828552166,67409900
2012-02-02,23.30804443359375,23.47925490572742,23.121267483899537,23.269131950591017,52223300
2012-02-03,23.53373146057129,23.658248440439962,23.416996977489344,23.455907977063497,41838500
2012-02-06,23.502601623535156,23.518165131865583,23.32360717632095,23.378084650735346,28039700
2012-02-07,23.619338989257812,23.728290982695498,23.38586852342902,23.46369201203862,39242400
2012-02-08,23.860591888427734,23.868374386187938,23.518169408777094,23.549299399817915,49659100
2012-02-09,23.946199417114258,23.969545427534342,23.720511420654987,23.876158417134466,50481600
2012-02-10,23.73607635498047,23.969545364728177,23.627124348346175,23.845028361614762,44605300
2012-02-13,23.79833221435547,23.94619669577108,23.681597722441925,23.837243216873453,33319800
2012-02-14,23.696496963500977,23.86100085333715,23.38315515371902,23.759165325457367,59644000
2012-02-15,23.539823532104492,23.806164423818622,23.524157563398333,23.759163529437156,43311300
2012-02-16,24.511186599731445,24.714857650810092,23.73566358391379,23.743497315744747,94705100
2012-02-17,24.479848861694336,24.53468348408351,24.24484291027463,24.440681701168185,70036500
2012-02-21,24.62868881225586,24.76185926091943,24.401515078716788,24.425016273468543,50829900
2012-02-22,24.495515823364258,24.81669131434084,24.4250137405517,24.636519988989367,49253200
2012-02-23,24.573854446411133,24.746192060693957,24.2840123512525,24.44068399633255,35034700
2012-02-24,24.660022735595703,24.67569019907558,24.472017656231866,24.660022735595703,35575400
2012-02-27,24.55817985534668,24.675682807987062,24.362341102902338,24.472010326149213,34568400
2012-02-28,24.965526580810547,25.012527466357277,24.581681284096746,24.605182473935717,45230600
2012-02-29,24.863693237304688,25.067365763428313,24.761857721308587,24.98119621549447,59323600
2012-03-01,25.294540405273438,25.37287473083567,24.949863695099967,25.012532052028646,77344100
2012-03-02,25.13003158569336,25.412036895206256,25.067361746960014,25.310202889658147,47314200
2012-03-05,24.910701751708984,25.106540606656797,24.769699031217346,25.07520567268184,45240000
2012-03-06,24.722688674926758,25.05169790513495,24.667854052247293,24.707022707112202,51932900
2012-03-07,24.94202995300293,25.004698309904686,24.699190256775058,24.808859507820262,34340400
2012-03-08,25.0752010345459,25.2318726871775,24.98903297031697,25.098703724811735,36747400
2012-03-09,25.05952262878418,25.192693019195666,25.00468802581431,25.145690650252174,34628400
2012-03-12,25.09869384765625,25.224030522784812,24.92635479875621,25.04385774492286,34073600
2012-03-13,25.592206954956055,25.60787441387769,25.18486497604258,25.255367047058805,48951700
2012-03-14,25.67054557800293,25.75671511240002,25.451207118273896,25.482539049476333,41986900
2012-03-15,25.73322105407715,25.803723152373117,25.521717747452644,25.68622164738877,49068300
2012-03-16,25.53738021850586,25.81155635179608,25.459045888001885,25.78022142428923,65626400
2012-03-19,25.224035263061523,25.54521074020238,25.184868105022417,25.490376121295107,44789200
2012-03-20,25.05952262878418,25.18486078516929,24.863683907245573,25.145690650252174,41566800
2012-03-21,24.99686050415039,25.184867038342933,24.926358427361,25.03602766053061,37928600
2012-03-22,25.067363739013672,25.137865819060153,24.902859881659424,24.91852584845651,31749500
2012-03-23,25.0752010345459,25.153538354993312,24.848028781774854,25.145703128816958,35912200
2012-03-26,25.529550552368164,25.545218017699785,25.184875279862908,25.216207222262685,36758300
2012-03-27,25.474716186523438,25.61572038773174,25.380714381805735,25.576553218121322,36274900
2012-03-28,25.21619987487793,25.61571265376732,25.09869840152303,25.47470849513137,41344800
2012-03-29,25.161375045776367,25.21620968566216,24.918535285939893,25.114375633453545,37038500
2012-03-30,25.27103614807129,25.388540617382482,25.098700044881074,25.3807083806177,31749400
2012-04-02,25.294540405273438,25.42770935638183,25.028199514793688,25.23970577972728,35853600
2012-04-03,25.02036476135254,25.216202061389836,24.80102477399626,25.1927023623337,42752100
2012-04-04,24.448516845703125,24.8245285044788,24.323180124155094,24.8010273088892,49455900
2012-04-05,24.691354751586914,24.777522802304404,24.323176873873678,24.401512687906155,50368600
2012-04-09,24.36235237121582,24.597358385193868,24.26051533612868,24.45635417915432,31056400
2012-04-10,23.868837356567383,24.432854173789977,23.735666885182244,24.331017139955105,54131300
2012-04-11,23.774829864501953,23.91583403508923,23.68082658606663,23.83749821874836,43014000
2012-04-12,24.268341064453125,24.31534344705086,23.829662619126708,23.87666350759314,38304000
2012-04-13,24.135173797607422,24.40934842215873,24.06467170860476,24.197842155150735,39749200
2012-04-16,24.346677780151367,24.432847323987392,24.103838104223268,24.276175697763957,38124800
2012-04-17,24.62868881225586,24.76185926091943,24.44068373663638,24.49551836359229,34361500
2012-04-18,24.393686294555664,24.5268567702283,24.31535195109209,24.50335706484196,40552900
2012-04-19,24.29184341430664,24.81669142529593,24.237008792792015,24.385845195722748,54781200
2012-04-20,25.396373748779297,25.764551643212144,25.10653316606774,25.184870477789037,106045000
2012-04-23,25.161375045776367,25.45905093963051,25.09087293902838,25.310214486835317,61398200
2012-04-24,25.00469970703125,25.474713157121965,24.934197614811065,25.231871953193963,40871100
2012-04-25,25.224035263061523,25.3180370400079,24.965528135262026,25.004695293301133,62495500
2012-04-26,25.153539657592773,25.247541458734414,25.0047017292982,25.1613718959115,40308100
2012-04-27,25.05169677734375,25.239703323968712,24.973360965271905,25.161366017765527,41419100
2012-04-30,25.083036422729492,25.15353851745591,25.00470059590773,25.051701494348137,35697200
2012-05-01,25.0752010345459,25.333709709627524,25.02820163054068,25.106535962724863,43832300
2012-05-02,24.910701751708984,25.012538792995706,24.785365004072936,24.94987041917768,37385300
2012-05-03,24.879362106323242,24.989031359617524,24.761859121489152,24.973363896537908,31501300
2012-05-04,24.268341064453125,24.730520701078408,24.22134017598669,24.636518924145545,57927200
2012-05-07,24.009836196899414,24.17434156321489,23.94716784166767,24.049004852751406,48641400
2012-05-08,23.892332077026367,24.111672056932267,23.633824937269697,23.87666461543351,46328300
2012-05-09,24.096006393432617,24.150841018968123,23.578992075338615,23.649494163636113,50309300
2012-05-10,24.080345153808594,24.299685206766632,23.853172861576937,24.174348460542575,43839200
2012-05-11,24.409347534179688,24.70702334228001,24.04117113377292,24.04117113377292,43459300
2012-05-14,24.033344268798828,24.315352695118733,24.002009335149115,24.143013548309067,40528900
2012-05-15,23.820444107055664,24.28565648983583,23.773134806550974,24.15949735253296,61822800
2012-05-16,23.57600975036621,23.907177844686988,23.449850619571198,23.899292711020365,60083700
2012-05-17,23.434078216552734,23.820440707392912,23.42619308360473,23.64697229434283,48484000
2012-05-18,23.07926368713379,23.50505047584706,23.000413836205905,23.489281708810136,56205300
2012-05-21,23.457727432250977,23.48926795572933,22.91366543372892,22.94520595720727,38787900
2012-05-22,23.465612411499023,23.560230973452832,23.260603522019206,23.41041799970348,39504900
2012-05-23,22.953096389770508,23.18175922206522,22.582502672975036,23.14233506254605,65171000
2012-05-24,22.92155647277832,23.10291001771908,22.677123368556632,22.992521164961282,52575000
2012-05-25,22.913679122924805,23.15022867852815,22.874254948958832,23.024069517114032,29507200
2012-05-29,23.307920455932617,23.43407958258414,23.039831935814274,23.165991062465796,37758800
2012-05-30,23.134450912475586,23.24483976696619,22.960982497713875,23.142336045501395,41585500
2012-05-31,23.016178131103516,23.197531688394722,22.819054306934266,23.102911591061893,39134000
2012-06-01,22.432689666748047,22.83482090649198,22.42480453405607,22.677122764458254,56634300
2012-06-04,22.51154327392578,22.692898360572382,22.330189691214816,22.56673921573557,47926300
2012-06-05,22.48000144958496,22.66924014335287,22.385381350733283,22.48000144958496,45715400
2012-06-06,23.142343521118164,23.15811379226401,22.716555223795275,22.771749668869912,46860500
2012-06-07,23.047714233398438,23.418307938282407,23.000404942708972,23.370997143657707,37792800
2012-06-08,23.378887176513672,23.402542578784402,22.905789658647965,23.031948796220746,42551100
2012-06-11,22.787508010864258,23.50503842908242,22.724428463238542,23.441958881456703,46361900
2012-06-12,23.09502601623535,23.1029096450749,22.740202561043755,22.945211501383866,35337900
2012-06-13,22.9688720703125,23.213306745557276,22.905792493718693,23.0398367819725,32984600
2012-06-14,23.134450912475586,23.229069500914576,22.7717423129652,23.12656577944978,39458900
2012-06-15,23.670623779296875,23.71793306522707,23.252720825764097,23.331570638271142,62314400
2012-06-18,23.528697967529297,23.678512483502857,23.42619274462385,23.646971952167238,58679900
2012-06-19,24.206809997558594,24.53009299947024,23.694286771368052,23.80467715285335,75725800
2012-06-20,24.38815689086914,24.48277547310862,24.15949255990911,24.38815689086914,36257100
2012-06-21,23.765247344970703,24.553742627858227,23.702167782497117,24.41181323630881,48456600
2012-06-22,24.206809997558594,24.23046389764171,23.678518005957862,23.89141062638421,45098100
2012-06-25,23.552350997924805,23.907172916162537,23.355227208703234,23.891402652080373,42217200
2012-06-26,23.670623779296875,23.867747558596946,23.607544230078258,23.65485351600845,38421300
2012-06-27,23.788896560668945,24.049099876221483,23.6785077310209,23.804666823171527,33781700
2012-06-28,23.583894729614258,23.69428359235324,23.197532206092355,23.639089160983747,45328400
2012-06-29,24.120075225830078,24.198925069296244,23.765251682200173,24.009686347338853,55227200
2012-07-02,24.096418380737305,24.143729186349404,23.820444697075718,24.143729186349404,30589100
2012-07-03,24.25411605834961,24.25411605834961,23.788903702405786,23.83621300018138,20938100
2012-07-05,24.206809997558594,24.26988957100634,23.954490199831955,24.120075020092074,28801900
2012-07-06,23.804676055908203,24.206808882082733,23.615437344285294,24.135844177232194,38294800
2012-07-09,23.65485382080078,23.836207339149162,23.481385434198213,23.74947389781543,30680800
2012-07-10,23.449846267700195,23.82832358984663,23.26849273883026,23.71793474687105,37534100
2012-07-11,23.102914810180664,23.44985321016224,22.95310176577086,23.426197806549073,39184900
2012-07-12,22.574613571166992,23.008286769304956,22.503650397296436,22.984631375391423,63523600
2012-07-13,23.17388153076172,23.244846243832004,22.64558950231391,22.67713004320549,39085000
2012-07-16,23.213302612304688,23.284267311329046,22.897904785493918,23.24484164301803,27900600
2012-07-17,23.38677406311035,23.544473748861456,23.02406689139274,23.37100379374811,33771300
2012-07-18,24.009675979614258,24.009675979614258,23.229064520707762,23.339454855466524,41090400
2012-07-19,24.183151245117188,24.285654973801133,23.954486883070413,24.056992115689813,46663200
2012-07-20,23.749483108520508,24.482782598053628,23.694287164893307,24.443358427969887,64021700
2012-07-23,23.087141036987305,23.323689006064516,22.874246962456624,23.315803873237236,55151900
2012-07-24,22.98464012145996,23.15022493399264,22.78751627564309,23.05560482626888,47723300
2012-07-25,22.732324600219727,23.126572339733723,22.692900427842634,23.055607626306344,45579500
2012-07-26,22.992523193359375,23.260611719937902,22.93732876211123,23.047717624607518,45301400
2012-07-27,23.465612411499023,23.536577084931842,23.008285351562485,23.244833260381927,44242600
2012-07-30,23.371004104614258,23.512933522890975,23.229074686337544,23.457739083324626,28905000
2012-07-31,23.236953735351562,23.4261924088469,23.12656488512977,23.244838868072446,37620900
2012-08-01,23.189653396606445,23.37889214316784,23.03195368917068,23.331582832511458,31721800
2012-08-02,23.016178131103516,23.28426665228853,22.8427082033159,23.03194689404613,39520500
2012-08-03,23.457727432250977,23.60754191090327,23.24483341057692,23.284259064924857,35859400
2012-08-06,23.615434646606445,23.741593773276758,23.505044282818357,23.654858809715137,27471800
2012-08-07,23.859872817993164,23.930837529761323,23.55236006962163,23.710058259378634,28002900
2012-08-08,23.91506576538086,24.02545464170719,23.74159731630582,23.820445654289973,26257600
2012-08-09,24.049104690551758,24.167378675128067,23.891405041826477,23.962369733359324,24920800
2012-08-10,23.98602867126465,24.143728343260342,23.85198440124897,24.04910823927582,27810300
2012-08-13,23.96236801147461,24.017562433381713,23.78101448122693,23.930828986357064,23049100
2012-08-14,23.914743423461914,24.121110464183474,23.819498028604734,24.049675661091463,34551400
2012-08-15,23.97031021118164,24.033807659514764,23.82744057395747,23.898875392569558,24351000
2012-08-16,24.430665969848633,24.55766086069176,24.017931817659207,24.09730400291079,35787200
2012-08-17,24.525911331176758,24.54178607097451,24.279858919905674,24.54178607097451,32589900
2012-08-20,24.398923873901367,24.48623345548998,24.271928944626456,24.46242133853882,23737700
2012-08-21,24.4465389251709,24.57353381460827,24.295733440150585,24.414790959760808,28822700
2012-08-22,24.240177154541016,24.414794776339413,24.18461555706546,24.279862495981963,33437400
2012-08-23,24.017932891845703,24.129053047828588,23.875063254782802,24.121115677558585,28355600
2012-08-24,24.256046295166016,24.31160636937989,23.95443381490563,24.009993889119507,22943300
2012-08-27,24.359228134155273,24.573531039694572,24.279855958745227,24.549720446800386,34691100
2012-08-28,24.31161117553711,24.446543459830604,24.224303119040457,24.367172774633424,23947900
2012-08-29,24.327478408813477,24.406850583409103,24.160798204671142,24.327478408813477,23346800
2012-08-30,24.06555938720703,24.29573861956893,23.986187185913312,24.23224116131372,23982100
2012-08-31,24.46242332458496,24.573543518247348,24.11318648377576,24.28780566112991,36590100
2012-09-04,24.121110916137695,24.335415329429125,23.930618608955854,24.168735128356868,48556700
2012-09-05,24.121110916137695,24.23223256408415,23.978241307276743,23.98617867597994,33650000
2012-09-06,24.883085250854492,24.891022620703517,24.176674473276346,24.208423952672444,48371700
2012-09-07,24.56559944152832,24.660844857406378,24.390980322587563,24.63703426038616,42649100
2012-09-10,24.383047103881836,24.525916765923338,24.21636684076598,24.470356678218053,40524000
2012-09-11,24.43860626220703,24.533851684779858,24.29573661444909,24.359234067463873,25191800
2012-09-12,24.430665969848633,24.74815319695646,24.390979120273585,24.55766086069176,32775800
2012-09-13,24.557661056518555,24.748153394302268,24.12905216108131,24.517974206627038,45047300
2012-09-14,24.7719669342041,24.80371641789038,24.454479666834846,24.61322405746883,51422800
2012-09-17,24.7719669342041,24.811653788811952,24.63703617023354,24.75609370625967,36488500
2012-09-18,24.748151779174805,24.77196237365725,24.629094265067298,24.684654337390906,34542700
2012-09-19,24.64496612548828,24.756087777881078,24.63703027036583,24.676715601571466,48871900
2012-09-20,24.96245765686035,24.98626825272012,24.53384876460234,24.565598244280054,45543000
2012-09-21,24.75609016418457,25.08945212569989,24.67671798022407,24.946582497350683,102348900
2012-09-24,24.430665969848633,24.660843641789864,24.319544304937008,24.60528356628331,46825900
2012-09-25,24.121110916137695,24.605279809744637,24.097300323926394,24.565594480126943,54266400
2012-09-26,23.94649314880371,24.287792430733983,23.843310384309994,24.033802689920275,54672000
2012-09-27,23.93855857849121,24.12905090636931,23.724254141916433,23.94649594805677,47129900
2012-09-28,23.62107276916504,24.017932187637776,23.60519802909048,23.954434741238078,54229300
2012-10-01,23.40677261352539,23.795694733303606,23.351212526971192,23.660762445715342,54042700
2012-10-02,23.541709899902344,23.724264941314807,23.414714956841575,23.557584646259723,43338900
2012-10-03,23.700441360473633,23.80362412750919,23.549634380438604,23.61313181720625,46655900
2012-10-04,23.835378646850586,23.835378646850586,23.47026717274852,23.787754423772952,43634900
2012-10-05,23.692502975463867,24.009990145685013,23.60519343594121,23.994115408699393,41133900
2012-10-08,23.636945724487305,23.7480658688218,23.45438925521123,23.525824066254383,29752000
2012-10-09,23.240093231201172,23.605203250282816,23.16072102717072,23.557580533424094,45121100
2012-10-10,23.001972198486328,23.263899361719247,22.978161601582432,23.136904465236533,47227100
2012-10-11,22.978160858154297,23.21627590288084,22.914663411967314,23.192463792848773,41488500
2012-10-12,23.176591873168945,23.271837290869044,22.859103110438962,22.99403538042962,46464700
2012-10-15,23.422651290893555,23.589331578554003,23.21628413910033,23.31153109911992,42440200
2012-10-16,23.40677261352539,23.605202359161144,23.271840325937127,23.375024641451056,47739400
2012-10-17,23.486148834228516,23.525834184588312,23.08928927503425,23.255969563224287,44206100
2012-10-18,23.41470718383789,23.597262164647397,23.224214832484673,23.533764714196323,59238500
2012-10-19,22.73211097717285,23.081347750335222,22.620990805034335,23.057535636063196,90470800
2012-10-22,22.22412872314453,22.88291533545323,22.089196452483783,22.803543144376558,83374000
2012-10-23,22.26380729675293,22.38286630414051,22.033629677859814,22.04156704594553,64414800
2012-10-24,22.14475440979004,22.38287096019977,22.120943814478004,22.351121481252413,53320400
2012-10-25,22.128883361816406,22.382874694070185,22.113010133593264,22.37493732300925,54084300
2012-10-26,22.39081382751465,22.493998152506297,22.097138624782332,22.113013369227037,57790000
2012-10-31,22.65273094177246,22.92259388932021,22.62098146917968,22.66066679602248,69464100
2012-11-01,23.430585861206055,23.462333834815855,22.874981940995102,22.890856684749448,72047900
2012-11-02,23.41470718383789,23.62901164682225,23.279774912392032,23.486142004832676,57131600
2012-11-05,23.51788902282715,23.605198581381465,23.279773971731743,23.509953166502733,38070800
2012-11-06,23.700441360473633,23.97030584521071,23.502011681337443,23.668691885140653,43401500
2012-11-07,23.08134651184082,23.676635711610338,23.0575343988465,23.43852063726202,57871800
2012-11-08,22.867042541503906,23.31152624381998,22.859105170330537,23.113096506182046,49841800
2012-11-09,22.882909774780273,23.168648987660635,22.86703503764286,22.92259510372554,43291200
2012-11-12,22.398752212524414,23.02579102135212,22.390814839943165,22.970230927182378,61112300
2012-11-13,21.67853355407715,21.846583468193927,21.406451432454723,21.62251691603822,131689200
2012-11-14,21.47846794128418,21.838576991410864,21.446457569566906,21.798564026764268,76086100
2012-11-15,21.334428787231445,21.58250311461632,21.31042100341787,21.510481289514445,50955600
2012-11-16,21.222383499145508,21.36642706779052,21.078339930500498,21.342419297570355,64083300
2012-11-19,21.39043426513672,21.44645087180935,21.182371492968333,21.44645087180935,57179300
2012-11-20,21.374439239501953,21.446461061253125,21.174378962712883,21.414452210663036,47070400
2012-11-21,21.566497802734375,21.742550291556093,21.342429749956857,21.374438599588654,66360300
2012-11-23,22.166675567626953,22.2226921915354,21.766555081036852,21.7905613333756,57845700
2012-11-26,21.918603897094727,22.07065013802379,21.742551399303423,22.038641286761194,85198700
2012-11-27,21.6705265045166,21.910598197144793,21.638517657790857,21.894594536951217,45018600
2012-11-28,21.89459800720215,21.91860426446675,21.422455614039613,21.61451330385065,53018400
2012-11-29,21.566497802734375,21.89459652473865,21.494475983139413,21.69453625393903,69551400
2012-11-30,21.302417755126953,21.710539353819836,21.198385562253318,21.646520129874023,83690200
2012-12-03,21.150371551513672,21.46246507783545,21.12636377012788,21.430456228993094,53173800
2012-12-04,21.10235595703125,21.31041727499152,21.078348177418025,21.206386616011386,49777500
2012-12-05,21.342432022094727,21.55049490903757,21.014333265160708,21.110361350618085,68283800
2012-12-06,21.39043426513672,21.59049444687501,21.294406232651653,21.45445346223945,39182300
2012-12-07,21.174373626708984,21.462460841114844,21.102353349445917,21.462460841114844,46162100
2012-12-10,21.558496475219727,21.582502732269166,21.22239513947817,21.25440399099036,47031100
2012-12-11,21.862586975097656,21.998628025436822,21.64652150814625,21.64652150814625,52282800
2012-12-12,21.798564910888672,22.10265734918229,21.670526471503546,22.030635536235835,43966300
2012-12-13,21.69453239440918,22.022631058043604,21.566493965982986,21.862582259341632,45080100
2012-12-14,21.454465866088867,21.71054280255007,21.366440373142165,21.69453913877545,42077500
2012-12-17,21.68653106689453,21.78255913064661,21.350429791085148,21.438456788140016,42046100
2012-12-18,22.054645538330078,22.110662174290002,21.718544196231672,21.806571210648045,50486900
2012-12-19,21.854583740234375,22.190685059083453,21.806569702209863,22.15867620918003,53519900
2012-12-20,22.150676727294922,22.150676727294922,21.726548340528474,21.894599786733657,52607300
2012-12-21,21.966615676879883,21.998624522624777,21.606506622633898,21.966615676879883,98776500
2012-12-24,21.65452003479004,21.806566245158585,21.606506004377316,21.766554807537734,20842400
2012-12-26,21.494476318359375,21.76655841299725,21.366437865157877,21.630517365678312,31631100
2012-12-27,21.574495315551758,21.678527493975835,21.262401832956492,21.51847869317194,39394000
2012-12-28,21.246402740478516,21.526487459036506,21.246402740478516,21.374441207304066,28239900
2012-12-31,21.374439239501953,21.422454804895253,21.102358667300493,21.278411161392917,42749500
2013-01-02,22.102657318115234,22.190682791107157,21.726543067403814,21.806567473491686,52899300
2013-01-03,21.80657196044922,22.126668124325647,21.73455013278466,22.110662934547097,48294400
2013-01-04,21.39844512939453,21.87859005648474,21.390442535870186,21.822573428152968,52521100
2013-01-07,21.358434677124023,21.510479382111154,21.318421707649478,21.422453901944582,37110400
2013-01-08,21.246402740478516,21.438461967055765,21.17438091209678,21.406451587179916,44703100
2013-01-09,21.366436004638672,21.406447445403042,21.254401223088916,21.382439665141245,49047900
2013-01-10,21.174373626708984,21.59049926388669,21.038334138059994,21.326419826127452,71431300
2013-01-11,21.470468521118164,21.550492935898294,21.03033652933557,21.198386426668968,55512100
2013-01-14,21.518484115600586,21.670530362044474,21.41445343730037,21.5264867102912,48324400
2013-01-15,21.774560928344727,21.838581685540323,21.470469963359946,21.470469963359946,48244500
2013-01-16,21.638519287109375,21.790563991597747,21.614511505503398,21.726544766987193,41077400
2013-01-17,21.80657196044922,21.982624468996526,21.654525710230825,21.75855791745248,51685900
2013-01-18,21.80657196044922,21.838582340006315,21.638522046791184,21.68653608978792,52167700
2013-01-22,21.726545333862305,21.966618577169758,21.606509475377955,21.846581192346655,58650600
2013-01-23,22.09465217590332,22.11865842652316,21.766553522499173,21.766553522499173,50387700
2013-01-24,22.110654830932617,22.46276124531819,21.98261641230847,22.166672974626735,101739300
2013-01-25,22.310720443725586,22.590805124544268,21.918602501114922,22.070648732360272,81847700
2013-01-28,22.334726333618164,22.590803211074793,22.214690488102693,22.414750739408007,56056500
2013-01-29,22.414752960205078,22.51078103559624,22.08665423766426,22.262706726773878,49242600
2013-01-30,22.286712646484375,22.558794714588362,22.21469083278987,22.414751087199356,43580500
2013-01-31,21.966615676879883,22.382739829594794,21.92660271177558,22.23869773423495,50530000
2013-02-01,22.35073471069336,22.44676279027866,22.046642230549356,22.14267183647346,55565900
2013-02-04,21.958614349365234,22.422754086954342,21.942609162401112,22.302718237400693,50540000
2013-02-05,22.006622314453125,22.134660722175614,21.8945890892805,22.1026518834141,35410400
2013-02-06,21.878585815429688,22.038634602214646,21.80656401401029,21.91059465698367,41889600
2013-02-07,21.830575942993164,21.9186014187664,21.686532312751414,21.886592571123035,38028300
2013-02-08,22.046640396118164,22.174678842470765,21.854582726589264,21.886593101346755,33318500
2013-02-11,22.294715881347656,22.342729916412715,22.006628618279983,22.12666446911196,32247700
2013-02-12,22.310720443725586,22.406750044074943,22.206689775824273,22.310720443725586,35990900
2013-02-13,22.430757522583008,22.494776746504417,22.310720142184003,22.35073311109657,41715600
2013-02-14,22.43875503540039,22.4547586930029,22.302714024579778,22.34272545809358,32663200
2013-02-15,22.414752960205078,22.5347888176134,22.31072076446946,22.43876074222224,49650900
2013-02-19,22.632600784301758,22.66487617741267,22.430884194284896,22.495433441531272,38781400
2013-02-20,22.487369537353516,22.753635414935765,22.45509413935534,22.69715346843895,44110200
2013-02-21,22.180761337280273,22.382477975348273,21.970975849012454,22.382477975348273,49078500
2013-02-22,22.39861488342285,22.39861488342285,22.17269170274717,22.334065623083482,31425900
2013-02-25,22.08393669128418,22.632604616287065,22.08393669128418,22.568055358111682,48011800
2013-02-26,22.08393669128418,22.269515616166437,22.05973014235252,22.092004001952354,49923300
2013-02-27,22.43895721435547,22.59226228218349,22.051661658872213,22.124279767897292,36394700
2013-02-28,22.430883407592773,22.568050745552547,22.382471858599736,22.495432652575293,35840200
2013-03-01,22.551918029785156,22.576123038487477,22.20496520794606,22.366337575538818,34849700
2013-03-04,22.713289260864258,22.713289260864258,22.350200297716846,22.471229952099314,38157500
2013-03-05,22.874666213989258,23.027971284132697,22.721361143845822,22.82625465356661,41432200
2013-03-06,22.66488265991211,22.777843490157917,22.414754447663874,22.761705788986834,51448500
2013-03-07,22.705224990844727,22.818187358160834,22.600333012953904,22.681019978472307,29196700
2013-03-08,22.592262268066406,22.858528154666732,22.559986868975102,22.79397889545986,37667800
2013-03-11,22.487369537353516,22.5680549543976,22.325995625313986,22.543849944874648,36627500
2013-03-12,22.51964569091797,22.55192109220471,22.301791349159977,22.46316527764201,39255200
2013-03-13,22.52771759033203,22.608404565493906,22.390550194249656,22.487374872239116,29093400
2013-03-14,22.705224990844727,22.72136269174358,22.535783748334357,22.592264162504478,55914800
2013-03-15,22.624534606933594,22.721357713159616,22.576121514845056,22.61646575825217,92710300
2013-03-18,22.672956466674805,22.818192731010583,22.43896436547244,22.49544479294164,44809400
2013-03-19,22.73749542236328,22.769769278130255,22.616465770029958,22.68908386922506,51901600
2013-03-20,22.8504638671875,22.98763126276074,22.73750302576579,22.866601569955186,35447800
2013-03-21,22.68102264404297,22.882739312057648,22.632609535656695,22.68102264404297,34233200
2013-03-22,22.79397964477539,22.866597756142294,22.67294997215581,22.745568083522716,28720900
2013-03-25,22.721363067626953,22.874668150750484,22.55998913392051,22.83432389783593,44154000
2013-03-26,22.721363067626953,22.86659930016757,22.681020353688286,22.785912333314354,27824300
2013-03-27,22.89080810546875,22.95535737751089,22.656816032455964,22.70522760174356,36047400
2013-03-28,23.084453582763672,23.12479629658662,22.80204996907538,22.850461533458095,55453800
2013-04-01,23.084453582763672,23.12479629658662,22.88273693569716,23.108658595467087,29201100
2013-04-02,23.23775863647461,23.278102891895035,23.011836962024162,23.068317380636774,28456500
2013-04-03,23.044111251831055,23.35879029400247,23.02797508834166,23.19741634730041,35062800
2013-04-04,23.07638931274414,23.08445816490553,22.810123347323007,22.906946495307317,45263200
2013-04-05,23.157072067260742,23.221621333789987,22.681020649491607,22.769774929109374,50927300
2013-04-08,23.06831169128418,23.181272500649808,22.97148704113107,23.181272500649808,34759500
2013-04-09,23.891313552856445,24.060754750746696,23.140927587398576,23.181270290046125,77733800
2013-04-10,24.431921005249023,24.46419486872161,23.81870220951097,23.859044923595675,71116700
2013-04-11,23.350719451904297,23.56050494914041,23.1812766684161,23.479817982668692,130923200
2013-04-12,23.22968101501465,23.415259890660593,23.12478753644934,23.27809256105809,62886300
2013-04-15,23.149005889892578,23.382996430967083,23.003769638685466,23.116730483412738,56332900
2013-04-16,23.37491798400879,23.51208532728913,23.157065235602147,23.318437584830196,52797300
2013-04-17,23.261953353881836,23.431396062482015,23.07637449029966,23.278091047839034,52840700
2013-04-18,23.22968101501465,23.3829845006481,22.995689054349963,23.35877949711403,56906600
2013-04-19,24.020418167114258,24.399644901122834,23.891319638984708,23.899388489364785,99790700
2013-04-22,24.875694274902344,25.15809785930344,24.423849463246025,24.448054473439214,137904000
2013-04-23,24.69011688232422,24.93217623315084,24.512605255340596,24.7708038455917,59126900
2013-04-24,25.626075744628906,25.755174238941358,24.6901108913759,24.70624858790882,90946600
2013-04-25,25.771318435668945,26.497498034081673,25.448572118482826,25.585737956683072,110700200
2013-04-26,25.650287628173828,25.80359116021818,25.3759528859171,25.739041899626937,47799300
2013-04-29,26.311920166015625,26.36840058145222,25.63415210282468,25.65835711573985,59116400
2013-04-30,26.707279205322266,26.715349593759463,26.045648939234134,26.271573646205425,75165200
2013-05-01,26.400671005249023,26.691143417260022,26.303844815944547,26.570112219605033,54330900
2013-05-02,26.755691528320312,26.763758838572855,26.134403988531677,26.328053292056563,46059500
2013-05-03,27.02195930480957,27.04616431384889,26.69114417681656,26.812172299964462,46784600
2013-05-06,27.231739044189453,27.36083753579943,26.828305873164425,26.965471673896538,40978300
2013-05-07,26.87672233581543,27.264017859265888,26.82024193101752,27.151057049670072,43078300
2013-05-08,26.618526458740234,26.820243078204026,26.34419173315143,26.683074176433948,51595700
2013-05-09,26.352262496948242,26.626597258487088,26.295782082333044,26.50556603976781,46417800
2013-05-10,26.37646484375,26.400672931818292,26.077925099820188,26.36032714435495,36394900
2013-05-13,26.650798797607422,26.683074195452956,26.26350325731505,26.311916354083355,36027600
2013-05-14,27.24395179748535,27.24395179748535,26.650809147174467,26.699561744288566,56870100
2013-05-15,27.503952026367188,27.544580729431097,27.16269323728141,27.1789440986,46303900
2013-05-16,27.69083023071289,27.747706684980358,27.260190234715125,27.333317547278195,59382900
2013-05-17,28.332727432250977,28.332727432250977,27.707083217717372,27.73146105952795,60666700
2013-05-20,28.50335693359375,28.519604693714758,28.178345939551686,28.218971538923306,54020800
2013-05-21,28.31648063659668,28.657742575129582,28.210854671879517,28.519611783486283,48702400
2013-05-22,28.12146759033203,28.30834781450792,27.91833650759289,28.26772221786696,66047500
2013-05-23,27.747703552246094,28.072711382861687,27.54457249578612,27.812703878555638,51102700
2013-05-24,27.84522247314453,27.853346356533248,27.54458919518894,27.56083696196637,33174400
2013-05-28,28.45461082458496,28.584614631854908,27.958970340763525,27.96709422267122,48212100
2013-05-29,28.340858459472656,28.454611405715134,28.08897472169622,28.227105513230175,38412200
2013-05-30,28.46274185180664,28.64149829400373,28.28398850914559,28.316487144470123,51131000
2013-05-31,28.35709571838379,28.665852681615036,28.267717560778067,28.292092294840053,56165700
2013-06-03,28.917753219604492,28.950254950394562,28.300235832271387,28.373360077245575,51252600
2013-06-04,28.43023109436035,29.039624415249857,28.251474728381655,28.942119252242545,65529500
2013-06-05,28.25960922241211,28.348987438969505,27.97522680567119,28.11335452250653,46025100
2013-06-06,28.405851364135742,28.527731260019443,28.02396701613353,28.308349307149488,37618500
2013-06-07,28.98274803161621,29.07212622440566,28.487110679889806,28.64148922227655,40757300
2013-06-10,28.820241928100586,28.96649657043959,28.552107383967527,28.852740548982297,35994500
2013-06-11,28.308359146118164,28.584617653208845,28.178355325106995,28.4789885800324,39435900
2013-06-12,28.43834686279297,28.657728767678574,28.316466993567467,28.55209975431873,37372700
2013-06-13,28.210851669311523,28.454608399728205,28.105222616301468,28.430233656547035,45654900
2013-06-14,27.950838088989258,28.186467788176333,27.82895820012389,28.072714878320298,53192600
2013-06-17,28.43834686279297,28.568350610184382,28.137713778112914,28.186463246176054,49670100
2013-06-18,28.422115325927734,28.576493912284498,28.357114957817075,28.413991442239876,28616500
2013-06-19,28.105209350585938,28.51147140936889,28.105209350585938,28.405842406215935,30816200
2013-06-20,27.211448669433594,27.89396941857881,27.11394349131628,27.837089848242783,54493700
2013-06-21,27.032684326171875,27.406444767103146,26.853927985059403,27.34956831302814,85338500
2013-06-24,27.39832305908203,27.78833438916253,26.46391878316752,26.764551935608512,56109000
2013-06-25,27.357704162597656,27.93459903418671,27.18707472571464,27.690842252991597,44073400
2013-06-26,27.91020965576172,28.015838687137155,27.536449205706305,27.72332943073401,48665900
2013-06-27,28.129600524902344,28.259604335722884,28.032098441670776,28.048349305465262,28993100
2013-06-28,28.064598083496094,28.267729216527417,27.902092557164014,27.934594282337454,65545500
2013-07-01,27.918336868286133,28.4302280712718,27.893962129893513,28.235220865527705,31055400
2013-07-02,27.577077865600586,27.983340078055402,27.325197277580806,27.95896533715922,37630000
2013-07-03,27.633955001831055,27.92646429786322,27.30082010346882,27.34957268598577,15994400
2013-07-05,27.79645538330078,27.820833219829865,27.284567309203087,27.69895333578706,26085900
2013-07-08,27.893959045410156,28.105213987032737,27.609573697627635,27.910206802852322,32396900
2013-07-09,27.91020965576172,28.11334073942675,27.739580289371336,28.097092980323783,25318500
2013-07-10,28.19460105895996,28.28397925080187,27.885840877924736,27.902091740035537,29658800
2013-07-11,28.999006271362305,29.064009737031792,28.35711409532324,28.43836532787426,53638300
2013-07-12,28.98274803161621,29.031500618465472,28.665863965933653,28.9096238006449,35501200
2013-07-15,29.38900375366211,29.4296324501011,28.909617370839406,28.974617705979938,34142600
2013-07-16,29.470266342163086,29.600270148571393,29.218382611200326,29.259008219540064,36378500
2013-07-17,29.039621353149414,29.567760315842893,28.836490267605527,29.527134718640994,37285100
2013-07-18,28.795860290527344,29.16149684815603,28.61710705087996,29.02336920390422,49547100
2013-07-19,25.513267517089844,26.54517239469162,25.204508906813093,26.3257935199478,248428500
2013-07-22,26.0089054107666,26.0089054107666,25.675772071157937,25.757024823393696,79040700
2013-07-23,25.854530334472656,26.03328672318548,25.765152140116243,25.927657666261073,65810400
2013-07-24,25.968280792236328,26.155161044613447,25.91140432844915,26.033284236298705,52803100
2013-07-25,25.505144119262695,25.716400679874777,25.39139118268985,25.692025936190614,63213000
2013-07-26,25.692028045654297,25.692028045654297,25.35889154019885,25.399518699287395,38633600
2013-07-29,25.627023696899414,25.675774733388756,25.513269212067605,25.570145679599754,28870700
2013-07-30,25.8789005279541,26.09828092183779,25.63514229619739,25.822024072141023,45799500
2013-07-31,25.870779037475586,26.041408430893558,25.76514998936857,25.976406535815176,43898400
2013-08-01,25.73265266418457,26.073913038550437,25.67577619341819,26.049538293803472,42557900
2013-08-02,25.911401748657227,25.91952717835604,25.65139419736422,25.74889780398272,29199900
2013-08-05,25.75702476501465,26.000781471402107,25.708272183923285,25.919528719350506,30984000
2013-08-06,25.659521102905273,25.732648424633357,25.497015599116793,25.6351448124068,36331500
2013-08-07,26.049530029296875,26.082028645470547,25.391384234116266,25.627017023697075,38078600
2013-08-08,26.723934173583984,26.87018885269646,26.041413370904234,26.19579503193154,59034400
2013-08-09,26.569538116455078,26.732043552854407,26.382657949432538,26.626414554264834,26800700
2013-08-12,26.707672119140625,26.788926406567253,26.374537289526792,26.374537289526792,25493700
2013-08-13,26.372196197509766,26.63403593858666,26.355830823520467,26.601305190608066,39464100
2013-08-14,26.470382690429688,27.296816827221356,25.938522134805694,26.298550962676195,48519600
2013-08-15,26.012174606323242,26.331291684893053,25.234836292072004,26.184006399187478,33338000
2013-08-16,26.02035140991211,26.17581935905874,25.90579690037677,26.012170282677992,32866300
2013-08-19,25.68486785888672,26.159452812318325,25.676685171330718,25.987621055706498,27902500
2013-08-20,25.87306785583496,26.102176876202545,25.66850533868496,25.725782593776856,22979600
2013-08-21,25.86488151550293,26.192179623899595,25.807604268499116,25.86488151550293,37409100
2013-08-22,26.503116607666016,26.58494347927854,26.265823362053684,26.33946598581696,31169900
2013-08-23,28.434186935424805,28.802400052388954,27.82049944760988,28.777850430340692,225493800
2013-08-26,27.943235397338867,28.368722599499588,27.84504316172424,28.14779787280584,72786800
2013-08-27,27.21500015258789,27.902330442260602,27.124995252961128,27.427746951573873,58522300
2013-08-28,27.01861000061035,27.493193283101018,27.00224462930027,27.321361566408296,44257400
2013-08-29,27.45228385925293,27.493195730482302,26.83859642668524,26.944969788982167,45284700
2013-08-30,27.329551696777344,27.395010074735374,27.07589306892176,27.305002073839002,42790200
2013-09-03,26.08580207824707,26.241269972119785,25.60303614797801,25.979430294452637,154507000
2013-09-04,25.52940559387207,25.750331950755072,25.45576295468163,25.68487200044005,142320600
2013-09-05,25.553951263427734,25.725784602810755,25.324842225168066,25.4475794329055,71644900
2013-09-06,25.488479614257812,25.684859368623297,25.472114244555467,25.61939945050147,75434900
2013-09-09,25.905792236328125,26.012165599478006,25.529398023798656,25.54576183600891,49628500
2013-09-10,26.503116607666016,26.511300855515266,26.01216786349484,26.102174300892624,56881200
2013-09-11,26.78951072692871,26.94497712849795,26.61767582675829,26.650406581207566,39087500
2013-09-12,26.748584747314453,26.822227353918954,26.666761016142903,26.773134363766133,32860200
2013-09-13,27.02678680419922,27.059517541585983,26.60129658229604,26.814043253935086,40899000
2013-09-16,26.83860206604004,27.411377747730572,26.78132481000862,27.313188611873333,52839700
2013-09-17,26.944974899291992,27.38683068367205,26.920428396174085,27.345915683307155,84716500
2013-09-18,27.264095306396484,27.32955681799728,26.86315447265997,26.99407437448489,64099900
2013-09-19,27.52592658996582,27.558657335635093,27.26408686736305,27.395006728664434,42026600
2013-09-20,26.830419540405273,27.39501094388215,26.748592663641546,27.337733690835634,102904900
2013-09-23,26.78951072692871,26.977707882947225,26.593129321609606,26.62586007605888,39826100
2013-09-24,26.552213668823242,26.895877177610792,26.30673928806412,26.895877177610792,40685000
2013-09-25,26.60130500793457,26.83859824708597,26.5113001336754,26.584942755433563,28907500
2013-09-26,26.814054489135742,27.002251625902645,26.666769230557083,26.707681108745327,28504000
2013-09-27,27.223176956176758,27.61593656836168,26.895875718668023,26.904059966362507,55348000
2013-09-30,27.23136329650879,27.255912922916842,26.756779844765735,27.002254259210524,39839500
2013-10-01,27.476831436157227,27.50137793279465,27.247719355831226,27.288631224018758,36718700
2013-10-02,27.75504493713379,27.84505295742357,27.23954956499974,27.296826828570193,46946800
2013-10-03,27.70594024658203,27.820494725443197,27.345908317160717,27.722305618044405,38703800
2013-10-04,27.722312927246094,27.812320933332728,27.509566163518365,27.56684341805054,33008100
2013-10-07,27.24772071838379,27.58320304849844,27.165896977917043,27.493195061159646,35069300
2013-10-08,27.01042938232422,27.272272237080973,26.83859764255096,27.255906863572687,41017600
2013-10-09,27.05953025817871,27.28863928480573,26.969522248753417,27.05953025817871,35878600
2013-10-10,27.624116897583008,27.73049026491032,27.214991923190407,27.25590691773034,42875100
2013-10-11,27.926876068115234,27.935057195499017,27.558662908318183,27.558662908318183,30033300
2013-10-14,28.188718795776367,28.22963067973253,27.640489562358447,27.73868182950524,27757900
2013-10-15,28.221445083618164,28.63057010116256,28.205079708351246,28.36872721826807,47097800
2013-10-16,28.344175338745117,28.556922055477653,28.278716971472047,28.311444594420795,35111600
2013-10-17,28.57329750061035,28.630577890316182,28.123260483150954,28.188722002027895,31359200
2013-10-18,28.606019973754883,28.630569596910966,28.090524708118867,28.49146547028021,41811700
2013-10-21,28.630573272705078,28.802405049978052,28.565111764385932,28.622389023476924,27433500
2013-10-22,28.295080184936523,28.720567343189025,28.245984072195693,28.655108980909926,40438500
2013-10-23,27.624116897583008,28.221442107006943,27.550474277337305,28.106884492221308,58600500
2013-10-24,27.591392517089844,27.902325286808548,27.468653761785582,27.67321627304188,53209700
2013-10-25,29.236072540283203,29.69429367048055,29.02332891066991,29.358811290575233,113494000
2013-10-28,29.10515022277832,29.236070088803192,28.859675864153665,29.137880969628494,38383600
2013-10-29,29.06424331665039,29.227893957491457,28.851496547144098,29.154251325181797,31702200
2013-10-30,29.080602645874023,29.285165124044706,28.990594656058814,29.072418398776804,36997700
2013-10-31,28.97422981262207,29.203338793519006,28.916952567397836,29.178792294530265,41682300
2013-11-01,29.07240867614746,29.203328493538404,28.957854226102214,29.186963126192705,40264600
2013-11-04,29.40790367126465,29.44063442016669,29.088786672909784,29.121517421811827,28060700
2013-11-05,29.980682373046875,30.037959628824563,29.268805678826837,29.28517105495994,51681900
2013-11-06,31.240785598754883,31.273516348250823,30.324346462501047,30.47163171385671,88948800
2013-11-07,30.684375762939453,31.10168189990994,30.62709851122539,31.060770023167912,60437400
2013-11-08,30.91349220275879,30.91349220275879,30.55346323093557,30.823484179458767,36737800
2013-11-11,30.758018493652344,30.913484874348306,30.56163711469986,30.83984224741314,26872500
2013-11-12,30.569812774658203,30.766190977064326,30.438892932595706,30.586178145087924,31651600
2013-11-13,31.224416732788086,31.224416732788086,30.193423209950474,30.258881580247348,44957600
2013-11-14,31.1098690032959,31.19987701321482,30.864394598938375,30.987130240428936,46183700
2013-11-15,30.962574005126953,31.10985922572623,30.86438489851924,31.05258198675711,50601300
2013-11-18,30.438894271850586,30.749830080945333,30.33252092006481,30.561629873410737,53277500
2013-11-19,30.290498733520508,30.69448019769768,30.232783950732532,30.381186203505315,44275000
2013-11-20,30.570802688598633,30.84287129020379,30.3894215241637,30.438886827157052,32229900
2013-11-21,30.834636688232422,30.94181363786002,30.719210277401903,30.727456593556713,23064700
2013-11-22,30.974803924560547,31.0654945650955,30.776936295256338,30.941824937993424,27982000
2013-11-25,31.032512664794922,31.288095069118842,30.974801016245806,31.27160557738353,30646800
2013-11-26,30.793424606323242,31.040763876293276,30.79342460632324,30.974805898954745,34465300
2013-11-27,30.999534606933594,31.1314473997059,30.908847117254993,30.974801941116617,26002100
2013-11-29,31.43649673461914,31.568409520871757,31.1809143352958,31.1809143352958,22090400
2013-12-02,31.7003173828125,31.972386086236607,31.378780212834734,31.403512873587356,42950400
2013-12-03,31.584896087646484,31.73329835157032,31.395271671532385,31.444736996141252,52109800
2013-12-04,32.10428237915039,32.137261339931186,31.42822940837814,31.502430497611524,51983600
2013-12-05,31.32930564880371,32.05482729181045,30.653252462722826,32.03009149082362,116305000
2013-12-06,31.626102447509766,31.78274780563218,31.321054899567365,31.6755677474184,36457300
2013-12-09,31.9146671295166,32.04657986502941,31.634352173420933,31.791000709062676,30286000
2013-12-10,31.420001983642578,32.07132263269569,31.345800857230852,31.832229764808083,37828600
2013-12-11,31.00776481628418,31.57663784987468,30.82638364106079,31.378770336037736,39853400
2013-12-12,30.686241149902344,31.03251102287603,30.65326216817662,31.03251102287603,36012800
2013-12-13,30.2492733001709,30.87586128567204,30.191561662696895,30.851125480291493,40066100
2013-12-16,30.414155960083008,30.50484654762136,30.12559785886772,30.28224323594924,31734200
2013-12-17,30.109119415283203,30.595548353580977,29.952473980764747,30.455389263707765,45687700
2013-12-18,30.158592224121094,30.175078571138688,29.292911188392903,29.97721095643724,63192100
2013-12-19,29.886512756347656,30.133848784631923,29.746356826837594,30.100869808847825,34160100
2013-12-20,30.339963912963867,30.447144016144165,29.83704551925059,29.845291836059733,62649100
2013-12-23,30.191556930541992,30.414160273786404,30.133845302113574,30.34820547488873,25128700
2013-12-24,30.570802688598633,30.64500064308866,30.20804035972877,30.27399829044956,14243000
2013-12-26,30.867612838745117,30.90883812985169,30.645009475971822,30.669745279645397,17612800
2013-12-27,30.743947982788086,31.016016676814086,30.645011053098354,30.98304084529915,14563000
2013-12-30,30.743947982788086,30.818149107531234,30.42241082391722,30.686236346326563,16290500
2013-12-31,30.842878341674805,30.983037403976812,30.686232937970644,30.83463517097373,17503500
2014-01-02,30.636762619018555,30.834633299361553,30.58729416267086,30.79340801321459,30632200
2014-01-03,30.43065643310547,30.68623880437094,30.175074061839997,30.66974931476847,31134800
2014-01-06,29.78758430480957,30.414169231599473,29.771094813966574,30.38119024991348,43603700
2014-01-07,30.01841926574707,30.08437720358534,29.85352756619897,29.952464472956375,35802800
2014-01-08,29.48252296447754,29.795816889060507,29.334123889725273,29.680393639226697,59971700
2014-01-09,29.292892456054688,29.606186314876087,29.185715543733096,29.5814536651168,36516300
2014-01-10,29.71338653564453,29.80407717303363,29.474293608900396,29.597963231712647,40548800
2014-01-13,28.839458465576172,29.69689310251198,28.71579200422213,29.672160439250916,45901900
2014-01-14,29.499027252197266,29.5814747184851,28.550904977756588,28.633349298995164,41623300
2014-01-15,30.306976318359375,30.331712116705077,29.556722099520794,29.597947381747808,44812600
2014-01-16,30.414155960083008,30.50484654762136,29.9359735144909,30.249264268653945,38018700
2014-01-17,29.993684768676758,30.364690283602357,29.804060426614203,30.364690283602357,46267500
2014-01-21,29.8205509185791,30.356448197563985,29.72986346456353,30.356448197563985,31567300
2014-01-22,29.62268829345703,29.944225456164208,29.474286042200127,29.894756990729125,21904300
2014-01-23,29.72986602783203,29.78757766038495,29.284659309525424,29.754598686055253,43954000
2014-01-24,30.34821319580078,30.958308607272564,30.11736347830859,30.875864301413785,76395500
2014-01-27,29.705129623413086,30.414161831912264,29.663907478859233,30.39767234508112,44420800
2014-01-28,29.903005599975586,30.001939393382067,29.47428830181607,29.77933599943105,36205500
2014-01-29,30.224546432495117,30.40592769648922,29.5979614719548,29.66391629383059,52745900
2014-01-30,30.389423370361328,30.405912854043283,29.870015642045743,30.3317117499982,35036300
2014-01-31,31.197391510009766,31.23861364974258,30.14208963662095,30.463626729603625,93162300
2014-02-03,30.076139450073242,31.321069148238255,30.034917299714134,31.11495525139424,64063100
2014-02-04,29.968961715698242,30.661504589723656,29.886517408453035,30.480126484774452,54697900
2014-02-05,29.53199577331543,30.067893106605418,29.515506285901324,29.919490864926594,55814400
2014-02-06,29.828807830810547,29.88651947889001,29.424823149205398,29.5155137804871,35351800
2014-02-07,30.142101287841797,30.166833952232196,29.688648140358676,29.944230537571993,33260500
2014-02-10,30.339963912963867,30.339963912963867,29.91949296210019,30.199807977692096,26767000
2014-02-11,30.6450138092041,30.719214940620642,30.38943458047382,30.405924070238452,32141400
2014-02-12,30.89235496520996,30.999531937888342,30.75219586586692,30.79341802036236,27051800
2014-02-13,31.00776481628418,31.21387864447533,30.776918335125266,30.776918335125266,37635500
2014-02-14,31.016023635864258,31.14793642666614,30.776933864757048,30.82639919565212,31407500
2014-02-18,31.082460403442383,31.38149047463447,31.074155420856506,31.25689672405862,32834000
2014-02-19,31.15721321105957,31.35656761792739,30.908022578947897,30.916330728909074,29750400
2014-02-20,31.35658073425293,31.45625639506535,31.065858736619994,31.20706565871824,27526100
2014-02-21,31.54762840270996,31.85496355155638,31.447952737690198,31.514402124825953,38021300
2014-02-24,31.30674934387207,31.547635157157142,31.18215552807951,31.30674934387207,32085100
2014-02-25,31.182153701782227,31.439649473852104,31.024330441602363,31.24029811280657,30736500
2014-02-26,31.12400245666504,31.348275065070883,30.891421695004134,31.215373130678387,41041800
2014-02-27,31.447948455810547,31.47286657651463,30.92464574060202,31.107387075450166,33903400
2014-02-28,31.821735382080078,31.94632915138408,31.41472146430412,31.54762338607411,41215000
2014-03-03,31.381502151489258,31.67222734827244,31.14061954329257,31.497790962749544,29717500
2014-03-04,31.904804229736328,31.962948634015948,31.62238719382145,31.730371016897475,26802400
2014-03-05,31.655607223510742,31.78850914543104,31.50609216527144,31.771896009112034,20520100
2014-03-06,31.6888370513916,31.76359458889847,31.47286942364637,31.680528897984104,23582200
2014-03-07,31.481170654296875,31.863263242583866,31.30673432605158,31.79681070446539,26591600
2014-03-10,31.414714813232422,31.57253482172347,31.33165231794894,31.55592485757164,19006600
2014-03-11,31.580856323242188,31.755289538257816,31.331665563415232,31.456259359012495,25216400
2014-03-12,31.788501739501953,31.92140363045942,31.389796066629554,31.398101048538326,30494100
2014-03-13,31.472875595092773,31.93803404952876,31.265216080035543,31.913112753051628,32169700
2014-03-14,31.31504249572754,31.680521949696107,31.157219301920666,31.273511243695204,27195600
2014-03-17,31.60577392578125,31.904804100079716,31.389809449139232,31.481180132245136,20479600
2014-03-18,32.85173034667969,33.14245553087152,31.74698351892121,31.780206628819208,64063900
2014-03-19,32.61914825439453,32.85172583490048,32.32011812595437,32.78527645559816,35597200
2014-03-20,33.49961853027344,33.765422329423295,32.594223349221956,32.60252833166923,59269800
2014-03-21,33.358421325683594,34.00631793953233,33.23382436057463,33.82357973764028,80721800
2014-03-24,33.64083480834961,33.757123606878814,33.10922706156917,33.507932871654496,46098400
2014-03-25,33.50791931152344,34.047834993207445,33.19227615137136,33.77372307734703,43193100
2014-03-26,33.05107116699219,33.815256245044004,32.89324799362378,33.62420997553105,41977500
2014-03-27,32.693912506103516,33.20060219803047,32.67729936570545,33.00955583640158,35369200
2014-03-28,33.474700927734375,33.75711789147459,32.95970640631336,33.05107706643984,43472700
2014-03-31,34.0478515625,34.471475530239644,33.55777503665009,33.58269316162526,46886300
2014-04-01,34.4050178527832,34.546227933439766,34.11429587589013,34.180748424112494,32605000
2014-04-02,34.346866607666016,34.604365427727245,34.19735157261515,34.42162412519145,28666700
2014-04-03,34.06443786621094,34.29701848937285,33.81524728369404,34.29701848937285,30139600
2014-04-04,33.1175422668457,34.38011263941114,32.92649587192656,34.26382380499366,51409600
2014-04-07,33.059383392333984,33.4497841674079,33.009547152882305,33.192285311924635,37559600
2014-04-08,33.07599639892578,33.16736706240524,32.56100185860629,33.017852007371886,35918600
2014-04-09,33.615901947021484,33.68235130191925,33.125825676206446,33.167356919096385,27398700
2014-04-10,32.693912506103516,33.798659409197946,32.46963986367851,33.590999907170996,45960800
2014-04-11,32.569305419921875,33.05107683590782,32.39487225287795,32.39487225287795,34330200
2014-04-14,32.54439163208008,32.735437959783894,32.311814045072296,32.48624723532813,32006600
2014-04-15,33.017860412597656,33.19229363166411,32.43641318041031,32.677298960244464,33968700
2014-04-16,33.557769775390625,33.574379743681675,33.1507558423587,33.27535278496469,30615800
2014-04-17,33.23381423950195,33.391637436393935,32.818495373797134,33.23381423950195,36688400
2014-04-21,33.175682067871094,33.350118463858685,33.05108826346013,33.333505322877365,22221200
2014-04-22,33.21720504760742,33.34179880904443,33.08430313422902,33.192283760414774,27056700
2014-04-23,32.968013763427734,33.217207643035636,32.78527559864889,33.217207643035636,24602800
2014-04-24,33.10922622680664,33.20059690009938,32.64406787578545,33.0095505689564,42381600
2014-04-25,33.150753021240234,33.790344479500305,33.017851105798634,33.46639625865088,56876800
2014-04-28,33.94816589355469,34.29703541616181,33.300269425525116,33.34180068167004,50610200
2014-04-29,33.64915084838867,34.21398505707457,33.549475155277385,34.139227495082814,29636200
2014-04-30,33.557769775390625,33.640832291373364,33.366720285092946,33.557769775390625,35458700
2014-05-01,33.22551345825195,33.524543586357325,33.18398220015552,33.424867933199494,28787400
2014-05-02,32.968013763427734,33.507929611069116,32.943095642919666,33.48301149056105,43416600
2014-05-05,32.752044677734375,32.926477833800796,32.64406088980363,32.82680219728161,22460900
2014-05-06,32.44471740722656,32.68559998926816,32.35334673154811,32.63576374335782,27112400
2014-05-07,32.74373245239258,32.81848996263858,31.987852368185628,32.577607468406754,41744500
2014-05-08,32.926483154296875,33.142450765055955,32.369957327786686,32.67729243841721,32120400
2014-05-09,32.843421936035156,33.10091764620943,32.70221185132462,32.843421936035156,29647600
2014-05-12,33.200592041015625,33.2421232949889,32.934788213228764,33.00954573783329,22782600
2014-05-13,33.81123733520508,33.87815868650586,33.33443387563681,33.392988462532166,27004800
2014-05-14,33.66067886352539,33.836342666935494,33.501742211023114,33.71086669822174,18818700
2014-05-15,33.12532424926758,33.794525297525176,33.05003929088795,33.53520973177601,37793200
2014-05-16,33.31770324707031,33.32606681961608,32.849263409874155,33.183860558455414,29867100
2014-05-19,33.250789642333984,33.30934423673971,33.0082044992325,33.13368045352253,24537400
2014-05-20,33.192230224609375,33.409718230657006,33.00819970265596,33.192230224609375,21320900
2014-05-21,33.752685546875,33.752685546875,33.2424245603343,33.29261238698549,22398700
2014-05-22,33.54357147216797,33.75269599055053,33.33444695378541,33.70250814837034,20201800
2014-05-23,33.560272216796875,33.769396550734264,33.45989342998247,33.769396550734264,18020000
2014-05-27,33.61884689331055,33.6774014865747,33.300980013015426,33.6774014865747,26160600
2014-05-28,33.46827697753906,33.61884684313244,33.30934353762872,33.57702258957561,25711500
2014-05-29,33.744319915771484,33.75268348937488,33.38462562209657,33.58538648942111,19888200
2014-05-30,34.24620819091797,34.27130528702585,33.6690260361949,33.83632618264626,34567600
2014-06-02,34.12074279785156,34.371691475898736,34.028727538004304,34.25458230554243,18504300
2014-06-03,33.70249557495117,34.0287291913618,33.66903489865631,33.96180783877207,18068900
2014-06-04,33.72757339477539,33.769397624696175,33.34278537392943,33.63555817435914,23209000
2014-06-05,34.472068786621094,34.505529459812564,33.794507704913634,33.953441116094986,31865200
2014-06-06,34.69792556762695,34.84849541478377,34.4971678987416,34.69792556762695,24060500
2014-06-09,34.52225875854492,34.69792250104092,34.31313434386339,34.62263758411616,15019200
2014-06-10,34.388423919677734,34.43024817008326,34.179299476664355,34.32150256624029,15117700
2014-06-11,34.17930603027344,34.35496983025022,34.1040210887139,34.2378606302657,18040000
2014-06-12,33.945072174072266,34.196020801343984,33.70248711828281,34.13746622801341,29818900
2014-06-13,34.48879623413086,34.77320555046288,34.17929301050003,34.38005065086078,26310000
2014-06-16,34.714664459228516,34.80667974305177,34.32987617322802,34.32987617322802,24205300
2014-06-17,34.86521530151367,35.05760933943606,33.74430854810762,34.5389817941242,22518600
2014-06-18,34.84012985229492,34.91541477157494,34.44697491927866,34.806669179062595,27097000
2014-06-19,34.7230224609375,34.9405136770607,34.572455791833754,34.77321347796267,19828200
2014-06-20,34.86521530151367,34.990691200194846,34.614266695135974,34.67282126359128,47764900
2014-06-23,35.12453842163086,35.1329019942626,34.87358656888355,34.90704724138124,18743900
2014-06-24,34.92377471923828,35.08270811411611,34.764841324360454,34.99069605875638,26509100
2014-06-25,35.15800094604492,35.17473128469349,34.681197463011124,34.88195833580811,20049100
2014-06-26,34.89868927001953,35.08271661632265,34.6561041419542,35.07435304234855,23604400
2014-06-27,35.3420295715332,35.37549024702328,34.72301983890935,34.80667152763455,74640000
2014-06-30,34.88195037841797,35.30856274818579,34.88195037841797,35.27510207852182,30793100
2014-07-01,35.024166107177734,35.258387688564575,34.87359623020985,35.01580253222896,26917000
2014-07-02,35.04925537109375,35.04925537109375,34.739748920480615,34.907049100895854,20208100
2014-07-03,34.96560287475586,35.12453947840907,34.76484521570033,35.057618131400254,15969300
2014-07-07,35.12453842163086,35.23328082077031,34.8903169051324,34.923777577630084,21952400
2014-07-08,34.94887924194336,35.13290979053312,34.80667613875023,35.0241641762768,31218200
2014-07-09,34.85685348510742,35.124535653004024,34.73974433158178,35.11616889004641,18445900
2014-07-10,34.87358474731445,35.132900159148555,34.33822677925649,34.60590576328547,21854700
2014-07-11,35.208187103271484,35.208187103271484,34.69792301335684,34.88195352210911,24083000
2014-07-14,35.25000762939453,35.50932302882274,35.166359147506746,35.316928967692796,21881100
2014-07-15,35.50932312011719,35.526053454734765,35.15799247511812,35.40894430339676,28748700
2014-07-16,36.872825622558594,37.06521973920705,35.53442718924159,35.55952110285219,63318000
2014-07-17,37.249244689941406,38.23631231416361,37.015026335375374,38.01882429792169,82180300
2014-07-18,37.38307189941406,37.50854780004659,37.015014150401846,37.34961442476546,43407500
2014-07-21,37.508544921875,37.776223844432,36.98991740829386,37.274326662383736,37604400
2014-07-22,37.50019836425781,37.76787740825235,37.299437485768955,37.642401460323576,43095800
2014-07-23,37.533660888671875,38.018831215389795,37.324536408049255,38.018831215389795,52362900
2014-07-24,37.1404914855957,37.64238872554234,37.07357015174424,37.58383415391472,30725300
2014-07-25,37.22414016723633,37.35797964469261,37.05684002266975,37.05684002266975,26737700
2014-07-28,36.78081512451172,37.23252158305172,36.74735444136464,37.10704880772976,29684200
2014-07-29,36.71388626098633,36.88118645157146,36.50476182050134,36.73061659914341,27763100
2014-07-30,36.45457077026367,36.88954675990339,36.21198567493677,36.864452850381795,31921400
2014-07-31,36.10324478149414,36.5465875926734,36.036326617064184,36.287275317901766,31537500
2014-08-01,35.852298736572266,36.1785323909269,35.63480750634512,36.14507171074024,31170300
2014-08-04,36.27892303466797,36.36257476232952,35.8104861237118,35.94432569698315,34277400
2014-08-05,36.03632354736328,36.35419038555381,35.82719911598161,36.22871764131615,26266400
2014-08-06,35.75191879272461,36.11160992527058,35.30857277128637,35.75191879272461,24634000
2014-08-07,36.16178512573242,36.34581558963961,35.67661825404702,35.83555162406757,30314900
2014-08-08,36.13670349121094,36.237082327882206,35.894118377518495,36.16179740263233,28942700
2014-08-11,36.13670349121094,36.34582792901773,35.98613364071119,36.18689131405373,20351600
2014-08-12,36.40440368652344,36.46295830788167,35.96942422001407,36.00288491535807,21431100
2014-08-13,36.872825622558594,36.956474128584546,36.40438569224975,36.53822521648285,22889500
2014-08-14,37.03174591064453,37.15721862512883,36.814254766629354,36.87281252923715,19313200
2014-08-15,37.466739654541016,37.558754929058544,37.140506001968745,37.29107587099996,41611300
2014-08-18,37.73441696166992,37.73441696166992,37.374722645784125,37.5922106737452,26891100
2014-08-19,38.1552734375,38.163689247705285,37.73441228708901,37.85225289545757,28139500
2014-08-20,37.835418701171875,38.214194385102424,37.79333322760533,38.163689890273076,24770500
2014-08-21,38.06269454956055,38.087945198441865,37.73442327043667,37.742839083091546,22285500
2014-08-22,38.00376892089844,38.27311984107254,37.936429585396795,38.17211083782007,18294500
2014-08-25,38.02058792114258,38.24785328663489,37.91116635365438,38.21418684097747,16910000
2014-08-26,37.88591766357422,38.21419204347578,37.82699736200831,38.13843691133167,14873100
2014-08-27,37.76808547973633,37.87751029742992,37.67549549637378,37.793339336691055,21287900
2014-08-28,37.77650833129883,37.86067930056907,37.54924286116919,37.66708350251419,17657600
2014-08-29,38.23944854736328,38.24786435848502,37.75966704052142,37.95326280548251,21607600
2014-09-02,37.953250885009766,38.26468717335501,37.75123616146023,38.23943653700447,22976800
2014-09-03,37.843833923339844,37.970093552992935,37.48189307664446,37.48189307664446,33684500
2014-09-04,38.09634780883789,38.10476682949185,37.641820231906905,37.65865506229925,26475500
2014-09-05,38.64347457885742,38.660309411872554,37.97009731283251,37.97009731283251,36939400
2014-09-08,39.114837646484375,39.39260434530968,38.710811313973835,38.736061956344535,45736700
2014-09-09,39.35893249511719,39.535696614640294,39.072746790788926,39.11483547362319,40302400
2014-09-10,39.4262809753418,39.51045193872694,38.95491523200225,39.40944614048148,27302400
2014-09-11,39.56093978881836,39.56093978881836,39.11482809103302,39.34209344959775,29216400
2014-09-12,39.30843734741211,39.577788262823034,39.224263179523575,39.485198283603744,38244700
2014-09-15,38.92124557495117,39.316852923453126,38.80340174061246,39.173761655273225,37667600
2014-09-16,39.35893249511719,39.43468762893689,38.96332520598377,39.047496149820915,27910600
2014-09-17,39.15692901611328,39.30002029231188,38.91282873339247,38.938079379564854,38311900
2014-09-18,39.291595458984375,39.41785508268902,39.10641553379506,39.21584032694471,35556600
2014-09-19,39.99863815307617,40.0407236196555,39.22425208217243,39.40101617927004,202522400
2014-09-22,39.611454010009766,39.880804898765604,39.544114682362874,39.813465571118705,38686100
2014-09-23,39.190589904785156,39.54411171566162,39.11483477232368,39.43468692190268,33430300
2014-09-24,39.62828826904297,39.65353891108759,39.005412340977166,39.24951258379456,26582700
2014-09-25,38.75289535522461,39.63670312559218,38.744476334135115,39.459942213701815,33077400
2014-09-26,39.064327239990234,39.24108813167112,38.517206524693734,38.66030096861306,27078800
2014-09-29,39.08958053588867,39.19058951878619,38.51720914313178,38.7023890675283,26091000
2014-09-30,39.02224349975586,39.1232492693432,38.72763878966247,39.03065930934,33033100
2014-10-01,38.635047912597656,39.16533055445955,38.592959236427355,38.9464842085838,38088400
2014-10-02,38.517208099365234,38.80339378798842,38.416202330120434,38.5761316099165,25119400
2014-10-03,38.79497528076172,38.971736167377635,38.390949020961635,38.70238532751092,32453200
2014-10-06,38.79497528076172,38.971736167377635,38.651880840942674,38.82022591858819,20604000
2014-10-07,38.323612213134766,38.66030239045618,38.2310222538256,38.601382091062256,25723700
2014-10-08,39.375770568847656,39.46836054124315,38.16369153882762,38.28153215427063,33031000
2014-10-09,38.592987060546875,39.392624320563925,38.5004002546,39.14010813606314,34422800
2014-10-10,37.061031341552734,38.820231053257714,36.99369522813729,38.38253507785235,51978100
2014-10-13,36.74116897583008,37.5071359172499,36.60649357550071,36.8842601839048,37100200
2014-10-14,36.80852127075195,37.35564213152915,36.66542999969971,36.926361896539966,38115700
2014-10-15,36.37923812866211,36.52232937565022,35.43650685906775,36.19405819875684,60218700
2014-10-16,35.97521209716797,36.26139780428228,35.53751612093928,35.79844797592404,49040400
2014-10-17,36.724342346191406,36.9852741864292,36.017295533922706,36.36240152497555,40683300
2014-10-20,37.10313034057617,37.153631636949804,36.03414235147405,36.2445729821418,34527900
2014-10-21,37.77650833129883,37.86067930056907,37.19571772621754,37.33881222707693,36433800
2014-10-22,37.35564422607422,37.936431576129934,37.22938457084121,37.87751125993224,33570900
2014-10-23,37.89433670043945,38.25627753073575,37.48189137838706,37.557646510563394,45451900
2014-10-24,38.82864761352539,39.47677412001759,38.029010847805644,39.41785382041971,61076700
2014-10-27,38.64347457885742,38.80340067612706,38.475129459622174,38.475129459622174,30371300
2014-10-28,39.13166809082031,39.14008390036165,38.525627054547556,38.60138218408165,29049800
2014-10-29,39.2410888671875,39.308428185803564,39.00540767386216,39.0895786112168,30276100
2014-10-30,38.76130676269531,38.98857214256145,38.52562557361134,38.98857214256145,30073900
2014-10-31,39.518856048583984,39.535690877091426,39.12324560594716,39.51043702887265,35849700
2014-11-03,39.931297302246094,39.94813213041349,39.333675351421704,39.46835076584572,23130400
2014-11-04,40.04072952270508,40.17540496216276,39.77137864378971,39.813464116573535,21530800
2014-11-05,40.28482437133789,40.31849402942735,39.779789132741996,40.23431988420371,22449600
2014-11-06,40.99187088012695,41.1265463007267,40.22590382341923,40.284824119249414,33037800
2014-11-07,40.97504425048828,41.17705581635373,40.64677304776996,41.17705581635373,28000600
2014-11-10,41.151798248291016,41.370647820552335,40.865612569044565,40.94978671642023,36370100
2014-11-11,41.13497543334961,41.202314770918335,40.9497986768683,41.11814059895743,23445200
2014-11-12,41.05922317504883,41.17706381317499,40.84037673437403,40.8740464055291,22722100
2014-11-13,41.75783920288086,41.79150886178045,41.00028793221716,41.08446207946613,26210400
2014-11-14,41.73259735107422,42.12820468823665,41.572668043085336,41.86727280411345,29081700
2014-11-17,41.631587982177734,41.84201857635888,41.362237078499156,41.58950250552471,30318600
2014-11-18,41.2843132019043,41.78406187342252,41.25043116932071,41.61465494167307,23995500
2014-11-19,40.84384536743164,41.29277086802318,40.59820554473651,41.216537931020135,26177500
2014-11-20,41.25041198730469,41.25041198730469,40.54737467837557,40.657489617483,21510600
2014-11-21,40.64054870605469,41.5468716557806,40.2932661106566,41.52146175868246,42884800
2014-11-24,40.31021499633789,40.65749765960027,40.14080810985603,40.6490287693016,35434200
2014-11-25,40.20856857299805,40.63208413586959,40.19162756274311,40.369503323669,28008000
2014-11-26,40.445735931396484,40.649024821665805,40.047630271501355,40.22550926217474,27163600
2014-11-28,40.49656295776367,40.82690460977648,40.32715607101753,40.615146809135695,21534400
2014-12-01,41.182655334472656,41.31818019490658,40.41185708491081,40.555854066653595,31191600
2014-12-02,41.04713821411133,41.54688683704066,40.826911486066884,41.36901103002382,25773500
2014-12-03,40.72526168823242,41.081013241632505,40.49656287626054,41.03019020636066,23534800
2014-12-04,41.3690071105957,41.55535502286378,40.826907617998955,40.98784239512366,30320400
2014-12-05,41.01325607299805,41.479125896535976,40.979377274969224,41.35206990263143,27313400
2014-12-08,40.403385162353516,40.953953452908436,40.19162738187071,40.87772052268794,26663100
2014-12-09,40.31021499633789,40.589733612540485,39.85281737218716,39.903640407482,24330500
2014-12-10,39.72576904296875,40.36951140569794,39.55636213767119,40.301750582279695,30431800
2014-12-11,39.9544677734375,40.437278622196786,39.53942421573132,39.87823805281933,29060400
2014-12-12,39.76811218261719,40.42879542975928,39.53094126912548,39.62411521037215,34248400
2014-12-15,39.530948638916016,40.37797992646426,39.429305789137246,39.97987741851078,29247800
2014-12-16,38.25192642211914,39.251423432840426,38.22651652171403,38.87873089184012,47801400
2014-12-17,38.74320602416992,38.9210817892782,38.031699732569415,38.158752465717875,34970900
2014-12-18,40.25091552734375,40.25091552734375,39.2514186387003,39.4547075106138,40105600
2014-12-19,40.36951446533203,40.74220710029894,39.95446767745471,40.34410455852035,64551200
2014-12-22,40.64054870605469,40.75913253406863,40.411849938670535,40.471141852677505,26566000
2014-12-23,41.03866195678711,41.33512158194017,40.767612233456425,40.970897910370645,23648100
2014-12-24,40.77608871459961,41.19960439004193,40.72526890149416,41.19960439004193,11437800
2014-12-26,40.55585861206055,41.004784156718536,40.50503557201387,41.004784156718536,13197800
2014-12-29,40.19161605834961,40.47113456962882,40.030678122577996,40.40337377917214,14439500
2014-12-30,39.8274040222168,40.33562140649776,39.67493816069904,40.18315554498,16384700
2014-12-31,39.344600677490234,40.18315977290059,39.344600677490234,39.58176838428627,21552500
2015-01-02,39.60718536376953,40.16622593765409,39.420840659920174,39.522483519398754,27913900
2015-01-05,39.242958068847656,39.581768618969726,39.17519402012263,39.27683686204249,39673900
2015-01-06,38.66697311401367,39.598706082306876,38.57379917095087,39.285305462959876,36447900
2015-01-07,39.158241271972656,39.35305800691779,38.53144016496079,38.9464835299236,29114100
2015-01-08,40.31021499633789,40.44573985928985,39.57329875598457,39.59870865804818,29645200
2015-01-09,39.971397399902344,40.505027910367,39.72576083072606,40.327152150601215,23944200
2015-01-12,39.47165298461914,40.26786438776945,39.26836730423394,40.16621831640922,23651900
2015-01-13,39.268367767333984,40.581265508461065,39.01425904827192,39.78505732708854,35270600
2015-01-14,38.92955780029297,39.1667287616564,38.64156702884079,38.92955780029297,29719600
2015-01-15,38.52296829223633,39.28529746095585,38.463676382576665,39.14977263442424,32750800
2015-01-16,39.16671371459961,39.20059249792057,38.26038759847057,38.37897464917754,35695300
2015-01-20,39.29378890991211,39.51401889895251,38.5992233712498,39.21755594927021,36161900
2015-01-21,38.89566421508789,39.08201207982202,38.52297171678666,38.912605223806175,39081100
2015-01-22,39.92057418823242,39.92904307699708,39.031192234260416,39.28530090237142,35898000
2015-01-23,39.96293258666992,40.1408083645792,39.641059823428634,40.11539846235434,26211600
2015-01-26,39.818939208984375,39.92058528942834,39.16672796422585,39.81047031786467,42525500
2015-01-27,36.13434982299805,36.59174743331679,35.66848332263674,36.379989639410056,169164000
2015-01-28,34.88920211791992,36.24445351643589,34.86379222452165,36.20210261704994,84507100
2015-01-29,35.58377456665039,35.676948503268655,34.55039883702179,34.66898267229333,63585300
2015-01-30,34.220054626464844,35.21955149223834,34.177700490375365,35.19413836435127,78004900
2015-02-02,34.96543884277344,35.04167176244906,34.076056934002345,34.38098861270486,50352500
2015-02-03,35.23650360107422,35.51602550335394,34.770636995109605,35.26191673929762,52082400
2015-02-04,35.439788818359375,35.75318948664794,35.0332141924577,35.52449065373426,41614800
2015-02-05,35.95648193359375,36.117416729020974,35.456733301177586,35.76166510823399,36548200
2015-02-06,35.92258834838867,36.24446106687407,35.702361687004256,36.151287130115094,34616600
2015-02-09,35.880245208740234,36.20211799691545,35.75318922543826,35.77860236079938,31381100
2015-02-10,36.083534240722656,36.22753125052265,35.72778262445475,36.20212134398014,29670700
2015-02-11,35.897186279296875,36.12588511090521,35.753189282579974,36.12588511090521,38262500
2015-02-12,36.498573303222656,36.498573303222656,36.00729367287247,36.13434964104372,33268800
2015-02-13,37.15925598144531,37.15925598144531,36.54939574513008,36.744212523649836,40264900
2015-02-17,37.17631530761719,37.534598549959924,36.84361954151914,37.509007819553176,33695700
2015-02-18,37.133663177490234,37.2786849228869,37.01423541902377,37.218971043653674,27111700
2015-02-19,37.10807418823242,37.13366492220265,36.72419690786648,36.83509551200831,27603400
2015-02-20,37.41518020629883,37.43224178224554,36.92893668138766,37.11660750847572,29721100
2015-02-23,37.66256332397461,37.69668321730927,37.236033742748,37.27868605003817,32518800
2015-02-24,37.61138153076172,37.79052318782402,37.46635976969031,37.66256625599211,25271700
2015-02-25,37.526065826416016,37.61137042244303,37.363982538138245,37.491942686340515,29759800
2015-02-26,37.58579635620117,37.73081488456597,37.44077457367319,37.526082461678826,28957300
2015-02-27,37.40663528442383,37.70520788241989,37.24455524836547,37.645494013653035,33807700
2015-03-02,37.4322509765625,37.69669733328409,37.150739785539756,37.2531060122009,31924000
2015-03-03,36.92040252685547,37.38958770787749,36.75832244424232,37.15926132469288,31748600
2015-03-04,36.73273468017578,36.860691622854524,36.5791837456309,36.69007911178655,25748700
2015-03-05,36.77537155151367,36.886270125263245,36.52798367705754,36.74124841279663,23193500
2015-03-06,36.13559341430664,36.775387906049566,35.956451737617755,36.681550859927846,36248800
2015-03-09,36.5535888671875,36.79244767855454,35.99056987223283,35.99056987223283,32108000
2015-03-10,35.85408020019531,36.43416076612526,35.85408020019531,36.127058907202006,39159700
2015-03-11,35.81142807006836,36.144120667544776,35.69200029191404,36.09293919357172,32215300
2015-03-12,34.99248504638672,35.529913196294444,34.85599571909484,35.2569345417107,59992500
2015-03-13,35.299591064453125,35.376366523614216,34.64273508144439,34.719510540605484,58007700
2015-03-16,35.45314025878906,35.521383300190095,35.214281478479236,35.37636480336135,35273500
2015-03-17,35.572566986083984,35.683465586064386,35.10338510731483,35.291055906325056,31673400
2015-03-18,36.25502014160156,36.53653127175811,35.256942325583935,35.34224695366369,44194800
2015-03-19,36.075870513916016,36.33178759587796,36.01615663659697,36.05027652780625,33879100
2015-03-20,36.57918930053711,36.664493941943945,36.246496643221576,36.30621054303906,71904500
2015-03-23,36.56211853027344,36.79244490916759,36.493872230973246,36.57918010509849,26246100
2015-03-24,36.59624481201172,36.82656795645541,36.468284616953724,36.49387535430015,25513300
2015-03-25,35.36784362792969,36.621842047002616,35.35078204861727,36.61330963026465,43469900
2015-03-26,35.15457534790039,35.495800392627054,34.90718735318171,35.16310776380831,37495600
2015-03-27,34.94983673095703,35.342243184940365,34.830408962715374,35.07779365943197,34401400
2015-03-30,34.94129943847656,35.436075271160334,34.89864713493952,35.06072719004515,35049700
2015-03-31,34.68539047241211,35.00102149737423,34.58302426915792,34.7877566756663,34887200
2015-04-01,34.73657989501953,34.77069979793954,34.386825670323304,34.63421042376939,36865300
2015-04-02,34.3697624206543,34.75363978376902,34.22474063718287,34.68539347292052,37487500
2015-04-06,35.44461441040039,35.64081766524579,34.27592404277209,34.412413405019464,39223700
2015-04-07,35.42754364013672,35.751707011667136,35.23987284959784,35.49578993063249,28809400
2015-04-08,35.33371353149414,35.5640399257417,35.00955335069791,35.367836683418865,24753400
2015-04-09,35.3848876953125,35.5043154372313,35.18868451156562,35.18868451156562,25723900
2015-04-10,35.58962631225586,35.785829512655546,35.32517682258906,35.512850863911446,28022000
2015-04-13,35.623756408691406,35.879676812600366,35.3081253658103,35.31665778149426,30276700
2015-04-14,35.52991485595703,35.85407498956589,35.30811765489581,35.657871775803976,24244400
2015-04-15,36.05027770996094,36.22089018825102,35.5555051024983,35.62374814131692,27343600
2015-04-16,35.964988708496094,36.11853968018971,35.67494834575968,35.785846992908134,22509700
2015-04-17,35.50431823730469,35.60668767059016,35.11191183886352,35.54697054075922,42387600
2015-04-20,36.604774475097656,36.82656846152203,35.55551192538572,35.598164239602376,46057700
2015-04-21,36.37445068359375,36.80951278064777,36.2806136330855,36.6815525746523,26013800
2015-04-22,36.67301559448242,36.792443359063476,36.29766747247051,36.40003366294533,25064300
2015-04-23,36.971580505371094,37.20190684652364,36.510927823065984,36.58770327011684,46309500
2015-04-24,40.8359375,41.06626384351836,38.942148543563775,38.950677702584976,130933700
2015-04-27,40.97243881225586,41.05774669824027,40.28146283367923,40.28999199519612,59248200
2015-04-28,41.93639373779297,41.9790460506178,40.69092797999587,40.75917102968302,60730800
2015-04-29,41.8510856628418,42.06435046355186,41.37337133775271,41.5610454037096,47804600
2015-04-30,41.49281311035156,42.2605679537094,41.4586899497215,41.54399785129666,64725500
2015-05-01,41.50987243652344,41.69754655563365,41.28807841279971,41.44162937313288,38937300
2015-05-04,41.15156555175781,41.68899035211866,41.100380842797016,41.2624608732637,34039500
2015-05-05,40.605621337890625,41.08333571691348,40.35823661430089,40.79329542503585,50369200
2015-05-06,39.479576110839844,40.75063566619627,39.257782165411896,40.580023186702725,52433000
2015-05-07,39.83787155151367,40.17056417113164,39.377218730121214,39.4710557775341,32971700
2015-05-08,40.73358154296875,40.9297847913149,40.53737829462259,40.56296903227032,35364900
2015-05-11,40.4094123840332,40.87006512153226,40.4094123840332,40.562963296532885,24609400
2015-05-12,40.392337799072266,40.673848799364244,39.5989927580913,39.96580834711095,29928300
2015-05-13,40.631202697753906,41.21981225967458,40.58001798421917,41.10891367409696,34184600
2015-05-14,41.56105422973633,41.64635886647085,40.97244117211289,40.97244117211289,32980900
2015-05-15,41.202762603759766,41.72312928561219,40.989497783601415,41.68900613338776,28642700
2015-05-18,40.95537185668945,41.13451676664938,40.61415012005129,40.92978112133633,24136500
2015-05-19,40.85234451293945,41.04982286888025,40.50890190024411,40.83517205477354,28574800
2015-05-20,40.85234451293945,41.152854342564254,40.586176324334986,40.68920779801899,25047900
2015-05-21,40.71497344970703,40.869522330541244,40.36294617120958,40.594769492460905,22410700
2015-05-22,40.268497467041016,40.654866345098895,40.19980762852562,40.61193683368266,25720600
2015-05-26,40.00232696533203,40.25132270272582,39.65888434304325,40.20839319376762,29581900
2015-05-27,40.87809753417969,41.0154739106577,40.028078952945556,40.19980024237086,27335600
2015-05-28,40.74072265625,41.23012622016139,40.68920528493411,40.783652161357594,19283700
2015-05-29,40.234153747558594,40.843761343658116,40.00233044862387,40.72355739798349,36519600
2015-06-01,40.55183029174805,41.01547682353068,40.02808179569485,40.405869314322814,28837300
2015-06-02,40.28566360473633,40.65486327055624,40.02808328040678,40.294251471557175,21498300
2015-06-03,40.22555923461914,40.98971884574879,40.19980218631872,40.67203329859069,28002200
2015-06-04,39.804840087890625,40.49172191020275,39.6674637234282,40.17403968150418,27745500
2015-06-05,39.615943908691406,39.942213982354936,39.358363650666796,39.76190812926878,25438100
2015-06-08,39.2639274597168,39.8649504086109,39.21241008399048,39.75333106552633,22121600
2015-06-09,39.19524383544922,39.44423631515734,39.03210710442355,39.289687451718194,24406100
2015-06-10,40.019493103027344,40.20838684298218,39.229576506652556,39.31543878631888,28417400
2015-06-11,39.87352752685547,40.28565662948707,39.607362657101646,40.0624212604699,27347800
2015-06-12,39.4699821472168,39.899283660150424,39.40988019743094,39.684632903683614,23931000
2015-06-15,39.049259185791016,39.19522338078166,38.65430264103296,39.02350214709683,33254500
2015-06-16,39.34978485107422,39.70181201974231,38.894722943787784,38.93765244722317,27070300
2015-06-17,39.4699821472168,39.55584113967928,38.94623377738808,39.26391597987199,28704100
2015-06-18,40.11394119262695,40.18262774313728,39.641706828382084,39.6846396071761,32658300
2015-06-19,39.58161163330078,40.20839493745581,39.487168019621706,40.1740500186752,63837000
2015-06-22,39.6932258605957,40.113942873099326,39.63312389813966,39.779088146469554,20318100
2015-06-23,39.41847229003906,39.736154552995245,39.169476579065545,39.607366039786044,25896500
2015-06-24,39.1866569519043,39.71040552723229,39.10938251824423,39.21241400468702,34890900
2015-06-25,39.19524383544922,39.547271074324655,39.06645202414599,39.52151074687691,20616000
2015-06-26,38.86038589477539,39.73616169838795,38.66290751876156,39.195243950080766,49835300
2015-06-29,38.09622573852539,38.834625066357674,38.08764114706034,38.671491626029514,34081700
2015-06-30,37.90733337402344,38.396736946119084,37.727024209058186,38.388149079767174,35945400
2015-07-01,38.1649169921875,38.83462651198334,37.86440387473969,38.17350158397212,28343900
2015-07-02,38.12198257446289,38.42249237790865,37.830057361696504,38.190669125831405,21752000
2015-07-06,38.11339569091797,38.19067011026895,37.735611460375026,37.74419605127567,23034000
2015-07-07,38.03612518310547,38.199261904795925,37.19469434992606,38.07047010086258,36435800
2015-07-08,37.98460388183594,38.55128181616846,37.80429473544435,38.15632188744924,39785900
2015-07-09,38.225006103515625,38.826028860943744,38.207833650410755,38.422484401255765,32424700
2015-07-10,38.30228042602539,38.75733896878115,38.26793551988633,38.645719661484456,25465800
2015-07-13,39.10078811645508,39.169474665081424,38.59421212850534,38.61996917482634,28178300
2015-07-14,39.16948318481445,39.46140844942286,38.903318247441234,39.02352219016615,22880300
2015-07-15,39.28968811035156,39.40130746366471,39.00635070617127,39.221001545067075,26629600
2015-07-16,40.06242370605469,40.08818075300681,39.46998869897776,39.50433033647687,26271700
2015-07-17,40.02806854248047,40.16544488322976,39.71897095696698,39.96796659810955,29467100
2015-07-20,40.28566360473633,40.465972779547386,39.873534430746744,40.0538436055578,30631900
2015-07-21,40.59475326538086,40.6376860403604,39.907871444749624,40.165451718072475,42781900
2015-07-22,39.10078811645508,40.29424596722368,38.80886291534318,39.014925836533294,59152400
2015-07-23,39.59019470214844,39.69322617069067,38.72300362225994,38.868967871730156,33934000
2015-07-24,39.44422912597656,39.77049925324946,39.32402520416844,39.41847207853517,32333200
2015-07-27,38.937660217285156,39.50433829152275,38.851801193281084,39.444236319657534,39701400
2015-07-28,38.92906951904297,39.186649825965915,38.45683841046569,39.13513572976811,34328900
2015-07-29,39.7447395324707,40.16545323050078,38.86037608450338,38.980583273537256,40945900
2015-07-30,40.251312255859375,40.69778623883185,39.435638696107944,39.71897600194369,39777900
2015-07-31,40.09677505493164,40.67203769794076,39.925053738627895,40.60335113660627,31201500
2015-08-03,40.191219329833984,40.35435276829581,39.88212163564401,40.33718031025065,24125900
2015-08-04,40.81800079345703,40.96396177917989,40.07960144722904,40.13970341491628,33403900
2015-08-05,40.85234451293945,41.56498351261177,40.81799959660762,41.195783850323295,26959700
2015-08-06,40.02806854248047,41.015463243391864,39.77907617664822,40.96394588736951,27368000
2015-08-07,40.1311149597168,40.165456598437935,39.718982541950396,39.830601874900104,19163000
2015-08-10,40.637691497802734,40.775067880377954,40.21697448380351,40.31142136094485,23079900
2015-08-11,39.84777069091797,40.302829296678034,39.40988454060501,40.199797839306335,29237400
2015-08-12,40.1311149597168,40.26849134053517,39.24675143759419,39.65888058004931,30181400
2015-08-13,40.12253189086914,40.44021419537497,39.916468932658965,40.40587255254772,22627200
2015-08-14,40.35433578491211,40.44019476369214,39.94220679120979,39.95079137896376,21473400
2015-08-17,40.62910461425781,40.74072395133479,39.985152191239806,40.19121840774258,21099700
2015-08-18,40.85381317138672,40.992095460583336,40.3611823100669,40.48217890100022,23574100
2015-08-19,40.28340530395508,40.68961104132923,40.01548187976419,40.430328819314,31485500
2015-08-20,39.462345123291016,40.16240105517822,39.462345123291016,39.81669368950089,36238200
2015-08-21,37.22389602661133,39.30677469807318,37.22389602661133,39.15120672286776,70053100
2015-08-24,36.02256393432617,36.895470096624685,34.32860539750559,34.959518425089506,88753700
2015-08-25,34.976810455322266,37.370825232934685,34.9076676632176,36.791765888242395,70616600
2015-08-26,36.912757873535156,37.0251132482367,35.486722581792954,36.30777170571602,63408000
2015-08-27,37.94123458862305,37.98444717897907,37.102896488697176,37.362175327742605,50943200
2015-08-28,37.96717071533203,38.15731011542288,37.50046671342364,37.50911121174238,28246700
2015-08-31,37.61282730102539,37.967175952035284,37.249834150504455,37.64739870524845,34441700
2015-09-01,36.14357376098633,36.809058422494324,36.005291448004826,36.44606529034887,49688900
2015-09-02,37.47453308105469,37.49181877767716,36.19542120317708,36.61026803138796,37671500
2015-09-03,37.59553909301758,38.01038602531129,37.40539967937491,37.51775508715561,28285200
2015-09-04,36.82633590698242,37.19797015837131,36.4719873529732,36.99918958386952,37138800
2015-09-08,37.93260192871094,38.027671635304856,37.336260083135926,37.422685290815664,32469800
2015-09-09,37.22389602661133,38.373370143750265,37.08561374830758,38.20915767163923,33469500
2015-09-10,37.414039611816406,37.84617219232643,36.94733563360719,37.267112820049825,31366600
2015-09-11,37.578250885009766,37.67332058548848,37.11154688097431,37.284400582125606,27132500
2015-09-14,37.19797897338867,37.5436831121767,37.042410957015406,37.535041909893934,23656000
2015-09-15,38.010379791259766,38.278303166822504,37.2325431571228,37.327609551442016,28882200
2015-09-16,38.28694152832031,38.356084315690545,37.88938039167019,38.00173577269203,23372200
2015-09-17,38.24372863769531,38.89192742816473,38.09680516103882,38.278300031111975,32768200
2015-09-18,37.578250885009766,38.01902798779107,37.448613081828896,37.59553658481591,63143700
2015-09-21,38.12273406982422,38.43387003317731,37.681957022770774,37.69924272039147,26177200
2015-09-22,37.94123458862305,38.0708723596911,37.43131810983968,37.49181639571997,28085900
2015-09-23,37.91530990600586,38.174588782724705,37.60417393517933,37.96716700011355,17145200
2015-09-24,37.94987106323242,38.14001039341804,37.39674206295671,37.55231000639787,27905600
2015-09-25,37.97580337524414,38.65857352481108,37.82023540959827,38.44250727218174,29384600
2015-09-28,37.414039611816406,38.10545108125046,37.34489681641803,37.880743590025624,27613800
2015-09-29,37.543678283691406,37.65603368037997,37.20661539053574,37.48317998476141,32763600
2015-09-30,38.252376556396484,38.2869479558854,37.73381875170319,37.92395815198212,34958900
2015-10-01,38.55485534667969,38.67585189773704,37.81158705086023,38.67585189773704,28657900
2015-10-02,39.38455581665039,39.38455581665039,37.95851724678582,38.26101197516493,41839000
2015-10-05,40.300682067871094,40.525389540619884,39.49691527045748,39.54012786557344,34369300
2015-10-06,40.40439224243164,40.77602648830731,39.94633280784938,40.0414024935724,27017200
2015-10-07,40.44760513305664,40.92295026824397,39.71298113294074,40.706883997985216,27711500
2015-10-08,41.009368896484375,41.06986717386122,40.18831660748727,40.24017368677122,33772700
2015-10-09,40.71552276611328,41.08715696241964,40.551310313800265,41.00937298419484,28600600
2015-10-12,40.620460510253906,40.680958804707885,40.18832795163418,40.60317481227994,19769100
2015-10-13,40.525386810302734,40.73281186855804,40.240181064224835,40.240181064224835,19987800
2015-10-14,40.34390640258789,40.70689626347933,40.2142652826063,40.31797949735583,24697800
2015-10-15,40.629093170166016,40.64637886450636,40.214246396724974,40.629093170166016,27189400
2015-10-16,41.06124496459961,41.08717516676946,40.53404587516858,40.63775679311609,26450300
2015-10-19,41.15629959106445,41.381010343963126,40.637741894529626,40.98344592658304,29387600
2015-10-20,41.28593444824219,41.32050583531579,40.637735776702314,41.00072545024835,30802200
2015-10-21,40.793312072753906,41.4760822711428,40.71552808436898,41.41558068292376,25144300
2015-10-22,41.510650634765625,42.305776220792914,40.698242648461544,41.07851809583395,56637100
2015-10-23,45.69369888305664,46.730817752528104,45.15785539764522,45.20106799701695,135227100
2015-10-26,46.88637924194336,46.94687753205117,45.37391539542906,45.399842292072535,64633300
2015-10-27,46.402400970458984,46.99010161541866,46.30733456055081,46.66168318793146,50999900
2015-10-28,46.65303421020508,46.65303421020508,45.68505812780943,46.27275871634858,47000800
2015-10-29,46.117191314697266,46.52339701119987,45.99619471495013,46.272759313489324,30202100
2015-10-30,45.49491500854492,46.66167488892612,45.47762931066041,46.082615548979206,46619800
2015-11-02,46.01347351074219,46.11718439540638,45.477626796673086,45.676407365991786,30285000
2015-11-03,46.79996871948242,47.00739055144283,45.71963706203279,45.74556396680019,36596900
2015-11-04,47.01603698730469,47.43088396522135,46.722186632499884,46.82589755275137,37087800
2015-11-05,46.99873352050781,47.275298067920176,46.670311884114575,47.09380320185134,31468500
2015-11-06,47.46543884277344,47.517295936899075,46.635745118221905,46.74810050703923,32851200
2015-11-09,46.808589935302734,47.422217263462876,46.290032279910065,47.14565274099889,32513100
2015-11-10,46.24681091308594,46.782657496643665,46.039389194277405,46.73080041848714,55283700
2015-11-11,46.36783218383789,46.843177414032546,46.20361967559789,46.411044787144625,36516300
2015-11-12,46.082618713378906,46.65303359509791,45.970263317869254,46.22090100904079,35361100
2015-11-13,45.66777038574219,46.05669036030659,45.39984700395117,45.86655097342847,36848200
2015-11-16,46.47153854370117,46.5752494408708,45.67641287364077,45.87519676383835,32165200
2015-11-17,46.088706970214844,46.5759556541355,45.98429369297522,46.26272246068209,31551300
2015-11-18,46.85437774658203,46.967490454576954,46.09739984967008,46.11480206006409,29710000
2015-11-19,46.93268966674805,47.55915601289673,46.79347529195195,46.97619685566699,28149200
2015-11-20,47.15019989013672,47.24591036988486,46.34971827611891,47.2024065115807,37147600
2015-11-23,47.15019989013672,47.38512470793716,46.76736129027581,47.2024065115807,28235900
2015-11-24,47.20241165161133,47.367727658821615,46.61945258476557,46.915280181100194,24600000
2015-11-25,46.71516799926758,47.18501776894272,46.71516799926758,47.063205603278625,21005100
2015-11-27,46.923980712890625,47.05449561493802,46.8021685745167,46.81086801905833,9009100
2015-11-30,47.289424896240234,47.8201807170268,46.98489450028026,47.454744241874835,56241400
2015-12-01,48.04638671875,48.05508616120388,47.24590192862044,47.34161239126831,39952800
2015-12-02,48.037696838378906,48.69026472872899,47.90718525178805,48.13340732669136,47274900
2015-12-03,47.158905029296875,48.52494682748937,46.92398019966016,48.28132255340616,38627800
2015-12-04,48.646751403808594,48.92518005066771,47.07188667321755,47.08928887853765,43963700
2015-12-07,48.559757232666016,48.69897159490242,48.10730972561464,48.54235502249494,30709800
2015-12-08,48.542354583740234,48.81208054112346,47.84628277884972,48.263925861784024,32878000
2015-12-09,47.837589263916016,48.61196950403281,47.42864554735118,48.17692412696649,36373200
2015-12-10,48.089900970458984,48.42923572478136,47.86367558815623,48.19431089814315,31775800
2015-12-11,47.037105560302734,47.941997387374016,46.993598368957535,47.6026625373307,39549500
2015-12-14,47.97679901123047,48.03770509259795,46.706467429662204,47.27202769279742,46768900
2015-12-15,48.02899932861328,48.63806338130475,47.93328883644479,48.429240187561476,39843000
2015-12-16,48.83818435668945,48.942594295162145,47.6461578925255,48.324830790428244,37503300
2015-12-17,48.46406555175781,49.412464799924315,48.31614836744307,49.038325433822536,41280900
2015-12-18,47.0980110168457,48.72507971364048,47.0109999544489,48.524959248826804,84684200
2015-12-21,47.707061767578125,48.15950588833779,47.18500549733497,47.75056562698212,37246300
2015-12-22,48.15950393676758,48.27261662193968,47.41992839947428,47.84627417027277,28322200
2015-12-23,48.568458557128906,48.62066518966183,48.23782318935174,48.464048611195395,27279800
2015-12-24,48.43794250488281,48.69026957753778,48.229122617889395,48.60326184447922,9558500
2015-12-28,48.68156433105469,48.68156433105469,47.837575480599845,48.159508037514136,22458300
2015-12-29,49.20362091064453,49.46464741697446,48.77727839143648,48.97739882359383,27731400
2015-12-30,48.994808197021484,49.40374856638324,48.977405984837404,49.13402257536151,21704500
2015-12-31,48.272613525390625,48.89037689400849,48.22040690809127,48.759865329457156,27334100
2016-01-04,47.68096923828125,47.68096923828125,46.45414149582809,47.2633261045879,53778000
2016-01-05,47.89848327636719,48.19431419096109,47.45473856404232,47.79407334154933,34079700
2016-01-06,47.02839660644531,47.33293031012809,46.67165959062945,47.26332146844097,39518900
2016-01-07,45.392616271972656,46.541138696514984,45.305608556372164,45.85376645822371,56564900
2016-01-08,45.53183364868164,46.358416899218604,45.375217106254695,45.56663474322974,48754000
2016-01-11,45.505741119384766,45.984290321347295,44.77486482795986,45.68845936245787,36943800
2016-01-12,45.92337417602539,46.2018028622987,45.29691129147632,45.905971968241836,36095500
2016-01-13,44.93147659301758,47.0457969478493,44.63564566586448,46.810872095186646,66883600
2016-01-14,46.21050262451172,46.48022852980942,44.870562584389475,45.24470172960714,52381900
2016-01-15,44.365928649902344,45.21861718366552,43.80036833669981,44.64435742341143,71820700
2016-01-19,43.99179458618164,44.96629540916313,43.556749161030396,44.792276575276,43564500
2016-01-20,44.1919059753418,44.70525960398153,42.72145061715158,43.48713133696547,63273000
2016-01-21,43.92217254638672,44.87927418602671,43.765555974793486,44.37462005108581,40191200
2016-01-22,45.49702835083008,45.53183276383337,44.600832971218516,44.73134786041512,37555800
2016-01-25,45.06199645996094,45.81027496496493,44.94018429758959,45.19250806858775,34707700
2016-01-26,45.392616271972656,45.62754108705189,44.85316113316012,45.06198429738552,28900800
2016-01-27,44.56604766845703,45.41873617438227,44.392028860911886,45.25341681360467,36775200
2016-01-28,45.296913146972656,45.427424731997796,44.59213863896206,45.12289438114057,62513800
2016-01-29,47.933284759521484,47.933284759521484,46.984886001902986,47.62005165511438,83611700
2016-02-01,47.602657318115234,47.93329268511785,47.419939083376555,47.75057445037917,44208500
2016-02-02,46.11479949951172,47.211112140402754,45.810269132356446,47.13280385754396,56313800
2016-02-03,45.38390350341797,46.4541140229234,44.60082101639907,46.332301929193925,57559800
2016-02-04,45.24470520019531,45.94947968762426,44.69654726552835,45.33171292100451,46987100
2016-02-05,43.64374923706055,45.24471625261053,43.12169614641424,45.19250961589286,62009000
2016-02-08,42.99116897583008,43.130383314980925,41.92965756534757,43.11298110769561,59290500
2016-02-09,42.8780632019043,43.713352690627104,42.34730741108145,42.651841108981415,46740500
2016-02-10,43.25220489501953,43.84386679543839,43.08688886839429,43.40882147566761,38237000
2016-02-11,43.23480224609375,43.60024203694924,42.20809503630158,42.35601216947453,48878600
2016-02-12,43.939571380615234,44.0961879401757,43.28700348882392,43.722048750018125,34243300
2016-02-16,44.7720832824707,44.7720832824707,43.93080007963775,44.60558035991906,37291200
2016-02-17,45.937625885009766,46.24434612087883,45.08758049197263,45.12263480629425,40789000
2016-02-18,45.736061096191406,46.402079587291425,45.65719057337595,45.858751176208784,27176000
2016-02-19,45.41181945800781,45.814933998685966,45.157680722073,45.54327145051562,33559100
2016-02-22,46.13918685913086,46.445903754285105,45.814939463723874,45.814939463723874,25008300
2016-02-23,44.85094451904297,45.8937847313527,44.67567638561436,45.867495681374976,28895300
2016-02-24,45.00872039794922,45.131407183573984,43.99216844753292,44.4215721972196,33014500
2016-02-25,45.657188415527344,45.657188415527344,44.351447240915796,45.332944433927274,26939500
2016-02-26,44.95612335205078,46.16547031436674,44.78085514341668,46.095361693727895,35975900
2016-02-29,44.58806228637695,45.262842704037375,44.39526692619884,44.999938724535234,31654000
2016-03-01,46.07783126831055,46.08659317315136,44.62310768550768,44.666927238599364,33024500
2016-03-02,46.40209197998047,46.410853887983194,45.709784244033735,45.92886871670317,29289900
2016-03-03,45.87627410888672,46.41960585252604,45.37676192161007,46.41960585252604,24427800
2016-03-04,45.59585952758789,45.96392318118719,45.31543166911402,45.920106955106355,33034200
2016-03-07,44.71951675415039,45.39429725964466,44.32516741949202,45.18397806022198,38407800
2016-03-08,45.26285171508789,45.683493485885656,44.34269428956892,44.5179625298089,33835100
2016-03-09,46.3056755065918,46.31443741104278,45.44686512301193,45.473154179327295,28251600
2016-03-10,45.61338424682617,46.393324395424095,44.83344409822824,46.3845624878621,38387800
2016-03-11,46.50724792480469,46.50724792480469,45.902576031368454,46.445904544729856,32275700
2016-03-14,46.594886779785156,46.962950453831716,46.121666831673785,46.191772128704976,24083600
2016-03-15,46.96294021606445,46.96294021606445,46.21805446480052,46.226816371407864,21104800
2016-03-16,47.628963470458984,47.84804794519516,46.79644514083255,46.840261367187026,31691700
2016-03-17,47.9006233215332,48.19857830294266,47.32224051561643,47.50627064864373,28223900
2016-03-18,46.87530517578125,48.17228457427456,46.8402508653715,48.128465014780865,67625500
2016-03-21,47.19955062866211,47.26089400226786,46.38455627308502,46.66498407898647,23925700
2016-03-22,47.38358688354492,47.54132796265533,46.8490202646667,46.980472278246566,23124100
2016-03-23,47.295936584472656,47.53254811382853,47.094379357901865,47.41862330125815,20129000
2016-03-24,47.506263732910156,47.611426659013816,47.085622057384164,47.18201973483108,19950000
2016-03-28,46.919124603271484,47.5763779251004,46.73509447547057,47.50626929948295,17025100
2016-03-29,47.94443130493164,48.075883287631044,46.840247353515295,47.024277454924224,23924300
2016-03-30,48.242401123046875,48.75944062201643,48.110952442744406,48.137241510212135,23008300
2016-03-31,48.40013122558594,48.71561333543064,48.07588720956247,48.154757737023644,26360500
2016-04-01,48.698081970214844,48.73313627782564,47.82174433772156,48.2423860001628,24399200
2016-04-04,48.575401306152344,48.77695858565533,48.19857580965796,48.575401306152344,18928800
2016-04-05,47.81298828125,48.46147633656525,47.72535250150255,48.36507865032464,19272300
2016-04-06,48.303741455078125,48.3738500878445,47.506274143660455,47.6377261586156,21188700
2016-04-07,47.72535705566406,48.119709744750494,47.52379975745622,48.084655429506476,19225100
2016-04-08,47.69029998779297,48.44395100722199,47.60266754770447,47.90938443097753,22167200
2016-04-11,47.593902587890625,48.33002640348939,47.58513733866605,47.75164364430201,21414200
2016-04-12,47.8918571472168,48.00577864248474,47.111913777903155,47.64648031541437,24944300
2016-04-13,48.50529861450195,48.584169154646005,48.10218400619395,48.30374131034795,20818000
2016-04-14,48.514060974121094,48.70685635919875,48.25992221069388,48.391374217422,20877100
2016-04-15,48.768211364746094,49.004819684526844,48.294988039256204,48.46149105690745,28793800
2016-04-18,49.478031158447266,49.59195600795379,48.38260891347829,48.62798576956646,23786000
2016-04-19,49.41668701171875,49.74969630504066,48.79448798856301,49.6270095503861,29596800
2016-04-20,48.71561050415039,49.513077638593295,48.627978075603515,49.32904753286713,36195700
2016-04-21,48.88212966918945,49.276482414378194,48.56664747303846,48.899656829304945,38909100
2016-04-22,45.376773834228516,45.946394786855954,44.49167405652271,45.490698693346744,126834100
2016-04-25,45.66596221923828,45.683489375981814,45.24532048628345,45.376769147414954,33226900
2016-04-26,45.07881546020508,45.87628272858493,44.77209856581414,45.79741219246106,33532600
2016-04-27,44.640647888183594,45.13139827679621,44.29887666911697,45.11387111902824,43369300
2016-04-28,43.72926712036133,44.49168023706409,43.43131206948285,44.36022820113141,43134800
2016-04-29,43.70294952392578,44.03595870488768,43.247253629704815,43.247253629704815,48411700
2016-05-02,44.35145568847656,44.47414244310063,43.624093724686205,43.81688910650309,33114500
2016-05-03,43.624080657958984,44.17617423136199,43.466339636986696,44.114830872424136,26460200
2016-05-04,43.70294952392578,43.869455785887844,43.34365128811185,43.67666046907376,24257600
2016-05-05,43.764305114746094,44.079787233011395,43.58027499341238,43.702961740968185,25390700
2016-05-06,44.15865707397461,44.15865707397461,43.51893094100715,43.746777276777344,24787300
2016-05-09,43.87825012207031,44.33394635311511,43.81690672009935,44.24631387686078,17951600
2016-05-10,44.710750579833984,44.78085585862949,43.98338867242254,44.10607876050007,22891000
2016-05-11,44.737037658691406,45.37676376055089,44.693221443515846,44.80714627734266,24039100
2016-05-12,45.1401481628418,45.4030521163834,44.623108846752686,44.86848564719401,24102800
2016-05-13,44.76332092285156,45.48191740249658,44.72826662068296,45.0787996134822,22592300
2016-05-16,45.42057800292969,45.534499480460866,44.47413181968192,44.517948029729496,20032000
2016-05-17,44.57341384887695,45.650024839049024,44.44104579742063,45.64120164882327,27803500
2016-05-18,44.83816146850586,45.1293739058568,44.38810129303802,44.54694566480956,24907500
2016-05-19,44.40574645996094,44.670485930149425,43.964512887531804,44.53811787822768,23842400
2016-05-20,44.67048645019531,45.199968763081415,44.47634596518094,44.546941587092064,23905800
2016-05-23,44.14982986450195,44.72343485109843,44.105707180843375,44.65283586416872,26118700
2016-05-24,45.5264892578125,45.632384393831934,44.47635435695109,44.74109388017251,34757900
2016-05-25,45.994178771972656,46.32069398343027,45.70296641453236,45.81768469995262,24040200
2016-05-26,45.79121398925781,45.87063615720334,45.323507537103374,45.82651347864351,24335200
2016-05-27,46.17068862915039,46.17068862915039,45.6853322899166,45.81770036442823,17721400
2016-05-31,46.77075958251953,46.77075958251953,45.95889140938558,46.11773240149629,37653100
2016-06-01,46.63839340209961,46.72664214801594,46.276581959706284,46.276581959706284,25324800
2016-06-02,46.31187438964844,46.54131772766628,45.74709596736595,46.45306899521906,22840800
2016-06-03,45.70296859741211,46.25892040626378,45.53529770612973,46.22362428324949,23368300
2016-06-06,46.00300598144531,46.19714643371897,45.791212418739676,45.879461139177224,18243300
2016-06-07,45.976539611816406,46.53249488843842,45.976539611816406,46.10008784711201,20866800
2016-06-08,45.923587799072266,46.2765726124026,45.77356664448968,45.90593805345403,21149400
2016-06-09,45.55294418334961,45.888282575516335,45.438225900678745,45.888282575516335,20305700
2016-06-10,45.429405212402344,45.93241118243678,45.04112090619788,45.04994409587183,25833200
2016-06-13,44.24690246582031,44.75873502986243,43.29383969209176,43.75272301512589,83217800
2016-06-14,43.97332763671875,44.21159073947012,43.74388435551093,44.03510005096453,42577100
2016-06-15,43.849788665771484,44.229249785298265,43.849788665771484,43.92921083884325,33757600
2016-06-16,44.467525482177734,44.53812448007683,43.6909533370152,43.69977989492534,31188600
2016-06-17,44.238075256347656,44.50281470464526,43.96450925217811,44.48516495924613,45710500
2016-06-20,44.18513488769531,44.85581188208226,44.14983538981276,44.68814095031282,35607900
2016-06-21,45.173492431640625,45.385286029934335,44.26455233964207,44.299851833748534,34097800
2016-06-22,44.997005462646484,45.411762770928874,44.96170596558342,45.07642764786572,28816800
2016-06-23,45.80887222290039,45.94124364945453,45.13819863201097,45.25291694425633,29028800
2016-06-24,43.97332763671875,44.952863076763535,43.69976168338453,43.955677894599376,133503000
2016-06-27,42.737892150878906,43.37326969217582,42.393730438124955,43.32914363353915,50216300
2016-06-28,43.629180908203125,43.65565721559482,42.94968070180502,43.17029752077796,38140700
2016-06-29,44.59988784790039,44.75873219451696,43.94686071554952,44.043932634742404,31304000
2016-06-30,45.155845642089844,45.27056732227707,44.56459422563507,44.75873808959109,28527800
2016-07-01,45.14701843261719,45.64120123945195,45.067596255917756,45.12054549583237,21400400
2016-07-05,45.155845642089844,45.25291757406786,44.7763878378003,44.8558100215691,24806400
2016-07-06,45.34116744995117,45.48236207281351,44.467523406628025,44.81168508945839,28167500
2016-07-07,45.34116744995117,45.5441345099192,45.067601395379306,45.376463580907746,19585200
2016-07-08,46.15303421020508,46.205983454460466,45.49118380556635,45.650028171987266,28391000
2016-07-11,46.40894317626953,46.62073675348683,46.303048070833235,46.32952100560613,22269200
2016-07-12,46.95606994628906,47.1237408367635,46.585435408840546,46.71780344378163,27317600
2016-07-13,47.22080993652344,47.52967542103214,46.92959756316082,47.26493598169941,25356800
2016-07-14,47.42379379272461,47.64441061590814,47.28259916054097,47.5120391754598,24545500
2016-07-15,47.38848114013672,47.65322058120783,46.956070805523005,47.60909790208675,32024400
2016-07-18,47.617916107177734,47.953254492818225,47.256104790104466,47.38847617995695,31433900
2016-07-19,46.85017395019531,47.56497344406443,46.708979362481664,47.397302556792624,53336500
2016-07-20,49.338741302490234,50.1594360725409,49.00340282197555,49.550534912906144,89893300
2016-07-21,49.241661071777344,49.621122175320934,49.20636158160011,49.40050541123023,32776700
2016-07-22,49.921173095703125,49.97412234368261,49.224023145861196,49.488766019413156,32157200
2016-07-25,50.06235885620117,50.07118541247367,49.647598236360615,49.832918888289406,25610600
2016-07-26,50.08884048461914,50.55655042422524,49.86822366834971,49.87705022615395,28079000
2016-07-27,49.58583450317383,50.124140074467256,49.51523887233863,49.95647250568138,32327500
2016-07-28,49.60348129272461,49.74467591231566,49.17107424300307,49.41816398570109,37550400
2016-07-29,50.01824188232422,50.088837508836704,49.46228659577788,49.64760390251157,30558700
2016-08-01,49.92998504638672,50.08000282225561,49.54169740748937,49.94763142420524,26003400
2016-08-02,49.92998504638672,50.212374220305975,49.69171854970275,50.16824817672619,35122000
2016-08-03,50.27414321899414,50.39768805337971,49.85055948695323,50.018226995570174,22075600
2016-08-04,50.6447868347168,50.759508501435775,50.00940943915922,50.1241311058782,26587700
2016-08-05,51.147796630859375,51.368413424504915,50.697739853014326,50.87423396119978,29335200
2016-08-08,51.23604202270508,51.26251495898357,50.98894894084115,51.23604202270508,19473500
2016-08-09,51.35959243774414,51.6243319282095,51.20074807019588,51.333116132255924,16920700
2016-08-10,51.200740814208984,51.4654802671564,51.02424672346244,51.32428566782813,15756900
2016-08-11,51.44783020019531,51.58020160901486,51.209563684126984,51.209563684126984,18162300
2016-08-12,51.13014602661133,51.35076281655996,50.84775680478468,51.20956820564663,21655200
2016-08-15,51.28898620605469,51.62432464203247,51.1477916066448,51.19191428777074,19283900
2016-08-16,51.00483322143555,51.16466758363606,50.85388042787171,51.15578940232534,20523500
2016-08-17,51.11139678955078,51.21795191247561,50.818365967349635,51.093637037842264,18856400
2016-08-18,51.14691162109375,51.23571037740618,50.85388419357823,50.98707724705758,14214300
2016-08-19,51.1646728515625,51.262349792666974,50.79172822624681,50.995960290680586,17271000
2016-08-22,51.20906448364258,51.28010348234841,50.84499808358994,51.14690705343793,15221900
2016-08-23,51.40442657470703,51.661937905264914,51.368907069665994,51.41330814463051,18732400
2016-08-24,51.45771026611328,51.537627465678455,51.25347817551934,51.32451380439575,18151500
2016-08-25,51.65305709838867,51.759615615085934,51.306750387438804,51.39554915135319,18552600
2016-08-26,51.52873992919922,52.12367976537725,51.22683091994313,51.75073174814263,20971200
2016-08-29,51.59090042114258,52.03488408530844,51.59090042114258,51.661939433325855,16417200
2016-08-30,51.40442657470703,51.67081608786195,51.15579681407263,51.48434376738615,16930200
2016-08-31,51.02260971069336,51.32451878419622,50.8805350518289,51.19132569688226,20860300
2016-09-01,51.138031005859375,51.34226305467083,50.62300840573186,50.62300840573186,26075400
2016-09-02,51.20906448364258,51.67080781325279,50.98707269367571,51.20906448364258,18900500
2016-09-06,51.155792236328125,51.32450478918594,50.8006039923551,51.30674503825467,16278400
2016-09-07,51.200191497802734,51.36002587378351,50.97819968531012,51.031478939745796,17493400
2016-09-08,50.99595260620117,51.31562131534511,50.77396082344296,51.173546709872895,20146100
2016-09-09,49.912635803222656,51.07587406174912,49.912635803222656,50.42765840827784,35113900
2016-09-12,50.658538818359375,50.80061346497554,49.37986699881388,49.72617373823286,29303000
2016-09-13,50.19679260253906,50.3033511221214,49.77056868618945,50.17015466630677,30130200
2016-09-14,49.95703887939453,50.28558921974189,49.752806806580104,50.072475577011886,24062500
2016-09-15,50.78284454345703,50.92491916442601,49.70840501067126,49.85936120082176,26847000
2016-09-16,50.83613204956055,51.17356059938902,50.39214836353818,51.17356059938902,44607000
2016-09-19,50.55198669433594,51.280119725073774,50.480947673128846,50.85389575981214,20937100
2016-09-20,50.44541549682617,50.924915188077044,50.392136247875676,50.924915188077044,17384000
2016-09-21,51.28898239135742,51.36889957237262,50.685167830418706,51.066990598240295,33707300
2016-09-22,51.34226608276367,51.502100458621356,51.17355352483667,51.43106145276184,19822200
2016-09-23,50.99595260620117,51.42217642261783,50.951554927114685,51.38665692441833,19955300
2016-09-26,50.525333404541016,50.73844362876163,50.46317597353284,50.685167766369446,21688700
2016-09-27,51.45771026611328,51.55538721972924,50.329991288838855,50.55198313348358,28065100
2016-09-28,51.52873992919922,51.55538125085434,51.209071167948494,51.395546870228976,20536400
2016-09-29,50.969329833984375,51.65306174736801,50.80061386102519,51.33339633048454,25463500
2016-09-30,51.14691162109375,51.29786781316178,50.91604162933383,51.12027368786312,29910800
2016-10-03,50.987091064453125,51.10252778527929,50.66742561707831,50.97821288007901,19189500
2016-10-04,50.82724380493164,51.146909150235054,50.58749225545955,50.853881736875415,20085900
2016-10-05,51.18244171142578,51.46659101575343,50.84501314228911,50.87165446835707,16726400
2016-10-06,51.27123260498047,51.37778773089256,50.862765078885786,51.27123260498047,16212600
2016-10-07,51.324501037597656,51.48433539696974,50.987072569220395,51.36889871801748,20089000
2016-10-10,51.537620544433594,51.848407730268356,51.38666434893794,51.42218385226943,18196500
2016-10-11,50.78284454345703,51.51985896852033,50.51645505255597,51.40442228044361,26497400
2016-10-12,50.71180725097656,50.853881867251005,50.08135135296663,50.71180725097656,22177500
2016-10-13,50.54309844970703,50.880526981235356,50.0103194103057,50.34774794183402,25313700
2016-10-14,50.987091064453125,51.27124377433149,50.720701497977224,50.720701497977224,27402500
2016-10-17,50.809486389160156,51.022596629154584,50.49869582378951,50.93380126037794,23830000
2016-10-18,51.200191497802734,51.45770281325246,50.97819968531012,51.08475480685523,19149500
2016-10-19,51.084754943847656,51.36002601151413,50.96932163991684,51.03147907659536,22878400
2016-10-20,50.83613204956055,51.07588364649183,50.31223116456109,51.05812389257173,49455600
2016-10-21,52.97612762451172,53.67762258648787,52.82517481329794,53.52666638794775,80032200
2016-10-24,54.1660041809082,54.1660041809082,53.215879460524285,53.22475764291723,54067000
2016-10-25,54.15713119506836,54.49455635559903,53.98841522747634,54.03281291835388,35137200
2016-10-26,53.83745574951172,54.34359681510164,53.69538112386062,53.99729012678499,29911600
2016-10-27,53.366825103759766,54.01504411313974,53.35794692255942,53.81969025347312,28479900
2016-10-28,53.16259002685547,53.73977000436717,52.905082138840534,53.286904880516275,33574700
2016-10-31,53.207008361816406,53.650992090018455,53.207008361816406,53.42012204177728,26434700
2016-11-01,53.10044860839844,53.29580251580269,52.61206722721454,53.251404824299925,24533000
2016-11-02,52.77188491821289,53.21586846732299,52.65644824699308,53.11819154454667,22147000
2016-11-03,52.57654571533203,52.95837194489213,52.48775033571059,52.86069499491258,21600400
2016-11-04,52.1325569152832,52.638697981464496,51.96384435566486,52.07928104768071,28697000
2016-11-07,53.65099334716797,53.73979212728533,53.0826947037253,53.0826947037253,31664800
2016-11-08,53.69538116455078,53.97064884658735,53.41123191303326,53.76641678376703,22935400
2016-11-09,53.428993225097656,53.801941269329916,52.56766720862792,53.27804040320534,49632500
2016-11-10,52.1236686706543,53.71313056892435,51.17354415880027,53.70424900115434,57822400
2016-11-11,52.407814025878906,52.4966093731165,51.51096543708253,51.70631926579568,38767800
2016-11-14,51.60865783691406,52.461109007874526,50.86276517940265,52.407829751150004,41328400
2016-11-15,52.627769470214844,53.18203076136542,52.13608892695023,52.14503049530928,35904100
2016-11-16,53.3250617980957,53.33399995568156,52.57413038315306,52.690343482813894,27332500
2016-11-17,54.210113525390625,54.48724429399683,53.61115776737772,54.00450169457079,32132700
2016-11-18,53.950843811035156,54.657077731197845,53.90614619550032,54.33524944301183,27686300
2016-11-21,54.40677261352539,54.50510942152287,54.013425381535484,54.08494430015537,19652600
2016-11-22,54.639190673828125,54.764345344621645,54.362063448559326,54.5140360030346,23206700
2016-11-23,53.99554443359375,54.621317866827795,53.86144817778106,54.54086079538207,21848900
2016-11-25,54.111759185791016,54.111759185791016,53.75417484317029,53.90614742148695,8409600
2016-11-28,54.18328094482422,54.549806876121956,53.82569317322216,53.941909710524286,20732600
2016-11-29,54.61238479614258,54.89845365233406,54.10282443291339,54.219040971431724,22366700
2016-11-30,53.870384216308594,54.69283462651516,53.83462817168081,54.40676580823704,34655400
2016-12-01,52.92278289794922,53.77205120000987,52.690349850121585,53.73629174492726,34542100
2016-12-02,52.96748352050781,53.16415712442485,52.56519815350003,52.81551094308794,25515700
2016-12-05,53.834632873535156,54.16539933414374,53.244615458028946,53.369770150680324,23552700
2016-12-06,53.59326171875,54.049182872615084,53.45916545632576,54.022364984214086,19907000
2016-12-07,54.86269760131836,54.871639171872864,53.45917112273874,53.646903181863664,30809000
2016-12-08,54.540855407714844,55.05041908334157,54.38888284900146,54.800106324564965,21220800
2016-12-09,55.39908218383789,55.41696191566842,54.648150498006224,54.692848122477486,27349400
2016-12-12,55.57786178588867,55.69407831489824,55.17557983430308,55.264975065719995,20198100
2016-12-13,56.30197525024414,56.695319041466256,55.64044235545196,55.87287200249015,35718900
2016-12-14,56.03379821777344,56.72215255835822,55.899701931995935,56.319867111235915,30352700
2016-12-15,55.94438934326172,56.453949648786704,55.694076564783046,56.05166429963293,27669900
2016-12-16,55.69407272338867,56.27515189988854,55.53315859482591,56.27515189988854,42453100
2016-12-19,56.87411880493164,57.008215075711085,55.801358869325576,55.92651698015097,34338200
2016-12-20,56.80260467529297,57.03503435205555,56.34668007172918,56.936697539121795,26028400
2016-12-21,56.80260467529297,56.945639109503,56.42713715411045,56.70426786235921,17096300
2016-12-22,56.811546325683594,57.30322701034887,56.68639161433717,57.07079731930696,22176600
2016-12-23,56.5344123840332,56.80260150694165,56.141065154238426,56.72214442904814,12403800
2016-12-27,56.57017135620117,57.2764053641822,56.50759400462917,56.50759400462917,11763200
2016-12-28,56.3109245300293,56.677450484144956,56.167890094525866,56.677450484144956,14653300
2016-12-29,56.2304573059082,56.4986463978337,56.07848132735118,56.19469785092898,10250600
2016-12-30,55.55104446411133,56.310917579729846,55.452707662425794,56.284096281864095,25579900
2017-01-03,55.94438934326172,56.176818983767575,55.54210399410795,56.13212136946368,20694100
2017-01-04,55.69407272338867,56.09635804479557,55.53315859482591,55.85498685195143,21340000
2017-01-05,55.69407272338867,56.01590098051419,55.45270153054454,55.595735932577085,24876000
2017-01-06,56.176822662353516,56.45395334551979,55.46165055603203,55.694080211757914,19922900
2017-01-09,55.99802780151367,56.39137501075187,55.90863256861928,56.105302763028845,20382700
2017-01-10,55.98015213012695,56.382437527726935,55.67620354196361,56.07848893956359,18593000
2017-01-11,56.489715576171875,56.525475037954344,55.81030285335481,55.971217021165955,21517300
2017-01-12,55.9712028503418,56.677436695795976,55.3811855211519,56.3734881680188,20968200
2017-01-13,56.051666259765625,56.20363883575523,55.738776128277834,55.98014734621087,19422300
2017-01-17,55.899681091308594,56.05165705254364,55.45269818564271,56.03377732709193,20664000
2017-01-18,55.87286376953125,56.05165761563555,55.53315580295399,56.02483632208407,19670100
2017-01-19,55.69407272338867,56.301969784579285,55.604677500946764,55.640436954007185,18451700
2017-01-20,56.08742141723633,56.15893691509966,55.75665158271457,56.02484066756822,30213500
2017-01-23,56.28411102294922,56.42714547825973,55.935464751267986,56.051681311898534,23097600
2017-01-24,56.78472900390625,56.98140264383266,56.26622701144941,56.49866011503701,24672900
2017-01-25,56.927757263183594,57.303221360201775,56.72214548478652,57.16912850135662,23672700
2017-01-26,57.4551887512207,57.69656337776742,56.811535584530844,57.321099314715795,43554600
2017-01-27,58.805076599121094,58.92129653274711,58.00944748308774,58.45643043908035,44818000
2017-01-30,58.22400665283203,58.814027522386624,57.92900303847446,58.72463228105343,31651400
2017-01-31,57.794918060302734,58.24190117473598,57.446271776678486,57.98265014991417,25270500
2017-02-01,56.83835983276367,57.768085289837735,56.7400230272757,57.53565222046439,39671500
2017-02-02,56.47183609008789,56.68638945150283,56.09637197037423,56.54335501396287,45827000
2017-02-03,56.927757263183594,56.94563699307157,56.38243743733452,56.76684310440157,30301800
2017-02-06,56.891998291015625,56.90093986114114,56.44501527061455,56.766843590936894,19796400
2017-02-07,56.70426559448242,57.017152341112414,56.525471706318235,56.9813962916474,20277200
2017-02-08,56.62380599975586,57.04397110674402,56.51653103570704,56.82941776843676,18096400
2017-02-09,57.2674674987793,57.607178989650606,56.60593447930289,56.78472838545142,22644400
2017-02-10,57.21381378173828,57.48200626200742,57.1959340557064,57.437305241823196,18170700
2017-02-13,57.857486724853516,57.98264143244461,57.33004318250247,57.4283799985269,22920100
2017-02-14,58.073341369628906,58.20825061323278,57.578676430337765,57.9294432084155,23108400
2017-02-15,58.037349700927734,58.07332594711918,57.70458143174971,58.01036923172599,17005200
2017-02-16,58.028358459472656,58.67591721799762,57.95641282323379,58.22622439810727,20546300
2017-02-17,58.11830139160156,58.18125811070089,57.83049826689498,57.98339217588366,21248800
2017-02-21,58.001380920410156,58.41509751221249,57.96540466958801,58.10930967287659,20655900
2017-02-22,57.88445281982422,57.91143328763644,57.60564550340858,57.857472352011996,19292700
2017-02-23,58.11830139160156,58.21723435901018,57.73156529948636,57.9384201500551,20273100
2017-02-24,58.11830139160156,58.2801910781095,57.686593273657806,58.03735311746372,21796800
2017-02-27,57.767547607421875,58.04635498385518,57.60565790393224,58.04635498385518,15871500
2017-02-28,57.54269027709961,57.74055277610141,57.34482434721403,57.632630895631145,23239800
2017-03-01,58.406105041503906,58.451070205969046,57.57866504648524,57.67759801478347,26937500
2017-03-02,57.569679260253906,58.235222741721344,57.452758161283214,58.18126179672264,24539600
2017-03-03,57.785526275634766,57.81250674644094,57.21891237251802,57.55168752325223,18135900
2017-03-06,57.80351638793945,58.06433906646391,57.389803216885404,57.53370479281541,18750300
2017-03-07,57.92044448852539,58.26220860810454,57.73157430177622,57.73157430177622,18521000
2017-03-08,58.451080322265625,58.53202861114132,57.7855367617909,57.794532540947976,21510900
2017-03-09,58.21723937988281,58.63994489499526,57.992392954883954,58.63095597846851,19846800
2017-03-10,58.39711380004883,58.693912727998146,58.235224099509956,58.5590035005877,19538200
2017-03-13,58.19925308227539,58.63096127646115,58.07333962183974,58.46907156136261,20100000
2017-03-14,57.929443359375,58.055356823928285,57.695601127303526,58.037365265123995,14280200
2017-03-15,58.2352180480957,58.388111954447936,57.7855252446355,58.055343671418676,24833800
2017-03-16,58.13627624511719,58.244204971777776,57.83048847889541,58.235209195781074,20674300
2017-03-17,58.34316635131836,58.675934745911704,58.17228083294669,58.37914261106871,49219700
2017-03-20,58.39711380004883,58.62196022514346,58.20824362638154,58.37912910521933,14598100
2017-03-21,57.749549865722656,58.90975813951609,57.67759736926235,58.63095079294207,26640500
2017-03-22,58.487056732177734,58.58598971786086,57.66861923270797,57.66861923270797,20680000
2017-03-23,58.34316635131836,58.675934745911704,58.253222271057524,58.40612309043899,19269200
2017-03-24,58.44208908081055,58.86479461961745,58.244223117837386,58.78385319572955,22617100
2017-03-27,58.55000686645508,58.657935619159495,57.87546760103101,58.12729449557308,18614700
2017-03-28,58.72088623046875,58.88277591178996,58.145279999497205,58.42408733775193,20080400
2017-03-29,58.88277053833008,58.90975100579354,58.41508622974042,58.567986981644864,13618400
2017-03-30,59.098628997802734,59.341466960796424,58.783845399262596,58.837806341364384,15122800
2017-03-31,59.23353958129883,59.53033849324124,58.86478817038226,59.04466941781765,21040300
2017-04-03,58.95473861694336,59.305498510262304,58.63095919822299,59.18857397131018,20400900
2017-04-04,59.11660385131836,59.188549466538646,58.711876314595614,58.81080925501011,12997400
2017-04-05,58.96371841430664,59.674233869841345,58.855796532604124,59.629268706387855,21448600
2017-04-06,59.11660385131836,59.41339581079599,58.891757507061016,58.99967936077438,18103500
2017-04-07,59.07164764404297,59.323474519112025,58.85579701709345,59.224541552225226,14108500
2017-04-10,58.93672180175781,59.19754438071519,58.783827936710104,59.008674277697594,17952700
2017-04-11,58.89177322387695,59.008690883857604,58.32515589360157,58.9996951063921,18791500
2017-04-12,58.66693115234375,58.918758045834224,58.55900240009002,58.83780976620188,17108500
2017-04-13,58.415096282958984,59.23354053296141,58.415096282958984,58.72089097762814,17896500
2017-04-17,58.89177322387695,58.900762139574745,58.46906088597872,58.496041356607506,16689300
2017-04-18,58.81081771850586,59.09862080610252,58.6039628946094,58.75685678388363,15155600
2017-04-19,58.49604415893555,59.13460715422298,58.3611349375609,59.04466996056256,26992800
2017-04-20,58.90975570678711,59.13460210261454,58.58597634785421,58.87377946004263,22299500
2017-04-21,59.719200134277344,59.98901167427403,58.864779769870346,59.062645682928114,32522600
2017-04-24,60.73552703857422,60.8524515938524,60.34879083786803,60.69056186188772,29770000
2017-04-25,61.086273193359375,61.19420194423227,60.79847005279979,61.06828849909796,30242700
2017-04-26,61.00532913208008,61.43703039332207,60.81645897256573,61.230175540325895,26190800
2017-04-27,61.401039123535156,61.49997206790194,60.78046785459441,61.29311726551041,34971000
2017-04-28,61.57194137573242,62.18352389816427,60.879417437660265,61.9766690392381,39548800
2017-05-01,62.426387786865234,62.55230128242796,61.607943203936635,61.76983296419884,31954400
2017-05-02,62.327423095703125,62.69616761335477,62.174522333001335,62.69616761335477,23906100
2017-05-03,62.129573822021484,62.39938544978564,61.79679859983287,62.39938544978564,28928000
2017-05-04,61.886722564697266,62.12956052566136,61.73382865550818,62.08458849977386,21749400
2017-05-05,62.0576171875,62.08459766230722,61.59892853047105,61.96767998421969,19128800
2017-05-08,62.0036506652832,62.102583638530525,61.535966271428904,62.03063113766554,18566100
2017-05-09,62.09358596801758,62.30943660226579,61.76980658576128,61.93169627688943,22858400
2017-05-10,62.33644485473633,62.56129136696581,61.98568484460001,62.04864159355343,17977800
2017-05-11,61.57194137573242,61.81477934618943,61.26615354540052,61.482004182209394,28789400
2017-05-12,61.50000762939453,61.706869413167055,61.19421970581876,61.706869413167055,18714100
2017-05-15,61.54496765136719,61.58993968394325,60.77149535108664,61.28414495831735,31530300
2017-05-16,62.784210205078125,62.81134533785293,61.653533665448585,61.71685127562377,34956000
2017-05-17,61.03843307495117,62.503785158873924,60.99320326202247,62.31383236655433,30548800
2017-05-18,61.24647903442383,61.626384652450994,60.73089086678663,60.966073492703934,25201300
2017-05-19,61.22838592529297,61.59924416747775,60.993203319821795,61.05652091732166,26961100
2017-05-22,61.91581726074219,61.961047062833444,61.056506229799375,61.40927660259475,16237600
2017-05-23,62.12386703491211,62.1871846195717,61.85250201431432,62.160049497731755,15425800
2017-05-24,62.20526123046875,62.30476126008115,61.91580848098664,62.295720821823956,14593900
2017-05-25,62.974151611328125,63.20932732011396,62.33192828145789,62.38619853716221,21854100
2017-05-26,63.28170394897461,63.51688660229584,62.88370359736974,63.13698094000135,19827900
2017-05-30,63.68875503540039,63.68875503540039,63.109842265385865,63.12793695565942,17072800
2017-05-31,63.173152923583984,63.987241368702655,63.14601779226362,63.79728854835856,30436400
2017-06-01,63.40829086303711,63.86960847357614,62.8203381282084,63.53492598732677,21603600
2017-06-02,64.90985107421875,65.00030377585784,63.53494516534891,63.715857469725876,34770300
2017-06-05,65.38019561767578,65.93196595394079,64.95506041749482,65.09979023078932,33316800
2017-06-06,65.5973129272461,65.68777255177196,65.37117766813229,65.39831969615031,31511100
2017-06-07,65.47972106933594,65.82344415775582,65.0817208293024,65.70585631460955,22301800
2017-06-08,65.08169555664062,65.59728343960626,64.67465503365098,65.58824300209793,24588300
2017-06-09,63.60731506347656,65.1993089610511,62.042456288406825,65.16312649734493,49187400
2017-06-12,63.11886978149414,63.263599653805926,61.62637575350461,62.63946415638663,47761700
2017-06-13,63.905826568603516,64.05959689085354,63.28169103569389,63.33596129034671,25258600
2017-06-14,63.56207275390625,64.31284320063544,62.80226186885355,64.14098515821522,25510700
2017-06-15,63.22739791870117,63.50780333448326,62.23240450360848,62.657532846501375,26068700
2017-06-16,63.31787109375,63.345006220042706,62.612330205738544,63.07364805601537,48345100
2017-06-19,64.10482025146484,64.16813784255356,63.63445508814883,63.7701376122246,23798300
2017-06-20,63.23646926879883,64.10482786446906,63.20028679800832,64.05959805070576,21512200
2017-06-21,63.56207275390625,63.878667523776166,63.26357956397724,63.50780251957333,19891100
2017-06-22,63.55302047729492,63.85151361162237,63.05552041825473,63.80629072513478,22965700
2017-06-23,64.41236114501953,64.44854361167035,63.2455024746552,63.39927278209626,27617300
2017-06-26,63.797279357910156,64.86463807639373,63.71587397567609,64.58423255834231,19607000
2017-06-27,62.60326385498047,63.48066947790519,62.576128736926826,63.417351902080625,25215100
2017-06-28,63.136959075927734,63.173134639817135,62.22337081298028,62.603276343715024,25806200
2017-06-29,61.952003479003906,62.8565443668899,61.59018574362965,62.75704431713449,28918700
2017-06-30,62.35000228881836,62.75704291885815,62.17813731559753,62.214319778438714,24161100
2017-07-03,61.662540435791016,62.95603396680983,61.52685794490968,62.71181100410195,16165500
2017-07-05,62.485694885253906,62.811330202287444,61.70778906135159,61.74397153003312,21176300
2017-07-06,62.02436447143555,62.21431721770897,61.61732385814947,61.75299946184558,21117600
2017-07-07,62.82938766479492,63.17311059973939,62.14193489380906,62.14193489380906,16878300
2017-07-10,63.29977035522461,63.543993342977465,62.59422271050765,62.82940525874664,15014500
2017-07-11,63.30880355834961,63.932938868409146,63.09171571614989,63.3178508979282,17460000
2017-07-12,64.35807800292969,64.47566582016393,63.81535491408929,63.941990071448764,17750900
2017-07-13,64.91889953613281,65.16312945194836,64.50281153629481,64.6746765214169,20269800
2017-07-14,65.8324966430664,66.27571982612166,65.09077325666554,65.34404364698283,25868100
2017-07-17,66.34806060791016,66.43851329993066,65.77820243719268,65.8505673512483,21803900
2017-07-18,66.30284881591797,66.38425418203965,65.72394320872206,66.11288915943567,26435300
2017-07-19,66.80937957763672,66.97219718680546,66.43851456188085,66.48374435929924,22416200
2017-07-20,67.1350326538086,67.20739758848772,66.28476192407888,67.09885018646904,42361000
2017-07-21,66.7460708618164,67.19834129164215,66.18525304443679,66.43852338096336,46717100
2017-07-24,66.5742416381836,66.70992422020797,66.14910610168853,66.5109240200526,21394800
2017-07-25,67.10790252685547,67.21644303585838,66.48376699568665,66.75513207039496,22018700
2017-07-26,66.98124694824219,67.27974015826187,66.7641521941026,67.24355769923861,16252200
2017-07-27,66.17622375488281,67.31594046128701,65.41640571617977,66.71894698189914,36844200
2017-07-28,66.0676498413086,66.31187278009347,65.61537951673866,65.73296731673175,18306700
2017-07-31,65.76012420654297,66.4294894773371,65.49781340440175,66.30285429661383,23600100
2017-08-01,65.65157318115234,66.41138414364436,65.57016092025754,66.12193136253806,22132300
2017-08-02,65.36213684082031,65.63349500949516,64.62041347134841,65.62445456797627,26499200
2017-08-03,65.26262664794922,65.52494433439911,64.991261620284,65.29880911171121,18214400
2017-08-04,65.7420425415039,66.06767786540765,65.34404227871036,65.48877215648997,22579000
2017-08-07,65.48876953125,65.9410400295306,65.36213434381945,65.8505873100945,18705700
2017-08-08,65.84153747558594,66.14907809024764,64.90081404663856,65.20835466130028,22044600
2017-08-09,65.55207824707031,65.58826071016449,65.17217273623028,65.35307815060195,22213400
2017-08-10,64.59325408935547,65.29879472451502,64.53897695512164,65.03647709586122,24734500
2017-08-11,65.57920837402344,65.76011377461576,64.47566748755374,64.77416760951988,21443700
2017-08-14,66.5651626586914,66.68275739440935,65.98625702486308,66.0857570776554,20096600
2017-08-15,66.58333587646484,66.91979461382665,66.41965080984951,66.91979461382665,19181400
2017-08-16,66.97437286376953,67.38358213430215,66.53787696238336,66.69246651455195,18150400
2017-08-17,65.83768463134766,67.17444533212961,65.83768463134766,66.91073002250401,22977500
2017-08-18,65.91949462890625,66.23776919387878,65.4102553249502,65.71943434867633,18761500
2017-08-21,65.6103286743164,65.9104191544373,65.20111249109704,65.90132361137913,17734800
2017-08-22,66.52880859375,66.60155215121942,65.79222196971834,65.79222196971834,14343700
2017-08-23,66.12866973876953,66.51969487203705,65.95588909401705,66.34691422728457,13766500
2017-08-24,66.10137939453125,66.25596892657711,65.53757370735293,66.14684323096857,17098300
2017-08-25,66.21961212158203,66.70157193670197,65.91043297145528,66.25598736357365,12794300
2017-08-28,66.22869873046875,66.4651273647115,65.97407900875065,66.43784767136559,14569700
2017-08-29,66.42876434326172,66.52879451872224,65.51940415752435,65.70127341952477,11478400
2017-08-30,67.3017349243164,67.48360414749914,66.22868985665959,66.39237493267049,16897800
2017-08-31,67.99287414550781,68.16565484185512,67.1108003841482,67.31994939121878,27652800
2017-09-01,67.23809814453125,67.9655821714173,66.96528729828147,67.93830247436591,21736200
2017-09-05,66.93800354003906,67.19262328089457,66.36510912311418,66.69247240573726,21556000
2017-09-06,66.74703979492188,67.32902976551512,66.70156900996052,67.0562189314824,16535800
2017-09-07,67.60182189941406,67.83825745191302,66.9288974138502,67.00164788198319,17471200
2017-09-08,67.27445983886719,67.69276463110901,67.14714304848638,67.59273447015264,14703800
2017-09-11,67.98374938964844,68.14743445234856,67.57453326396534,67.57453326396534,17910400
2017-09-12,67.9110107421875,68.42025016454758,67.62911133879057,67.98376121334374,14394900
2017-09-13,68.39295196533203,68.41114304713201,67.79277808536592,68.13833232305157,13380800
2017-09-14,67.99287414550781,68.64761474443519,67.76553404520632,68.20203009044766,15733900
2017-09-15,68.48391723632812,68.55666772038492,67.35631248491985,68.04742820772339,38578400
2017-09-18,68.34752655029297,69.08410620628317,68.23840081175527,68.41118149663941,23307000
2017-09-19,68.60214233398438,68.84766655903628,68.21111713270291,68.39298641512147,16093300
2017-09-20,68.1474380493164,68.70214818341977,67.57453683069421,68.52027202756115,21587900
2017-09-21,67.48362731933594,68.42026732228649,67.39269267652037,68.30205298041311,19186100
2017-09-22,67.66548156738281,67.75641618066591,67.15623524483821,67.2835450910078,14111400
2017-09-25,66.61975860595703,67.52002364529044,66.31057239840705,67.37452262106204,24149200
2017-09-26,66.61975860595703,67.11990276653306,66.37422736203929,66.99259283926857,18019600
2017-09-27,67.15625762939453,67.44725265161479,66.53789233994291,66.88345369861412,19565100
2017-09-28,67.17443084716797,67.2653654665657,66.66518449038054,66.87434035907539,10883800
2017-09-29,67.73821258544922,67.7836833526264,67.18350252763963,67.23806883582525,17079100
2017-10-02,67.84735870361328,68.21110413701746,67.5654592882119,67.93829332749755,15304800
2017-10-03,67.5290756225586,68.09287438299178,67.46542069999788,67.9019096153096,12190400
2017-10-04,67.92011260986328,67.9473923046203,67.02893659988536,67.37449096325325,13317700
2017-10-05,69.08409118652344,69.22049659557207,68.16563549932101,68.40207107914752,21195300
2017-10-06,69.11138916015625,69.13866886160778,68.69308421620487,68.81129856845119,13959800
2017-10-09,69.37508392333984,69.61151949556127,68.98405879684046,69.0840889644008,11386500
2017-10-10,69.37508392333984,69.68426303189572,69.23867851867874,69.4114591604406,13944500
2017-10-11,69.4933090209961,69.52968426373974,69.06590859109343,69.4387496258147,15388900
2017-10-12,70.1298828125,70.28447242922563,69.44786245155407,69.55698126906869,16876500
2017-10-13,70.4663314819336,70.81189285469418,70.2844621873314,70.55726612923469,15335700
2017-10-16,70.61181640625,70.7573104212633,70.33900558853253,70.40266052095097,12380100
2017-10-17,70.55726623535156,70.58455287366492,70.24808704648906,70.44814743357368,16824000
2017-10-18,70.57542419433594,70.7936686333008,70.35717975537106,70.62998356961074,13300700
2017-10-19,70.8482666015625,70.86645075549028,70.33902009929147,70.53908048184059,15092800
2017-10-20,71.66665649414062,71.81215741845764,71.13013744591997,71.22107205468514,22866400
2017-10-23,71.68486022949219,72.1486288973998,71.6212052983362,71.83035424161993,20627200
2017-10-24,71.7121353149414,72.02131440701203,71.34838990119555,71.74851055010267,17517200
2017-10-25,71.50299835205078,71.93039880586342,70.93919940265415,71.45753449947897,20410800
2017-10-26,71.62120056152344,72.22137459589075,71.61210501828351,72.02131427181274,32120700
2017-10-27,76.21348571777344,78.38685631381853,76.03161643006945,76.72273221150809,71066700
2017-10-30,76.28622436523438,76.68634506151024,75.57692454028536,76.11344371223024,31756700
2017-10-31,75.64055633544922,76.713601288948,75.57690142032071,76.713601288948,27086600
2017-11-01,75.64055633544922,76.16798673957997,75.3677455918325,76.09523628290013,22307400
2017-11-02,76.43170928955078,76.80454327461361,75.58600422847401,75.79515313920373,23992900
2017-11-03,76.5135726928711,76.87731818906325,75.84064803452999,76.45901329669617,17633500
2017-11-06,76.81366729736328,77.0228162856395,76.45901732779174,76.56813612589458,19860900
2017-11-07,76.63179779052734,77.20469928227915,76.32261858496608,77.08647799014281,17939700
2017-11-08,76.8954849243164,76.94095570274149,76.2316559616571,76.51355536186584,18034200
2017-11-09,76.46807098388672,76.63175604409288,75.38593741606343,76.48626206716823,21178400
2017-11-10,76.26802062988281,76.4771695307805,75.68603082358334,76.19527016962894,19397800
2017-11-13,76.32260131835938,76.33169686289737,75.89520091735336,76.07707711877491,14196900
2017-11-14,76.43170928955078,76.47717312594737,75.45869438597782,75.93155852412568,18801300
2017-11-15,75.8376693725586,76.48655673872858,75.57262969239734,76.2854916729021,19383100
2017-11-16,76.03872680664062,76.23979187072446,75.80111079700515,75.9473354973416,20962800
2017-11-17,75.30760192871094,75.96563062182774,75.16137023125782,75.96563062182774,22079000
2017-11-20,75.42638397216797,75.48121735346956,75.17048556248227,75.30757598844495,16315000
2017-11-21,76.51396179199219,76.62362855833045,75.618310354879,75.618310354879,21237500
2017-11-22,75.95649719238281,76.67850058405116,75.89252256135964,76.614525953028,20553100
2017-11-24,76.09356689453125,76.24893281704735,75.65487884969234,75.86508513575701,7425600
2017-11-27,76.65107727050781,76.75160982097567,76.13013904204307,76.13927329375016,18265200
2017-11-28,77.57412719726562,77.73863434878642,76.78814935918963,76.83384850177714,21926000
2017-11-29,76.16667175292969,77.61067806590161,76.02044706081242,77.41875423534856,27381100
2017-11-30,76.92524719238281,77.2451203030449,76.16668597801927,76.32205889409302,33054600
2017-12-01,77.00749969482422,77.51015541813311,76.05701467043977,76.40430445960102,29532100
2017-12-04,74.10118103027344,77.16283418488534,73.75388440992616,77.1536929652163,39094900
2017-12-05,74.56729888916016,75.56348292233895,74.00980984671747,74.33881714435056,26152300
2017-12-06,75.65489196777344,75.98390631527414,74.42109165100133,74.53076542440529,26162100
2017-12-07,75.38985443115234,75.6731766108175,74.94203204567759,75.43555358124034,23184500
2017-12-08,76.91609191894531,77.29993954682904,76.15753091190679,76.43170480066276,24489100
2017-12-11,77.89401245117188,78.02196169170824,76.87955277784019,77.03491871667569,22857900
2017-12-12,78.2138900756836,78.64343696777271,77.7569264837098,77.96712583129955,23924100
2017-12-13,78.003662109375,78.59771600863323,77.8391549830067,78.36009305438812,22062700
2017-12-14,77.40046691894531,78.47890087752612,77.25423527649643,78.07677083350018,19306000
2017-12-15,79.37457275390625,79.59391332078297,77.57413512621213,77.92143191087042,53936700
2017-12-18,78.94501495361328,79.96861574532907,78.80793147621782,79.62132598141065,22283800
2017-12-19,78.44235229492188,78.91759124397701,77.93054845819789,78.91759124397701,23524800
2017-12-20,78.15904998779297,78.87191905094504,77.4187711973675,78.78052075404864,23674900
2017-12-21,78.1407699584961,78.68912484436446,78.04937863963647,78.64343267128999,17990700
2017-12-22,78.1498794555664,78.25954620459208,77.61065903959468,78.04934695382096,14145800
2017-12-26,78.04936981201172,78.1681778158206,77.71121430049584,77.96711275344413,9891200
2017-12-27,78.33269500732422,78.57945924196751,77.8848726572263,78.2778616097194,14678000
2017-12-28,78.34183502197266,78.53375888333804,78.18646908268316,78.5063421849588,10594300
2017-12-29,78.17732238769531,78.64342714565382,78.14076446817796,78.25957247707672,18717400
2018-01-02,78.55200958251953,78.88102380471989,78.14074529112332,78.71651669361971,22483800
2018-01-03,78.9176025390625,79.06383421983,78.57031275630516,78.65256284720414,26061400
2018-01-04,79.61219787597656,80.11486061828093,79.11867635790803,79.1369518336686,21912000
2018-01-05,80.5992431640625,80.80030826660203,79.90465652966543,80.11486285669618,23407100
2018-01-08,80.68147277832031,80.95565366174243,80.06000215224509,80.60835694637981,22113000
2018-01-09,80.62664031982422,81.09274503792919,80.29762604501008,81.01962920514615,19484300
2018-01-10,80.26106262207031,80.59921809595957,79.8863562070068,80.29762053595367,18652200
2018-01-11,80.49870300292969,80.54439517564384,79.73100059059925,80.54439517564384,17808900
2018-01-12,81.88787841796875,82.05238559828628,80.83686070886857,81.03792581511347,24271500
2018-01-16,80.7454605102539,82.97544493787335,80.43472863307318,82.34483298714574,36599700
2018-01-17,82.38138580322266,82.50933503562712,81.11102772955684,81.4126253371003,25621200
2018-01-18,82.34480285644531,82.86574085082293,81.94267980798189,82.07062900149863,24159700
2018-01-19,82.25341796875,82.81091391502154,81.94268618110154,82.38136717221803,36875000
2018-01-22,83.72486114501953,83.73400236826448,82.01581497915045,82.25343797454691,23601600
2018-01-23,83.98989868164062,84.35547090224185,83.66088438037055,83.98989868164062,23412800
2018-01-24,83.91675567626953,85.388178332625,83.69741520400083,84.58392528583451,33277500
2018-01-25,84.38288116455078,85.21455110461312,84.01730897182365,84.51083038609883,26383200
2018-01-26,85.9639892578125,85.9639892578125,84.61138092136723,85.10490244067924,29172200
2018-01-29,85.83602142333984,87.23432860559907,85.65323881400633,86.95101346931925,31569900
2018-01-30,84.75759887695312,85.59841712384056,84.17268607989872,85.26940280390865,38635100
2018-01-31,86.83220672607422,87.1886377003251,85.46131621812165,85.68065674703534,48756300
2018-02-01,86.14673614501953,87.8009413070134,85.52526568521785,86.6311161997885,47227900
2018-02-02,83.8802261352539,85.88172866810588,83.62432766894977,85.58013105880019,47867800
2018-02-05,80.42559814453125,85.21457499077819,80.42559814453125,82.76524967746809,51031500
2018-02-06,83.46895599365234,83.60604644051041,77.91227806632236,79.41111781382837,67998600
2018-02-07,81.89700317382812,83.87108196795626,81.52228973795773,82.70125646436773,41107600
2018-02-08,77.69292449951172,82.14374385540707,77.46444278398663,81.98837796230006,55628700
2018-02-09,80.59009552001953,81.27554087532496,76.61451385379014,78.87191500622977,63499100
2018-02-12,81.45832061767578,82.05237463235815,80.36161087727021,81.10188960340845,35720300
2018-02-13,82.09807586669922,82.25344180554804,80.24280490605223,81.27554005410161,26407700
2018-02-14,83.38358306884766,83.54886300280381,81.17985995671887,81.27168058548008,34960900
2018-02-15,85.08229064941406,85.13738162196726,83.20912052249615,83.75086710050786,27823900
2018-02-16,84.47622680664062,85.8535565915315,84.29258563750646,84.88942293992326,30596900
2018-02-20,85.13738250732422,85.4495740289915,83.56722672404953,83.99879136144276,30911700
2018-02-21,84.00796508789062,85.72503940330421,84.00796508789062,85.37611824531966,26922500
2018-02-22,84.22834777832031,85.14656804100335,83.8886037591603,84.5221779821603,24392800
2018-02-23,86.36780548095703,86.37698964615764,84.80683365919467,85.94542495277975,26329200
2018-02-26,87.61656951904297,87.64411500407954,86.54225356983231,86.67998800047926,30199800
2018-02-27,86.49634552001953,88.00222618302628,86.49634552001953,87.91040555829944,25869100
2018-02-28,86.10148620605469,87.88283524549506,85.97293596665824,87.0839813245634,31167300
2018-03-01,85.25672912597656,86.83606871218784,84.32932492608033,86.30349940884442,37135600
2018-03-02,85.4404067993164,85.53222743368505,83.42950198095582,84.09062175715466,32830400
2018-03-05,85.98213195800781,86.56060811488138,84.71499070727657,84.78844299313572,23901600
2018-03-06,85.68830108642578,86.76261694260889,85.33937996373636,86.6248825238887,22175800
2018-03-07,86.18415069580078,86.25760999495613,84.87109549662237,85.54139934185234,26716100
2018-03-08,86.70752716064453,87.32273296646538,86.10149851219036,86.56060857721432,25887800
2018-03-09,88.64498138427734,88.64498138427734,87.23092139676874,87.49720610274092,36937300
2018-03-12,88.85616302490234,89.26018214261666,88.18586622192792,88.60824666069108,26073700
2018-03-13,86.6891860961914,89.28774434725226,86.28516690281907,89.06737342607883,35387800
2018-03-14,86.17495727539062,87.60738543319553,85.85358163293759,87.34110075645913,32132000
2018-03-15,86.47796630859375,86.84525573698889,85.23837061754043,85.88112186313455,27611000
2018-03-16,86.8636474609375,87.57985824399941,86.23925731574867,86.93710677342222,49081300
2018-03-19,85.2934799194336,86.22088434930981,84.57726923307035,86.07396574417649,33344100
2018-03-20,85.51383209228516,86.10149237317873,85.3944660058566,85.44037981127082,23075200
2018-03-21,84.91698455810547,86.35858960787024,84.66906124708767,85.33018073585205,24457100
2018-03-22,82.44700622558594,84.24671727438843,82.32764010182407,83.80596842313675,38604700
2018-03-23,80.0504379272461,83.06219908536069,79.95861730763806,82.18070852728795,44068900
2018-03-26,86.11070251464844,86.31271211067552,83.00712028199803,83.1999457130788,56396800
2018-03-27,82.15316772460938,87.35947491379275,81.27167711629245,87.1758336641093,56569000
2018-03-28,82.0796890258789,83.76921754665702,81.60221768625684,82.47452392431104,52501100
2018-03-29,83.80596923828125,84.74255792925136,81.17068128658278,82.80511240774645,45867500
2018-04-02,81.28087615966797,83.44787711562374,80.35347849196249,83.07141035077032,48515400
2018-04-03,82.37353515625,82.68573367412152,80.702374634837,82.25416904952918,37213800
2018-04-04,84.77926635742188,85.17410129388138,80.55545515686715,80.66563708906557,35560000
2018-04-05,84.82518768310547,85.45876192357147,83.92533572392968,84.88028566410132,29771900
2018-04-06,82.85100555419922,84.89863252454646,82.16234045551977,84.00795787604686,38026000
2018-04-09,83.34684753417969,85.55057749624869,83.20912010349022,83.59477092034959,31533900
2018-04-10,85.28427124023438,85.65156064202544,84.14568039959845,84.8343454009082,26812000
2018-04-11,84.34769439697266,85.6607493493689,83.99877329975925,84.48542880563636,24872100
2018-04-12,85.92704772949219,86.45961712514367,84.87109310169058,84.87109310169058,26758900
2018-04-13,85.46794128417969,86.4779821431121,84.8802808933294,86.35861603434904,23346100
2018-04-16,86.46880340576172,86.91873639376213,85.78013818525301,86.37698277745353,20288100
2018-04-17,88.21338653564453,88.64495101452256,87.1207026002267,87.23089151147066,26771000
2018-04-18,88.55315399169922,88.8102545142301,87.70838612493,88.35114443672101,21043300
2018-04-19,88.25015258789062,89.13164322519089,87.5431190418864,88.55316696474958,23552500
2018-04-20,87.23092651367188,88.25015158390038,86.35862005072107,88.06651033026803,31154400
2018-04-23,87.55228424072266,88.41541336766554,86.89116465459307,87.91038951563229,22331800
2018-04-24,85.5046615600586,88.58069761362229,84.85272610435422,88.36950390000305,34524800
2018-04-25,84.76091003417969,85.66995313632209,82.89692402559747,85.66995313632209,33729300
2018-04-26,86.55143737792969,87.36865278949124,85.48629859112886,85.89950188137296,42529000
2018-04-27,87.98385620117188,89.89375583156789,86.23005932345941,89.61828697903356,48272800
2018-04-30,85.87194061279297,88.51641898254026,85.53220365951428,88.45214385580131,41523600
2018-05-01,87.23092651367188,87.49721123526412,85.20166053753591,85.5873113734427,31408900
2018-05-02,85.8627700805664,87.38701192032167,85.56893990630853,87.22173200946011,27471000
2018-05-03,86.37696838378906,87.16663826548742,84.88944923339976,85.35774346684035,31142500
2018-05-04,87.37783813476562,87.57066353730191,85.3210198301168,85.6883093134801,22531300
2018-05-07,88.35115051269531,88.80107645806608,87.32274134638354,87.3870164814365,24242000
2018-05-08,87.97468566894531,88.29606838185238,87.28602043637021,88.01141532200512,23484600
2018-05-09,89.01226043701172,89.03980591966405,87.27682497527996,88.158315447472,27327400
2018-05-10,89.90294647216797,89.9396691167187,89.11327651050307,89.48974316359573,22388100
2018-05-11,89.71012878417969,89.86623157373458,89.10410697311185,89.80195642702336,16778300
2018-05-14,90.01311492919922,90.61914355544552,89.35199533891722,89.91211015815817,19454100
2018-05-15,89.3612060546875,89.84786172951279,88.46134701042277,89.28774674383621,24594000
2018-05-16,89.59174346923828,89.82229350027809,89.10297852916644,89.7854046510123,17384700
2018-05-17,88.69721221923828,89.95140500746761,88.37444356840622,89.23209000394792,17246700
2018-05-18,88.8631820678711,89.3888357243568,88.54041351315651,88.54041351315651,17865800
2018-05-21,90.00674438476562,90.38484987031111,89.26898839485415,89.45342563337461,19422500
2018-05-22,89.91451263427734,90.53238503249864,89.6378497810712,90.08050893903531,15441200
2018-05-23,90.9842529296875,91.04880664651787,88.82630132910683,89.1859587565657,21251200
2018-05-24,90.66148376464844,91.24247429331479,89.27818370337116,91.04881312903532,26649300
2018-05-25,90.70760345458984,91.27937005614272,90.24650339922322,90.65227369941097,18363900
2018-05-29,90.38480377197266,91.18711308975298,89.66548905844849,90.22802445977872,28671000
2018-05-30,91.25170135498047,91.52836421227096,90.2926193975852,90.66149382620088,22158500
2018-05-31,91.15025329589844,92.21078480397527,90.93815121578005,91.5652475568824,34140900
2018-06-01,92.94854736328125,93.01310108776467,91.45458069345727,91.55602326562096,28655600
2018-06-04,93.76007843017578,93.9352986930755,93.0038746622591,93.3819800641315,27281600
2018-06-05,94.23961639404297,94.36872382589213,93.63096104175922,94.06439614975025,23514400
2018-06-06,94.51628875732422,94.61773133385046,93.97219406125488,94.50707182187898,21122900
2018-06-07,93.03156280517578,94.70075011592704,92.57046265976503,94.66386125999459,28232200
2018-06-08,93.72319030761719,94.01829404772263,92.71799561144894,93.22520142697147,22165100
2018-06-11,93.18833923339844,93.68632118304893,92.8378986311182,93.15145037864107,23490900
2018-06-12,93.42806243896484,93.55716985217869,92.91163278610945,93.23440131914407,18325200
2018-06-13,93.00386047363281,94.07361575744085,92.7364216526808,93.80617693648884,29492900
2018-06-14,93.529541015625,94.09208369098961,93.14221862676612,93.74165015380716,25691800
2018-06-15,92.33988952636719,93.63097101825238,92.28455977420134,93.61253011280647,65738600
2018-06-18,93.01312255859375,93.24367263294366,91.6851518788727,92.22925371297003,23586000
2018-06-19,93.01312255859375,93.1422300373633,91.75892959126385,91.89726104303978,28653100
2018-06-20,93.94452667236328,94.54395110839727,93.25287659771325,93.4834266225966,26180800
2018-06-21,93.27132415771484,94.48862809450561,93.03155014469925,94.13819456458198,23198200
2018-06-22,92.5981216430664,92.93010722842186,91.87879960661444,92.5981216430664,38923100
2018-06-25,90.73526763916016,92.32145294323894,89.73007290333607,92.2200103689668,35433300
2018-06-26,91.37159729003906,92.29379748787353,91.06726953615468,91.13182326856993,26897200
2018-06-27,89.95140838623047,92.23846094302884,89.8223009210481,91.83269763923961,31298400
2018-06-28,90.95659637451172,91.39925553309246,89.69318669815428,89.80384621092799,26650700
2018-06-29,90.93815612792969,92.13701912109275,90.67994121514471,91.23325989051662,28053200
2018-07-02,92.2292251586914,92.27533093778904,90.37560116476998,90.46781975879297,19564500
2018-07-03,91.34392547607422,92.80099633081876,91.24248289914642,92.66267194030688,14670300
2018-07-05,91.99868774414062,92.1462361076013,91.3254785475831,91.75891373820976,18977400
2018-07-06,93.28975677490234,93.53874768286866,91.91567368851936,92.1185588172915,19234600
2018-07-09,93.92609405517578,94.29497556234107,93.37277531234263,93.74165681950791,18212000
2018-07-10,94.17507934570312,94.53473683176941,93.93530534304941,94.06441279774866,19293100
2018-07-11,94.04597473144531,94.37796031367839,93.23443409359234,93.28054691558992,19644600
2018-07-12,96.08403015136719,96.28691529800363,94.73761885694064,94.7745006692124,24335900
2018-07-13,97.22755432128906,97.38432664565411,95.99180256047299,96.25002449192085,24635200
2018-07-16,96.74800109863281,97.58719940288991,96.38833664157711,97.1998771086174,21786900
2018-07-17,97.70709228515625,98.21430512595954,96.20390873960068,96.47134759785804,25901700
2018-07-18,96.94169616699219,97.79934271059915,96.57281464706331,97.69790011672296,29493900
2018-07-19,96.27769470214844,97.11689315940295,95.80737066716968,96.76645964390954,40171600
2018-07-20,98.0022201538086,99.7820669664517,97.82700688587754,99.67140743635413,56004000
2018-07-23,99.56993865966797,99.7267109766335,97.87308694081295,98.02986629360636,29707000
2018-07-24,99.2840576171875,100.35380598269218,98.91517620169948,100.12325597749064,26316600
2018-07-25,102.2074203491211,102.5025240464967,99.22871146725693,99.56070400628288,30702100
2018-07-26,101.091552734375,102.36418602776858,100.98088621658252,102.12441209046486,31372100
2018-07-27,99.30250549316406,101.60800570703225,97.88231651712185,101.60800570703225,37005300
2018-07-30,97.17223358154297,99.16418227239541,96.60969091997994,98.85063759458198,34668300
2018-07-31,97.8270034790039,98.41721107173576,97.18145908732066,98.20510192005268,27655200
2018-08-01,98.01142883300781,98.16820116673662,97.21833615718973,97.78087880017299,23628700
2018-08-02,99.20106506347656,99.68060602255403,96.68345567979159,97.19989252321554,26104300
2018-08-03,99.63449096679688,99.64371493702511,98.50940581709695,99.41316493211374,18659600
2018-08-06,99.71749114990234,99.98493001480666,99.1918373908361,99.70827421498812,20265900
2018-08-07,100.40914916992188,100.61203432738317,99.75438791182417,100.1140454052042,16080200
2018-08-08,100.97168731689453,101.21146131372895,100.2984851817054,100.8241389590315,15487500
2018-08-09,101.13770294189453,101.58958614454745,101.07314920377694,101.17459179736598,13677200
2018-08-10,100.51982879638672,101.15614923014127,99.94806209969208,100.90715121874617,18183700
2018-08-13,99.7912826538086,101.05469945888534,99.68984006908853,100.7411477327063,18472500
2018-08-14,101.0362548828125,101.211475177866,99.63451362987259,100.11405465340142,16788300
2018-08-15,99.66613006591797,100.8973707363679,98.88849731641442,100.43449628589548,29982800
2018-08-16,99.64761352539062,100.77702834172722,99.33286228170536,100.25861120487912,21384300
2018-08-17,99.59208679199219,99.88832621231116,98.7681706835143,99.38842086622823,18061500
2018-08-20,98.9347915649414,99.88831184119255,98.57375004408718,99.5272703203383,17914200
2018-08-21,98.11090850830078,99.37918045906223,97.99055658568108,98.98110799951004,22881900
2018-08-22,99.11065673828125,99.36986525252432,97.92569949436874,97.9905016229295,18000600
2018-08-23,99.57356262207031,100.14752955879334,98.93480059917863,99.19400919547144,18167700
2018-08-24,100.35118865966797,100.4993048205329,99.57355586068891,99.67538881130407,17234000
2018-08-27,101.46208953857422,101.4991203463239,100.45302651328696,101.15659067181767,19662300
2018-08-28,102.07308197021484,102.29525974226819,101.63797883038671,101.77684258650906,19151500
2018-08-29,103.70240783691406,103.71166730523844,102.08234696248952,102.24898207780367,20818000
2018-08-30,103.6375732421875,104.2485708280436,103.16544644901073,103.3783647134859,22798700
2018-08-31,103.9894027709961,104.40598705955381,103.2395411635246,103.3969238854047,23222700
2018-09-04,103.4154281616211,103.64686543001508,102.0360640196063,102.61928339331338,22634600
2018-09-05,100.43451690673828,103.14696202593207,100.07347532627436,102.76740857132603,32872400
2018-09-06,100.66594696044922,100.89738421660626,99.52727961538318,100.21233191599471,23477600
2018-09-07,100.17530822753906,100.64744224127016,99.2680780741476,100.19382716457443,22498600
2018-09-10,101.25843048095703,101.49912721616901,100.31416953959445,100.75852513685747,20727900
2018-09-11,102.98033905029297,103.30434985777443,100.80482984245361,100.81408931206906,24301800
2018-09-12,103.4154281616211,103.54503246688934,102.30453209849192,103.15621955108462,18891100
2018-09-13,104.52632904052734,105.28544298202384,103.7949864405763,103.7949864405763,26055600
2018-09-14,104.95215606689453,105.28542623824886,104.09120930137978,104.94289660021701,19122300
2018-09-17,103.81350708007812,105.25767346562678,103.55429845322635,105.24842105960019,20736500
2018-09-18,104.8040771484375,105.25769232671122,103.42471267243401,103.85981597243206,22170900
2018-09-19,103.40617370605469,104.90588982059468,102.79518296058635,104.65594066629065,21728400
2018-09-20,105.1373062133789,105.35023157600118,103.61907852576292,103.94308924027172,23714500
2018-09-21,105.7761001586914,106.72962065584962,105.08178829420858,105.53540340139048,71229700
2018-09-24,106.15560150146484,106.36852680967553,103.88752001659186,104.63737420182132,27334500
2018-09-25,105.95197296142578,106.55371123954869,105.30395146985006,106.27599077011818,22668000
2018-09-26,105.51688385009766,106.51668749441315,105.2946989843342,105.97049892428093,19352000
2018-09-27,105.91497039794922,106.37784500247572,105.72055684869085,106.25749308503902,19091300
2018-09-28,105.8779296875,106.0630766868458,105.23916053281799,105.71129456292667,21647800
2018-10-01,107.02584075927734,107.09064290573443,106.21118419483062,106.22969606685939,18883100
2018-10-02,106.5999984741211,107.23876047961764,105.94271753344823,106.7388622363262,20787200
2018-10-03,106.61854553222656,107.55355430587757,106.39636767711873,106.84998285797833,16648000
2018-10-04,104.41523742675781,106.2389642068008,103.34136512591644,106.10010043508444,34821700
2018-10-05,103.80423736572266,104.76701721536435,102.42487327302946,104.26711188595975,29068900
2018-10-08,102.61927795410156,103.71166208553687,101.2213949494816,103.36913946672792,29640600
2018-10-09,103.92459106445312,104.68370500829724,102.57299828945773,102.887749578486,26198600
2018-10-10,98.27751159667969,103.22100758311196,97.93498194366879,102.98031087929608,61376300
2018-10-11,98.04608917236328,100.84184830679771,96.46305201859208,97.52766488098419,63904300
2018-10-12,101.43431091308594,102.98030994534736,99.16622883882954,100.91589376763393,47742100
2018-10-15,99.61058044433594,101.35099290038424,99.00884224544484,100.82331630875129,32068100
2018-10-16,102.75814819335938,103.13770870751122,100.86035974841012,101.40655537998632,31610200
2018-10-17,102.48966217041016,103.50798457067155,101.41579709503202,103.38763975361738,26548200
2018-10-18,100.44377899169922,102.32304856535004,99.82352877965879,101.92497616332756,32506200
2018-10-19,100.59191131591797,102.628556727794,100.17531993878023,100.84186049187592,32785500
2018-10-22,101.48987579345703,102.33231090203031,100.20308505239457,101.20289581985338,26545600
2018-10-23,100.07347869873047,100.87888297770238,97.3054908009247,99.76797979330264,43770400
2018-10-24,94.7226333618164,100.43450275336458,94.046833512931,100.36044820432699,63897800
2018-10-25,100.25863647460938,101.15660722357816,98.2682743755434,98.63857545072635,61646800
2018-10-26,99.01811218261719,100.67520374000112,96.98146720798121,97.84241406041187,55523100
2018-10-29,96.1390380859375,100.6289195964939,94.08387405084903,100.08273104346118,55162000
2018-10-30,96.02796936035156,96.62970070090921,92.67675465309848,95.96316719769585,65350900
2018-10-31,98.87924194335938,100.11048972768616,97.56468014469212,97.6109704168172,51062400
2018-11-01,98.05533599853516,99.35138605887934,97.69429444026204,99.10143692734589,33384200
2018-11-02,98.27751159667969,99.35137670241276,97.18512755678172,98.57375097718233,37680200
2018-11-05,99.52725982666016,99.74017810476414,98.03680362831969,98.47190671344933,27922100
2018-11-06,99.72169494628906,100.75852942597564,98.38861397194327,99.40693657716623,24340200
2018-11-07,103.64686584472656,103.90607445630019,101.27695046701919,101.313981277659,37901700
2018-11-08,103.45245361328125,103.87829731751893,102.67482782195279,103.49874388972418,25644100
2018-11-09,101.43431091308594,103.17471637489186,100.68445653299945,102.61926842434988,32039200
2018-11-12,98.9347915649414,101.79535239369481,98.22196092732383,101.2954471195342,33621800
2018-11-13,98.99960327148438,100.66594728341845,98.72187573804308,99.56431074335167,35374600
2018-11-14,97.59568786621094,100.65456086513805,97.13081367962779,100.5057977205912,39495100
2018-11-15,99.74339294433594,100.2268660154674,96.61014582447305,97.61426856179156,38505200
2018-11-16,100.68243408203125,101.23098211874841,99.2971112412053,99.55743960394672,33502100
2018-11-19,97.2702865600586,100.93349067349995,96.27545599035545,100.66386276855377,44773900
2018-11-20,94.56468963623047,95.73617436758578,92.37048329203554,94.64837066374952,64052500
2018-11-21,95.86631774902344,97.09358483682838,95.05743442778736,96.32189228715177,28130600
2018-11-23,95.82916259765625,96.51717439370799,94.8343321422536,94.9923876600706,13823100
2018-11-26,98.99029541015625,99.13905143872118,97.233071818898,97.42831809643602,32336200
2018-11-27,99.61320495605469,99.78985935446585,97.95825457119629,98.80432160341972,29124500
2018-11-28,103.31364440917969,103.50889072130353,100.2826626493629,100.31055396632098,46788500
2018-11-29,102.448974609375,103.31364087256279,101.37046310113341,102.57913881300179,28123200
2018-11-30,103.09980010986328,103.17418168471728,101.67728618451315,102.92314564293937,33665600
2018-12-03,104.2154769897461,105.45204385341853,102.9510259071901,105.06155129439023,34732800
2018-12-04,100.89627838134766,104.72684377860173,100.60805868970606,104.07602283185734,45197000
2018-12-06,101.51921081542969,101.56569397056495,97.62356348824378,98.38595674793915,49107400
2018-12-07,97.45623016357422,101.76096284149368,96.97276410100497,100.76613230498022,45044900
2018-12-10,100.0316162109375,100.39422457394883,96.59155033765839,97.43762469565718,40801500
2018-12-11,100.96134948730469,103.15555571667552,99.89214477594295,102.08635100531379,42381900
2018-12-12,101.41694641113281,103.45309036751493,101.37975562786976,103.09978856664077,36183000
2018-12-13,101.76094818115234,103.08119615274552,100.99855486200929,101.88181999944426,31333400
2018-12-14,98.58118438720703,101.58427370312751,98.0884190567498,100.64522618856081,47043100
2018-12-17,95.66179656982422,98.36736737353206,94.5646933545878,98.00476612466221,56957300
2018-12-18,96.66593170166016,97.16799663391299,95.31779241318033,96.46138594110346,49319200
2018-12-19,96.40560913085938,99.37150155766354,94.22999429313931,96.36841834547594,68198200
2018-12-20,94.37875366210938,96.98204469413606,91.84053763513121,95.81056692176158,70334200
2018-12-21,91.32918548583984,95.76408208864746,90.61327526878587,94.4903242684013,111242100
2018-12-24,87.5172348022461,91.08747318164059,87.37777818437128,90.81784523138425,43935200
2018-12-26,93.49551391601562,93.61638576988638,87.35917477357164,88.45627836975243,51634800
2018-12-27,94.07191467285156,94.08121414016902,89.62771981273998,92.3239907681737,49498500
2018-12-28,93.33744049072266,95.21553621458088,92.52855683617967,94.91800991950707,38196300
2018-12-31,94.43456268310547,95.20625570444373,93.3839493447156,94.17423421648984,33173800
2019-01-02,94.01614379882812,94.60188263151633,91.9892923687848,92.55643935793105,35329300
2019-01-03,90.5574951171875,93.15149399117813,90.37154118208474,93.06781294702756,42579100
2019-01-04,94.7692642211914,95.30852004981328,91.98001874083857,92.71452090187499,44060600
2019-01-07,94.89012908935547,96.01512391661572,93.88600610618126,94.49963642404227,35656100
2019-01-08,95.57814025878906,96.66594420600957,94.56471079405098,95.80127789307129,31514400
2019-01-09,96.94487762451172,97.51202480419221,95.98723775851896,96.56368440980263,32280800
2019-01-10,96.32193756103516,96.46140124658122,95.1876433222731,95.96863570528046,30067600
2019-01-11,95.57814025878906,96.17317867915331,94.49962868849293,95.94074157452923,28314200
2019-01-14,94.88081359863281,95.6432068947515,94.14631161561098,94.7413499397321,28437100
2019-01-15,97.63287353515625,97.6700643193437,94.72275673988557,95.30850272406684,31587600
2019-01-16,97.97688293457031,98.79506605881,97.58639031259263,97.86531766738658,29853900
2019-01-17,98.66490173339844,99.13906830519645,97.40044335510255,97.62358098262027,28393000
2019-01-18,100.14317321777344,100.31982763763489,98.46963078991067,99.9107361783412,37427600
2019-01-22,98.25580596923828,99.57604692459084,97.49341260552879,99.2506364205838,32371300
2019-01-23,99.21343994140625,99.5202585818973,97.93968222063278,98.66489185090703,25874300
2019-01-24,98.7392578125,99.48305922350004,97.93967377837055,99.35289504058741,23164800
2019-01-25,99.64111328125,100.30123365462165,98.73925638877654,99.70619537176789,31225600
2019-01-28,97.69795227050781,98.99960129858704,97.30745969010901,98.79505553930674,29476700
2019-01-29,95.70829010009766,97.59567797132273,94.99237995302967,97.51199693764498,31490500
2019-01-30,98.90663146972656,98.90663146972656,97.00065152058912,97.27027940570382,49471900
2019-01-31,97.09361267089844,97.82811465957712,95.93142732680238,96.50787381110392,55636400
2019-02-01,95.55952453613281,96.78679194928101,95.15973250265337,96.48927279134861,35535700
2019-02-04,98.31158447265625,98.36737419487005,95.55023085253204,95.64321135841614,31315100
2019-02-05,99.6875991821289,99.73408233423439,98.51611451047125,98.60908790809776,27325400
2019-02-06,98.58118438720703,99.48304112864672,98.1163103632414,99.48304112864672,20609800
2019-02-07,97.87460327148438,98.17212245241596,96.96345388325122,97.80022879631407,29760700
2019-02-08,98.24650573730469,98.34877862254439,96.93556426178561,97.05642899278847,21461100
2019-02-11,97.85601043701172,99.0925774019612,97.59568204300483,98.73926850145178,18914100
2019-02-12,99.38079833984375,99.61323542214171,98.06985688425999,98.68348709294986,25056600
2019-02-13,99.30640411376953,100.20826101308414,99.21343071138385,99.94793264903785,18394900
2019-02-14,99.3901138305664,99.75271516992771,98.23722770268475,98.84155853934162,21784700
2019-02-15,100.61736297607422,100.69174454309679,99.81777886412326,100.32914327063258,26606900
2019-02-19,100.57087707519531,101.0264588728598,100.20827578704078,100.21757525667516,18038500
2019-02-20,100.04800415039062,100.78564310279329,99.2450051451782,100.71094386423597,21607700
2019-02-21,102.15818786621094,102.22354790400524,99.7865410147023,99.81455144179846,29063200
2019-02-22,103.61480712890625,103.82955852736787,102.54102876546455,102.75578728763738,27763200
2019-02-25,104.19369506835938,104.74459295772115,103.88557322634414,104.35243270518517,23750600
2019-02-26,104.91265869140625,105.7343287785877,103.8015308941562,103.88556930150195,21536700
2019-02-27,104.7352523803711,104.91266125955818,103.53075408613762,104.28707127592295,21487100
2019-02-28,104.60454559326172,105.39820537286741,104.32443414830676,104.61388477854021,29083900
2019-03-01,105.07139587402344,105.52891618043107,104.26839697984079,105.40753527734225,23501200
2019-03-04,104.81928253173828,105.7436622200831,103.4560538339007,105.52890374515972,26608000
2019-03-05,104.29640197753906,104.94067032096378,103.85756006289961,104.8099502402269,19538300
2019-03-06,104.34307861328125,105.19276616275644,104.04428887446005,104.45512743673018,17687000
2019-03-07,103.07322692871094,104.15634425241615,102.58769624396326,104.01628499521844,25339000
2019-03-08,103.18529510498047,103.37203606711552,101.58863637047928,101.92477580129122,22818400
2019-03-11,105.35150909423828,105.46355080720902,103.62413049007475,103.6334625503489,26491600
2019-03-12,106.08915710449219,106.43462858104856,105.18344851967332,105.34217904261601,26132700
2019-03-13,106.91082000732422,107.37767948333872,106.23854122206967,106.56534143053777,35513800
2019-03-14,106.9948501586914,107.5644192832843,106.75208836281031,106.94816848581128,30763400
2019-03-15,108.22736358642578,109.47854352157728,106.9948477715577,107.69513696252727,54681100
2019-03-18,109.77732849121094,109.81467810127467,108.35807892733784,108.47012063381932,31207600
2019-03-19,109.85205841064453,110.58969738719723,109.23580035793783,110.26288998873729,37588700
2019-03-20,109.73065185546875,110.87912934011904,108.97434175808351,109.60927095209536,28113300
2019-03-21,112.2516860961914,112.81191600545243,109.32914141130158,109.37583020528574,29854400
2019-03-22,109.29181671142578,111.6634568091499,109.28247752636707,111.57942551475436,33624500
2019-03-25,109.86138153076172,110.18818175771925,108.61019435992486,108.83428492645136,27067100
2019-03-26,110.09481048583984,110.84178141009679,109.10506350372624,110.7577501196485,26097700
2019-03-27,109.03038024902344,110.37493808288177,107.86323133038577,110.06680905867063,22733400
2019-03-28,109.17976379394531,109.78668257335133,108.43278573872087,109.65596248224365,18334800
2019-03-29,110.1228256225586,110.4776362924667,109.2077778308754,110.24420653296404,25399800
2019-04-01,111.13123321533203,111.21527163039491,110.27221343752652,111.0658731697101,22789100
2019-04-02,111.28997039794922,111.5607497640314,110.66437325107148,111.16858236821993,18142300
2019-04-03,112.01824951171875,112.44775931996512,111.25260035376492,111.91553987021318,22860700
2019-04-04,111.44869232177734,112.2610303573597,110.53364463375205,112.13964233699434,20112800
2019-04-05,111.9435806274414,112.26104882094548,111.458049837255,111.47672108453817,15826200
2019-04-08,111.98092651367188,112.06495780921249,110.77642807827912,111.86887766257335,15116200
2019-04-09,111.3740005493164,111.6167694825802,110.72040010250305,110.76708177801224,17612000
2019-04-10,112.22368621826172,112.37307755037614,111.61676745796643,111.82218677287042,16477200
2019-04-11,112.35442352294922,112.83995433136408,111.97159526401448,112.55050368348473,14209100
2019-04-12,112.93331146240234,112.96132901663233,112.39175985037127,112.64386084875551,19745100
2019-04-15,113.02670288085938,113.52157287709714,112.57851456662405,112.92399320725777,15792600
2019-04-16,112.7652359008789,113.58691314657396,112.1396459060595,113.57757396231553,14071800
2019-04-17,113.69895935058594,113.77365858018123,112.55048897132835,113.20408942101066,19300900
2019-04-18,115.19290161132812,115.33295374535876,113.2601038008979,114.09111304012525,27991000
2019-04-22,115.55706024169922,115.78115079698999,114.44593240204404,114.49262119943018,15648700
2019-04-23,117.12571716308594,117.25643725712153,115.6224289579656,115.87452996111688,24025500
2019-04-24,116.72422790527344,117.50854853808723,116.2667004124206,117.45252767108951,31257000
2019-04-25,120.58980560302734,122.6626629649692,120.29102292561114,121.43949332968546,38033900
2019-04-26,121.28076934814453,121.869016921011,120.46843831698403,121.1033604453802,23654900
2019-04-29,121.1687240600586,121.55153803920774,120.77656377214015,121.29009784726212,16324200
2019-04-30,121.94373321533203,122.03709658687465,120.81392671449903,121.20608706879642,24166500
2019-05-01,119.40397644042969,121.99037479054327,119.23590674493316,121.87833307601908,26821700
2019-05-02,117.84466552734375,119.51602327010687,117.2003971848161,119.49735202590337,27350200
2019-05-03,120.35636901855469,120.85123893074154,118.81573842362141,118.91844807977836,24911100
2019-05-06,119.65608978271484,120.03891801011397,117.7513092019306,118.01274939444173,24239800
2019-05-07,117.20039367675781,118.75037047652874,115.98656337597939,118.07809172596352,36017700
2019-05-08,117.19107818603516,117.99407712677579,116.48144972413883,117.12571813847306,28419000
2019-05-09,117.18175506591797,117.45253447828622,115.3796767946968,116.05195573247845,27235800
2019-05-10,118.7037124633789,119.45069062964431,115.61310436978647,116.6308619432303,30915100
2019-05-13,115.17424774169922,117.22843400349122,114.88479710485718,115.88387624113363,33944900
2019-05-14,116.4627914428711,117.53656275468265,115.50105474494949,115.659792412738,25266300
2019-05-15,118.10281372070312,118.74946688666888,115.92856757652989,116.45339054241944,24722700
2019-05-16,120.82998657226562,121.25172683459293,118.51516993202965,118.78695158656856,30112200
2019-05-17,120.0240478515625,122.26389625246225,119.88346297609567,120.24896077205302,25770500
2019-05-20,118.29025268554688,119.57417810959048,117.85915295958311,118.57140095026452,23706900
2019-05-21,118.9275131225586,119.51793081934453,118.62761739798951,119.42421474605632,15293300
2019-05-22,119.6491470336914,120.18334372143225,118.5713942050529,118.66511743803966,15396500
2019-05-23,118.2527847290039,118.35587458844678,116.90324995090113,118.27152508977515,23603800
2019-05-24,118.30899810791016,119.4148651566646,118.05596394382408,118.93691094115987,14123400
2019-05-28,118.23404693603516,119.95844616765655,118.13095707435339,119.00253044579348,23128400
2019-05-29,117.09068298339844,117.51240900373234,116.24722379265059,117.5030352488129,22763100
2019-05-30,117.8310546875,117.85916880274307,116.9407338543485,117.39058114847812,16829600
2019-05-31,115.90985107421875,116.79079821784713,115.57246736602409,116.42530039231634,26646800
2019-06-03,112.31109619140625,116.55650674765947,111.53324604563242,116.0691715369704,37983600
2019-06-04,115.4225082397461,115.53496469468662,113.07019633948286,113.66061417816002,29382600
2019-06-05,117.92475891113281,117.9622467777079,116.40653249019898,117.10004014663961,24926100
2019-06-06,119.78973388671875,119.93031159686221,117.70920379681775,118.49643468357351,21459000
2019-06-07,123.14484405517578,123.94144887957053,120.20211381824578,121.07369439200866,33885600
2019-06-10,124.26944732666016,125.65646273119582,123.70713644095551,124.08200083131871,26477100
2019-06-11,123.80084228515625,125.80639652200156,123.03235180273548,125.4690128980389,23913700
2019-06-12,123.22918701171875,123.67902715775793,122.49819141184493,123.14483036545607,17092500
2019-06-13,124.00703430175781,124.64430659924139,123.29477196908879,123.68838385285675,17200800
2019-06-14,124.12886810302734,125.38467959805942,123.36975838289842,123.95080250444688,17821700
2019-06-17,124.50373840332031,125.32844290398613,124.20383545750764,124.29755870311398,14517800
2019-06-18,126.66860961914062,126.74358535480289,125.17850441077125,125.75954848695467,25934500
2019-06-19,127.16529846191406,127.39021134593749,125.40340460288829,126.51864532003086,23744400
2019-06-20,128.34616088867188,129.01156167699372,127.19343921611303,128.8147485620881,33042600
2019-06-21,128.3649444580078,129.07719277361664,127.88699004492142,127.9994465420794,36727900
2019-06-24,129.1240234375,129.70506760031128,128.39302778100793,128.39302778100793,20628800
2019-06-25,125.04728698730469,128.94593946694656,124.39126717105714,128.62730331336337,33327400
2019-06-26,125.51589965820312,127.2121992146188,125.20664434753263,125.90952592665388,23657700
2019-06-27,125.72208404541016,126.24691432268797,125.12229231439838,125.71271743873413,16557500
2019-06-28,125.54400634765625,126.14379795268461,124.79426326633084,126.1156838383989,30043000
2019-07-01,127.15596008300781,128.11188306026997,126.49057351170308,128.04628821387894,22613500
2019-07-02,127.9994125366211,128.0087791421742,126.83730994078489,127.56830557843892,15237800
2019-07-03,128.82411193847656,129.08651985587076,127.7276043477435,128.20557286169355,13629300
2019-07-05,128.44923400878906,128.70227532350148,127.19342263973479,127.3996023331806,18141100
2019-07-08,128.3555450439453,128.48674902381725,126.86542533663261,127.83071482429632,16779700
2019-07-09,127.88690185546875,128.36485593896307,127.26836294730779,127.45579508004155,19953100
2019-07-10,129.18963623046875,129.87377027700444,128.4117789226928,128.51486878999233,24204400
2019-07-11,129.70504760742188,130.4735381689589,129.2083458738077,129.51761541929264,22327900
2019-07-12,130.17364501953125,130.38920563724577,129.3395595644805,130.12679769409456,18936800
2019-07-15,130.17364501953125,130.77343664675695,129.7612998946939,130.67972769572316,16651500
2019-07-16,128.4679718017578,130.3142079987972,127.94315600364351,130.22986566699126,22726100
2019-07-17,127.70889282226562,129.26459308233143,127.662031193312,129.0490467493385,20211000
2019-07-18,127.84945678710938,128.03688899305456,126.20939995980784,127.03411882615946,30381800
2019-07-19,128.03689575195312,131.83245889838872,127.8775776534815,131.41073283770953,48992400
2019-07-22,129.733154296875,130.44541659123118,128.7022701710751,128.7772459020683,25074900
2019-07-23,130.5391387939453,131.19517293175588,129.3583030861742,130.97961232068786,18034600
2019-07-24,131.87933349609375,131.89808100956972,130.1268199404063,130.17366727385195,20738300
2019-07-25,131.3826141357422,131.77622606531844,130.56727616020288,131.60752706683664,18356900
2019-07-26,132.46035766601562,132.77899384607088,131.48570161521116,131.55129645220575,19037600
2019-07-29,132.16983032226562,132.61967045850167,130.61411590508914,132.6103038536368,16605900
2019-07-30,131.53256225585938,132.34790021052507,131.01711296836243,131.33574914602943,16846500
2019-07-31,127.70889282226562,131.66377406323966,126.5936518339119,131.51382257065262,38598800
2019-08-01,129.38638305664062,132.08545173375273,128.3273706909378,128.39297980746915,40557500
2019-08-02,128.29928588867188,129.63008732660623,126.76231905207105,129.41452672318675,30791600
2019-08-05,123.90396118164062,125.51588965176916,122.56379297487317,124.92547889648668,42749600
2019-08-06,126.2281265258789,127.15592079641829,124.84111127183411,125.39404119268299,32696700
2019-08-07,126.78108215332031,127.1278324621003,123.54783000613938,125.38468571229195,33414500
2019-08-08,130.16432189941406,130.25804518191904,127.39027575914926,128.01819601163538,27496500
2019-08-09,129.05841064453125,130.6234916041973,127.8869415759046,129.90186265387862,23466700
2019-08-12,127.25907135009766,129.19903175066187,126.74363619841007,128.45866930175717,20484300
2019-08-13,129.8925018310547,130.07993403034587,126.51866504317269,127.50270196465162,25154600
2019-08-14,125.9808578491211,128.745330467855,125.68936837600458,128.2187669876731,32527300
2019-08-15,125.69873809814453,126.5450129432444,124.35412196496414,126.3663544421308,28074400
2019-08-16,128.00253295898438,128.3128324428672,126.67671180451653,126.82716264781403,24449100
2019-08-19,130.14634704589844,130.27798788593395,128.71709339138744,129.61978368575635,24355700
2019-08-20,129.06500244140625,130.42844289405204,129.0462068549163,129.95829497183652,21170800
2019-08-21,130.50369262695312,131.16191139142256,129.76086500264245,130.27803073996265,14970300
2019-08-22,129.5540008544922,130.88921964983857,128.152954442496,130.38146604791604,18697000
2019-08-23,125.42610168457031,130.08997685734383,124.87133040480121,128.99922989022528,38508600
2019-08-26,127.36311340332031,127.46654655596922,125.90565146973343,126.93058519972013,20312600
2019-08-27,127.63579559326172,128.55728173810164,126.62027410092034,128.24698230868236,23102100
2019-08-28,127.4665298461914,127.6545861860511,125.57653995676593,126.82713542111259,17393300
2019-08-29,129.8737030029297,130.17460466564032,128.73595266678487,129.0556499225792,20168700
2019-08-30,129.62918090820312,130.87036391625057,128.13411401414186,130.84215618977962,23940100
2019-09-03,127.91786193847656,129.0086087454522,127.59816474091492,128.45383754713433,18869300
2019-09-04,129.4129638671875,129.4693793406086,128.3316146847541,129.10266441559082,17995900
2019-09-05,131.68846130371094,131.99876071400755,130.47547139548067,130.8045807436743,26101800
2019-09-06,130.79518127441406,131.81068834339504,129.94890625322523,131.6696496804195,20824500
2019-09-09,129.30950927734375,131.40636532926285,128.3127978180758,131.255914526564,25773900
2019-09-10,127.95547485351562,128.71711227889372,126.47920332213134,128.63248908669118,28903400
2019-09-11,127.99310302734375,128.134156053752,127.02459917335017,127.79564887726434,24726100
2019-09-12,129.30950927734375,130.15576993391286,128.69830827179652,129.6198086774933,27010000
2019-09-13,129.1214599609375,129.81726985259985,128.41623792623386,129.55398810746613,23363100
2019-09-16,128.19058227539062,128.53848727703578,127.56058554505258,127.72043417682957,16731400
2019-09-17,129.18728637695312,129.3095294667043,128.28459576759934,128.7829659228231,17814200
2019-09-18,130.2498321533203,130.39087084259643,128.37863757149674,129.15908513031417,23982100
2019-09-19,132.6475830078125,133.86995650837275,131.7072868702859,131.9235509645385,35772100
2019-09-20,131.1148681640625,133.19291415662502,129.99591369986234,132.59112532895992,39167300
2019-09-23,130.83277893066406,131.29352911496164,130.17457463008014,130.91740212335822,17139300
2019-09-24,129.17787170410156,132.29024923189132,128.70772369451933,131.9799498238336,29773200
2019-09-25,131.03964233398438,131.60382563520815,127.90845514252489,129.2906913175235,21382000
2019-09-26,131.2089080810547,131.81069699554976,130.1745910065241,131.1148870821589,17456600
2019-09-27,129.50698852539062,131.97997206380526,128.49146693183386,131.78250355348266,22477700
2019-09-30,130.72935485839844,130.90801339831535,129.553984830291,129.80786877374024,17280900
2019-10-01,128.88638305664062,131.87651752973946,128.82055544794514,131.32174631835753,21466600
2019-10-02,126.61082458496094,128.22813451969276,125.60471553301723,128.11530361421973,30521700
2019-10-03,128.14353942871094,128.5854797023842,125.26623592626193,126.8929440104205,24132900
2019-10-04,129.8737030029297,129.9959460968785,128.27520237617705,128.58550183542954,22897700
2019-10-07,128.9333953857422,129.93010694639597,128.83937438532524,128.95220532493747,15303700
2019-10-08,127.56996154785156,129.53517682063313,127.52294387647166,128.89578240275887,25550500
2019-10-09,129.98655700683594,130.419085241227,128.79237676811096,129.25312708957983,19749900
2019-10-10,130.79518127441406,131.33114254149964,129.99592392347657,130.22160013201596,17654600
2019-10-11,131.3405303955078,132.6099356573228,131.17128401274712,131.75426290595945,25446000
2019-10-14,131.21832275390625,131.91413268071037,131.1901150189158,131.3499636331216,13304300
2019-10-15,133.11767578125,133.32452764562433,131.46274608405966,131.6978200207947,19695700
2019-10-16,132.02696228027344,132.57233567158409,131.19949722479822,132.3842649969557,20751600
2019-10-17,131.34994506835938,132.97665306327167,130.71994849631562,132.53471281384464,21460600
2019-10-18,129.20608520507812,131.64144855997057,128.40682781399516,131.4157723400958,32273500
2019-10-21,130.1651611328125,130.2309887360744,128.8299426090207,130.18397106914125,20078200
2019-10-22,128.22816467285156,131.65084163887934,128.12473153592026,130.672940083348,27431000
2019-10-23,129.04624938964844,129.24370354730698,127.51356206675086,128.70774220016742,29844600
2019-10-24,131.58499145507812,132.0363294042335,130.39081181791786,131.06782591553826,37029300
2019-10-25,132.32786560058594,132.71339044349432,130.88921372122516,131.02085460078172,25959700
2019-10-28,135.58128356933594,136.97291764256804,134.94187482361625,135.7787376960855,35280100
2019-10-29,134.302490234375,135.87278295929912,134.13322947987797,135.47786032917864,20589500
2019-10-30,135.97618103027344,136.3428958313571,134.2648357266992,134.95126201542115,18496600
2019-10-31,134.8102264404297,136.2770858341867,134.4529237341156,136.24887810336656,24605100
2019-11-01,135.13937377929688,135.79757826321975,134.43415161485487,135.6471274246712,33128400
2019-11-04,135.91981506347656,136.34294547297444,135.5531001288743,136.18309684484328,16912000
2019-11-05,135.83514404296875,136.3617074203744,135.3179784588111,136.3146897585826,18250200
2019-11-06,135.45904541015625,135.89158790216462,134.65039024075023,135.75053488730626,16575800
2019-11-07,135.64712524414062,136.23011864719925,135.1863892866918,135.2522025601353,17786700
2019-11-08,137.24559020996094,137.27379793797405,135.17692783715745,135.3837940744378,16732700
2019-11-11,137.3866424560547,137.67813190624193,136.0890294478378,136.66261055386926,14362600
2019-11-12,138.28932189941406,138.75946983921307,137.33961387844312,137.5464801197768,18641600
2019-11-13,138.51498413085938,138.65603712187527,137.5464805198783,137.97902293877326,16919200
2019-11-14,139.2202606201172,139.5493700470628,138.2235488897546,138.2423588321526,19729800
2019-11-15,141.01622009277344,141.03503003386288,139.41771944691715,140.03830402505773,23485700
2019-11-18,141.36415100097656,141.56161954915729,140.0853473803415,141.11028131475192,21534000
2019-11-19,141.41110229492188,142.2949827519912,141.23244377515974,141.87185245916228,23935700
2019-11-20,141.16578674316406,142.31685236118716,140.0713429461341,141.8168009169015,25696800
2019-11-21,141.03372192382812,141.33564743404634,140.10910024283606,140.95824054627357,18576100
2019-11-22,141.13751220703125,141.8074004595796,140.41103091498735,141.59040048900815,15901800
2019-11-25,142.684814453125,142.79804369806604,141.44883770338845,141.5243190678164,22420900
2019-11-26,143.43960571289062,143.8075683461118,142.76973203536878,142.80746551718235,24620100
2019-11-27,143.7132568359375,143.88307913372716,142.9584574759159,143.72268660917013,15184400
2019-11-29,142.82638549804688,143.69439982554675,142.7320301682004,143.50570356245584,11977300
2019-12-02,141.09974670410156,143.25091516735534,139.9392513375931,143.23204122740458,27418400
2019-12-03,140.87332153320312,140.98653639491616,138.3636198568316,139.15616707862256,24066000
2019-12-04,141.38282775878906,141.69416865174247,140.769546953327,141.6564351605545,17574700
2019-12-05,141.45831298828125,141.82629015698552,141.03374277379544,141.5715422696529,17869100
2019-12-06,143.17547607421875,143.2886909541522,141.77910643416462,142.4584245069698,16403500
2019-12-09,142.80751037597656,143.60948748325697,142.38294018837007,142.53390295623964,16687400
2019-12-10,142.59048461914062,143.30753604199774,142.24138148197392,142.74143296312153,16476100
2019-12-11,143.12826538085938,143.2886578892875,141.83568114455122,142.97730264471568,18856600
2019-12-12,144.58131408691406,144.77001038392325,142.48675207792138,143.0811446936701,24612100
2019-12-13,145.79833984375,146.137998756237,144.19440057790462,144.35479306482947,23845400
2019-12-16,146.74188232421875,147.09097111977584,146.0720084518469,146.3456158652238,24144200
2019-12-17,145.9493408203125,146.91171039074393,145.7228966870931,146.6663923139394,25425600
2019-12-18,145.6474151611328,146.69469588173047,145.46814868875833,145.58137795355316,24129200
2019-12-19,146.91171264648438,146.9683200815082,145.06245485496703,145.2983287653003,24958900
2019-12-20,148.5156707763672,149.5346479229728,147.45894573733023,148.4590633343229,53477500
2019-12-23,148.5156707763672,149.18554470269504,148.38358194606292,149.18554470269504,17718200
2019-12-24,148.48736572265625,148.7987210477082,148.24204761386238,148.58170665968245,8989200
2019-12-26,149.7044677734375,149.76107521454566,148.5062241491052,148.65718692312868,14520600
2019-12-27,149.97804260253906,150.5347014611335,149.27985078892365,150.44034615778617,18412800
2019-12-30,148.6854705810547,150.03467679735755,147.87406377591745,150.00637308062258,16348400
2019-12-31,148.7892303466797,148.8552819388846,147.60986102814766,147.91178648405898,18369400
2020-01-02,151.54428100585938,151.64806611302345,149.38368209784642,149.8082523011168,22622100
2020-01-03,149.6573028564453,150.91215402878788,149.1289474989545,149.37426562679218,21116200
2020-01-06,150.0441131591797,150.11016476552868,147.66650007283684,148.20429950761726,20813700
2020-01-07,148.67605590820312,150.6479584895555,148.43075220605184,150.31774362857513,21634100
2020-01-08,151.04421997070312,151.71410823807295,149.02513979117086,149.94976152661232,27746500
2020-01-09,152.9311981201172,153.05385715484587,151.93109508906883,152.69532422046993,21385000
2020-01-10,152.2235870361328,153.9973634920825,152.07262427464744,153.61997098497042,20725900
2020-01-13,154.05397033691406,154.08227405500872,152.1481050711336,152.61985290151284,21626500
2020-01-14,152.96896362304688,154.35590346442973,152.5821269278907,154.15776303140277,23477400
2020-01-15,153.95960998535156,154.6766758779403,153.38409147181704,153.43125473603405,21417900
2020-01-16,156.78070068359375,156.84675230220688,154.76162017887816,155.06354575550293,23865400
2020-01-17,157.6581268310547,158.00721561011963,156.08247644695953,157.9600379489106,34371700
2020-01-21,157.09202575683594,158.68653570911525,157.02597415095403,157.26184806350182,29517200
2020-01-22,156.3372344970703,158.02609986094006,156.3183605520355,157.94117430658434,24138800
2020-01-23,157.29957580566406,157.37505717560433,155.9315101674203,156.79952432683427,19680800
2020-01-24,155.7145233154297,158.0638327809762,155.15786431003815,158.04495883600987,24918100
2020-01-27,153.11044311523438,154.1482938867752,151.14797081779244,152.04428863143318,32078100
2020-01-28,156.11077880859375,156.393815954086,153.8558250377088,154.52569881083977,24899900
2020-01-29,158.54498291015625,159.21487107258014,156.32777704725325,158.35628668301973,34754500
2020-01-30,163.01718139648438,164.2154249334723,161.1396198225113,164.2154249334723,51597500
2020-01-31,160.61123657226562,162.6586201005581,159.99797024964954,162.47936804687262,36142700
2020-02-03,164.52674865722656,164.6399635094619,160.7716262299697,160.79992994302856,30107000
2020-02-04,169.94241333007812,170.43303504559876,166.34769759922398,167.1308006308782,36433300
2020-02-05,169.73489379882812,173.79192874094554,168.32909422810408,173.63153617768324,39186300
2020-02-06,173.2541046142578,173.4333710847966,169.88581835396727,170.7444028199159,27751400
2020-02-07,173.49942016601562,175.14110783338012,172.16908780090657,172.51819099249076,33529100
2020-02-10,178.03761291503906,178.16970172026257,172.89556488773874,173.20692015646554,35844300
2020-02-11,174.018310546875,179.9245871338013,173.13142248247357,179.87740947996318,53159900
2020-02-12,174.2730712890625,175.34865565201176,171.57467341056173,175.09390781966596,47062900
2020-02-13,173.32957458496094,175.70717301583375,172.53702737807038,172.73516777894292,35295800
2020-02-14,174.87693786621094,174.93354530608588,172.32948789902122,172.89559109097496,23149500
2020-02-18,176.65065002441406,177.0940940400316,175.01840691816543,175.12219199408864,27792200
2020-02-19,177.18048095703125,178.0319405494964,176.41416443662806,177.91841645341376,29997500
2020-02-20,174.47474670410156,177.15213450123773,171.33379246688904,176.86830976972487,36862400
2020-02-21,168.95913696289062,173.60435785009562,167.6914028824493,173.29215209549287,48572600
2020-02-24,161.67433166503906,165.13696053786106,154.42741272860948,158.72259003491985,68311100
2020-02-25,159.00643920898438,165.41134073594938,158.60907598738845,164.80585480979238,68073300
2020-02-26,160.99314880371094,163.91650924081372,159.13885486602095,160.55796355617804,56206100
2020-02-27,149.64974975585938,158.0224976383526,149.4605381321256,154.51257654493847,93174900
2020-02-28,153.27320861816406,154.88154350179207,143.80302759023863,144.19092080033346,97012700
2020-03-02,163.471923828125,163.59491791994847,153.5570842548959,156.39530284705862,71030800
2020-03-03,155.63841247558594,165.56272015494937,153.50974893073658,164.42743581821443,71677000
2020-03-04,161.35269165039062,161.49459677203134,156.6885460281868,159.40378432160293,49814400
2020-03-05,157.3035125732422,161.65543835111438,156.75478867248188,157.09537542343918,47817300
2020-03-06,152.85694885253906,154.3138942279223,147.58731781911428,153.84085795286106,72821100
2020-03-09,142.49749755859375,149.24300204882326,141.91093697193972,142.85700988508597,70419300
2020-03-10,152.24200439453125,152.34607296024774,144.35176220231784,149.63084915826624,65354400
2020-03-11,145.3451385498047,149.19564653551825,142.9988681016077,148.65639265874228,56371600
2020-03-12,131.56085205078125,145.19376153679778,131.10674124965627,137.46435020909462,93226400
2020-03-13,150.26475524902344,153.17866141268556,133.1408305761294,139.54574792995695,92727400
2020-03-16,128.1171417236328,141.29593972168166,127.7197929888669,132.45015569215826,87905900
2020-03-17,138.66587829589844,139.54571895054684,127.71981056490728,132.4501739191631,81059800
2020-03-18,132.82855224609375,138.12656318367038,127.73869281643509,130.55798437908572,81593200
2020-03-19,135.01402282714844,142.05279062232898,131.50408724036618,135.07078487160544,85922700
2020-03-20,129.94308471679688,139.16729308730046,128.53343126632095,138.12660739420775,84866200
2020-03-23,128.64694213867188,132.98942614254727,125.37353917862465,129.62139571659822,78975200
2020-03-24,140.34036254882812,141.53242289457663,133.65163884534573,135.99789412453288,82516700
2020-03-25,138.99697875976562,146.00737989282055,136.650722853414,140.87966835078421,75638200
2020-03-26,147.6914520263672,148.21179504741292,140.36884203656453,140.39722307080996,64568100
2020-03-27,141.6270294189453,146.53714727758214,141.15399323889812,143.56648064432252,57042300
2020-03-30,151.58921813964844,151.93927483997578,141.92035440787237,144.21931847637944,63420300
2020-03-31,149.20516967773438,155.89389785499287,148.11717713548035,150.8040208197109,77927200
2020-04-01,143.90708923339844,149.2429375812106,142.68666205442855,144.74909318494593,57969900
2020-04-02,146.8872528076172,147.09538997151475,142.25150201737102,143.67061116980452,49630700
2020-04-03,145.5343475341797,148.8929080992984,143.98278907166946,146.73586375961153,41243300
2020-04-06,156.3574676513672,157.52113324226872,149.0821649534325,151.67440982053907,67111700
2020-04-07,154.67343139648438,160.8323594955276,154.4558242809488,160.4444662227108,62769000
2020-04-08,156.22503662109375,157.68198266607857,154.68293303615982,156.73590968114794,48318200
2020-04-09,156.23440551757812,158.34414306200398,154.52201667417057,157.38861507402567,51385100
2020-04-13,156.58448791503906,156.641264403409,153.54760262178084,155.48705455059172,41905300
2020-04-14,164.3328094482422,164.38011596592045,158.9401984591346,159.8862710690104,52874300
2020-04-15,162.61097717285156,164.2098423148961,160.11334587025092,161.9676402425253,40940800
2020-04-16,167.4927215576172,167.7197842257334,163.57598075714515,164.90049133393524,50479600
2020-04-17,168.9685821533203,170.2930780974871,166.38579340831046,169.82004176943852,52765600
2020-04-20,165.61947631835938,169.11048671754907,165.5532587393318,167.10481731275797,36669600
2020-04-21,158.76991271972656,164.30442883992933,157.1521222009458,164.14359822815481,56203700
2020-04-22,164.1625518798828,164.61666276960204,161.60815827581536,162.14741225062102,34620200
2020-04-23,162.17579650878906,165.61950089925315,161.69330458109863,164.72073463272773,32790800
2020-04-24,165.136962890625,165.1464184189872,161.50404784242332,162.78123709553486,34277600
2020-04-27,164.66397094726562,167.3602697201905,163.9544163592446,167.06698946688982,33194400
2020-04-28,160.65257263183594,166.19655818752892,160.25522390495402,166.12087065346748,34392700
2020-04-29,167.86166381835938,168.09818198150484,162.6109721452684,163.87870603510657,51286600
2020-04-30,169.5457000732422,170.6715144942926,166.72639294766603,170.2930911771575,53875900
2020-05-01,165.1559295654297,169.0064382134677,164.62611669069204,166.31959502467402,39370500
2020-05-04,169.1956329345703,169.34700802647814,164.4274330268601,165.0802254792797,30372900
2020-05-05,171.01211547851562,173.7462653146217,170.19849228666789,170.87966586290904,36839200
2020-05-06,172.69610595703125,174.26659011866553,171.83519076310364,172.26092059498853,32139300
2020-05-07,173.698974609375,174.5977408964451,172.73397629601027,174.23822860724684,28316000
2020-05-08,174.72071838378906,175.0234686100885,173.47190979011717,175.00454311196347,30877800
2020-05-11,176.66966247558594,177.39812823093422,172.98943939010155,173.2732497176777,30892700
2020-05-12,172.66770935058594,176.9534171809746,172.46904218373015,176.7263689902823,32038200
2020-05-13,170.05657958984375,174.12469536846862,167.01967966093866,172.7055862202919,44711500
2020-05-14,170.7945098876953,170.94588499008822,166.20605134339007,167.96574720991572,41873900
2020-05-15,173.28269958496094,176.97237777471676,167.45488760264234,169.40379528420186,46610400
2020-05-18,174.93829345703125,176.15872079777952,174.0395273458231,175.7329910015149,35264500
2020-05-19,173.727294921875,176.53713135528739,173.59484535150193,175.0517906256059,26799100
2020-05-20,176.13702392578125,176.31728065263576,174.5052459973766,175.3306168244194,31261300
2020-05-21,174.0214385986328,177.09525661913764,173.88862010567996,175.89039384126738,29119500
2020-05-22,174.09732055664062,174.99860432695908,173.17707305777867,173.79374166252967,20826900
2020-05-26,172.25682067871094,176.9339415138883,171.81092701385654,176.78214484582574,36073600
2020-05-27,172.48455810546875,172.6553330324077,167.54179870868253,170.95713801001153,39517100
2020-05-28,172.09552001953125,174.70446542183254,171.12784887494325,171.46938412483502,33810200
2020-05-29,173.8506622314453,174.81834800632248,171.1563362064676,173.35733024164716,42130400
2020-06-01,173.4522247314453,173.61350329791978,172.15249985824332,173.17709140100695,22622400
2020-06-02,175.42550659179688,175.51088679218194,172.048110221598,174.79935617005145,30794600
2020-06-03,175.85243225097656,176.40268436775008,174.1637339681085,175.34013654287895,27311000
2020-06-04,173.5375518798828,176.30777568703863,172.94935793777034,174.84677269413396,28761800
2020-06-05,177.5980682373047,178.10088213103182,172.6742732438919,173.25298548634973,39893600
2020-06-08,178.69850158691406,178.87875828402136,174.97957083333517,176.402631735394,33211600
2020-06-09,180.0646514892578,180.9184822832896,177.65492679975728,178.3569754250694,29783900
2020-06-10,186.74362182617188,188.33745830369256,181.21265414968653,181.32650891845066,43872300
2020-06-11,176.71572875976562,185.7189525839172,176.52599017788074,183.22386200368558,52854700
2020-06-12,178.1103973388672,181.88625011237096,175.68169335061015,180.76676744517252,43373600
2020-06-15,179.24879455566406,181.03236926005948,174.57165912641244,175.11242934147475,32770200
2020-06-16,183.64132690429688,185.54822386322215,181.63955340017736,182.99619824445867,42556700
2020-06-17,184.27696228027344,186.25027574878882,183.7551702253078,185.02643488567597,25687800
2020-06-18,186.25027465820312,186.4115532058611,184.04926617601018,184.04926617601018,23061600
2020-06-19,185.1402587890625,189.06790717419463,184.4002681133222,188.4038148339312,44441100
2020-06-22,190.28228759765625,190.46252987916642,185.21617808322773,185.74745201555635,32818900
2020-06-23,191.5535888671875,193.48894634396535,191.09819871583719,191.7243493168451,30917400
2020-06-24,187.69229125976562,192.8248023892685,186.477946798873,191.25944078024958,36740600
2020-06-25,190.0640869140625,190.32024203259226,185.4438852960937,187.65437585525592,27803900
2020-06-26,186.25975036621094,189.63714684348795,184.88412734837098,189.48535016501688,54675800
2020-06-29,188.26153564453125,188.3469158529833,183.62235612896023,185.73796999200283,26701600
2020-06-30,193.07147216796875,193.91582132538687,187.5974399173059,187.73025839792913,34310300
2020-07-01,194.200439453125,195.7658156516249,191.4207331819274,192.72045793900065,32061200
2020-07-02,195.6803741455078,197.35010835771266,194.48500808769106,195.13012214158806,29315800
2020-07-06,199.89268493652344,200.3006367249916,197.41655756468825,198.11860638784356,31897600
2020-07-07,197.56837463378906,203.65907621069388,197.32171584805417,199.65552863745535,33600700
2020-07-08,201.9134521484375,202.32138949194444,197.98580303193796,199.29502422948116,33600000
2020-07-09,203.3270263671875,205.28136177031627,200.6232038291473,205.2339234935537,33121700
2020-07-10,202.71034240722656,203.09931598071202,200.25319330353184,202.66290413404784,26177600
2020-07-13,196.44888305664062,204.73109607206322,195.90811279433242,203.47879513374653,38135600
2020-07-14,197.6632537841797,198.13760763105688,191.66741421110925,195.5571215459545,37591800
2020-07-15,197.369140625,200.49039701855816,194.5135357015606,198.81118036102964,32179400
2020-07-16,193.46044921875,195.14914756390348,191.93302942609668,194.8645323928501,29940700
2020-07-17,192.4738006591797,194.52299805350623,191.06022113744223,193.9822422543224,31635300
2020-07-20,200.7465362548828,201.4106286872803,192.59712687547508,194.48506023255374,36884800
2020-07-21,198.04269409179688,202.9664884191698,197.3596235217493,202.70085147260994,37990400
2020-07-22,200.88885498046875,201.41064710941038,197.70119653727062,198.469647456198,49605700
2020-07-23,192.1511993408203,200.10137235400663,191.78120401670046,196.56269764115507,67457000
2020-07-24,190.97486877441406,192.4548505157171,187.37925837427778,190.14000134039446,39827000
2020-07-27,193.39401245117188,193.50785270867794,190.55737206725937,191.13608416979247,30160900
2020-07-28,191.65789794921875,194.20042716363653,191.39226100073117,193.1663394373007,23251400
2020-07-29,193.59327697753906,194.15301100588138,191.6484234376394,192.11329538850467,19632600
2020-07-30,193.4414825439453,193.97277098377302,189.33359119030618,190.69023617073978,25079600
2020-07-31,194.49453735351562,194.57993203827127,188.80229182700702,193.9158251459421,51044000
2020-08-03,205.43309020996094,206.47667412102365,199.6459838631497,200.67058957324966,78983000
2020-08-04,202.34982299804688,203.75392056729805,199.5226786078573,203.18469025802023,49280100
2020-08-05,202.01776123046875,203.97209620819024,200.71803669164214,203.87721967531724,28806400
2020-08-06,205.25286865234375,205.2718323790918,200.6990698627939,201.44854240090544,32656800
2020-08-07,201.5813446044922,204.6361835952166,200.11084523703616,203.82979098966894,27820400
2020-08-10,197.56837463378906,201.0121881493232,195.76583582974325,200.81295316674974,36716500
2020-08-11,192.94818115234375,196.9991527028814,192.72048608763345,196.53429518377797,36446500
2020-08-12,198.46017456054688,199.49426252346814,194.24790987635123,194.76020568674713,28013100
2020-08-13,197.99526977539062,200.5093535572689,197.47347770925523,198.69731859856634,22588900
2020-08-14,198.18499755859375,198.83960807157098,196.86629466872947,198.05217908321634,17958900
2020-08-17,199.4941864013672,200.35751359010905,198.2039437875073,198.84907233250013,20184800
2020-08-18,200.6421356201172,201.46750643555848,198.4790838805201,199.73137013580597,21336200
2020-08-19,199.42489624023438,201.7073072260779,198.99694871511463,201.12719606634397,27627600
2020-08-20,204.0657501220703,204.4651687103095,198.6735774141608,199.27269804095937,26981500
2020-08-21,202.5822296142578,205.65395866789385,202.42056119155308,203.38106694213636,36249300
2020-08-24,203.21937561035156,204.95970892133417,202.02110524249252,204.26546784718295,25460100
2020-08-25,205.86317443847656,205.99631398949958,202.65830591741502,202.65830591741502,23043700
2020-08-26,210.31382751464844,211.20777061562723,206.70954075787597,207.20406525203634,39600800
2020-08-27,215.47776794433594,219.82383415417013,208.64957449804308,211.9685725901218,57602200
2020-08-28,217.69361877441406,219.3388462628036,215.4777849434819,216.9993776717254,26292900
2020-08-31,214.47923278808594,217.49390391341316,213.3190105239383,215.87720527831104,28774200
2020-09-01,216.1339569091797,216.3051300886576,213.43310359585612,214.46018620608552,25725500
2020-09-02,220.2993621826172,221.45007970614427,216.2100697451334,216.79968568500595,34080800
2020-09-03,206.65249633789062,218.07401180492377,204.42715773754352,218.03597815421034,58400300
2020-09-04,203.75193786621094,207.66055205053038,195.13587224368297,204.5602944159865,59664100
2020-09-08,192.7298583984375,199.73873084324882,192.2923915711213,196.3816986090303,52924300
2020-09-09,200.9369659423828,204.3130219079884,196.57187546422944,197.42778494753424,45679000
2020-09-10,195.30706787109375,204.21795697838257,194.1088118526165,202.94360462855934,35461500
2020-09-11,194.03269958496094,198.40730923899483,191.379413634997,197.04737049649287,33620100
2020-09-14,195.34510803222656,198.9493952369475,194.03272208163065,194.23243866542157,30375800
2020-09-15,198.54991149902344,199.50091213442872,196.79055451907644,198.2075506898328,21823900
2020-09-16,195.002685546875,200.32828046278414,194.612771798982,200.2997516042669,26328100
2020-09-17,192.9676055908203,194.31802519389234,190.1621557000872,190.2477423026266,34011300
2020-09-18,190.57106018066406,193.67131773464936,186.63391723323332,192.86297571699993,55225300
2020-09-21,192.61569213867188,192.777375041513,186.75753834582798,187.52784665801775,39839700
2020-09-22,197.25657653808594,197.90326460276722,192.17823594587236,195.01221415675678,33517100
2020-09-23,190.76124572753906,197.90327097541524,190.22868760484096,197.71305920777692,30803800
2020-09-24,193.23385620117188,195.49724276427847,189.43935775910268,190.0575169900214,31202500
2020-09-25,197.63699340820312,198.79720103506912,192.61569582922453,193.5762159252499,29437300
2020-09-28,199.17759704589844,202.154234001749,197.86521138286304,200.5470404314798,32004900
2020-09-29,197.10443115234375,199.7767557329698,196.67648367162218,199.09203395936672,24221900
2020-09-30,200.02401733398438,201.5931629854757,196.41971586350593,197.55140923532704,33829100
2020-10-01,202.0496368408203,203.5046669074444,200.96549650664707,203.02916650629612,27158400
2020-10-02,196.0868682861328,200.65167528471918,195.46870902474427,197.80817750902324,33154800
2020-10-05,200.07156372070312,200.10009258534964,196.838152119923,197.06639754821663,21331600
2020-10-06,195.8206024169922,199.8813658869558,194.78401489952358,198.5880185697547,28554300
2020-10-07,199.5485076904297,199.81478676432883,196.5908945021514,196.9142313045831,25681100
2020-10-08,200.26177978515625,200.84189093928686,198.112522883702,200.19520275398455,19925800
2020-10-09,205.23550415039062,205.2830570981348,200.87991823945055,200.87991823945055,26458000
2020-10-12,210.5515899658203,212.89105852593914,206.18649938983765,208.06947707751453,40461400
2020-10-13,211.94004821777344,214.17490600080814,209.62910862604807,211.80690868034506,28950800
2020-10-14,210.03807067871094,213.23343445543483,208.3928430961222,212.07321213399132,23421700
2020-10-15,208.89686584472656,209.56256358737795,205.42570377548589,206.46230580810285,22733100
2020-10-16,208.89686584472656,211.39798840005417,208.5735290141705,209.36284700902132,26057900
2020-10-19,203.723388671875,211.40747673142792,203.24788828089612,209.61959061778887,27625800
2020-10-20,204.13233947753906,206.71906311300145,202.64878038007848,205.22599923044717,22753500
2020-10-21,204.2749786376953,206.29109572858354,202.67728971744506,202.67728971744506,22724900
2020-10-22,204.36058044433594,205.47324974306363,201.32688528683093,203.4476132060578,22351500
2020-10-23,205.6348876953125,205.68244063494072,202.71532294447377,204.49368969983445,18879600
2020-10-26,199.78627014160156,205.7395305315812,197.90329242904681,203.37154758566112,37111600
2020-10-27,202.80093383789062,204.15135332070517,200.02401306196077,201.22226892417387,36700300
2020-10-28,192.74888610839844,198.60705606696246,192.19731826844466,197.49438657829802,51195600
2020-10-29,194.68890380859375,197.199545583512,193.40504679969789,194.0707590331236,31432600
2020-10-30,192.54917907714844,194.27999340032028,189.8388203460364,193.52870897396457,36953700
2020-11-02,192.41600036621094,195.22144992256125,190.31428213947027,194.2799538734767,30842200
2020-11-03,196.3151092529297,197.92230309923994,193.16729858879407,193.89957334651695,27512000
2020-11-04,205.78709411621094,207.62253348770093,202.0116191998531,203.53322651784097,42311800
2020-11-05,212.34901428222656,213.13834688098325,210.31387265196958,211.1602629909287,36080100
2020-11-06,212.75787353515625,213.36651339061143,207.3466773379545,211.3694061558673,25231900
2020-11-09,207.6890869140625,216.94232164998468,207.20408167686315,213.44264528742468,44395000
2020-11-10,200.67068481445312,205.89168472264777,199.44390009868965,203.98968301620297,44045100
2020-11-11,205.93927001953125,207.35625222631552,201.80240985368587,201.98310236596342,29440800
2020-11-12,204.8836212158203,208.37379252192883,203.95164446517558,206.56689674868196,21593900
2020-11-13,205.9011993408203,206.7666136412532,203.66635593568657,205.75855501047297,18621100
2020-11-16,206.5858917236328,207.07091139997414,204.00868778162783,204.34152934207066,24953300
2020-11-17,203.95164489746094,207.01385422749843,203.59025993759715,205.511285682122,24154100
2020-11-18,201.2628173828125,205.16259082846608,201.11978504928186,203.7132809002131,28372800
2020-11-19,202.5404815673828,203.12211144423998,200.16628461776338,201.54885769573278,24792700
2020-11-20,200.60488891601562,203.3700058661989,200.23302815996874,202.33070459277454,22843100
2020-11-23,200.33792114257812,202.4165237769286,198.4786172840736,201.13884979714734,25683500
2020-11-24,203.91351318359375,204.28537395912775,199.14605988233055,199.84210399056337,33979700
2020-11-25,203.92303466796875,205.27698960529233,202.57862394829687,205.10536827690913,21012900
2020-11-27,205.2197723388672,206.211410684154,204.0851162270061,204.85745581384185,14512200
2020-11-30,204.11376953125,204.77166592006517,201.03398396816428,204.14237308949788,33064800
2020-12-01,206.15423583984375,207.21261112545957,203.4272517872102,204.53328996973545,30904500
2020-12-02,205.35328674316406,205.44864163250293,202.90282321758022,204.88608561309852,23724500
2020-12-03,204.27587890625,206.3163486829987,203.71330826404346,204.6286658546097,25120900
2020-12-04,204.39027404785156,205.36283866897801,203.26514741770256,204.2567859272353,24666000
2020-12-07,204.32350158691406,205.51536487958126,203.08397540183014,204.39978258353827,24620000
2020-12-08,205.96351623535156,206.85979980104426,202.98862997399976,204.01840165272458,23284100
2020-12-09,201.94931030273438,205.21977604983914,201.38675434522085,205.15303927393487,32440600
2020-12-10,200.72886657714844,203.16980044541748,200.57630457310324,201.92072995416368,26733300
2020-12-11,203.34141540527344,203.3986370668293,199.38443493743736,200.28071849667674,30979400
2020-12-14,204.2376708984375,206.1541961965847,202.9790709503109,203.18884003318382,28798400
2020-12-15,204.1709747314453,205.40097137190162,202.36887783317297,205.16259868933062,27000600
2020-12-16,209.08139038085938,209.8727892217096,204.73347613883266,204.76207968917942,35023300
2020-12-17,209.21490478515625,210.6165371249153,207.78466889145207,209.64397264344512,32515800
2020-12-18,208.42355346679688,209.4723991814722,205.973089641223,208.42355346679688,63354900
2020-12-21,212.23745727539062,213.58188243788,207.17442480081473,207.4318713221472,37181900
2020-12-22,213.52467346191406,215.13607479940188,211.53188172877358,212.33281028911077,22612200
2020-12-23,210.74050903320312,213.16236889979098,210.53073992478457,212.73330101406674,18699600
2020-12-24,212.39004516601562,213.2100477180936,210.91213172866298,211.12190083843498,10550600
2020-12-28,214.49728393554688,215.5175114649636,212.64750956636644,214.01099434520955,17933500
2020-12-29,213.72496032714844,216.61403633218993,213.1814781282285,215.78450397899442,17403200
2020-12-30,211.3697509765625,215.13604980433124,211.16952613429635,214.7546449038802,20272300
2020-12-31,212.0753631591797,212.62838941566082,209.46279385424006,211.3888488096935,20942100
2021-01-04,207.56536865234375,212.6284013521997,204.81931110024084,212.1802596114298,37130100
2021-01-05,207.76564025878906,208.3568144503453,205.66796340095462,207.15540672652605,23823000
2021-01-06,202.37838745117188,206.42119298469675,202.08280768192805,202.30210645441338,35930700
2021-01-07,208.13746643066406,209.138634517425,203.77049208114227,204.08513119067524,27694500
2021-01-08,209.40557861328125,210.32093589339922,206.93604171408924,208.50929521688312,22956200
2021-01-11,207.3746795654297,208.728634495914,206.65001738495062,208.3090962965024,23031300
2021-01-12,204.9337615966797,207.00284934438994,203.39865544372427,206.4307490700466,23249300
2021-01-13,206.27816772460938,206.67863205947245,203.98025172181406,204.06607693930206,20087100
2021-01-14,203.1125946044922,207.34609567404829,202.8456183702962,205.86818216746164,29480800
2021-01-15,202.759765625,204.53325868233262,202.16860612225966,203.58931232139068,31746500
2021-01-19,206.37350463867188,206.88838315319578,202.74070783603537,203.808612636003,30480900
2021-01-20,213.90611267089844,215.28867135702768,207.18399993248087,207.5749346341582,37777300
2021-01-21,214.5067901611328,215.77493445654972,212.07538612252483,214.24934361492166,30709400
2021-01-22,215.44122314453125,219.3696147654963,215.2982053575905,216.51867230319704,30172700
2021-01-25,218.8546600341797,219.09303264472965,213.79162811395656,218.4637254610915,33152100
2021-01-26,221.5244903564453,223.2884393764266,219.379136336845,221.07634857508864,49169600
2021-01-27,222.0679931640625,229.25732167368406,219.4363638925336,226.93080188116176,69870600
2021-01-28,227.81752014160156,231.3549769497505,224.15611943901934,224.65193866409186,49111200
2021-01-29,221.17169189453125,226.949842757254,220.59006203100665,225.014257951401,42503100
2021-02-01,228.5040283203125,231.22148249088136,221.61982466737663,224.12750973113813,33314200
2021-02-02,228.37051391601562,231.04029033688266,227.5886592390331,230.07727012950718,25916300
2021-02-03,231.69821166992188,233.691003496613,228.13215165180748,228.42774595379248,27158100
2021-02-04,230.7542724609375,231.9270764637122,229.19054833968426,231.37405012765626,25296100
2021-02-05,230.93545532226562,231.9652270718367,229.2382429616154,230.96405888066087,18054800
2021-02-08,231.19288635253906,232.34660192788067,229.61008833189024,231.84125303139,22211900
2021-02-09,232.43243408203125,233.37638057200232,230.1535918707079,230.62079300643464,23565000
2021-02-10,231.52662658691406,234.4824391274002,229.68638190814508,233.60522939962993,22186700
2021-02-11,233.1189422607422,233.74823505402443,230.88776300580494,233.39544815712694,15751100
2021-02-12,233.5956573486328,233.89123709414287,231.44075937329384,232.58494513457302,16561100
2021-02-16,232.3656768798828,234.68266680852793,231.6219553099753,233.6338212360362,26728500
2021-02-17,233.37867736816406,233.48380348312867,230.26314413417265,230.6263097281633,21653500
2021-02-18,232.98684692382812,233.12064247435825,230.18669197965465,231.0850397829088,16925600
2021-02-19,230.29180908203125,233.05374286763362,229.53680847582015,232.94861675471643,25262600
2021-02-22,224.1180877685547,227.38653460557697,222.10158820325069,226.89913962744436,36446900
2021-02-23,222.93307495117188,224.4239440997291,218.59424849819223,220.12335328691063,30228700
2021-02-24,224.1563262939453,224.77751683776836,218.85226200566777,219.81750035690945,26339700
2021-02-25,218.8427276611328,224.19456504241066,217.7819147197483,221.79579640136254,39542200
2021-02-26,222.08248901367188,224.93998302961114,219.36832759287157,221.2701494526982,37819200
2021-03-01,226.4403839111328,226.94689663933326,222.81832355367666,225.44646168712504,25324000
2021-03-02,223.50643920898438,226.78445210469692,223.10505255325617,226.50729480119938,22812500
2021-03-03,217.47604370117188,223.2292812046213,217.18933480024668,221.87220796170382,34029500
2021-03-04,216.68280029296875,222.18756397333465,214.32225342526553,216.69236649103152,44727800
2021-03-05,221.33706665039062,222.93306184160264,216.42483712747304,219.3492363750006,41872800
2021-03-08,217.3135986328125,223.0286010289096,217.06512533998108,221.11722762448446,35267400
2021-03-09,223.42044067382812,224.9495452618804,221.40394110736247,222.56032845718752,33080500
2021-03-10,222.1206817626953,226.49772821826227,221.75751618181397,226.49772821826227,29746800
2021-03-11,226.62196350097656,228.57155770884873,223.92692034430218,224.5481253712007,29907600
2021-03-12,225.30316162109375,225.37006669631376,222.89482681776772,223.64026135026475,22653700
2021-03-15,224.40481567382812,224.7679813250752,221.53775526745213,224.5481774437209,26034900
2021-03-16,227.17628479003906,229.42213971544066,225.4847153006478,225.80964526868732,28092200
2021-03-17,226.5359649658203,227.97906119030745,222.8948010361049,225.68540440109052,29562100
2021-03-18,220.49603271484375,223.81226667216245,220.12331549170005,222.25449271210522,34833000
2021-03-19,220.14242553710938,222.1684765675346,219.18673888764525,220.78273384233583,46430700
2021-03-22,225.53250122070312,226.40216500266618,219.9417283999428,220.0659723327752,30127000
2021-03-23,227.0520477294922,230.36828174208702,226.56465276267915,226.96603942639962,31638400
2021-03-24,225.0260009765625,227.45343882328078,224.8922054193831,227.31009164866788,25620100
2021-03-25,222.0442352294922,226.4403997014099,221.30836700029914,224.87307416129178,34061900
2021-03-26,226.00082397460938,226.22064245132003,221.28929476687435,221.28929476687435,25479900
2021-03-29,224.8157196044922,226.30658835779485,221.60461206560177,226.1058877567179,25227500
2021-03-30,221.57594299316406,223.48731618410747,220.85917804656026,223.18148947389884,24792000
2021-03-31,225.32223510742188,228.50467325429472,222.09200971374034,222.58897083183447,43623500
2021-04-01,231.61068725585938,232.07896442554832,227.50123135762215,227.9026180384794,30338000
2021-04-05,238.03289794921875,238.88345854528154,231.9451636368873,232.0025025067712,36910600
2021-04-06,236.87649536132812,238.3482463965933,235.93992652070483,236.63757369710436,22931900
2021-04-07,238.8260955810547,239.8104516951834,236.23619284363235,236.82871391899718,22719800
2021-04-08,242.02764892578125,242.87820947789177,240.83304058952368,241.5689234077923,23625200
2021-04-09,244.51242065429688,244.64621619401328,241.25352587230873,241.66446410764476,24326800
2021-04-12,244.5697784423828,246.25179630911566,243.3369344757324,243.42295735855123,27148700
2021-04-13,247.03546142578125,247.70445382432965,245.4490179032841,245.85998537594716,23837500
2021-04-14,244.2639617919922,247.3603773878888,243.85302350789357,246.0702236664277,23070900
2021-04-15,248.00071716308594,248.41165547510374,246.30916207730016,246.50028193242102,25627500
2021-04-16,249.1857452392578,249.43423311853752,246.18490411402684,247.9720336082455,24878600
2021-04-19,247.2743377685547,249.89293884486133,246.39512244253876,248.66009498345286,23209300
2021-04-20,246.8156280517578,248.66966236946797,245.45854026133196,246.39512361896334,19722900
2021-04-21,249.03285217285156,249.12842668538718,245.85042797866416,247.46554099520336,24030400
2021-04-22,245.77395629882812,250.1796578937831,244.31174226259176,248.67922280670476,25606200
2021-04-23,249.5775909423828,249.9216533410852,245.8695216560367,246.4525057441661,21462600
2021-04-26,249.9598846435547,250.81045994172908,248.6410612857112,250.06502536327486,19763300
2021-04-27,250.3612823486328,251.52722145867926,248.59325586365082,249.98855048214975,31014200
2021-04-28,243.27960205078125,245.1718722009615,241.74094589292326,244.73223532354257,46903100
2021-04-29,241.32040405273438,244.75132982958038,237.96594953196652,244.1396910245299,40589000
2021-04-30,241.00503540039062,241.86516207430256,238.5393768499884,238.6731723882476,30945100
2021-05-03,240.69924926757812,243.0789143649509,239.99203587034623,242.1710003473486,19626600
2021-05-04,236.8096160888672,240.07807764415418,234.8695731306713,239.84870757177288,32756100
2021-05-05,235.54812622070312,238.44385605143128,234.92693563518156,238.023351527179,21901300
2021-05-06,238.66363525390625,238.787879191213,233.84698070738517,235.52898404785154,26491100
2021-05-07,241.27264404296875,243.03110387686792,240.03980016990303,240.97636894929843,27032900
2021-05-10,236.2266082763672,240.57498525028228,236.16926941322524,239.75309418580025,29299900
2021-05-11,235.3187255859375,235.67233957139493,231.82092344292948,233.71317897375303,33641600
2021-05-12,228.40911865234375,233.5507177051827,227.52033703130473,231.43864370631172,36684400
2021-05-13,232.26051330566406,234.7166348681072,230.7218572958672,231.08502287042182,29624300
2021-05-14,237.15367126464844,238.13802749239937,234.61155548433553,234.6975637956637,23901100
2021-05-17,234.31529235839844,235.66281430220755,232.7288632872878,235.624593244974,24970200
2021-05-18,232.3083038330078,235.49074200688435,232.13627265956075,235.35694646425682,20168000
2021-05-19,232.88307189941406,232.98844077307308,228.5534036384875,229.23349986422667,25739800
2021-05-20,236.10159301757812,237.50969767500212,233.59191664793866,233.68771184739012,21800700
2021-05-21,234.8467254638672,237.87367214593564,234.4348383135843,237.1456784165481,21863100
2021-05-24,240.2205352783203,240.5845394923802,237.08821938185093,237.35642839759134,21411500
2021-05-25,241.1209716796875,242.10760089186203,240.25887330938028,241.16886928165923,17704300
2021-05-26,240.900634765625,242.28957737809495,240.19178833380082,240.84314887956268,17771600
2021-05-27,238.8124542236328,240.89108160906216,238.75498294548308,240.5941369277575,24426200
2021-05-28,239.1668243408203,241.46577734023427,239.05188180655244,240.43125068294205,18270200
2021-06-01,236.98284912109375,240.70905429967564,236.56138825332587,240.65158302753886,23213300
2021-06-02,236.88705444335938,238.77410571979837,235.48852356730782,237.6821077652956,19406700
2021-06-03,235.36399841308594,235.9674613279748,232.76810081643305,234.89462537591137,25307700
2021-06-04,240.23008728027344,241.05387621610285,237.0881979939227,237.32767135182317,25281100
2021-06-07,243.12295532226562,243.39116434225733,239.2913811894754,239.45422133616353,23079200
2021-06-08,241.9351806640625,245.2303368109208,241.8776947734396,244.41612144782889,22455000
2021-06-09,242.91224670410156,244.77056271994914,242.54825705692008,243.12298447597894,17937600
2021-06-10,246.4085235595703,246.6192613065488,242.98885124050196,243.58274055491657,24563600
2021-06-11,247.03118896484375,247.60590172580916,245.80505712120518,247.1269549366099,18999700
2021-06-14,248.9469451904297,249.00441645938554,245.98702867626147,247.04071732809936,19150500
2021-06-15,247.48133850097656,249.0427095066787,246.82997796871686,248.83197177770197,18038900
2021-06-16,246.54263305664062,249.60787470899828,243.70726187295284,248.47756739780246,27220000
2021-06-17,249.91439819335938,250.72861348193877,245.23031436879756,245.28778563786543,27565500
2021-06-18,248.50631713867188,251.25546695524517,247.8549565392409,248.6979075420769,37202200
2021-06-21,251.571533203125,252.42404307695548,247.05986374534035,248.87985524946583,26696100
2021-06-22,254.33029174804688,254.59850073681733,251.35122800563727,251.6577609163999,24694100
2021-06-23,254.1003875732422,255.5946990320162,253.29576057487068,254.7900720336447,19518700
2021-06-24,255.46063232421875,256.5717923463721,254.29200102786703,254.95294991373922,21446900
2021-06-25,253.86090087890625,255.99701370596514,253.61186847057874,255.01997295194124,25611100
2021-06-28,257.4051208496094,257.5775346492932,254.7134426795022,254.98165166765068,19590000
2021-06-29,259.9723205566406,260.2117939597386,256.69634077251254,257.5488508865929,19937800
2021-06-30,259.493408203125,259.9340311382002,258.24815803472217,259.2922587029424,21656500
2021-07-01,260.1638488769531,260.39373393462904,258.24806210942415,258.2576211651032,16725300
2021-07-02,265.9591064453125,266.2943749941608,261.02596110039144,261.33249401548636,26458000
2021-07-06,265.9687194824219,267.6067092239565,262.75018203961656,266.32313540922155,31565600
2021-07-07,268.14306640625,268.87107467397936,265.48012418215734,267.63538412285556,23260000
2021-07-08,265.7388000488281,266.9936380649696,263.2961543378193,265.24067677167557,24618600
2021-07-09,266.2369384765625,266.3422927365469,263.72726202590263,264.1104136034873,23916700
2021-07-12,265.64306640625,267.98988824180765,264.9342052474398,267.40558716373033,18931700
2021-07-13,269.1489562988281,270.94021266723723,265.71012175658416,265.83462337015317,26120100
2021-07-14,270.6145324707031,271.71610427305967,268.73703995210985,270.4612659855572,23113700
2021-07-15,269.1968078613281,270.6145007583491,268.04732397373385,270.1259657212331,22604200
2021-07-16,268.9285888671875,272.1375378043733,267.69289811879054,270.19301525007796,26186800
2021-07-19,265.3460998535156,268.5646081282036,262.89389472063215,267.18523908688275,32935600
2021-07-20,267.5588684082031,269.1393871259739,264.62771610030967,266.3231773819045,26259700
2021-07-21,269.5512390136719,269.66618156241043,265.6143105564195,267.15650513964744,24364300
2021-07-22,274.0916442871094,274.35985328231106,271.4861729483263,271.8884718248349,23384100
2021-07-23,277.4730224609375,277.7795261635657,274.4364872095776,275.2698498757222,22768100
2021-07-26,276.8791198730469,277.4921857787689,274.5706221344017,276.8312368884211,23176100
2021-07-27,274.4747619628906,277.3867366280159,271.035928428635,277.2430584755565,33604100
2021-07-28,274.168212890625,277.93272642565694,271.8788339438363,276.82156672462025,33566900
2021-07-29,274.43658447265625,276.46731473115415,274.03425619851987,274.187522720448,18168300
2021-07-30,272.9134216308594,274.58973513938895,271.9555281974139,273.16248327798326,20944800
2021-08-02,272.82733154296875,274.6952069983806,271.7927898216512,274.3024670146027,16267400
2021-08-03,275.0304260253906,275.135809530106,272.04180245033456,273.402024324928,17879000
2021-08-04,274.4460754394531,275.48058755485204,272.6643783324015,274.1682781399353,16191300
2021-08-05,277.3292541503906,277.4346376129882,274.05327547647624,274.80043107163067,13900200
2021-08-06,277.2718200683594,277.3101439901318,275.50929969046035,276.3618388625209,16589300
2021-08-09,276.1894226074219,279.2738408759265,275.6913285064386,277.549644252639,16117600
2021-08-10,274.37896728515625,277.07064519895766,273.1911889125419,276.6395815082073,18616600
2021-08-11,274.8676452636719,276.5056355221954,273.8235152678847,275.11667778044523,13955900
2021-08-12,277.6071472167969,277.7604137036559,274.28325519156255,274.5610525260316,14561300
2021-08-13,280.5190734863281,280.5669564608098,277.118534553158,277.29097757297944,18249000
2021-08-16,282.1954040527344,282.40614177195425,277.80823587058995,280.84477083854165,22507600
2021-08-17,280.73944091796875,281.07470952149254,278.8236537350814,280.0785212338577,20075300
2021-08-18,279.0215148925781,282.9467958439038,278.58001926830815,280.2787552513025,21813000
2021-08-19,284.8182373046875,285.490058075922,277.01567958739867,277.0636542331081,29850500
2021-08-20,292.10260009765625,293.52300710937357,286.0563295513358,287.64948045556423,40817600
2021-08-23,292.38092041015625,293.1007158957985,289.6936956458467,291.03730802800146,22830200
2021-08-24,290.4326477050781,293.3406200208981,289.8376215126441,292.73598718389235,18175800
2021-08-25,289.8472595214844,292.3233431392219,288.3212965855392,292.04501401347983,20006100
2021-08-26,287.0448303222656,290.2503159413958,286.9104837323351,288.8683063071112,17666100
2021-08-27,287.6495056152344,288.75318629866223,284.8758792924729,286.9488940495873,22605700
2021-08-30,291.36358642578125,291.96821926723266,288.935477703884,288.99305899463644,16348100
2021-08-31,289.72247314453125,292.2369539074186,289.3577720955228,292.16018861273085,26285300
2021-09-01,289.6744689941406,292.8991678511316,289.34816523699277,290.6725935556559,18983800
2021-09-02,289.02191162109375,291.14290105479273,288.0909748362211,290.0296430024722,16285600
2021-09-03,289.0122375488281,290.413430936319,288.16767300122905,288.8682550507009,14747900
2021-09-07,288.0909729003906,288.9643283762939,286.19073133371813,288.887563068861,17180400
2021-09-08,288.1197509765625,288.5036360740859,285.4901073055441,287.7070752289388,15046800
2021-09-09,285.2789611816406,289.97204208683576,285.0390293387629,288.705194927188,19927000
2021-09-10,283.8009033203125,287.84137565254247,283.48420625224344,286.40178494786,19633400
2021-09-13,285.02947998046875,286.51707527843394,282.23666925342127,285.566925073451,23652900
2021-09-14,287.71661376953125,289.2521830846945,286.09467252451213,287.4958659786448,21853400
2021-09-15,292.5440979003906,293.02396157546303,289.66491584995623,291.0469255772491,28356300
2021-09-16,292.9279479980469,293.0143199346179,288.647572728406,291.52675443497674,19550800
2021-09-17,287.79345703125,292.23699967637344,287.467153222757,291.92030251442793,41372500
2021-09-20,282.4477233886719,286.68973080217256,277.860228217035,284.3959685720782,38278700
2021-09-21,282.9276123046875,285.5572851714307,282.22703008079156,283.78178370843756,22364100
2021-09-22,286.5553283691406,288.12929500202966,282.6492610078595,284.77985651789885,26626300
2021-09-23,287.49591064453125,288.78194172532284,285.5476653767462,286.81451245521663,18604600
2021-09-24,287.29425048828125,287.726110015821,284.9716985266417,286.2193610572396,14999000
2021-09-27,282.3229675292969,284.5303284068583,281.14249251178086,284.21363131308823,23571700
2021-09-28,272.1018981933594,279.069528394677,271.3629186493173,278.1289850116234,43186200
2021-09-29,272.5625915527344,275.2210260039281,271.6124707643782,273.6182975889951,26353700
2021-09-30,270.5663146972656,276.23827687630234,270.278378953934,274.20365982638276,32343600
2021-10-01,277.4571533203125,278.301717984921,269.96168585473896,270.7582465838053,30086300
2021-10-04,271.7083740234375,276.16152262576014,268.96356808295144,275.82561222271863,31350700
2021-10-05,277.1308898925781,278.7048275786298,272.6105528079684,272.6105528079684,24993000
2021-10-06,281.3056640625,281.8047410195279,274.0117597743309,274.2708756099428,28002600
2021-10-07,282.9756164550781,284.6935366211754,282.0830770442581,283.29231359523686,20430500
2021-10-08,282.9756164550781,284.6935366211754,281.9295171528448,284.2904382451461,17685700
2021-10-11,282.38055419921875,285.9699246769011,280.960147351055,281.1233138675637,19298600
2021-10-12,281.0849914550781,283.541891482003,280.57633705782945,283.4459128754628,17974100
2021-10-13,284.3768310546875,285.3077678287941,281.6703926860201,283.03321851694517,23416300
2021-10-14,290.55743408203125,291.05648172385895,285.83556297646015,287.1599913093113,27262900
2021-10-15,291.9586181640625,292.18897261999524,288.41722227281656,290.1639328949292,25384800
2021-10-18,294.9145202636719,295.7974527087723,290.49977017253786,291.34433462509924,22729300
2021-10-19,295.8166809082031,296.8435665984587,294.84734720965776,295.93184346871436,17682100
2021-10-20,295.02978515625,297.22756896603414,293.7821220408967,296.75728265313415,16537100
2021-10-21,298.2449035644531,298.49441277839924,294.0220794692839,294.7994856279611,16918100
2021-10-22,296.7092590332031,298.5615254647834,295.40401483593905,297.89931136627246,17449300
2021-10-25,295.72076416015625,296.9396072317386,294.1180067552253,296.90120994069343,17554500
2021-10-26,297.62109375,299.8188780201964,296.171925078975,298.4752653201969,28107300
2021-10-27,310.1550598144531,312.9670535510442,303.2738027325777,303.2738027325777,52588700
2021-10-28,311.2875671386719,311.78661480927093,308.41796248920383,311.2683538472866,26297900
2021-10-29,318.2647705078125,318.62947157711153,310.8556743947785,311.0764222231841,34766000
2021-11-01,316.1053466796875,318.1399636800593,313.2261650477916,318.0151944565091,27073200
2021-11-02,319.7139892578125,320.02110905104064,316.71003784901507,317.0075509960312,26487100
2021-11-03,320.5489807128906,321.4127295936268,317.3338877731784,320.45300210646246,21500100
2021-11-04,322.89068603515625,322.98666463204586,316.2397822393411,319.48366550974254,23992200
2021-11-05,322.5259704589844,325.14603666479826,320.9520328371746,324.8773141787061,22570100
2021-11-08,323.41851806640625,324.0519416472353,320.97122498059144,323.71603120896236,20897000
2021-11-09,322.42041015625,325.07884433236194,321.0575844525398,323.5336680917774,21307400
2021-11-10,317.477783203125,321.1535552109362,316.63324777065986,321.0959739152807,25500900
2021-11-11,319.0420837402344,320.32811458361215,317.1994240467713,317.90961275273645,16849800
2021-11-12,323.1593322753906,323.6488025020353,320.3473387102782,320.4721079279366,23831000
2021-11-15,322.5356140136719,324.2727183705063,320.5777617974973,323.9464145492368,16723000
2021-11-16,325.8370361328125,326.95032335349225,321.99812680159425,322.16126404658087,20886800
2021-11-17,326.0581970214844,329.0099576589885,324.9813404697,325.8851370775491,19053400
2021-11-18,328.1253967285156,329.25996932773234,324.13524688369495,325.1544168389848,22463500
2021-11-19,329.8945007324219,331.8078723346504,329.0195768042026,329.44263177761013,21963400
2021-11-22,326.7408142089844,336.2018344650954,326.47160009386823,331.3463268296399,31031100
2021-11-23,324.673583984375,326.3754277340728,320.7122785777508,324.06784497801704,30427600
2021-11-24,324.89483642578125,325.1352072589208,321.04890309554867,323.32761389896865,21661300
2021-11-26,316.98175048828125,324.9139862915625,315.4818391564863,321.4718896050423,24217200
2021-11-29,323.6640319824219,325.97158534962614,321.8468150001387,322.0391233399611,28563500
2021-11-30,317.856689453125,324.7697551795586,316.31831064916247,322.4045150069706,42885600
2021-12-01,317.3663330078125,326.2119893836903,316.7029366546509,322.2218403334276,33337600
2021-12-02,316.799072265625,320.64500484816296,315.17416340213174,317.577871266218,30766000
2021-12-03,310.56866455078125,319.8854381080619,305.7804681645628,319.20276398285586,41779300
2021-12-06,313.6261901855469,314.8376683407075,306.93427569570224,311.4724773249387,30032600
2021-12-07,322.0199890136719,322.8660696420731,317.38563262002015,318.8663250684686,31021900
2021-12-08,322.06793212890625,322.57751689845855,318.0585354762929,322.3948327978521,24761000
2021-12-09,320.27001953125,323.5294319116375,319.3277555505204,321.5295600175577,22214200
2021-12-10,329.3464050292969,329.7886790069199,321.894911553193,322.0775956761069,38095700
2021-12-13,326.32733154296875,330.5482560904691,326.01964993405755,327.5580286364802,28899400
2021-12-14,315.693359375,321.75072054562577,311.6262752750999,320.3854016251195,44438700
2021-12-15,321.7602844238281,322.2794934666321,312.00123771055326,315.9529188096588,35381100
2021-12-16,312.3859558105469,323.7891643756728,310.57836229476186,322.7795891841655,35034800
2021-12-17,311.3282470703125,312.40513289702955,305.03054387453375,308.52073257010983,47750300
2021-12-20,307.58807373046875,310.36674473714834,305.3382067120296,307.72266611167277,28326500
2021-12-21,314.683837890625,315.10689283678283,307.4823089268054,310.8379051743816,24740600
2021-12-22,320.3661804199219,320.760362669551,313.2031195933652,315.6548897596977,24831500
2021-12-23,321.7987365722656,323.43326935301656,319.91423817274443,319.93345726891704,19617800
2021-12-27,329.25994873046875,329.2887920541107,322.51031757686,322.53916090050194,19947000
2021-12-28,328.1061096191406,330.567504020854,327.21193737349995,329.9329216504245,15661500
2021-12-29,328.7792053222656,331.0386674602681,326.596619590704,328.15421774318594,15042000
2021-12-30,326.25048828125,329.91373694625986,325.7697466785753,328.7407262620481,15994500
2021-12-31,323.3659973144531,326.288884758608,322.9140990920403,325.47164761227714,18000800
2022-01-03,321.8564758300781,324.9812959837682,317.0779035290574,322.4333715730328,28865100
2022-01-04,316.33758544921875,322.2891685868689,313.5588850186426,321.9333951684874,32674300
2022-01-05,304.1939697265625,313.5107415320477,303.80938242850283,313.30880899330907,40054300
2022-01-06,301.790283203125,306.42463822029214,299.4923247910214,301.0883900628225,39646100
2022-01-07,301.9442138671875,304.30945449198936,298.14634321960966,302.049962942499,32720000
2022-01-10,302.1652526855469,302.59793177360086,292.9542584305184,297.56936510647546,44289500
2022-01-11,302.8479919433594,304.4151849277161,297.9540459272227,301.309612939468,29386800
2022-01-12,306.01116943359375,310.95320590504565,304.8670023701138,307.35726904389804,34372200
2022-01-13,293.05999755859375,308.52066014986855,292.2908229193429,308.1264486110597,45366000
2022-01-14,298.2521057128906,298.8482206128136,292.0505272250826,292.53126883368355,39846400
2022-01-18,290.992919921875,297.8675197676401,290.11796658264785,292.3582391420896,42333200
2022-01-19,291.6466369628906,301.8191439350218,291.04092729643247,294.49264788128625,45933900
2022-01-20,289.9832458496094,299.64613716915983,289.5409719354608,297.1655242204412,35380700
2022-01-21,284.62786865234375,292.39663994676283,284.22403280045586,291.0313502433303,57984400
2022-01-24,284.9547424316406,285.6662305381032,265.4173987440913,280.9453743252705,85731500
2022-01-25,277.37823486328125,283.627874669316,274.18613344698997,280.29152732225515,72848600
2022-01-26,285.2816467285156,296.61754086589866,281.74339590875957,296.1271750879496,90428900
2022-01-27,288.29107666015625,295.46373205879246,286.4546404978711,291.0024659264915,53481300
2022-01-28,296.38677978515625,296.5983072336974,283.1087009699881,288.666071926605,49743700
2022-01-31,299.0020446777344,300.34811523788875,294.5695920371354,297.05023502997614,46444500
2022-02-01,296.8675537109375,298.6655225486515,293.37736510025144,298.45399507702996,40950400
2022-02-02,301.3865661621094,302.9826320626324,296.9829852787049,297.70409779954787,36636000
2022-02-03,289.6468200683594,299.2424331685659,288.4064984985747,297.5694324128608,43730000
2022-02-04,294.1562194824219,296.9060477888783,288.416162689019,288.6469093043459,35096500
2022-02-07,289.3583068847656,295.9829091831595,288.34873217729285,294.3772490807872,28533300
2022-02-08,292.82928466796875,293.7907677485287,288.3968617508122,289.6467780186861,32421200
2022-02-09,299.22320556640625,299.91547470681274,295.55036170966486,297.9348214827328,31284700
2022-02-10,290.7331848144531,297.21356974340233,289.1179006911391,292.3292498442019,45386200
2022-02-11,283.676025390625,292.56974542474626,282.88760208602713,291.51210798469305,39175600
2022-02-14,283.6375427246094,285.3297625384846,280.12813492881736,282.45490783075724,36359500
2022-02-15,288.89678955078125,289.21406602076195,285.5796615630517,288.45451559979455,27058300
2022-02-16,288.5596008300781,289.8795515618136,282.95219184742473,287.47087375855756,29982100
2022-02-17,280.1099548339844,285.9582018841707,279.4066103677046,285.5342722610437,32461600
2022-02-18,277.4122314453125,283.1256081080043,275.8514129414356,282.34519885606585,34264000
2022-02-22,277.2099609375,280.8904283246642,274.10758220532034,274.5893178506724,41736100
2022-02-23,270.03204345703125,281.04454083688285,269.8682698302373,279.58004589911764,37811200
2022-02-24,283.8290100097656,284.3781957137695,261.6017198059236,262.55557639782796,56989700
2022-02-25,286.4496154785156,286.7579333141939,280.99636504653614,284.35889947396316,32546700
2022-02-28,287.8755798339844,288.2128006483137,282.2970731254426,283.559218096748,34627500
2022-03-01,284.1758117675781,289.0124260885947,281.4780750548052,285.5728272162815,31217800
2022-03-02,289.2243957519531,290.45763760043087,282.97147763773455,284.57081381078126,31873000
2022-03-03,285.11041259765625,292.05703176941057,283.30869674167064,291.82580808856017,27314500
2022-03-04,279.2717590332031,284.85990985728677,276.6800484526404,283.53995896520416,32356500
2022-03-07,268.7217712402344,279.1079901922431,268.35564745891236,277.9903600081898,43157200
2022-03-08,265.7735290527344,273.58726615536074,260.1372168079997,267.6522801991081,48159500
2022-03-09,277.96136474609375,279.0211886551483,270.5233679518194,273.0862041672424,35204500
2022-03-10,275.1576843261719,276.1307994626257,270.3306851201847,272.6815567548242,30628000
2022-03-11,269.83935546875,278.9345249185214,269.22271985726513,277.441127086034,27209300
2022-03-14,266.3419494628906,274.97464216380376,265.7446020938021,270.0994808190958,30660700
2022-03-15,276.66070556640625,277.3062441058317,268.5482958074122,270.1091142008014,34245100
2022-03-16,283.63629150390625,283.80970925762125,272.8550467725236,278.54913550581284,37826300
2022-03-17,284.4359436035156,284.81168204871824,278.7996317030362,282.576451409173,30816600
2022-03-18,289.4556579589844,290.0048436231841,282.0369470428673,284.5804958303675,43390600
2022-03-21,288.23211669921875,289.1763292861957,284.12771899606764,287.9719899979767,28351200
2022-03-22,292.95306396484375,293.85872928601555,287.85629285362114,288.8486670583763,27599700
2022-03-23,288.550048828125,292.15345196607205,286.8447149840103,289.53280850338996,25715400
2022-03-24,292.9915771484375,293.08793014220737,287.42271518108265,288.21276856606795,24484500
2022-03-25,292.5869140625,294.3404386258809,288.35729097039587,294.0803119983577,22566500
2022-03-28,299.3504333496094,299.4467569215403,293.21309875258146,293.21309875258146,29578200
2022-03-29,303.8885192871094,304.2835460913771,297.7608258637069,302.4433121800482,30393400
2022-03-30,302.39508056640625,304.40876140768165,300.1983672332794,302.298756961056,28163600
2022-03-31,297.04779052734375,303.6283150055242,296.643149106342,302.4335907750661,33422100
2022-04-01,298.1172790527344,298.8013353889546,294.3790059993479,298.0690878498517,27110500
2022-04-04,303.4644470214844,303.5993176653501,298.3965804034997,298.76270406982104,24289600
2022-04-05,299.5239562988281,303.36819729800135,298.550840896908,301.8266373690895,23156700
2022-04-06,288.5596008300781,295.7856342398464,285.8715081688589,294.04175386251336,40110400
2022-04-07,290.3612976074219,292.5580106672026,285.5246829888432,285.8233566950077,31411200
2022-04-08,286.12213134765625,290.12053217555473,285.45733366318063,289.46537861494056,24361900
2022-04-11,274.8397521972656,281.9212406623146,274.58924032351246,281.1312167731274,34569300
2022-04-12,271.75665283203125,280.11957482236716,270.24399616662504,278.6743681898196,30966700
2022-04-13,277.1136169433594,278.03854117973947,271.0244711313333,272.40225746800036,21907200
2022-04-14,269.6081848144531,277.7784327469066,269.1168344018573,277.56646786602556,28221600
2022-04-18,270.27288818359375,272.14202437159116,268.1725283526451,268.72171390745734,20778000
2022-04-19,274.8783264160156,275.71657107306396,268.2400250211419,269.17459327763214,22297700
2022-04-20,275.8995666503906,279.11758595882566,274.94573968215394,278.82852699073885,22906700
2022-04-21,270.5523376464844,282.5860831842899,269.82973426697856,278.0384980731543,29454600
2022-04-22,264.01995849609375,272.8550005549341,263.393708222996,271.3905058085866,29405800
2022-04-25,270.465576171875,270.8413145666887,260.8790281069364,263.30699380770614,35678900
2022-04-26,260.3492126464844,268.19185364215673,260.13724778699,267.36328244773966,46518400
2022-04-27,272.8742980957031,280.34119944845656,268.96260761022705,271.7952151207864,63477700
2022-04-28,279.0502014160156,280.3508935706538,271.178627842334,274.7723864290521,33646600
2022-04-29,267.3825378417969,279.29105809866707,266.3998077256145,278.0674307607547,37073900
2022-05-02,274.07861328125,274.53144585501184,266.12997704590924,267.56553951466765,35151100
2022-05-03,271.4869079589844,273.7510711128351,269.9164452309345,273.58726807497914,25978600
2022-05-04,279.3874206542969,280.2545389514792,266.6214258152803,272.2673535703565,33599300
2022-05-05,267.2187805175781,275.8900225285143,264.3187223916875,275.109613099755,43260400
2022-05-06,264.6944580078125,269.04933732325316,261.36082642726797,264.77152276793004,37780300
2022-05-09,254.91519165039062,262.41099624830406,253.70123795853172,260.1950242973113,47726000
2022-05-10,259.65545654296875,263.75020864058513,255.38728670730274,261.7654605643178,39336400
2022-05-11,251.03240966796875,261.4475309989085,249.82807066667775,255.97502163371615,48975900
2022-05-12,246.02236938476562,250.3868926130945,240.88706627938942,248.27688839647124,51033800
2022-05-13,251.58155822753906,253.43143559809596,246.02234080198772,247.94928292003297,34925100
2022-05-16,251.94766235351562,256.10986406168763,246.43660714810298,250.4639088051504,32550900
2022-05-17,257.0733642578125,258.52818561527994,252.87261500014733,256.3892786113193,28828800
2022-05-18,245.368896484375,254.56250844134237,244.10381205020883,253.98307348210693,31356000
2022-05-19,244.46112060546875,248.83582357923467,243.24432488041336,245.19505877898175,32692300
2022-05-20,243.90101623535156,249.67600344933274,237.9908442252686,248.4205560699694,39199300
2022-05-23,251.71372985839844,252.53459389725697,244.74126302777523,246.7306492620426,33175400
2022-05-24,250.7189483642578,252.37031292551026,244.80877669553468,249.04828011075938,29043900
2022-05-25,253.51959228515625,255.5089636207459,248.31440168457397,249.289783654333,28547900
2022-05-26,256.7836608886719,257.9521680064266,252.46691284814418,253.2781100641193,25002100
2022-05-27,263.87200927734375,263.96858669067194,258.38675406725025,259.27522501006564,26910800
2022-05-31,262.5489807128906,265.3495488346776,259.70977573202504,263.1863562668899,37827700
2022-06-01,263.08013916015625,268.16944748829445,260.78173234380733,265.7648261496329,25292200
2022-06-02,265.1660461425781,265.23365327445924,252.63108267756797,255.38337667898296,44008200
2022-06-03,260.7624206542969,264.074846353105,259.20763325124227,261.0424863281772,28059000
2022-06-06,259.53594970703125,264.7797759619563,258.0584066884809,262.73246453455715,22400300
2022-06-07,263.1573791503906,263.76578441208926,256.8222901054273,257.49830250093424,22860700
2022-06-08,261.1390686035156,263.6402676057848,260.3664787079768,262.39448666074105,17372300
2022-06-09,255.71170043945312,263.36014725410655,255.5571824924227,258.5991790544163,26439700
2022-06-10,244.3162841796875,251.6460439882833,243.87204872141055,251.6460439882833,31422800
2022-06-13,233.9541473388672,240.48239119497188,233.24917940412797,236.70644141538565,46135800
2022-06-14,236.1077423095703,237.31488645148173,233.2299000655882,235.49933694664017,28651500
2022-06-15,243.12843322753906,246.5470730031909,237.9715180249655,239.79671901174797,33111700
2022-06-16,236.57127380371094,238.93727329741498,234.68813195099327,237.54664093367091,33169200
2022-06-17,239.15936279296875,241.91165700040483,235.6634784930398,236.31050590715876,43084800
2022-06-21,245.0406036376953,246.01597077834313,240.9556173405233,241.67990380993942,29928300
2022-06-22,244.45143127441406,248.35292794457067,241.7860485678055,243.2539394253841,25939900
2022-06-23,249.98501586914062,250.4775400388381,244.9343443692557,246.80783416507126,25861400
2022-06-24,258.52197265625,258.79237173531016,252.74698510975713,252.8338959418169,33923200
2022-06-27,255.80833435058594,259.1013975165965,254.25351742662792,259.01448667805846,24615100
2022-06-28,247.6866455078125,257.7590479870569,247.53212753900692,254.92950951957212,27295500
2022-06-29,251.33705139160156,252.98841615797966,246.9913181866432,248.7585787991081,20069800
2022-06-30,248.0246124267578,250.6320551562228,244.22935890804,248.23707094153858,31730900
2022-07-01,250.6803741455078,250.86386241719325,245.88078247866835,247.59976933487354,22837700
2022-07-05,253.83828735351562,253.96383506526925,246.00633522277502,247.37764926074487,22941000
2022-07-06,257.08306884765625,258.8020409501888,253.40369581093594,254.70741739613206,23824400
2022-07-07,259.1979675292969,259.8353431316474,255.9338452648158,256.0304226841945,20859900
2022-07-08,258.4833068847656,258.9082238859461,254.2631366183598,255.71170926657888,19658800
2022-07-11,255.4413299560547,257.39206399672923,253.19119709803016,256.5422299287005,19455200
2022-07-12,244.97299194335938,256.8223224888686,243.39887133033,256.764381930095,35868500
2022-07-13,244.0555419921875,244.8570873615849,239.603594413408,241.61228376039588,29497400
2022-07-14,245.368896484375,246.3925521414669,237.50797609226328,241.97924175908412,25102800
2022-07-15,247.91839599609375,251.44325042079436,246.03525438925857,246.9526808402148,29774100
2022-07-18,245.53309631347656,251.89715611893087,244.6156697955208,250.84453005870418,20975000
2022-07-19,250.63209533691406,250.81558360506327,244.98265483156152,248.74893867803232,25012600
2022-07-20,253.27813720703125,255.78900284248536,250.0333479953983,250.98939669680948,22788300
2022-07-21,255.75997924804688,255.8082826850065,248.21774680153686,250.88312986354254,22404700
2022-07-22,251.43360900878906,256.23321499283503,250.18785755232344,256.14630415666,21881300
2022-07-25,249.95606994628906,252.53454268022003,248.00533571383517,252.05168504603222,21056000
2022-07-26,243.26365661621094,250.97007463688564,241.01355313399756,250.9507414709721,39348000
2022-07-27,259.52630615234375,260.7913907687193,249.97539768074358,252.20619754450755,45994000
2022-07-28,266.9333190917969,268.3142846363358,258.68610373864,260.5016528744498,33459300
2022-07-29,271.1148986816406,272.33170936707273,267.1458230211277,268.17914544538223,32152800
2022-08-01,268.478515625,271.63639399506593,266.38290049065427,268.2950273632756,21539600
2022-08-02,265.3978271484375,268.362579537139,263.04147997964446,266.53736387741355,22754200
2022-08-03,272.7855529785156,273.7802383800219,267.1264470117995,267.27132785781305,23518900
2022-08-04,273.925048828125,274.0699001812098,270.5643795514278,272.13847021665924,18098700
2022-08-05,273.21044921875,273.9250689272582,269.1254639343299,269.57935118815436,16774600
2022-08-08,270.70928955078125,276.11730051736697,269.74357435929414,274.3113883534034,18739200
2022-08-09,272.6213684082031,273.37462502798235,268.0921621074516,270.05259210657965,23405200
2022-08-10,279.2462158203125,279.8739248174104,277.1023268586765,278.29016718582943,24687800
2022-08-11,277.17962646484375,281.22597639185335,276.68713164605356,280.8783329903544,20065900
2022-08-12,281.9019470214844,281.9019470214844,277.10234096743113,278.58955073001846,22619700
2022-08-15,283.4084777832031,284.09412741241835,280.1636589641089,281.02315975011504,18085700
2022-08-16,282.6745300292969,283.95894794046416,280.46306311134526,281.9792138029151,18102900
2022-08-17,281.9293518066406,283.8939138882916,280.1389803646201,280.4002663240658,18253400
2022-08-18,280.8164367675781,282.5003387388935,279.76154672598557,280.8357814390951,17186200
2022-08-19,276.9259338378906,279.9260110820991,276.35495606289055,279.58728744368415,20570000
2022-08-22,268.7967529296875,273.3549182202422,268.28383861490187,272.98716276174565,25061100
2022-08-23,267.5289306640625,269.87090517738073,266.5224469010499,267.5289306640625,17527400
2022-08-24,266.89984130859375,268.2934248728537,266.2417388510342,266.5320859883258,18137000
2022-08-25,269.861328125,270.02583166772644,265.6708883290783,268.3903061400595,16583400
2022-08-26,259.4481201171875,271.3032415870308,259.34168014145877,270.0838482135881,27549300
2022-08-29,256.6803283691406,258.7803619357156,255.34480790841272,257.2803379595906,20338500
2022-08-30,254.4931640625,258.44163228050394,252.25762926790654,258.07390638773194,22767100
2022-08-31,253.04151916503906,258.4996984815058,252.90601788695525,256.835171011409,24791800
2022-09-01,252.00599670410156,252.4802216307378,247.1768588698768,250.5253174553684,23263400
2022-09-02,247.80589294433594,256.2060856971304,246.26715020417384,253.26410148725907,22855400
2022-09-06,245.0865020751953,249.51885306650013,243.81873220604314,247.94142082307454,21328200
2022-09-07,249.7705078125,250.48664458354384,245.0574961858431,246.4897844948553,24126700
2022-09-08,250.18661499023438,252.0350498159717,246.57685541782593,249.20919235362013,20319900
2022-09-09,255.93516540527344,256.68036347856776,251.89960123552532,252.10282364921977,22084700
2022-09-12,258.0545654296875,258.828795252262,256.61260484004885,257.21261449388913,18747700
2022-09-13,243.8671112060547,252.00600375133774,243.47999634028216,250.49629269213037,33353300
2022-09-14,244.08970642089844,246.03490888980133,241.80578027171973,245.3574762961727,23913000
2022-09-15,237.47018432617188,243.29611908968658,236.15402331387534,241.71867215528192,31530900
2022-09-16,236.85079956054688,237.3927455707123,234.25718181157072,236.38626175161542,39791800
2022-09-19,236.63790893554688,237.2379185278828,233.08621305250247,234.6539876734692,26826900
2022-09-20,234.63462829589844,235.66045686379198,231.91521092748422,234.26688762643548,26660300
2022-09-21,231.24749755859375,239.6767391657264,231.19910634395904,236.39601564367854,28625600
2022-09-22,233.2119903564453,235.99915810009645,229.91192314451845,230.20224081204793,31061200
2022-09-23,230.25064086914062,233.35717293349165,227.6183189581972,231.8184154017902,34176000
2022-09-26,229.79580688476562,233.66686706312993,229.263533156856,229.40870677369827,27694200
2022-09-27,228.78932189941406,234.00557453802256,226.9408872481293,232.24423519066093,27018700
2022-09-28,233.2991485595703,234.51852731554808,227.16350637089323,229.1764596269769,29029700
2022-09-29,229.8441925048828,232.21521385312766,226.853802133828,231.18938529349765,27484200
2022-09-30,225.39248657226562,232.78621136819163,225.2279682767935,230.608739886535,35694800
2022-10-03,232.97976684570312,233.82171772604818,227.09575348399042,227.82157728205974,28880400
2022-10-04,240.85736083984375,242.2896489224366,237.08306843402076,237.18952317598578,34888400
2022-10-05,241.16702270507812,242.50254306214893,236.23143031780648,238.0605054835281,20347100
2022-10-06,238.834716796875,242.27028548507374,238.1476119193884,239.9379683013216,20239900
2022-10-07,226.6892852783203,233.54106344265196,225.65376961113512,233.13458913635256,37769600
2022-10-10,221.86012268066406,226.99895238528188,219.42135078516142,225.53763257488384,29743600
2022-10-11,218.14393615722656,221.67627288848584,216.88583856563983,220.28268877269275,30474000
2022-10-12,218.4729766845703,220.51496168634117,216.74068361052014,218.13425298449135,21903900
2022-10-13,226.6892852783203,228.48932881951694,212.0663551272384,212.76314712814823,42551800
2022-10-14,221.1923828125,229.5925913283704,220.9794733149992,227.94737889006004,30198600
2022-10-17,229.87319946289062,231.25711097245295,227.56024190285072,228.21832972494965,28142300
2022-10-18,230.81195068359375,236.06690750411659,227.7828415320167,235.39916206358598,26329600
2022-10-19,228.85708618164062,231.88619566301972,226.73767825485612,229.39903227367395,19985700
2022-10-20,228.5377197265625,233.53139112693572,227.29898159472276,228.16997903446602,21811000
2022-10-21,234.31527709960938,235.166915097807,226.9409118947973,227.17318083073934,26299700
2022-10-24,239.2799072265625,239.85088505869388,233.52170816579923,235.90240190553322,24911200
2022-10-25,242.58001708984375,242.9477578069221,237.90570962314226,239.2896067054904,34775500
2022-10-26,223.86338806152344,230.6183830586996,222.6439948132426,223.71821446357913,82543200
2022-10-27,219.4407196044922,226.15701124638468,218.50198634809382,223.5924250678105,40424600
2022-10-28,228.26673889160156,228.97321801422746,218.763293726381,218.9471714496145,40647700
2022-10-31,224.64730834960938,227.3473663725247,223.69888795758465,226.22475535763192,28357300
2022-11-01,220.81495666503906,228.14094541319034,220.00203754140927,227.0376938120004,30592300
2022-11-02,213.00506591796875,223.84403012553616,212.94698761825015,222.06334620744084,38407000
2022-11-03,207.34364318847656,213.30507890075714,207.08234251389777,212.9953870246754,36633900
2022-11-04,214.25350952148438,214.4470595832424,206.55009302136054,210.53729517480699,36789100
2022-11-07,220.52462768554688,221.04722910682952,214.1470592473895,214.8341789629505,33498000
2022-11-08,221.4923553466797,224.18274067732156,218.56002878294467,221.32783708020688,28192500
2022-11-09,217.27291870117188,221.26012061364744,217.098728086194,220.04072724111327,27852900
2022-11-10,235.14752197265625,235.48624560984527,227.42476185380536,227.84089369162848,46268000
2022-11-11,239.14443969726562,239.99607772936167,234.1314086905055,235.15725212322295,34620200
2022-11-14,233.76364135742188,236.0475673740293,231.49907477577239,234.18946032496393,31123300
2022-11-15,234.1701202392578,239.03797746539766,232.2926536001012,237.74117578758222,31390100
2022-11-16,234.5971221923828,236.60604855552322,233.3257795259496,235.62584176038104,24093300
2022-11-17,234.54861450195312,236.0722947974397,230.6181318208113,230.76369976880173,23123500
2022-11-18,234.10215759277344,236.547802374884,231.97677705188883,236.32457848011174,27613500
2022-11-21,234.9076690673828,237.45035420758848,234.0730450796648,234.30595375905,26394700
2022-11-22,237.79974365234375,238.07148033059326,233.6072243246812,236.40223227361014,19665700
2022-11-23,240.2744903564453,240.9538320187203,237.06216314669393,237.87737314142396,19508500
2022-11-25,240.18714904785156,241.36143645953254,239.44956540890726,240.01245273021934,9200800
2022-11-28,234.626220703125,239.37192761122702,233.69455635778226,238.81875468278062,24778200
2022-11-29,233.23841857910156,235.62582136830417,231.1809796211648,234.27683765009397,17956300
2022-11-30,247.61141967773438,247.7958155951577,232.78229762918565,233.47135371926146,47594200
2022-12-01,247.17471313476562,248.56251016658027,243.51595261951238,246.37890225412923,26041500
2022-12-02,247.49496459960938,248.50427013338341,242.3222385687394,242.44840731366295,21528500
2022-12-05,242.81719970703125,246.3303923254423,240.74034652754588,244.57378861196725,23435300
2022-12-06,237.88706970214844,244.42819318650004,236.58661356400265,243.41888770234414,22463700
2022-12-07,237.15921020507812,238.89639979977625,235.0629579890975,237.60564320065706,20481500
2022-12-08,240.09982299804688,241.4002941181583,235.88788937538192,237.61536472861388,22611800
2022-12-09,238.17819213867188,240.98291398303635,236.95537730702864,237.47943657529413,20609700
2022-12-12,245.05902099609375,245.08813458227053,239.87659533709365,240.14833201376896,30665100
2022-12-13,249.33888244628906,256.13232821113195,245.60248135221084,253.96811982675712,42196900
2022-12-14,249.6300048828125,254.84154325837602,246.80586902660406,249.54266413885614,35410900
2022-12-15,241.66229248046875,246.6991500991899,240.04157204816326,246.2333179219407,35560400
2022-12-16,237.4697723388672,242.4678019516118,236.3245836806278,241.21587335248572,86102000
2022-12-19,233.35487365722656,237.9744265437408,231.6662265103739,237.6347483108368,29696400
2022-12-20,234.66505432128906,235.74230142731602,231.38478542376703,232.33586378495446,25150800
2022-12-21,237.21739196777344,238.37228000952086,233.02487352981726,234.5582529222728,23690600
2022-12-22,231.16156005859375,234.84943370848737,226.9690262734001,234.14096367729437,28651700
2022-12-23,231.68565368652344,231.821522034393,227.03700146219919,229.14296825844733,21207000
2022-12-27,229.9678955078125,231.87975199416192,228.87123430992634,231.65654287895535,16688600
2022-12-28,227.60955810546875,232.6464155156222,227.26018028486453,229.8999205275325,17457100
2022-12-29,233.8983612060547,234.7815128184782,228.69652150065144,228.69652150065144,19770700
2022-12-30,232.7434844970703,232.87935283490333,229.6767250905103,231.1809912077217,21938500
2023-01-03,232.5105743408203,238.49851075863083,230.39489317769917,235.90729779007853,25740000
2023-01-04,222.3397979736328,225.99854338319813,219.2924526600918,225.4259564644858,50623400
2023-01-05,215.75015258789062,220.83553784778456,215.21637883212745,220.4958596008794,39585600
2023-01-06,218.29281616210938,219.09832651208657,212.87748240196308,216.41977321502756,43613600
2023-01-09,220.41824340820312,224.41668242466997,219.72920205241053,219.76801523516428,27369800
2023-01-10,222.09716796875,224.48457072526574,220.62201553173728,221.0393201111181,27033900
2023-01-11,228.81297302246094,228.98765452783252,224.29047536414728,224.46515686951886,28669300
2023-01-12,231.4721221923828,232.821105949786,226.6681880812586,228.3180220940589,27269500
2023-01-13,232.17086791992188,232.30673624907553,227.98804849183014,230.0066742453539,21333300
2023-01-17,233.25784301757812,233.80131636600996,230.09402846864725,230.94806647820474,29831300
2023-01-18,228.85179138183594,235.22793302598163,228.57035512507287,234.4418366169308,30028700
2023-01-19,225.0863037109375,228.57038281279662,223.87318816519613,226.88172064205048,28623000
2023-01-20,233.13165283203125,233.6363129556783,227.5901354890902,227.92981370488926,35389800
2023-01-23,235.42202758789062,237.93559913009912,232.57847740404011,233.98570310784828,31934000
2023-01-24,234.89797973632812,236.75162381980027,233.34520074340116,235.34441276702486,40234400
2023-01-25,233.51016235351562,236.1207891156233,224.08667522306712,227.5610395748184,66526600
2023-01-26,240.68212890625,240.98297919801647,234.8591741746472,236.4604808024221,33454500
2023-01-27,240.83737182617188,242.45809218411858,239.54661529494882,241.6428822092,26498900
2023-01-30,235.54818725585938,238.35290934630353,235.0532267167277,237.2950615090347,25867400
2023-01-31,240.49771118164062,240.63357952072695,235.78111768401726,236.26636386768823,26541100
2023-02-01,245.29196166992188,247.6502511666021,238.2267779645673,240.68212262765826,31259900
2023-02-02,256.792236328125,256.87957707013254,249.65911289346886,251.1827927216543,39940400
2023-02-03,250.7266845703125,256.4040702889057,249.5135692294624,251.8815727441677,29077300
2023-02-06,249.1932830810547,250.6781350311893,247.26201299101024,249.84352591670253,22518000
2023-02-07,259.6649475097656,260.8392350360664,252.40565360237943,252.84238703481986,50841400
2023-02-08,258.85943603515625,268.59347315321855,258.35476105655573,265.13852274513965,54686000
2023-02-09,255.8411407470703,265.89545501462214,255.04533006072302,265.7207439153009,42375100
2023-02-10,255.33653259277344,256.2973105018647,252.96852898785733,253.81285255852234,25818500
2023-02-13,263.3139953613281,266.49720913120274,259.26702917112374,259.742590569191,44630900
2023-02-14,264.1388854980469,266.85625191813295,261.33414871350027,264.62413161713886,37047900
2023-02-15,262.0276184082031,263.39944334315715,258.97262606555677,261.0546954493352,28922400
2023-02-16,255.0517578125,259.5174708073064,254.80852706316685,256.8711190669115,29603600
2023-02-17,251.0725555419922,253.047588426155,249.06833614983722,252.36656000925092,30000100
2023-02-21,245.82847595214844,248.57212619836037,244.77771723097973,247.58946437392655,28397400
2023-02-22,244.6998748779297,247.45324893497764,243.5615566726842,247.2100181685843,22491100
2023-02-23,247.87164306640625,249.88558633204974,243.69779430491118,248.64024584758673,29219100
2023-02-24,242.4718780517578,244.20367985270448,241.3822090117807,243.1918464363868,24990900
2023-02-27,243.38641357421875,245.97439223562597,242.63725873104798,245.62413937283682,21190000
2023-02-28,242.66650390625,244.68046206564443,241.99518451978517,242.32598969202303,22491000
2023-03-01,239.6017608642578,244.13557094129538,239.13474711689472,243.97017580621457,27565300
2023-03-02,244.31076049804688,244.59290171146822,238.95968256617152,239.87423280619296,24808200
2023-03-03,248.37754821777344,248.69861464364337,244.58315381318207,245.3614953141732,30760100
2023-03-06,249.9147491455078,253.07674918507004,249.04884819003743,249.48666061100502,24109800
2023-03-07,247.26840209960938,250.71255821742662,246.528985881538,249.36018084473946,21473200
2023-03-08,246.83058166503906,247.6478334867659,244.01883456634258,247.16137194826737,17340200
2023-03-09,245.48797607421875,252.53193017156482,244.76800759955387,248.8932070956166,26653400
2023-03-10,241.8589630126953,245.9452372856859,240.89577859254197,244.2815470078051,28333900
2023-03-13,247.0446319580078,250.92660047438005,239.07638938766013,240.70116918441778,33339700
2023-03-14,253.72860717773438,254.00102444049244,248.9320888847483,249.79798979400664,33620300
2023-03-15,258.252685546875,259.2645337884642,252.19136451987217,252.94053423822598,46028000
2023-03-16,268.72137451171875,269.0716125790634,256.15119488258745,258.0289293565625,54768800
2023-03-17,271.8639221191406,275.65831665347815,268.8381452248547,270.7256186044692,69527400
2023-03-20,264.85888671875,269.96673338942173,262.5433248107774,269.4802718017387,43466600
2023-03-21,266.3669128417969,267.5538803349331,262.2222505034053,267.4371343013886,34558700
2023-03-22,264.9172668457031,273.43034485869043,264.81022985408475,265.9971973475459,34873300
2023-03-23,270.1418151855469,273.4497475874127,267.7484328177196,270.4142324494357,36610900
2023-03-24,272.9730224609375,273.0313954676099,267.826251303453,269.73317213434575,28172000
2023-03-27,268.8964538574219,273.83888945620816,268.05972466794566,272.9048917232196,26840200
2023-03-28,267.7776184082031,268.66298193563654,264.68370058234905,268.32245293412296,21878600
2023-03-29,272.9146728515625,273.527619165426,270.8715283691032,271.4066242065595,25087000
2023-03-30,276.35882568359375,276.757727762298,273.8584356014265,276.53397442659906,25053400
2023-03-31,280.4937438964844,281.4374805787577,275.33726286422353,276.04750748202,32766000
2023-04-03,279.4527587890625,280.4645776022263,276.2615716824238,278.7619618964318,24883300
2023-04-04,279.404052734375,282.58553031935185,277.9349590223858,279.4527167048261,25824300
2023-04-05,276.6409606933594,279.3748723279069,275.25942646851195,278.11008412867955,22064800
2023-04-06,283.7043762207031,284.1713602969535,274.3934952141327,275.54153732325625,29770300
2023-04-10,281.55426025390625,281.75856581319096,277.00095709388467,281.3791115118309,23103000
2023-04-11,275.1717834472656,278.2365144767618,274.01403245876395,278.0127315105797,27276600
2023-04-12,275.8139343261719,279.23864232032844,274.32536331001984,277.07875205265157,27403400
2023-04-13,281.99200439453125,282.0503774003979,275.50262448189994,275.9112355229667,24222700
2023-04-14,278.3922119140625,280.6688482565068,276.00853859815146,279.22891147364464,20987900
2023-04-17,280.9801940917969,283.7043967289592,278.4116924129814,282.07960200286976,23836200
2023-04-18,280.5618896484375,283.86011391519935,279.23872820102855,283.67525611133146,20161800
2023-04-19,280.6396789550781,281.22340905975057,276.8355460862607,278.2462667608946,17150300
2023-04-20,278.3630065917969,281.2039550334732,277.3608970127179,277.52630699953454,23244400
2023-04-21,278.0224914550781,278.5186620047946,275.3955874268566,277.2927991907115,21676400
2023-04-24,274.1404724121094,277.23438977201215,271.173069469935,274.4518148632475,26611000
2023-04-25,267.9624938964844,273.9751515427264,267.91382992661585,271.941745821894,45772200
2023-04-26,287.372314453125,291.45860367890464,284.80381270160626,288.66631890750085,64599200
2023-04-27,296.5761413574219,296.936147852177,287.2555509397699,287.9560567732343,46462600
2023-04-28,298.9404296875,300.5651950095922,295.0973706856419,295.77842888815917,36469600
2023-05-01,297.286376953125,300.2440714597597,296.887474923344,298.65820207273595,21294100
2023-05-02,297.1404724121094,300.8083821173536,295.681087639922,299.42684782678805,26404400
2023-05-03,296.15777587890625,300.25377368049993,295.85617210321027,298.31766627691815,22360800
2023-05-04,297.1404724121094,299.42684782678805,295.1848873161754,297.94798558856564,22519900
2023-05-05,302.23858642578125,303.5228521768905,296.03133165334634,297.442082171176,28197100
2023-05-08,300.292724609375,301.8007733081372,297.8020437181864,301.7326615616671,21318600
2023-05-09,298.6874084472656,301.6451031506541,298.0160890953245,299.66033160181695,21340800
2023-05-10,303.8536376953125,304.52495706862396,299.33928955394174,300.2635487654328,30078000
2023-05-11,301.7132263183594,302.6958883395591,297.96749541594016,301.7035172755466,31680200
2023-05-12,300.6040954589844,302.23859938067807,298.2982721245842,302.14130111816417,19774700
2023-05-15,301.080810546875,301.50889913783726,299.26144888091557,300.7305724404115,16336500
2023-05-16,303.2990417480469,305.2157014683238,301.4407550392499,301.4407550392499,26730300
2023-05-17,306.1656799316406,306.58494426267947,302.9870076180216,304.49835287265563,24315000
2023-05-18,310.5729675292969,311.0800126585323,305.8927386445008,306.68252689685806,27276000
2023-05-19,310.3973083496094,310.79708228501255,308.47645930963307,308.83722292651646,27546700
2023-05-22,313.1665954589844,314.54141972113337,310.0757031921086,310.6509792014614,24115700
2023-05-23,307.3942565917969,314.66812088311536,307.38449657033,312.0452341385488,30797200
2023-05-24,306.0194091796875,308.60328539686515,304.8103271006574,306.8774578305602,23384900
2023-05-25,317.78839111328125,318.7439213159564,312.01608053074665,315.1752338241453,43301700
2023-05-26,324.58441162109375,325.0816668912498,315.7992015223041,315.935693050292,36630600
2023-05-30,322.9462890625,327.36326419300417,322.2735022093098,326.86600894737563,29503100
2023-05-31,320.1966552734375,327.55827021551164,319.1630749897936,323.99934398362257,45950600
2023-06-01,324.2820739746094,325.2083832572948,316.6181962485788,317.79799826429337,26773900
2023-06-02,327.0317687988281,329.0793797798021,324.25287030723234,325.9104672337744,25873800
2023-06-05,327.5583190917969,330.11294548453895,326.31025620693947,326.8562818593042,21307100
2023-06-06,325.35467529296875,327.00251216553283,323.8823700342451,326.9635018339944,20396200
2023-06-07,315.3116760253906,326.1444673202271,314.45362725824225,323.37532887108034,40717100
2023-06-08,317.144775390625,318.4903491637824,315.28242630303987,315.85770223750364,23277700
2023-06-09,318.6365966796875,321.75673881470783,316.3159729270914,316.8814888323344,22529000
2023-06-12,323.57037353515625,323.8141360540533,317.0472861489783,320.3819407440362,24260300
2023-06-13,325.9494934082031,328.5723804542734,322.1468041193806,326.12499527780267,22951300
2023-06-14,328.9233703613281,330.58096729872784,324.50639495848685,325.9982202996805,26003800
2023-06-15,339.4149169921875,341.1114945004108,328.78687775426107,329.0598905688736,38899100
2023-06-16,333.788818359375,342.70078870657477,333.4183243934552,342.55453717316414,46552000
2023-06-20,329.6156005859375,333.54505041870027,327.48023896465304,330.8441729587754,26375400
2023-06-21,325.2377014160156,329.3036733312241,323.784886322757,327.9775897528391,25117800
2023-06-22,331.2342834472656,331.6340575859297,325.02321865294914,325.78375659192324,23556800
2023-06-23,326.66131591796875,329.5279659621624,325.1305096782342,326.0177791982343,23146900
2023-06-26,320.4014587402344,327.72406452687306,320.29418775939905,325.39371033432894,21520600
2023-06-27,326.2225036621094,327.7630696544983,321.08397083431,323.5800965917035,24354100
2023-06-28,327.47052001953125,329.54738110019997,325.481409860504,326.31020823977883,20259500
2023-06-29,326.6905212402344,327.7240719566855,324.3211566594738,326.35900777987905,16997000
2023-06-30,332.0435791015625,334.17894126353815,328.7869152430103,329.3231809112348,26832800
2023-07-03,329.55712890625,332.3945278816647,328.17257461621756,330.7272007694062,12508700
2023-07-05,329.713134765625,333.1258095919121,326.37848059881856,326.72948429799266,18172400
2023-07-06,332.7552490234375,334.43233594271175,327.12922214467216,328.8842999586327,28161200
2023-07-07,328.8064270019531,333.26241352176123,328.5919147694236,330.8540383567949,21214800
2023-07-10,323.55078125,326.8659745717447,319.41657937452953,326.2516884002901,32791400
2023-07-11,324.1748962402344,324.55515029230673,318.84137119543414,322.80007207810127,26698200
2023-07-12,328.7869567871094,333.12591255362145,327.2951310922035,328.20192068483465,29995300
2023-07-13,334.110595703125,335.1636364816071,330.5613998542952,331.08793512161674,20567200
2023-07-14,336.62628173828125,342.661844143398,335.7194923009407,338.91765538868515,28352700
2023-07-17,337.10406494140625,338.33260777182664,333.66213945063294,337.0552945851425,20363900
2023-07-18,350.520751953125,357.6288755346599,333.63290678637566,337.2015639773949,64738600
2023-07-19,346.2207336425781,353.4166072525743,343.64661716979606,352.72433009882633,39732900
2023-07-20,338.21563720703125,349.03869970926394,336.75306199743676,344.7484850456873,33778400
2023-07-21,335.1929626464844,341.56003861838775,331.35126286647005,340.4387369530099,69405400
2023-07-24,336.49951171875,338.2643797019485,333.7693834548789,337.2210689969038,26678100
2023-07-25,342.2230529785156,343.11035203179654,336.46050402116185,338.4495845575855,41637700
2023-07-26,329.3426513671875,336.0705206538034,324.79891447113727,332.92109821610006,58383700
2023-07-27,322.4685363769531,332.8138025679025,320.8401897883476,331.9850338749244,39635300
2023-07-28,329.9277038574219,331.5268003348271,324.8574610945914,325.34498615387326,28484900
2023-07-31,327.538818359375,329.2744062182313,325.0426629130829,328.51386838696095,25446000
2023-08-01,327.9483642578125,330.0934864927497,325.374247332057,326.82706253525544,18311900
2023-08-02,319.3288879394531,325.3059494426346,318.2173166114524,325.3059494426346,27761300
2023-08-03,318.5097961425781,321.64945793431025,317.8175190621743,317.86625965352187,18253700
2023-08-04,319.6018981933594,326.7782818997198,319.0753628445266,323.5996092744747,23741500
2023-08-07,321.873779296875,322.84882941223,319.34840306884576,320.1772016181311,17741500
2023-08-08,317.9150695800781,320.5477167225477,314.9411787114309,318.802368731708,22327600
2023-08-09,314.19036865234375,318.94858760325343,313.03978705069517,318.3245710835293,22373300
2023-08-10,314.8729248046875,320.06995855318496,313.16658711260004,317.88582607311884,20113700
2023-08-11,313.0008544921875,314.3659187348988,311.2457463891283,312.2695668882884,24355500
2023-08-14,315.9552001953125,315.974690482468,312.09398089474894,313.37132372944086,18836100
2023-08-15,313.8295593261719,316.97898134379494,312.8935197157339,314.9411305404492,16966300
2023-08-16,313.0674133300781,316.99543186990195,312.48113879078903,313.45825308321696,20698900
2023-08-17,309.6280517578125,314.50384363723833,308.97337191344144,313.2042944549321,21257200
2023-08-18,309.2371826171875,311.0936940527994,304.4199858602723,307.29270464284144,24755000
2023-08-21,314.5135803222656,315.3831966115051,309.78435031765304,310.65396660689254,24040000
2023-08-22,315.0802917480469,318.61744100027846,314.1031773769701,318.0507277854862,16084600
2023-08-23,319.51641845703125,321.66608212966844,316.05742502712076,316.40920172771865,21166400
2023-08-24,312.6473083496094,325.35957674760573,312.6375276630827,325.23254709942444,23281400
2023-08-25,315.58843994140625,317.9139473148537,311.5040788241883,314.11298756039173,21684100
2023-08-28,316.2919616699219,318.68587419815776,314.3572643100924,318.20709765634393,14808500
2023-08-29,320.8941650390625,321.45112744073015,314.5136087751781,314.5136087751781,19284600
2023-08-30,321.2654724121094,322.262118428765,318.97902814860515,321.14822344769897,15222100
2023-08-31,320.259033203125,323.3369376753796,319.30145033255354,321.66608035944125,26411000
2023-09-01,321.138427734375,324.3922056211829,319.3014478601216,323.7277749745022,14942000
2023-09-05,325.91650390625,327.18677054781415,321.13842988312655,321.47064520868975,18553900
2023-09-06,325.2618103027344,326.80563776371406,322.62358978658284,325.75036744875047,17535800
2023-09-07,322.3598327636719,325.4572688809115,321.4999672739755,323.70825547986243,18381000
2023-09-08,326.6200256347656,328.4667861972207,321.92010767166425,322.5356945258159,19530100
2023-09-11,330.2060241699219,330.6750497904705,327.75345762157895,329.52203220068384,16583300
2023-09-12,324.17724609375,329.08237965274225,323.8939043767627,328.1345774558951,17565500
2023-09-13,328.36907958984375,329.141008354495,323.59100543664357,323.7277859536388,16544400
2023-09-14,330.94866943359375,333.0592103619418,328.8674109262189,331.38835303568044,20267000
2023-09-15,322.6627197265625,329.6783939916595,322.1057573596053,329.20939816193993,37679800
2023-09-18,321.529296875,322.8386267343985,318.8910757818205,320.2981230556272,16834200
2023-09-19,321.1286315917969,321.8517165023023,317.0833936077872,318.7054070395551,16505900
2023-09-20,313.4289245605469,322.04707932853614,313.1748951347457,321.96892330963425,21436500
2023-09-21,312.21734619140625,317.9041588491349,307.79101939102566,311.9535360525413,35560400
2023-09-22,309.7550354003906,314.0934255806642,308.9147015377864,313.96639594173394,21447900
2023-09-25,310.27294921875,310.39997887585656,307.7910700190704,309.34467850848546,17836000
2023-09-26,304.9964599609375,308.65085775757245,302.92495267803366,307.9180220612958,26297600
2023-09-27,305.6316223144531,307.1070447852302,302.6025617027996,305.1528159801847,19410100
2023-09-28,306.46221923828125,308.2601064170978,302.3681069221391,303.87284184688065,19683600
2023-09-29,308.5238952636719,312.1587623008752,307.7715278533527,310.4781242122937,24147300
2023-10-02,314.43536376953125,314.52333029570326,307.96687199890835,309.0417036720847,20570000
2023-10-03,306.2178955078125,314.03481069195016,304.0877634575696,313.48759919542874,21033500
2023-10-04,311.660400390625,312.71570064039577,306.8139213204077,306.84323355961436,20720100
2023-10-05,312.0512390136719,312.65707498694155,307.6933171593875,311.78742886180316,16965600
2023-10-06,319.7705078125,321.6563316821838,309.06131118825493,309.30558981860264,25673600
2023-10-09,322.2718200683594,322.74081581096533,315.78376731682033,317.3178438029665,19891200
2023-10-10,320.8746032714844,323.52257487302114,320.1710797301385,323.38576454759857,20557100
2023-10-11,324.8123474121094,325.2031871666955,321.6074137138443,323.63001764409694,20063200
2023-10-12,323.5811767578125,325.9946502834495,321.1970154685532,323.0046828962765,19313100
2023-10-13,320.2297058105469,326.190079660526,318.8910340646987,324.7732817040409,21072400
2023-10-16,325.02734375,328.4472441018182,323.03402205271703,323.47370563502346,22158000
2023-10-17,324.4606018066406,325.8285559881701,319.91702585909127,322.0471280716989,18338500
2023-10-18,322.55523681640625,327.909834737972,320.7866620472197,324.8807739787621,23153600
2023-10-19,323.737548828125,329.1703024841639,323.33692834747904,324.5485406563444,25052100
2023-10-20,319.1940002441406,324.3238512632102,318.0019193859901,324.12841643957864,25027700
2023-10-23,321.7833557128906,325.11531975085603,316.9661883632888,318.0214589074995,24374700
2023-10-24,322.965576171875,324.2455934709326,320.1026385377484,323.7179434195226,31153600
2023-10-25,332.87359619140625,338.2770379621599,329.89337919706037,337.1240202368528,55053800
2023-10-26,320.3860778808594,333.81162115649903,319.4578072066944,332.7465699625012,37828500
2023-10-27,322.26214599609375,329.0140110865285,320.88441090808146,322.8679522434815,29856500
2023-10-30,329.5904235839844,331.6814625082959,324.2358264617481,325.7796837612077,22828100
2023-10-31,330.3721618652344,331.24180806391223,327.03044704898707,331.09524685603606,20265300
2023-11-01,338.1499328613281,339.46904305176577,331.8768463077068,332.0136566147739,28158800
2023-11-02,340.3485107421875,340.84681883225545,336.879736569886,339.29321044253436,24348100
2023-11-03,344.7259826660156,346.2796209573482,339.3811651738514,341.62854640879175,23637700
2023-11-06,348.3706359863281,349.35753118619317,345.2634189928444,345.36113640793855,23828300
2023-11-07,352.279052734375,354.16487636600215,349.4454269438777,351.1749086935178,25833900
2023-11-08,354.88800048828125,355.54265050853274,352.2986231921823,353.40276735497133,26767800
2023-11-09,352.4354248046875,356.441600143659,352.11296032697913,354.00856480709007,24847300
2023-11-10,361.2099304199219,361.63008249841977,352.8067397541227,353.2171111454846,28042100
2023-11-13,358.2882385253906,360.03728134560396,357.526090619128,359.7930027882229,19986500
2023-11-14,361.7961120605469,363.43768679672274,358.94295491704753,362.51919694143055,27683900
2023-11-15,361.94305419921875,365.3307238214912,359.4365366374243,363.51938712911283,26860100
2023-11-16,368.3071594238281,368.48338982170065,362.4423444484434,363.2060393855787,27182300
2023-11-17,362.1192626953125,366.54477320500723,359.32882848725313,365.80064944827456,40157000
2023-11-20,369.5506286621094,370.95073116555085,363.24523724780994,363.4606399313925,52465100
2023-11-21,365.27191162109375,368.35606277121207,363.3626595435668,367.8175710979016,28423100
2023-11-22,369.9520263671875,371.85147806167527,367.1322205576516,370.0988850281661,23345300
2023-11-24,369.5407409667969,370.06946195265203,367.29862933432463,369.4428252465004,10176600
2023-11-27,370.6961669921875,372.68376401378913,368.33656782207504,368.90443134275364,22179200
2023-11-28,374.70068359375,374.994400937648,370.25557188472965,370.44160282909473,20453100
2023-11-29,370.9311218261719,376.2671856758015,369.5505906614915,375.738494499301,28963400
2023-11-30,370.9898681640625,372.1451961390215,367.6217700935787,370.5786340328009,30554400
2023-12-01,366.6818542480469,370.25555453657734,363.54872995472044,368.8848238631299,33040500
2023-12-04,361.4241027832031,361.79613477265366,355.3145134346435,361.3849305128498,32063300
2023-12-05,364.7334289550781,365.28172122334854,357.9776614584204,358.7903292029664,23065000
2023-12-06,361.0912170410156,366.3587674073999,360.33732257448145,365.7321604216408,21182100
2023-12-07,363.1962585449219,363.68580733396766,358.6630319776083,360.5331119373255,23118900
2023-12-08,366.40771484375,366.6328881744278,360.53312909562084,361.4828549867559,20154400
2023-12-11,363.5389404296875,363.83268764840955,358.44765064841334,360.77790780370736,27708800
2023-12-12,366.5545959472656,366.5937682209635,362.7165198765075,363.09838231575895,24838300
2023-12-13,366.5447692871094,369.7464376106383,363.0200118977458,368.16027437565873,30955500
2023-12-14,358.2811584472656,365.94750897813526,356.5187948133364,365.50690312981,43277500
2023-12-15,362.9808654785156,364.6159417445296,358.6238691889497,359.1819619943408,78502300
2023-12-18,364.8607177734375,365.2034079122954,360.97369907312446,361.72762335454945,21802900
2023-12-19,365.4579772949219,365.4579772949219,362.1094503782396,363.7249554315047,20603700
2023-12-20,362.8731689453125,368.1700908565403,362.78505374172363,367.1616214647713,26316700
2023-12-21,365.7321472167969,366.58395739776404,362.30530541678434,364.77262075610525,17708000
2023-12-22,366.7503356933594,367.3378001809741,364.9194281127133,365.8691539017797,17107500
2023-12-26,366.8287048339844,369.0610461329153,365.69294804965995,367.1615944273694,12673100
2023-12-27,366.2510681152344,367.2203652351963,365.01739550459973,365.87900622442777,14905400
2023-12-28,367.43572998046875,368.59105792655595,366.3391454974242,367.5238451750327,14327000
2023-12-29,368.1799011230469,369.2764857473798,365.6734134446601,368.14072884940924,18730800
2024-01-02,363.1179504394531,368.04281055620135,359.10364399056556,366.04544293017665,25258600
2024-01-03,362.85357666015625,365.45797986261033,360.8072662610182,361.2968150611858,23083500
2024-01-04,360.2491760253906,365.30132326469203,359.49528162444665,362.9221232500447,20901500
2024-01-05,360.0631408691406,364.2830491168241,358.8392688743441,361.25764113124956,21004600
2024-01-08,366.85809326171875,367.35744261436474,361.2968258961624,361.58074269539895,23134000
2024-01-09,367.9350891113281,368.1308907001316,363.4312342532303,364.2341014424794,20830000
2024-01-10,374.7691345214844,376.139894907687,368.4539736551255,368.50291657762523,25514200
2024-01-11,376.59027099609375,382.5137988372754,372.42910667865823,377.9316297717882,27850800
2024-01-12,380.35003662109375,380.55563874578314,376.6098767088899,377.4323150873344,21661200
2024-01-16,382.1123962402344,385.79381264906647,379.5177936668549,385.43155133047776,27202300
2024-01-17,381.3291931152344,381.95580012337945,376.7665941196336,379.8703470627965,22234100
2024-01-18,385.6371765136719,385.75466344784127,381.96556042243856,383.5321225973024,23392100
2024-01-19,390.3368835449219,390.3368835449219,385.27493541414515,387.4877057228784,29331100
2024-01-22,388.2220153808594,392.2460923450514,385.36303712070327,391.6586277842315,27016900
2024-01-23,390.5620422363281,391.03201985975426,385.6959257751216,387.47789064929606,20525900
2024-01-24,394.1455078125,397.1513444657461,392.07962632176026,393.1468390669837,24867000
2024-01-25,396.4072570800781,398.5025403738,394.1161721859946,395.8687653294727,21021200
2024-01-26,395.48687744140625,397.68007633393063,394.01823107466254,395.917682766026,17803300
2024-01-29,401.1559143066406,401.4104892723421,395.8785633157736,397.5724131081032,24510200
2024-01-30,400.0494689941406,404.41623575131524,397.9542157503529,403.64277019124665,33477600
2024-01-31,389.2696533203125,406.6388669659615,388.9073919493629,398.4535945955144,47871100
2024-02-01,395.34002685546875,399.4718199134869,393.40140285508346,393.4307745878308,30657700
2024-02-02,402.62457275390625,404.0246753472104,395.124680500137,395.3694549344779,28256700
2024-02-05,397.17095947265625,402.5657971362689,395.5456537728456,401.33212452419457,25352300
2024-02-06,397.0142822265625,399.4424550677267,394.4882235276778,397.39614463854895,18382600
2024-02-07,405.3953552246094,405.64012962816963,398.88436206584436,398.9235343367266,22340500
2024-02-08,405.4541015625,406.8738050650789,403.90714046810643,405.3953580956046,21225300
2024-02-09,411.7594909667969,412.0238664464446,406.41362634312986,406.5702855474464,22032800
2024-02-12,406.58001708984375,411.9454519986709,406.08066782830315,411.7692216286035,21202900
2024-02-13,397.8269958496094,401.49861232810986,394.95824667886694,396.4758362047706,27824900
2024-02-14,401.6721496582031,402.0154735668343,396.8460973518379,400.2792765682555,20401200
2024-02-15,398.798095703125,401.31903734272595,396.57144452899195,400.3479476570602,21825500
2024-02-16,396.3457336425781,400.49498577796,395.73757539612643,400.1712693339194,22296500
2024-02-20,395.10003662109375,396.76756266074034,390.4112964520626,395.5414273661721,24307900
2024-02-21,394.5016174316406,394.60953289016544,389.6363215762775,392.53001248162076,18518900
2024-02-22,403.7908935546875,404.9483581581281,400.7697091781749,402.3587758261095,27009900
2024-02-23,402.5058288574219,407.92043082910567,401.1619895410124,407.7340858290021,16295900
2024-02-26,399.7593994140625,404.2911912249742,399.5828131595868,403.6045434024342,16193500
2024-02-27,399.7004699707031,400.52442923735737,396.13976854109416,400.20071277924296,14835800
2024-02-28,399.9358825683594,401.48570431449235,397.5817089338175,400.38709194736896,13183100
2024-02-29,405.742919921875,406.29222617012584,398.1703067167653,400.83837846610305,31947300
2024-03-01,407.5673522949219,407.93028353505224,403.03556125394095,403.4180998812608,17823400
2024-03-04,406.99847412109375,409.3820740419509,404.4481066223211,405.54671909934444,17596000
2024-03-05,394.9626770019531,406.3412180011649,392.991071894389,406.0567462440755,26919200
2024-03-06,394.41339111328125,397.4247865981622,390.784048581795,395.27659515513125,22344100
2024-03-07,401.32879638671875,401.9565620702222,394.56050584072034,398.3664344564578,18718500
2024-03-08,398.46453857421875,402.58436507476455,396.61060766849016,400.171309298901,18002200
2024-03-11,396.7969665527344,397.9348236347475,393.5992262388283,396.05149669102667,16120800
2024-03-12,407.3515625,407.63603426425436,399.02366133031137,399.8378019777306,22457000
2024-03-13,407.1750793457031,410.196264020495,403.594769703304,410.11780452054325,17115900
2024-03-14,417.10174560546875,419.6521126654565,410.0097692297409,412.2168124659908,34157300
2024-03-15,408.4698486328125,414.53185475986993,404.9091467039747,411.28505067232237,45079900
2024-03-18,409.35260009765625,412.6975005120342,405.8801768330178,406.3412048651448,20106000
2024-03-19,413.364501953125,413.61954764814055,407.61636469929994,409.8528340561438,19837900
2024-03-20,417.1116638183594,417.82770774754715,412.62890552421754,413.94331910643774,17860100
2024-03-21,421.17254638671875,422.5948752417206,419.004747660182,421.6237557740876,21296200
2024-03-22,420.5545959472656,421.65320840400005,417.93558766825475,421.4962894258474,17648500
2024-03-25,414.7868347167969,419.2499850699005,413.5606994442316,417.12140106535213,18060500
2024-03-26,413.599853515625,417.85699065684025,413.3055930886728,417.4842408260764,16725600
2024-03-27,413.3841552734375,416.3465173372015,411.0103740796991,416.3366986755512,16705000
2024-03-28,412.6877136230469,413.81575210575176,411.11825446083225,412.9231220201488,21871200
2024-04-01,416.4642333984375,419.7208560550212,414.15909296576694,415.85607505767865,16316000
2024-04-02,413.3939514160156,414.31600751259526,409.8626759328322,412.08932675524255,17912000
2024-04-03,412.4228515625,415.17920112214335,411.0888008867087,411.71659648353796,16502300
2024-04-04,409.90191650390625,420.48592418548293,409.5978373618215,416.8761593197056,19370900
2024-04-05,417.3960876464844,418.3672072160066,410.3335658710208,411.9913032872843,16554800
2024-04-08,416.4838562011719,419.1225019527215,415.2184760981184,417.052799785157,14272400
2024-04-09,418.1415710449219,419.5736887198931,413.5705349702072,418.2985199584035,12496900
2024-04-10,415.17926025390625,415.9345488749053,411.687229070282,414.1296811793762,16216600
2024-04-11,419.76007080078125,421.1725811111206,414.2964045264092,417.6903687099733,17966400
2024-04-12,413.8451843261719,417.06256218596104,411.75584496590756,415.9541310748391,19253800
2024-04-15,405.742919921875,418.67128401490294,405.5369076275719,418.45548299345114,20273500
2024-04-16,406.6648864746094,410.4119627811132,405.8311384974836,406.6550977488978,16765600
2024-04-17,403.9772644042969,410.88286711080787,402.49608331512337,409.28398181705415,15855500
2024-04-18,396.5517578125,404.02630364117994,396.23788993068626,402.7903496970384,21029900
2024-04-19,391.5000915527344,397.738683518828,390.1758594431205,396.31635459832717,30565800
2024-04-22,393.3049621582031,395.1588931129713,388.1944385754191,392.44175811164087,20286900
2024-04-23,399.78875732421875,400.4067342721825,395.3648518176367,396.5223162949651,15734500
2024-04-24,401.2503356933594,404.595236495939,399.0138660286807,401.74078982977966,15065300
2024-04-25,391.421630859375,392.25540884693,380.6218216022703,386.507271018032,40586500
2024-04-26,398.5626220703125,405.1150815807432,398.01331587991365,404.30094095620495,29694700
2024-04-29,394.5703125,398.562615947593,391.56873588609426,397.5130370183344,19582100
2024-04-30,381.89697265625,394.4820415046003,381.74005368851095,393.82481984555585,28781400
2024-05-01,387.39990234375,394.05045900742965,382.85829240714,385.11436938308555,23562500
2024-05-02,390.2445373535156,392.2946320183516,387.1154376190438,390.067981051651,17709400
2024-05-03,398.8961181640625,399.37675358596374,394.18774100881984,394.5997356096934,17446700
2024-05-06,405.64483642578125,406.02737510572115,398.61171057588416,400.95609583749865,16996600
2024-05-07,401.5250244140625,406.75328273544164,401.279797324109,406.7434640726603,20018200
2024-05-08,402.7020568847656,404.3597941214035,398.9451617518151,400.3773092630151,11792300
2024-05-09,404.4481201171875,404.84047745279514,401.28959417288524,402.7315305808264,14689700
2024-05-10,406.8218688964844,407.44966453116945,403.93799631140473,405.0562460600837,13402300
2024-05-13,405.8212890625,410.36289822900073,402.9766616384639,410.02939307645266,15440200
2024-05-14,408.60711669921875,409.51935413927424,403.69275704643184,404.15378509704203,15109300
2024-05-15,415.7511901855469,416.46855556809163,410.0418362179186,410.66092785109674,22239500
2024-05-16,413.6973571777344,418.0506409370668,413.06845922359344,414.493323488297,17530100
2024-05-17,412.930908203125,415.5939858480529,410.7886784280323,415.2205635959117,15352200
2024-05-20,417.9720153808594,419.3772369114519,412.71468512121004,412.9308753558347,16272100
2024-05-21,421.60797119140625,425.46988664412265,417.49054998726376,419.43623228216074,21453300
2024-05-22,423.0622863769531,424.91956115828395,419.7310254046841,422.6397422694005,18073700
2024-05-23,419.60333251953125,426.08901063588814,418.0507151165833,425.4699189536125,17211700
2024-05-24,422.7085266113281,423.5929302999633,417.0581313925194,419.78997344657733,11855300
2024-05-28,422.8658447265625,423.3571835413157,419.2102827452408,422.1877947630877,15718000
2024-05-29,421.7357177734375,423.4750461602697,418.3159892619867,418.3159892619867,15517100
2024-05-30,407.4869079589844,416.9500674611062,407.0643338259667,416.9500674611062,28394500
2024-05-31,407.9389343261719,409.5308671519035,397.50290358954135,409.5308671519035,47995300
2024-06-03,406.3567810058594,409.21637607324783,401.83648858598,408.3319723384426,17484700
2024-06-04,408.86260986328125,409.226195718034,402.58328662384173,405.2856495851976,14348900
2024-06-05,416.6650695800781,416.7338342090642,409.08860495020656,410.57245747625547,16988000
2024-06-06,417.16619873046875,417.942522272772,413.294447378338,416.66505364933033,14861300
2024-06-07,416.5078430175781,418.8957420228007,415.67256118761725,418.81714102196315,13621700
2024-06-10,420.45819091796875,420.66454478320344,416.5471539046789,417.3431202309482,13982900
2024-06-11,425.184814453125,425.32240367223466,417.88352918291065,418.1095557619057,14551100
2024-06-12,433.4197082519531,435.719169857388,425.74499986300094,427.77914935628644,22366200
2024-06-13,433.9307556152344,435.7094296372952,431.7590465451533,433.2134201697404,15960600
2024-06-14,434.903564453125,435.4636977946633,429.15489539650804,430.68786981308114,13582000
2024-06-17,440.6031494140625,443.12863803595843,433.0856717940259,434.9232741023748,20790000
2024-06-18,438.6082763671875,442.34246889984814,437.18341197055486,441.9198947788086,17112500
2024-06-20,437.9793701171875,438.79497924029823,433.6260860366594,438.5689526211533,19877400
2024-06-21,441.9886779785156,442.774807970896,438.77533339876635,439.63025801243765,34187100
2024-06-24,439.9151916503906,444.9071794974399,438.677008567092,442.0082692588683,15913700
2024-06-25,443.1383972167969,443.6002568065394,439.01114003233465,440.48515617122325,16413400
2024-06-26,444.32745361328125,445.7425115856911,440.42622281234816,441.2221891732116,16507000
2024-06-27,445.00555419921875,448.2680510068741,443.9442456044681,444.3471470164623,14806300
2024-06-28,439.20770263671875,447.49166642517747,438.6770484115445,445.22168389223947,28362300
2024-07-01,448.81829833984375,449.447196335744,437.94005138791704,440.88808384173325,17662800
2024-07-02,451.3241271972656,451.6287548273333,445.26099374388446,445.349461110364,13979800
2024-07-03,452.788330078125,453.0339994689676,449.9484075142332,450.2530351597629,9932800
2024-07-05,459.4606628417969,460.2369864186551,451.0194672052492,451.6483651745115,16000300
2024-07-08,458.1635437011719,459.598274429734,456.4143789671548,458.46817132419625,12962300
2024-07-09,451.57958984375,459.2346253511444,450.0662582205172,458.91035499777627,17207200
2024-07-10,458.1734313964844,458.37978529575963,450.9114295315087,453.2305642637646,18196100
2024-07-11,446.8234558105469,456.72883147324404,443.7279978013262,454.96002402992053,23111200
2024-07-12,445.6933288574219,448.4546499899947,442.84357035631416,446.45981604032585,16324300
2024-07-15,446.0962829589844,449.3391368001631,443.61011000854984,445.44771219074863,14429400
2024-07-16,441.73321533203125,446.4304129687703,438.9227718455909,446.3518119574386,17175700
2024-07-17,435.83709716796875,437.1440749862863,431.5722805813875,434.92321432561624,21778000
2024-07-18,432.7416687011719,436.94752703468305,426.8750830594602,436.6428994208888,20794800
2024-07-19,429.5382080078125,433.4984276788557,424.51673967166596,425.59769107139607,20940400
2024-07-22,435.26715087890625,436.89839903999433,431.3069619660928,434.1370778123692,15808800
2024-07-23,437.1440734863281,440.6227600869156,435.4243879336588,436.21051790501895,13107100
2024-07-24,421.47039794921875,433.83249840274334,420.18309274942834,432.82034171919196,26805800
2024-07-25,411.1522521972656,422.3547694868196,410.2776848331151,421.37209200547386,29943800
2024-07-26,417.9031982421875,421.48999466729276,410.0417792088543,410.9556919630689,23583800
2024-07-29,419.3379211425781,424.664015646501,417.3430872988914,424.10388235327076,15125800
2024-07-30,415.5939636230469,421.6177512482942,410.13024936818454,420.3108034246303,32687600
2024-07-31,411.1031494140625,414.4737261342931,405.06949500365346,413.2159000993034,42891400
2024-08-01,409.88458251953125,420.05530026736574,405.9342299111822,413.5008583778063,30296400
2024-08-02,401.4139099121094,407.81114983489476,397.3358044115477,405.3446197900361,29437900
2024-08-05,388.3050537109375,394.09303926008795,378.90082173461536,382.4286607640187,40709200
2024-08-06,392.687744140625,398.6427974223072,391.59698650264767,393.07100276300895,24946500
2024-08-07,391.52825927734375,402.9764482057157,390.584897105225,401.561419942009,20650900
2024-08-08,395.7143859863281,398.8294567188382,393.0120229903142,395.46871662305415,20203000
2024-08-09,398.9866943359375,400.9815283942931,395.2918474526737,397.03117577316215,19276700
2024-08-12,399.7629699707031,401.6792027969371,397.2374819862831,400.0086393079673,16762900
2024-08-13,406.83831787109375,407.7620371122612,402.475227409518,402.49487016333154,19414300
2024-08-14,409.6389465332031,410.48406481515934,405.3053649551057,407.61463319199424,18267000
2024-08-15,414.482421875,414.56116454959863,411.16483466760724,413.27153919674845,20752100
2024-08-16,411.9622497558594,414.787612725286,410.8104315549657,414.05913029915934,22775600
2024-08-19,414.974609375,415.19118926465836,409.9834478562735,412.44456931012445,15234000
2024-08-20,418.19378662109375,419.23729981689326,415.082955234779,415.14201975205145,16387600
2024-08-21,417.5440979003906,419.76893159636126,415.1617187597954,417.48500333716095,16067300
2024-08-22,409.0876159667969,420.1528389914807,408.1622318516386,417.7606059891525,19361900
2024-08-23,410.30841064453125,412.74000030450156,405.68148941527863,410.4954583139899,18493800
2024-08-26,407.0596618652344,410.7907306533513,404.94310328054127,409.89487877847426,13152800
2024-08-27,407.404296875,407.91619944694173,403.87012920932085,406.43952621400086,13492900
2024-08-28,404.21466064453125,408.54622911327857,400.975815861933,408.42810007077503,14882700
2024-08-29,406.6954345703125,415.48655408743093,404.2146347079457,408.4871383812944,17045200
2024-08-30,410.6529235839844,410.99745657650817,405.7208262421071,409.1368642535232,24308300
2024-09-03,403.07269287109375,413.35034007836833,400.7001678121759,411.4109748667296,20313600
2024-09-04,402.5411071777344,404.8447137580876,398.0815553280134,399.59761488778184,15135800
2024-09-05,402.0389709472656,406.6757153578755,399.81410753750566,401.2809263113811,14195500
2024-09-06,395.4530334472656,404.26383081056673,394.5670056307313,402.6985610672717,19609500
2024-09-09,399.4105224609375,402.2949499033103,395.89603343829765,400.9068736495872,15295100
2024-09-10,407.7586669921875,409.85551750473985,401.3597503882825,401.8519747424291,19594300
2024-09-11,416.4612121582031,417.39642045511704,403.2105102076021,409.03846009013733,19266900
2024-09-12,420.3595886230469,420.7238298297295,413.2223356546228,416.72697057085117,17395700
2024-09-13,423.8937683105469,425.11447510259467,418.84354159900835,419.20778281644255,15874600
2024-09-16,424.6321105957031,426.7880557127787,421.5606353721957,423.90362815097126,13834700
2024-09-17,428.3828430175781,434.9786612819886,425.54762597309116,433.3838592052121,18874200
2024-09-18,424.1103515625,429.2491750935579,423.71657808226,428.2351941115192,18898000
2024-09-19,431.8677978515625,434.63409626466625,430.1056262859268,434.36830593406904,21706600
2024-09-20,428.5009460449219,432.409208323067,427.4672869965637,430.4206328981448,55167100
2024-09-23,426.7684020996094,429.6725079875257,423.6969266994437,427.52641684805,15128900
2024-09-24,422.495849609375,426.61083784634445,419.4735849772464,426.2662748026867,17015800
2024-09-25,425.39013671875,426.3844395741606,421.90520976014716,423.14559476109406,13396400
2024-09-26,424.6025695800781,428.5305103087993,422.45647860828996,428.32378449228514,14492000
2024-09-27,421.3636779785156,425.134132931837,420.8222432669672,424.80924807051827,14896100
2024-09-30,423.6082763671875,423.7264354508624,418.75495134014767,421.55078212730024,16807300
2024-10-01,414.147705078125,421.81656847562806,412.2969368087723,421.78703621784,19092900
2024-10-02,410.64306640625,416.2445815766932,410.22958475813624,416.0082934736332,16582300
2024-10-03,410.06231689453125,413.0254873918148,407.8473070657378,411.1353624953208,13686400
2024-10-04,409.58966064453125,413.222278191572,408.51661533193175,411.7357512697302,19169700
2024-10-07,403.17108154296875,410.62333449191044,402.63947089552033,409.5306109841967,20919800
2024-10-08,408.2607116699219,409.19594995144206,401.82243880752753,404.5099645290717,19229300
2024-10-09,410.9679260253906,413.84252930935924,407.8570646785986,409.3928021729279,14974300
2024-10-10,409.3731384277344,410.859665558973,406.7249690560659,408.77263914925425,13848400
2024-10-11,409.84564208984375,410.64304304020095,406.823377723781,409.6684485548725,14144900
2024-10-14,412.6218566894531,417.4456494762865,411.0270245046469,411.2731366880873,16653100
2024-10-15,412.22802734375,415.9098858066577,408.80216519233556,415.61453317923247,18900200
2024-10-16,409.6487731933594,409.8850312589263,404.09649835161355,408.71356498849764,15508900
2024-10-17,410.2394714355469,415.9295838303706,409.127039576057,415.7917465890575,14820000
2024-10-18,411.65704345703125,413.1238623045801,409.7865970653071,410.6529166681237,17145300
2024-10-21,412.2674255371094,412.44461909285747,407.31564977599334,409.6487883889798,14206100
2024-10-22,420.86163330078125,423.8838676895073,411.5389037972299,411.9818876442807,25482200
2024-10-23,417.9969177246094,424.37612597688815,415.95910173602493,424.1595460644349,19654400
2024-10-24,418.1248779296875,419.3554387186423,415.8310957950025,418.71552307399537,13581600
2024-10-25,421.4916687011719,425.79370434385993,419.9362531076575,420.1233007480341,16899100
2024-10-28,419.9559631347656,425.2227696357769,419.670464602579,424.9471252042487,14882400
2024-10-29,425.2326354980469,426.4336641349943,419.1782518516455,421.34405104712135,17644100
2024-10-30,425.8035583496094,431.68071778433335,425.38025265537163,430.63720465561414,29749100
2024-10-31,400.03076171875,409.6882017012257,399.9815212546983,408.9006246633273,53971000
2024-11-01,403.98822021484375,409.0384470027673,401.162857168779,402.6493843637014,24230400
2024-11-04,402.1078796386719,404.0374205874987,399.26283871579096,403.42703719981586,19672300
2024-11-05,405.0612487792969,408.4477546696806,401.73380740675793,402.019305938334,17626000
2024-11-06,413.6456604003906,413.91148078515863,404.13588205792996,406.0063586804049,26681800
2024-11-07,418.8139953613281,420.2119257079772,413.35031719618456,414.7285393416903,19901800
2024-11-08,415.968994140625,419.8674028807744,415.2208034572557,418.70576053564287,16891400
2024-11-11,411.5093994140625,418.2036383732599,409.530647967578,415.9492425000552,24503300
2024-11-12,416.4512939453125,417.8393700894335,410.71197177263014,411.7456307950881,19401200
2024-11-13,418.587646484375,422.65339483798164,411.7063288657566,415.08301112040346,21502200
2024-11-14,420.2513122558594,421.51140536702854,413.4684464166278,418.39068982634956,30246900
2024-11-15,408.54620361328125,416.2248913266483,407.2073678244848,413.2912534776132,28247600
2024-11-18,409.2944030761719,411.8933320342017,405.6913172118432,408.4182293083614,24727000
2024-11-19,411.2928466796875,411.4405079817959,405.1498661250552,406.68560375296545,18133500
2024-11-20,409.028564453125,410.8005900683197,404.19491792354364,410.3871084118776,19191700
2024-11-21,407.2629089355469,414.07906953202513,404.717960528392,413.80287334750346,20780200
2024-11-22,411.3367919921875,411.73135363774225,405.4774597411712,405.7832472742104,24814600
2024-11-25,413.1025390625,415.36141754143,409.2160446876401,412.69810354496985,27691100
2024-11-26,422.1775207519531,423.21327891734404,413.16166540924917,413.8916059444426,23458900
2024-11-27,417.2454528808594,421.42789081016514,416.28862504102557,419.33665679394954,18332400
2024-11-29,417.7090759277344,419.10980447039015,412.1259395107062,414.384847961252,16271900
2024-12-02,425.12701416015625,427.11957037187784,415.5883259829179,415.84480464200857,20207200
2024-12-03,425.3439636230469,426.5967051479557,421.93093157664276,424.00241788094525,18302000
2024-12-04,431.4794921875,433.698935348809,426.754535872994,427.1490975254907,26009400
2024-12-05,436.6088562011719,438.6211597736825,430.2464705000807,431.97270407918,21697800
2024-12-06,437.5459899902344,440.04162946603964,435.7704172944161,436.29321828806303,18821000
2024-12-09,439.962646484375,442.2412722506749,434.5176237615362,436.5891099408423,19144400
2024-12-10,437.3092041015625,443.51378920495125,435.6027181772746,438.3548361326827,18469500
2024-12-11,442.8923645019531,444.23391032066826,438.0194510528632,438.0194510528632,19200200
2024-12-12,443.45458984375,449.96496224230685,443.0106891858234,443.0106891858234,20834800
2024-12-13,441.1956787109375,445.2991859531554,439.5286279530639,442.34980235220513,20177800
2024-12-16,445.45703125,446.039014950384,439.23272866925197,441.19569319284585,23598800
2024-12-17,448.2880859375,449.1068307764244,443.4645114369834,444.8849575716068,22733500
2024-12-18,431.4499206542969,446.50265760588917,431.08492025325205,445.1907332778121,24444500
2024-12-19,431.0948181152344,437.1612906860421,430.39446885306654,435.62247901256285,22963700
2024-12-20,430.6706237792969,437.7136411325363,422.80886164173944,427.22800034083093,64263700
2024-12-23,429.3389587402344,431.70635881030796,426.9518110200716,430.80871372187636,19152500
2024-12-24,433.363525390625,433.6298778354008,428.2933464556966,428.74709084992185,7164500
2024-12-26,432.1601257324219,434.9517090842379,430.70024449975995,433.1169536147247,8194200
2024-12-27,424.68304443359375,429.30935275325726,420.5598195240772,428.69777768381334,18117700
2024-12-30,419.0604553222656,421.7435167493127,416.17025429217676,420.27376177490316,13158700
2024-12-31,415.77569580078125,420.9346790911402,414.94710727917607,420.313230174155,13246500
2025-01-02,412.89532470703125,420.2836247921959,409.21600045312425,419.7509500092328,16896500
2025-01-03,417.6005859375,418.27134378737713,413.8423310893823,415.3613950253171,16662900
2025-01-06,422.03948974609375,428.42162361284306,419.7016808979234,422.1874466156374,20573600
2025-01-07,416.6338806152344,424.801430542522,415.0851952170159,423.1738448521772,18139100
2025-01-08,418.7941589355469,421.1714329663283,415.81518360520914,417.7090917280971,15054600
2025-01-10,413.2602844238281,418.94203783823525,409.3836345721572,418.8631375574346,20201100
2025-01-13,411.5242614746094,412.81646832203865,406.69081302742603,409.6007318390263,17604800
2025-01-14,410.0248718261719,414.03957499111027,405.14208486737954,412.1357932076061,16935900
2025-01-15,420.5203552246094,422.3353628905166,412.58953664498,413.43787278736687,19637800
2025-01-16,418.8138427734375,423.6571645662551,418.6264508238549,422.8779150872359,15300000
2025-01-17,423.20343017578125,428.57942688248704,422.3551241092644,428.1947089431654,26197500
2025-01-21,422.6806335449219,425.0480336398343,419.82002384260585,424.3575582513444,26085700
2025-01-22,440.1402282714844,441.1956738632283,430.07874109453735,431.6175525305707,27803800
2025-01-23,440.6432800292969,440.6827452232724,435.50404480374874,435.9972543675129,18389300
2025-01-24,438.0293273925781,440.5841496239721,435.40544858930485,439.11439458237174,15549500
2025-01-27,428.6583251953125,429.28964793288844,417.74853125025015,418.2516146753107,35647800
2025-01-28,441.1266784667969,442.29064589853647,425.52151949148305,428.69779052094407,23491700
2025-01-29,436.3227844238281,440.81100977301065,434.41900262341227,440.6235877197962,23581400
2025-01-30,409.35406494140625,417.11717867451154,407.548931179693,413.08272804700266,54586300
2025-01-31,409.42315673828125,414.976701732093,409.27519987674,413.2899333042713,34161900
2025-02-03,405.33941650390625,409.7684293585694,403.11009933813943,406.0101743775102,25679100
2025-02-04,406.7696838378906,408.29865167160733,404.1753965052981,407.0853452090854,20532100
2025-02-05,407.67718505859375,408.20982973334895,404.82641922275565,406.74994863541014,16316700
2025-02-06,410.1728515625,412.5205341470821,408.3775613386283,408.3775613386283,16309800
2025-02-07,404.18524169921875,412.96436600470287,402.5576561425311,410.8238533335017,22886800
2025-02-10,406.6217041015625,409.8176925215145,405.33937124502273,408.0914590052598,20817900
2025-02-11,405.8523254394531,406.88805357704496,403.741373863551,404.07678288840276,18140600
2025-02-12,403.48492431640625,405.17169274595005,398.8783333348811,401.67976029438313,19121700
2025-02-13,404.9645690917969,405.4183135199023,400.84131373042015,401.472636502677,23891700
2025-02-14,402.8831787109375,403.3566707547541,400.3678218416371,402.25188608897315,22758500
2025-02-18,404.0767517089844,405.0237056562673,400.9793811541372,402.4590098668831,21423100
2025-02-19,409.1370849609375,409.8473079963777,402.11378500109834,402.34067225656025,24114200
2025-02-20,411.30169677734375,414.4447923675228,407.75335474991726,410.47144681938056,23508700
2025-02-21,403.47357177734375,413.1993956224997,403.15730762956775,412.4976421272199,27524800
2025-02-24,399.3124084472656,404.62009578289485,394.6867174896375,403.7700887978409,26443700
2025-02-25,393.2831726074219,397.2565479767241,392.0971142682963,396.4460551720573,29387400
2025-02-26,395.09197998046875,398.9170718958632,389.6755530638089,393.3919357776839,19619000
2025-02-27,387.97552490234375,401.03224256641477,387.6197164134029,396.61410618114576,21127400
2025-02-28,392.3837585449219,393.0163471729864,382.0846775634414,388.1040123360274,32845700
2025-03-03,383.98236083984375,394.1925192721913,381.67940898205217,394.1925192721913,23007700
2025-03-04,384.1009826660156,388.0249203607145,376.5792952112664,378.9514422192701,29342900
2025-03-05,396.36700439453125,397.00948665687173,384.29868393839774,384.82253320835395,23433100
2025-03-06,392.2849426269531,397.4838909032578,388.12376908504734,389.70521049036057,23304600
2025-03-07,388.7464599609375,390.2191619837315,381.0666253730808,387.76795648683793,22034100
2025-03-10,375.7490234375,381.9166113327009,372.8431337183802,381.3631114017718,32840100
2025-03-11,376.03570556640625,381.5212976511773,372.53677123025375,374.6025176419591,30380200
2025-03-12,378.8229675292969,380.75035405096787,374.55311473502826,378.5067033632867,24253600
2025-03-13,374.3751525878906,380.8491715851453,373.07049136146827,378.71423026442886,20473000
2025-03-14,384.0516052246094,385.7022417844661,375.1066228255176,375.37347920482887,19952800
2025-03-17,384.18994140625,388.1533930243756,381.09625384575537,382.2131473268013,22474300
2025-03-18,379.07000732421875,382.8753418143747,376.6781034710803,382.57883477918654,19486900
2025-03-19,383.3201599121094,385.158563988563,379.54447585576617,381.0567221702146,19185500
2025-03-20,382.3515319824219,387.24410971121733,378.8328407062668,381.2642891356356,18470500
2025-03-21,386.7202453613281,387.194656647968,378.3583844724842,378.77352451177876,39675900
2025-03-24,388.51910400390625,390.81219242783766,385.2870564688155,390.81219242783766,21004500
2025-03-25,390.5749816894531,391.7610400507305,388.08423198363494,389.3493790004213,15775000
2025-03-26,385.44525146484375,390.7232888134518,384.06150143845576,390.4168880991619,16108400
2025-03-27,386.048095703125,387.6888383797828,382.9050004114053,385.6033351411741,13766800
2025-03-28,374.40478515625,384.6149434292676,372.55648752516225,383.5771084434194,21632000
2025-03-31,371.034423828125,372.694923815259,362.9789628551185,368.2174858935481,35184700
2025-04-01,377.7554931640625,378.4078388750376,368.89946352111616,370.30297052308924,19689500
2025-04-02,377.7060852050781,380.61194495123306,372.2501138660857,373.584455994143,16092600
2025-04-03,368.7807922363281,373.10011248760316,365.06444000689004,370.4413221297822,30198000
2025-04-04,355.6648254394531,370.24368334469244,355.3090169453245,359.9050576420754,49209900
2025-04-07,353.70782470703125,366.6953790248224,340.7894955993312,346.8088312203085,50425000
2025-04-08,350.4460754394531,369.3145725706382,346.18608632628985,363.98712785508354,35868900
2025-04-09,385.9591979980469,388.667426732123,349.0030438091915,349.4379409733939,50199700
2025-04-10,376.92523193359375,379.44563241847453,363.5324334212975,377.6269854135807,38024400
2025-04-11,383.9428405761719,385.52425170247653,374.49376732812806,376.22346214057205,23839200
2025-04-14,383.310302734375,390.07093573374146,379.75206690221165,388.6575350248574,19251200
2025-04-15,381.2544250488281,387.3429548173336,379.702634359307,384.0021677861047,17199900
2025-04-16,367.2981872558594,377.182157055766,363.73008863656446,376.25309164497827,21967800
2025-04-17,363.5126953125,369.97682098932336,362.6330375516977,369.41342738591277,21120200
2025-04-21,354.9531555175781,360.25097956592975,351.54320368031085,358.6102367890087,20807300
2025-04-22,362.5638427734375,363.5028019496421,355.68457702509073,359.1637542302739,19485000
2025-04-23,370.0460205078125,375.9764033603888,368.69189108581185,371.6966268435602,20545500
2025-04-24,382.8061828613281,383.9428636514652,370.8367085183124,371.3408006891215,22232300
2025-04-25,387.30340576171875,387.60980644654984,380.1375268589871,382.5096738423667,18973200
2025-04-28,386.62139892578125,388.18305301396595,382.1538550582223,387.41210451108003,16579400
2025-04-29,389.468017578125,390.5157161336794,385.8504804253008,386.75978890275064,14974000
2025-04-30,390.673828125,392.05757796403765,379.979364791359,385.77135703314644,36461100
2025-05-01,420.464111328125,431.91962985286955,419.9699127886788,426.1078502028247,58938100
2025-05-02,430.2295227050781,434.34125858777406,425.00089318437847,426.73058824697114,30757400
2025-05-05,431.10919189453125,434.40054108405303,427.09627177369964,427.8474632490504,20136100
2025-05-06,428.2823486328125,432.65107712392626,426.1671945058241,427.18524232094876,15104200
2025-05-07,428.3218688964844,433.0365119798482,426.10783898687293,428.8061738000786,23295300
2025-05-08,433.08599853515625,438.52218293606853,430.6051120016966,432.84876270467214,23491300
2025-05-09,433.6394958496094,435.626153625383,430.82255791751214,434.89474938101273,15324200
2025-05-12,444.0472412109375,444.1559504013246,434.6772268904453,440.76575596614896,22821900
2025-05-13,443.9287414550781,445.44098799372756,440.19257101001426,442.58450555211783,23618800
2025-05-14,447.6846008300781,448.6334536340928,442.940306646518,442.940306646518,19902800
2025-05-15,448.694580078125,451.7246251089068,446.0209967126778,446.35766502511365,21992300
2025-05-16,449.82342529296875,449.91254071320964,444.3376746324017,447.6251542704443,23849800
2025-05-19,454.37841796875,455.0913715701619,446.3874026485213,446.46663650360125,21336500
2025-05-20,453.685302734375,453.85362179890075,449.87298168888566,451.1305396548173,15441800
2025-05-21,448.14007568359375,453.29906971148773,447.3875051898017,450.12049890400635,19216900
2025-05-22,450.40765380859375,455.74490907390424,449.4570590917957,450.4967994491365,18025600
2025-05-23,445.77349853515625,449.2491512931012,444.51594054738166,445.5754743252827,16883500
2025-05-27,456.18060302734375,456.4380677238799,451.65532857824905,452.0118204825961,20974300
2025-05-28,452.8831787109375,457.9926743719098,452.45739496057166,456.7054113344306,17086300
2025-05-29,454.1902770996094,457.2005290082406,450.8532686393741,457.0321797296883,13974800
2025-05-30,455.8537902832031,457.16087682654637,451.08099341488645,455.2200705832806,34770500
2025-06-02,457.4480895996094,457.5867035205711,452.41782757710985,452.6653804963421,16626500
2025-06-03,458.43829345703125,459.5968543955761,456.3489311405408,456.9529759669727,15743800
2025-06-04,459.3294677734375,461.1316602074749,458.48778183720145,459.4582001214203,14162700
2025-06-05,463.1021728515625,465.05289099241804,459.487906406924,460.40879598021155,20131700
2025-06-06,465.7757568359375,468.7067748339504,464.19141216551986,465.4885869985769,15285600
2025-06-09,468.12255859375,468.7958952647425,464.0329796350046,465.10242514198006,16469900
2025-06-10,466.3104553222656,468.1720277278758,462.38919566775553,466.5778015728124,15375900
2025-06-11,467.9938049316406,470.81591405576256,465.0627870357861,465.41924870930376,16399200
2025-06-12,474.1826171875,475.7174632765806,468.88497916047487,470.3702965389571,18950600
2025-06-13,470.3109436035156,474.48963821321644,468.1324959807857,471.7467626653197,16814500
2025-06-16,474.45001220703125,475.98482813726486,470.3505215770748,470.5584575569121,15626100
2025-06-17,473.36077880859375,474.0539088222925,469.4395189734987,470.7466055851971,15414100
2025-06-18,475.53924560546875,476.291816149254,469.8158233270243,473.3211811212961,17526500
2025-06-20,472.72705078125,478.72773115460745,472.2022397987241,477.50979012623617,37576200
2025-06-23,481.2428283691406,482.97569863590195,467.8848838113984,473.5290716918197,24864000
2025-06-24,485.3126220703125,487.0356109071577,482.0350238939456,484.1640031375646,22305600
2025-06-25,487.4515075683594,489.71910084538035,484.5997232276066,487.223778215148,17495100
2025-06-26,492.5807800292969,493.1650012559548,487.9861836300842,488.15453290095326,21578900
2025-06-27,491.0855712890625,494.4126679494895,488.2040517426954,492.6797975508017,34539200
2025-06-30,492.5411682128906,495.8583832017286,490.4815111095117,492.17479474651304,28369000
2025-07-01,487.2336120605469,493.1748817381986,486.1741086010328,491.61036068604886,19945400
2025-07-02,486.2830505371094,488.66946431331223,483.9164603345879,485.1938116448169,16319600
2025-07-03,493.9571838378906,495.2345653483035,488.6100468852986,488.9764203666982,13984800
2025-07-07,492.84814453125,493.86806132382594,490.38252718836065,492.51147619590915,13981600
2025-07-08,491.7588806152344,493.3234318678901,489.2734398258723,492.37280697303856,11846600
2025-07-09,498.5815124511719,501.81949389446856,494.8483949293652,495.40291107466015,18659500
2025-07-10,496.5713195800781,499.50233742843255,492.877819466512,498.12592881176073,16492100
2025-07-11,498.3933410644531,500.08659454551145,492.9273533491097,493.59080845907414,16459500
2025-07-14,498.09625244140625,499.0369655948213,496.1257409313552,496.6109349689791,12058800
2025-07-15,500.86883544921875,503.3245408608939,497.8684955298327,498.09622485625505,14927200
2025-07-16,500.6708068847656,501.7600457375481,496.9773367906475,500.2351113436526,15154400
2025-07-17,506.6913146972656,508.34495123446135,500.67081092720053,500.7302212088446,17503100
2025-07-18,505.05743408203125,509.6025320949179,502.4630844244223,509.4440643876484,21209700
2025-07-21,505.06732177734375,507.0774803175347,500.60145783110823,501.7501069031347,14066800
2025-07-22,500.32421875,506.19619667447284,500.32421875,505.968437121084,13868600
2025-07-23,500.9183654785156,501.82937349813983,495.7989881406536,501.78975657062705,16396600
2025-07-24,505.8793640136719,508.6420329312165,502.33438916388565,503.79000158856684,16107000
2025-07-25,508.68170166015625,513.216827976129,505.364456023215,507.4537883180946,19125700
2025-07-28,507.48345947265625,509.9589885432546,505.12675096242896,509.0480107678364,14308000
2025-07-29,507.5527648925781,512.5533213636355,506.55264151082275,510.48381297361453,16469200
2025-07-30,508.2162170410156,510.89971236727115,504.4534248625209,510.12731827097724,26380400
2025-07-31,528.2778930664062,550.0130499577134,526.6935786680993,549.795171976257,51617300
2025-08-01,518.9798583984375,530.5554360086387,515.7616702567567,529.7632787074629,28977600
2025-08-04,530.3969116210938,532.9813491761439,522.9604134562841,523.0990575737549,25349000
2025-08-05,522.584228515625,532.0407382325785,522.0792108748774,531.9219176627233,19171600
2025-08-06,519.8016967773438,526.4955370830186,518.9006307843745,525.70337986457,21355700
2025-08-07,515.7418212890625,522.9208551796034,512.483986539974,521.6434435727333,16079100
2025-08-08,516.9300537109375,519.524403327164,514.3257923084495,517.4845698020915,15531000
2025-08-11,516.6627807617188,522.4258201385037,514.6327984158801,517.1875615378566,20194400
2025-08-12,524.0595703125,525.7825288027884,517.5836082950698,518.6233183732385,18667000
2025-08-13,515.484375,527.4857348349631,514.2861971986356,526.9014833945702,19619200
2025-08-14,517.3657836914062,520.8018496782777,515.0487221853349,517.445017549053,20269100
2025-08-15,515.0784301757812,520.9503786133035,513.9991332111027,517.6530169939211,25213300
2025-08-18,512.0383911132812,517.7024328589179,508.9885829187347,516.4844919382945,23760600
2025-08-19,504.7801818847656,510.11740696385556,503.5721224631474,509.9589996924715,21481000
2025-08-20,500.76983642578125,505.9981527246316,499.5023667236012,504.87920872605446,27723000
2025-08-21,500.1251220703125,503.48747238505433,498.6175369804135,499.57962247206007,18443300
2025-08-22,503.09075927734375,506.5621975190336,498.3100856343386,500.13506667774504,24324200
2025-08-25,500.1449890136719,504.04291093011733,500.00611695670057,502.4956437530773,21638600
2025-08-26,497.94305419921875,500.85906441774694,494.44186237473224,500.2440985723917,30835700
2025-08-27,502.6047058105469,503.1502356611414,495.82052770460996,497.90339657266526,17277900
2025-08-28,505.4810485839844,506.919197559233,501.3748189208979,502.9518399416591,18015600
2025-08-29,502.5551452636719,505.44140176386463,500.3730863144936,504.5090702372647,20961600
2025-09-02,500.9979248046875,501.87074834041937,492.75574161607386,496.38587753866574,18128000
2025-09-03,501.2260437011719,503.6461342434815,498.22077154875547,499.6787766683557,16345100
2025-09-04,503.82470703125,504.00323087503085,499.0440334241921,500.1846427841772,15509500
2025-09-05,490.9605712890625,507.7920894589463,488.3520284612672,504.9157608525771,31994800
2025-09-08,494.1344299316406,497.1099483047291,490.990285532587,494.0451377441344,16771000
2025-09-09,494.34271240234375,498.15137232357364,493.63851485593227,497.33805669614713,14410500
2025-09-10,496.2867126464844,499.1233892811019,492.66650462093776,498.8754294126598,21611800
2025-09-11,496.9215087890625,499.0638857033828,493.8170463660224,498.15138006137016,18881600
2025-09-12,505.7389221191406,508.3672905695674,499.73830564164535,502.51544395369297,23624900
2025-09-15,511.1544189453125,511.26350676755015,502.8626547877709,504.63805606783444,17143800
2025-09-16,504.8859558105469,513.0090929577493,504.449544036503,512.6619733694059,19711900
2025-09-17,505.8579406738281,507.1175961354426,501.80132099339164,506.4530503919847,15816600
2025-09-18,504.3008117675781,508.88310546808697,503.51725007824297,507.31598208941665,18913700
2025-09-19,513.703369140625,515.0621842649809,506.1455578149837,506.39351766303514,52474100
2025-09-22,510.25189208984375,513.5150225661836,508.3574445613838,511.3826037577857,20009300
2025-09-23,505.0744323730469,510.3907077578639,503.17008724169204,509.60711582016205,19799600
2025-09-24,505.9869079589844,508.29788064425674,502.7832857896144,506.215041937542,13533700
2025-09-25,502.89239501953125,505.8480877116936,500.9186440433766,504.1520203242895,15786500
2025-09-26,507.28619384765625,509.74596656687834,502.4856945681329,505.8976246789574,16213100
2025-09-29,510.40057373046875,512.6322125671903,504.72728094557834,507.325895548039,17617800
2025-09-30,513.7232666015625,513.9315141469417,505.5009089039439,509.05168089535164,19728200
2025-10-01,515.4689331054688,516.262392605391,507.5143608700387,510.5989672146665,22632300
2025-10-02,511.53125,517.3434144406598,506.51254498360566,513.4157691025699,21222900
2025-10-03,513.1281127929688,516.2425031799986,510.7973143114264,512.8801529316524,15112300
2025-10-06,524.256591796875,526.6965386672223,513.9712214168786,514.377848960065,21388600
2025-10-07,519.7039794921875,525.4764919541412,517.1847292577561,523.9788048028778,14615200
2025-10-08,520.56689453125,522.6497936321297,518.8213080060119,519.0097599169904,13363400
2025-10-09,518.136962890625,520.0512058016051,513.1777655449532,518.07745494396,18343600
2025-10-10,506.7902526855469,519.307291372133,505.4711195982234,515.3994417043425,24133800
2025-10-13,509.8551025390625,512.1958293204747,507.50444767633473,512.1958293204747,14284200
2025-10-14,509.3789978027344,511.07506506957225,501.87076583985106,506.0662576446326,14684300
2025-10-15,509.2401428222656,512.9694689959882,505.83814063109804,510.75768630195654,14694700
2025-10-16,507.4349670410156,512.6321960787722,503.9833851231019,508.3970827878481,15559600
2025-10-17,509.388916015625,511.27337462741934,503.1700633614309,504.88595648751925,19867800
2025-10-20,512.5726928710938,514.4671401409408,509.2401268135401,510.41049011219013,14665600
2025-10-21,513.4356079101562,514.4572316509175,508.8533142722573,513.2769402267872,15586200
2025-10-22,516.2921142578125,520.943843958813,513.4852520447155,516.8971823641815,18962700
2025-10-23,516.3118896484375,519.6742395740552,514.3777908083965,518.1964086283891,14023500
2025-10-24,519.3370971679688,521.0628883153897,516.4607987679614,518.5237814648117,15532400
2025-10-27,527.1824951171875,530.2175212473691,524.6929685473742,527.440383046071,18734700
2025-10-28,537.6464233398438,549.2013167264516,536.3570441492753,545.511702993095,29986700
2025-10-29,537.130615234375,541.8121286840217,532.3499420595073,540.4929653309738,36023000
2025-10-30,521.469482421875,530.6042843733296,517.8591725476514,526.150935240438,41023100
2025-10-31,513.5844116210938,525.0004940086545,510.89650476941233,524.5640822050067,34006400
2025-11-03,512.810791015625,520.6760707602963,510.3907002836433,515.5680732671589,22374700
2025-11-04,510.1327819824219,511.34279700787874,503.6957236126803,507.5837474278435,20958700
2025-11-05,503.0213317871094,510.6287541811956,502.4460479183387,509.1112106662694,23024300
2025-11-06,493.04339599609375,501.5732213085109,491.7639146320967,501.53353925537283,27406500
2025-11-07,492.7657165527344,495.304823297102,489.22484220934433,492.89466053302914,24019800
2025-11-10,501.8707275390625,502.71379706788474,494.7294718777327,495.9593732946225,26101500
2025-11-11,504.5289001464844,505.4414057875519,498.2505695472254,500.68055811559174,17980000
2025-11-12,506.9688415527344,507.494515261433,495.0469117437556,505.203338237195,26574900
2025-11-13,499.1828918457031,509.3095642884979,497.1992129195551,506.1455939798088,25273100
2025-11-14,506.0166320800781,507.42505738590404,493.38060745410195,494.16416907736203,28505700
2025-11-17,503.34857177734375,507.9407930820625,500.78963942134817,504.3007594029326,19092800
2025-11-18,489.76043701171875,498.87544447228873,482.8076324047851,491.3275301094218,33815100
2025-11-19,483.14483642578125,491.14898819063853,478.88983663624714,486.1005289347495,23245300
2025-11-20,475.41387939453125,490.45844852333465,472.50235794747454,489.60385435710714,26802500
2025-11-21,469.1436462402344,475.9007957312625,465.3179114267742,475.4834301610789,31769200
2025-11-24,471.0118103027344,473.89352206444323,465.0694984877541,472.0055061050608,34421000
2025-11-25,473.98297119140625,476.12935785467323,461.95927573241335,471.08139630740516,28019800
2025-11-26,482.4393310546875,485.23161394332453,478.1664510662567,483.244222260298,25709100
2025-11-28,488.9082946777344,489.5243812398697,483.5820692635899,484.5260924315005,14386700
2025-12-01,483.6714782714844,486.7718042788117,481.59465771305275,485.3607732415945,23964000
2025-12-02,486.91094970703125,490.38888506208144,483.2541563831954,483.6516286444489,19562700
2025-12-03,474.7182922363281,481.18723109312356,472.2042431453193,473.3171775583083,34615100
2025-12-04,477.8087158203125,478.28570075231454,473.48613274494215,476.7355376297969,22318200
2025-12-05,480.11407470703125,480.35255199911325,475.86105782216015,479.4780948278929,22608700
2025-12-08,487.92449951171875,489.19642891935564,481.3263751862239,481.8331697469475,21965900
2025-12-09,488.918212890625,489.0175885389743,485.4204144751398,486.01663804004494,14696100
2025-12-10,475.5430603027344,481.19719183884354,472.084987996716,480.97857754952304,35756200
2025-12-11,480.4221496582031,482.96600869209163,472.86010822118624,473.6252734590456,24669200
2025-12-12,475.5132751464844,479.4085762318817,473.3370788032073,476.79515128743174,21248100
2025-12-15,471.82666015625,477.6894594742654,469.5411415575728,477.0733729131614,23727700
2025-12-16,473.38677978515625,474.87732355778707,467.911505956298,468.9350114671635,20705600
2025-12-17,473.1184387207031,476.9739832708393,472.0055042784347,473.903466892556,24527200
2025-12-18,480.9289245605469,486.51349034093164,474.87732052138307,475.1754171439269,28573500
2025-12-19,482.856689453125,484.7745151206103,479.44828972039977,484.2875835443981,70836100
2025-12-22,481.86297607421875,485.6489546100234,479.6470235443271,483.05539282771,16963000
2025-12-23,483.7807922363281,484.75459468390824,481.6840783901604,481.922585996358,14683600
2025-12-24,484.94342041015625,486.0762481946253,481.77352833631136,482.61817584356095,5855900
2025-12-26,484.6354064941406,485.04282544173617,482.8964387136479,483.64171061957336,8842200
2025-12-29,484.02923583984375,485.27135560420123,481.1276307272214,481.80333660098637,10893400
2025-12-30,484.4068603515625,486.5929730105466,482.43933166580535,482.8666136001516,13944500
2025-12-31,480.5711669921875,485.06269150087525,480.25317705215497,484.7645645601486,15601600
2026-01-02,469.95849609375,481.6046121327098,467.1960229709088,481.3363251826272,25571600
2026-01-05,469.86907958984375,473.0687813775576,466.5401924921144,471.071443053882,25250300
2026-01-06,475.4933776855469,475.7219083069673,466.78859294331005,470.81304872472026,23037700
2026-01-07,480.4221496582031,486.61288592496,474.9369593023546,476.73554642416184,25564200
2026-01-08,475.0959167480469,479.6172511411785,472.86010104573086,478.20618966596595,18162600
2026-01-09,476.258544921875,476.7951491709672,469.2231916595613,471.07145138115897,18491000
2026-01-12,474.1717529296875,477.95773148860775,472.68120923483104,473.6649886945649,23519900
2026-01-13,467.70281982421875,472.7805908527595,463.01257439213845,471.68751939768345,28545800
2026-01-14,456.4840087890625,465.24841354789686,454.2879494306214,463.51936213123724,28184300
2026-01-15,453.7811279296875,461.32327541703046,453.02590941718984,461.1940901109254,23225800
2026-01-16,456.9609375,460.26996150673693,453.60227115836847,454.9437362325269,34246700
2026-01-20,451.65460205078125,453.92022725149957,446.44764578645413,448.37541805572727,26130000
2026-01-21,441.3102111816406,449.8361378186282,435.9144504613163,449.74670883889326,37980500
2026-01-22,448.29595947265625,449.98522421932967,441.8965557848095,444.7981306791853,25349400
2026-01-23,463.0125732421875,468.1301005814363,447.6897705604439,449.02131930234236,38000200
2026-01-26,467.3152770996094,471.2602507862521,459.0874767807031,462.3766075757791,29291200
2026-01-27,477.5503234863281,479.82589540353166,470.17711748937944,470.7137217228436,29213900
2026-01-28,478.5937194824219,480.69040309270366,474.9865988275796,480.16374552458444,36875400
2026-01-29,430.76715087890625,439.7104135269112,418.36581575660404,437.2162272399066,128855300
2026-01-30,427.577392578125,436.8286984461687,423.7616041817895,436.4014165119217,58566800
2026-02-02,420.70098876953125,428.02452201181774,419.58805431821895,427.5276741085398,42219900
2026-02-03,408.61767578125,419.3893355198486,405.98438775489564,419.3496095186449,61424100
2026-02-04,411.5788879394531,417.15350712085007,406.6600813351222,408.4089957411405,45012400
2026-02-05,391.1882629394531,405.7260079125925,389.8467674620769,404.87144402823185,66289200
2026-02-06,398.6111755371094,399.2570717870675,390.44299427907015,396.65359346172795,53515300
2026-02-09,410.99261474609375,412.2744908996196,398.3428555009064,402.2977759502542,45480500
2026-02-10,410.6646423339844,421.009018998737,410.09825878894065,416.9746165751398,44857900
2026-02-11,401.8207702636719,413.8345489802859,398.4819668946231,413.5563153661985,42491000
2026-02-12,399.3067626953125,403.6392926521932,395.50092068537,402.44684542456184,40802400
2026-02-13,398.7900085449219,402.98340606348665,395.54060384789733,401.90028127287496,34091600
2026-02-17,394.3581237792969,397.9950542597942,392.04282577248057,396.7032617740463,32078800
2026-02-18,397.0808410644531,400.02217209191446,393.8215201082963,395.6201070500213,23223400
2026-02-19,396.8517761230469,402.7976819572589,395.0690225854118,399.07278661262325,28234000
2026-02-20,395.6267395019531,398.5050592846536,393.56508699389525,394.51123443489973,34015200
2026-02-23,382.9182434082031,393.7642745182822,381.55377772275136,393.405742102137,43238300
2026-02-24,387.429931640625,387.78846403174964,380.1693467763097,382.5895619940176,33884700
2026-02-25,398.9831237792969,399.84960746436826,388.5852587696308,388.95376053046306,43625500
2026-02-26,400.0986022949219,405.8453028142193,397.1306190557743,403.0765245044552,34405900
2026-02-27,391.15484619140625,395.2183958601928,388.30640407164015,389.30236795593413,51367200
2026-03-02,396.9413757324219,399.57073485574693,389.0533591512552,391.2743390590049,35474900
2026-03-03,402.2996826171875,405.05852201627056,391.0851500003899,391.5532542396072,38199200
2026-03-04,403.5645751953125,409.3710312257941,398.69429724653685,399.6504140582061,35808000
2026-03-05,409.0224304199219,409.9486695143622,402.7677785996419,402.78771732924594,39001300
2026-03-06,407.30938720703125,411.38287590243635,406.8612216895844,407.54843921074234,31123900
2026-03-09,407.757568359375,408.55432729115563,401.8714182880504,403.2857003455267,30131900
2026-03-10,404.122314453125,408.5443965203919,401.30371964643086,408.37506928692744,31706400
2026-03-11,403.245849609375,407.35918518479474,399.96912002302975,403.9330670994013,25512100
2026-03-12,400.2380065917969,404.4808221962511,400.0886180975,402.9968458288957,27263900
2026-03-13,393.9534912109375,403.16615688192843,392.65875035547907,399.3815063856616,26848000
2026-03-16,398.33575439453125,399.01300251860397,393.1965772756644,396.4633374914087,27733700
2026-03-17,397.7979431152344,402.7677932271478,396.1446394015159,398.6544574759768,26228300
2026-03-18,390.20867919921875,396.3936061005556,389.42185925959103,395.5271224277118,25908500
2026-03-19,387.4498596191406,390.90585551603124,385.4977789148814,388.52551763585893,25138800
2026-03-20,380.3287048339844,385.43800417098345,378.58576812261686,385.2288602760525,50853200
2026-03-23,381.4541931152344,385.64719283721575,380.1395134056624,382.3505545919761,29680100
2026-03-24,371.2355651855469,380.9263046350485,370.34917314154325,380.8167328036651,42733600
2026-03-25,369.5424499511719,375.5381416220395,368.13813722010167,375.39872248264555,31181200
2026-03-26,364.4928894042969,373.2075730440749,363.7160388213271,369.32332012922615,36836600
2026-03-27,355.3300476074219,360.9871459448897,355.07111764854045,360.43934753557875,37883400
2026-03-30,357.5111999511719,363.88536295562653,354.84202394218255,360.43933630538186,44797000
2026-03-31,368.67596435546875,371.3949263066763,361.6046146993887,363.07862179545566,45244400
2026-04-01,367.8791809082031,372.48052926345224,366.7139201659809,371.98254731341393,29417200
2026-04-02,371.9526672363281,372.1319638369453,362.680245817395,365.7278929006101,24099100
2026-04-06,371.3750305175781,372.22160592655575,368.0086676124431,371.9825539180967,16146600
2026-04-07,370.78741455078125,370.9467724245638,365.080530373921,368.8452727581139,21443300
2026-04-08,372.8191223144531,383.44606961738685,369.91092498913014,383.4261612830284,33064800
2026-04-09,371.5642395019531,371.9924966612836,365.5685176937085,370.9965328148009,30435300
2026-04-10,369.37310791015625,374.1238749235223,368.5365019241105,371.47460743717505,28111100
2026-04-13,382.8186340332031,382.98796126737693,369.5225100750242,372.10205289266787,35745800
2026-04-14,391.5233459472656,393.09698589720546,384.95994763093,386.3543213772784,37504500
2026-04-15,409.5602722167969,412.69755239260473,395.1287651714373,396.3936283702306,45063400
2026-04-16,418.56378173828125,419.12151906860663,410.4765600541581,418.16537187855886,41642400
2026-04-17,421.0835876464844,429.83808848207923,418.99205736838906,423.10539315661504,48568200
2026-04-20,416.38262939453125,421.6213787702164,414.6197538627068,419.4501847919345,27582200
2026-04-21,422.4480285644531,425.45582843737157,415.516128706763,418.5438369146158,32048500
2026-04-22,431.1726989746094,431.9495495900464,421.9600330275293,424.4698510786937,29378200
2026-04-23,414.0719909667969,421.9500690544079,409.7495112929088,418.19529609754903,38308000
2026-04-24,422.90618896484375,423.23487407473965,414.12178001797366,415.28707116170386,27457400
2026-04-27,423.1053771972656,425.38611256831246,415.3866572294081,420.6752229306716,30867300
2026-04-28,427.5174865722656,428.1847957314844,420.197146128082,422.8563830057505,30438100
2026-04-29,422.746826171875,425.0973167681131,418.59367375245296,422.8663369761165,38288300
2026-04-30,406.1341552734375,412.74737011555624,396.4035989759817,409.15192465494977,70909400
2026-05-01,412.76727294921875,415.4264794885345,408.7834174283456,411.1338775963461,31372400
2026-05-04,411.9505615234375,419.0816663151199,409.14193618030583,409.87897009526375,28066500
2026-05-05,409.7196044921875,415.09780308537887,407.1500007946646,413.6437044066962,25700900
2026-05-06,412.2891845703125,416.73120520087787,403.4748984673602,406.3532485673598,30285900
2026-05-07,419.07171630859375,426.25263786097554,417.06984955189336,418.41437649189606,34942400
2026-05-08,413.44451904296875,416.9403619714099,412.32904436576047,415.70537649227293,33383800
2026-05-11,410.99444580078125,411.02432350049145,403.86334099070683,406.22377045102496,35657900
2026-05-12,406.1241760253906,413.8229876767416,404.9987623844293,412.8071154720842,38594200
2026-05-13,403.57452392578125,404.6700902960666,399.41140211310335,401.57265715241186,29667100
2026-05-14,407.7774658203125,410.17774231087935,399.2619871856725,402.8474630718804,27077500
2026-05-15,420.2170715332031,426.4418454559798,411.2434277199191,412.5979239362014,50771200
2026-05-18,421.83056640625,423.40417602339767,413.9325494355234,414.93848271907115,32564100
2026-05-19,415.7352600097656,430.9535870211983,414.808990493047,428.16486989475214,33018700
2026-05-20,419.36053466796875,420.3963455784958,409.63991780241736,412.49835957243755,27864000
2026-05-21,418.3025207519531,425.5388979071037,414.92886694253497,423.9518891931334,31393500
2026-05-22,417.7835388183594,423.60257118762803,415.54772693408205,418.7517174636334,22390300
2026-05-26,415.248291015625,418.9812539216563,412.24393696715845,415.6475333356961,30398000
2026-05-27,411.8946228027344,415.15846763645,408.8104019854481,410.23773822181624,28901500
2026-05-28,426.18768310546875,428.68298564682067,411.89461329838434,412.2040283766931,47250500
2026-05-29,449.3940124511719,449.48383969057267,431.54760317786213,431.7372486144539,79654400
2026-06-01,459.6546936035156,465.4438139523178,457.40892124774234,463.96658383705716,53628900
2026-06-02,440.48077392578125,452.64787129328397,439.6024225764256,446.0403151791343,37036800
2026-06-03,426.53704833984375,439.56254639446627,423.45285793258154,437.62618910935214,39037000
2026-06-04,427.2456970214844,435.33048350032107,425.60879436274143,434.9911260035114,26899500
2026-06-05,415.8870849609375,428.66302140752947,413.6213308264138,427.5351398188391,34782200
2026-06-08,410.9663391113281,416.37616844333525,407.79232157753756,413.3618539280056,32086700
2026-06-09,402.6520080566406,411.20591258759293,397.7312786929967,408.26144336727174,35317300
2026-06-10,396.61334228515625,404.2789346443135,396.41373636313654,397.80110870103243,32576000
2026-06-11,389.6065673828125,396.1043451719433,383.278483574852,394.46741202742857,47224100
2026-06-12,390.00579833984375,391.003919361718,381.55171206615995,390.6945042817559,34865800
2026-06-15,399.0088806152344,400.99513175706005,392.11186050588947,396.05442037645633,32266400
2026-06-16,393.0899963378906,396.094350419825,389.9559121071713,395.0463355104342,31506800
2026-06-17,378.1980285644531,389.6364865987809,376.6110198431126,389.51671695343225,41987800
2026-06-18,378.6871032714844,380.6534028700893,372.5786075934489,377.11008548581106,59714200
2026-06-22,366.6497802734375,380.9129385065033,366.3802985575179,375.0339909424311,45171100
2026-06-23,373.23736572265625,376.51120135394876,369.9735210485466,371.6802994138851,40647600
2026-06-24,364.7733154296875,378.16811350773463,364.09460041679364,370.87185096853153,44509900
2026-06-25,352.1670227050781,363.5456265920902,348.54386902384044,362.0883479855026,66179000
2026-06-26,372.2691955566406,375.90234020580533,354.762144454129,356.4789138154501,186201600
2026-06-29,367.8774719238281,379.7850483907747,359.2237492715265,376.790685328561,51229900
2026-06-30,372.319091796875,373.44697342275583,366.7595808670141,370.3328407149792,44945700
2026-07-01,383.5579528808594,388.09939143880604,374.18561213385976,380.1144231011508,48065800
2026-07-02,389.7562561035156,391.4630649298244,382.97903650468743,383.7575696594082,42128900
2026-07-06,386.0133056640625,388.418780928489,380.5036887115837,386.31276024010407,34224500
2026-07-07,388.109375,394.8267404517197,387.4905448392632,391.75251064257776,29297500
2026-07-08,382.6197204589844,384.58602015004215,380.6134873969759,383.3084264217563,25908300
2026-07-09,383.6377868652344,383.92725049460796,372.64849496928053,373.74643420118315,31083200
2026-07-10,384.37640380859375,391.1736053926777,380.783162110783,387.07131223677504,24644600
2026-07-13,390.2553405761719,392.91034623109437,383.4281962321871,387.02143811329415,28914900
2026-07-14,384.20672607421875,387.46061042423804,377.93852713765,382.1007052927433,27863900
2026-07-15,394.8866271972656,398.2103568181361,385.6739591427675,387.07132248997675,36253700
2026-07-16,400.3463439941406,405.2271399033625,391.31333055964967,397.56157784187184,37047400
2026-07-17,393.08001708984375,397.64143734197864,388.6583483977542,394.1180409920291,33049800
2026-07-20,401.53411865234375,402.4224305318551,388.91785418191677,390.67455694621333,27915800
2026-07-21,397.00262451171875,400.7156358198418,395.57531880381754,398.0606303262699,24126600
2026-07-22,389.6065673828125,400.246541441447,386.2329133568751,398.8291961465565,28142500
2026-07-23,380.8630065917969,391.04385321150613,376.68090752842744,389.23725659651495,30351800
2026-07-24,380.9828186035156,388.29903252889795,379.9347732203772,386.32274187573427,27659400
2026-07-27,388.368896484375,393.45931979821836,387.2609663085435,389.3470355932277,27856200
2026-07-28,392.61090087890625,399.56780545733704,390.5647345556998,392.4212554523594,32367500
2026-07-29,389.8061828613281,400.4960502148319,388.00954678983055,392.6607942930367,47209000
2026-07-30,450.2524108886719,457.8281459885008,431.6274684759506,437.07720086969465,110160700
2026-07-31,463.8468017578125,465.962813447145,448.4857046349594,449.1544591210436,60846000
2026-08-03,486.73370361328125,490.7261876465455,474.10747895013026,475.2353605631651,66762100
2026-08-04,491.884033203125,498.50158065157444,478.2696778930625,479.99640781848416,50455500
2026-08-05,486.5440673828125,497.3038108374591,484.7674131728324,495.42733843271316,33388900
2026-08-06,498.9207458496094,500.61756372489685,487.60205742358346,487.6319998350186,36441500
2026-08-07,499.0505065917969,504.23075699317457,497.79289485093346,498.2719734340298,28846200
2026-08-10,505.109130859375,512.7647021753171,501.32624359045303,502.4940586092805,31206100
2026-08-11,502.86334228515625,504.38047525067043,498.61133704649393,503.3823542433026,23049800
2026-08-12,491.5047302246094,500.557695253814,490.59643643442394,499.0505227551261,29001500
2026-08-13,495.9463806152344,500.3979918654044,492.0836571155829,492.34314786956145,23039000
2026-08-14,494.4691467285156,499.07050046550256,492.991947114923,495.42733437790497,16217600
2026-08-17,479.44744873046875,491.73431632358415,477.51109147171053,489.21906226283284,29635800
2026-08-18,480.72503662109375,483.36006030134655,476.2534434403709,480.6352093836093,24087600
2026-08-19,483.3999938964844,488.3806080919379,478.4592826108848,479.16797047398614,19961900
2026-08-20,481.1499938964844,484.1600036621094,479.5,483.29998779296875,20020800
2026-08-21,483.239990234375,486.3599853515625,478.5299987792969,479.8800048828125,22510800
2026-08-24,487.30999755859375,490.6099853515625,481.8599853515625,483.2099914550781,17230800
2026-08-25,491.7099914550781,492.44000244140625,484.29998779296875,485.44000244140625,19519000
2026-08-26,496.3699951171875,497.3999938964844,487.30999755859375,487.8500061035156,20758900
2026-08-27,505.05999755859375,506.4800109863281,490.0799865722656,494.8800048828125,28688800
2026-08-28,513.530029296875,517.780029296875,504.8699951171875,505.3299865722656,29207300
2026-08-31,507.2900085449219,512.1900024414062,506.3900146484375,510.3800048828125,27208900
2026-09-01,501.0199890136719,505.9700012207031,496.7799987792969,497.5199890136719,21046900
2026-09-02,496.82000732421875,500.2699890136719,493.80999755859375,499.8500061035156,15336100
2026-09-03,510.1199951171875,515.6500244140625,500.79998779296875,501.6600036621094,24125900
2026-09-04,499.70001220703125,511.0,499.3599853515625,510.0,17437000
