Price,Close,High,Low,Open,Volume
Ticker,NVDA,NVDA,NVDA,NVDA,NVDA
Date,,,,,
2020-01-02,5.963803768157959,5.963803768157959,5.884505550296847,5.934968095675587,237536000
2020-01-03,5.86834716796875,5.912098283248919,5.819375789570351,5.844234388573591,205384000
2020-01-06,5.89295768737793,5.8981779512429595,5.749027284163017,5.775128603488166,262636000
2020-01-07,5.964301109313965,6.010040762284661,5.876301978898439,5.921295812236685,314856000
2020-01-08,5.975487232208252,6.0167524399804355,5.920052874364095,5.96007489141587,277108000
2020-01-09,6.04111385345459,6.113452193523961,5.987419581657777,6.061746457974927,255112000
2020-01-10,6.073429584503174,6.178581141333891,6.059260434267668,6.148253830514935,316296000
2020-01-13,6.263845920562744,6.288952968255434,6.133835764415242,6.156457378912361,319840000
2020-01-14,6.1470112800598145,6.246445205302498,6.133835923434662,6.221089234322224,359088000
2020-01-15,6.104502201080322,6.182060796386267,6.078649335978341,6.15968810642731,263104000
2020-01-16,6.1880269050598145,6.193992987350218,6.134581087056249,6.1579480451360356,284192000
2020-01-17,6.1967267990112305,6.214625044311348,6.149247067465797,6.2071673235684,253792000
2020-01-21,6.163417339324951,6.196976374999237,6.129360932560053,6.160185612581765,217916000
2020-01-22,6.217360973358154,6.303868469663997,6.189768016004906,6.208660534025002,239240000
2020-01-23,6.285721778869629,6.294173769700094,6.168638520500725,6.2573834759438345,244516000
2020-01-24,6.226558685302734,6.450782516313014,6.172367039643706,6.40106531450616,373512000
2020-01-27,5.97101354598999,6.0219734668079825,5.772891023514302,5.922290610131101,470536000
2020-01-28,6.164164066314697,6.196479916088812,5.98369087701763,6.036888255320021,310976000
2020-01-29,6.103757858276367,6.185790910221257,6.063983811930669,6.149745962240131,258848000
2020-01-30,6.110467910766602,6.1238917135787965,5.951125209315321,6.006062188703586,290504000
2020-01-31,5.8772969245910645,6.076662168956458,5.835534813466124,6.064730001738358,370420000
2020-02-03,5.974244594573975,5.993634007995882,5.852934876956835,5.859149408225992,255564000
2020-02-04,6.14328145980835,6.162422897112003,6.065971787601257,6.115937429917117,271544000
2020-02-05,6.233518123626709,6.274285957619516,6.150241893918573,6.264093880586738,208220000
2020-02-06,6.3202738761901855,6.3202738761901855,6.186784032913833,6.267822801669854,218284000
2020-02-07,6.254150390625,6.302375943450668,6.228794423639679,6.280251702987878,189752000
2020-02-10,6.537040710449219,6.537786055878757,6.2718001514092725,6.276771965769414,529608000
2020-02-11,6.659343242645264,6.773941033991019,6.583276295760601,6.645174095338608,638556000
2020-02-12,6.774936676025391,6.78140012988903,6.673265295025126,6.712044595791938,374644000
2020-02-13,6.731185436248779,6.7983035102749065,6.689671780436804,6.717016286330041,528016000
2020-02-14,7.203745365142822,7.332512319115875,7.10953171400664,7.140853290182661,1041924000
2020-02-18,7.372285842895508,7.390681460600546,7.081192901778724,7.10058231335741,620164000
2020-02-19,7.822969913482666,7.840619710509699,7.494589335264522,7.494589335264522,694332000
2020-02-20,7.673819541931152,7.863241105185788,7.366816899872005,7.7749935395709695,810052000
2020-02-21,7.3101396560668945,7.586815002385468,7.2253722619940195,7.561707956830877,768180000
2020-02-24,6.793331623077393,7.006866456625877,6.662078754814775,6.716518843394687,856916000
2020-02-25,6.5141706466674805,6.930301930876322,6.412499271487127,6.86840412228699,1055496000
2020-02-26,6.653378486633301,6.847274989769168,6.512928279510308,6.5144194445871815,747732000
2020-02-27,6.283013343811035,6.641190006067523,6.190733068633484,6.3402219811763265,906416000
2020-02-28,6.7175517082214355,6.7769991482412415,6.014132953557164,6.030797972715024,1133252000
2020-03-02,6.875746726989746,6.90460012185315,6.491950746144979,6.887437432968634,890744000
2020-03-03,6.613582134246826,6.991159895490663,6.528266351897922,6.9314638498857315,652792000
2020-03-04,7.076724052429199,7.086175961601068,6.646165702503717,6.720786112979837,597408000
2020-03-05,6.79764461517334,7.04413956219387,6.753121062405599,6.8774879345472195,540328000
2020-03-06,6.617311000823975,6.675763568811054,6.4173289048687,6.618305863455207,515412000
2020-03-09,6.104920387268066,6.452152626694076,5.924339753977124,5.967121698181325,614160000
2020-03-10,6.493939399719238,6.493939399719238,6.118600526730272,6.381014182098124,580648000
2020-03-11,6.1305413246154785,6.382508765551171,6.033535302098226,6.354153034889596,499964000
2020-03-12,5.380359649658203,5.8731009372494505,5.367674080920537,5.607950774664352,816540000
2020-03-13,5.990503311157227,5.99498043118963,5.4624417815793365,5.733312524970292,634836000
2020-03-16,4.885130882263184,5.623870451229937,4.825434836944395,5.28335358926961,726972000
2020-03-17,5.404237270355225,5.493532962867673,4.750814071544446,4.997308990591307,833632000
2020-03-18,5.044816493988037,5.22191485104539,4.49412041552813,4.977161091110081,874268000
2020-03-19,5.297283172607422,5.390806930894805,4.810262418937481,5.02342686677516,765512000
2020-03-20,5.117697715759277,5.7288363212727065,5.102276153075,5.447269689766438,804636000
2020-03-23,5.290317058563232,5.384587537043199,4.937861436737908,5.1167009402216665,643876000
2020-03-24,6.197946071624756,6.284505766219802,5.672372028631309,5.6960015590237685,1101644000
2020-03-25,6.109398365020752,6.512346769675058,6.060646288704762,6.312862293100567,793432000
2020-03-26,6.398426532745361,6.52229572585307,6.218343085472186,6.316343948572078,696108000
2020-03-27,6.286248207092285,6.54468246183584,6.185510868111897,6.21834371533813,638828000
2020-03-30,6.606119155883789,6.615322467118645,6.307638489346079,6.351664371055623,602252000
2020-03-31,6.5566205978393555,6.850126444851135,6.411111134109462,6.646164408789707,949960000
2020-04-01,6.045968532562256,6.505131009816488,6.001445471834119,6.358875789251834,656912000
2020-04-02,6.354400157928467,6.367582918996632,6.027066607171821,6.075071934994346,675764000
2020-04-03,6.06686544418335,6.3583811622855135,5.929564394605599,6.316842669101764,663212000
2020-04-06,6.6760125160217285,6.712825281839305,6.291221263715193,6.348678972084709,727884000
2020-04-07,6.442949295043945,6.921015708413255,6.399918279480084,6.897385702203857,784520000
2020-04-08,6.639947891235352,6.664821363033569,6.482001890901985,6.551896114188191,542444000
2020-04-09,6.540452480316162,6.788439907863823,6.477522791428222,6.765556643407409,525564000
2020-04-13,6.712079048156738,6.7207846897053765,6.392456281522787,6.4807566311857645,398408000
2020-04-14,7.062796115875244,7.0968724289374805,6.812569792853715,6.8401792588619,530948000
2020-04-15,6.985438346862793,7.068266728820845,6.849629840850387,6.894899184713868,366148000
2020-04-16,7.330183029174805,7.4371386115629985,7.127465375917318,7.1406481386780065,745620000
2020-04-17,7.270984172821045,7.433655858312724,7.137165405215727,7.41226464837836,539120000
2020-04-20,7.139901161193848,7.30033451878303,7.095626685846547,7.144627352201528,449388000
2020-04-21,6.703621864318848,7.08318925121462,6.643925834474063,7.0220011645795735,735160000
2020-04-22,7.117515563964844,7.160297985277611,6.850127091236819,6.8956450294305265,483356000
2020-04-23,7.0642876625061035,7.291381624049405,7.039165593157167,7.159553027857918,424160000
2020-04-24,7.203080654144287,7.205070379941824,6.979468968693204,7.054089379164619,352328000
2020-04-27,7.389381408691406,7.54906850647414,7.312771282405198,7.337396152234377,479388000
2020-04-28,7.247106075286865,7.566480291999541,7.241634092483355,7.536632034839591,442904000
2020-04-29,7.4237060546875,7.476437571649678,7.306552316924315,7.38166990447082,379160000
2020-04-30,7.269989490509033,7.423706940505074,7.2560604626028455,7.3697314829466665,375916000
2020-05-01,7.033692836761475,7.185917767812462,6.985438429326991,7.0727439323957615,342096000
2020-05-04,7.245364189147949,7.259044619148258,6.98643230513877,6.98643230513877,317556000
2020-05-05,7.306304931640625,7.468728031635748,7.245364957293524,7.349335951665621,368896000
2020-05-06,7.407041072845459,7.511758322789601,7.34784270723366,7.385650337882286,323464000
2020-05-07,7.5831451416015625,7.646323437213887,7.494844780887304,7.546083773903831,373732000
2020-05-08,7.7729291915893555,7.779147440058237,7.620952864853898,7.654780572992808,339216000
2020-05-11,8.024646759033203,8.071408625567924,7.739348894683899,7.767953212795398,469060000
2020-05-12,7.762979507446289,8.131105315022058,7.753279002014851,8.08235371634575,493060000
2020-05-13,7.7405924797058105,8.037580085660547,7.55628053841165,7.877395816576789,625852000
2020-05-14,7.989826679229736,7.995298662838856,7.648563532216864,7.802032414632307,602312000
2020-05-15,8.447742462158203,8.457442491393842,7.834116221625606,7.849786375477367,987660000
2020-05-18,8.70592975616455,8.87133792590906,8.63653320763608,8.716127930897029,774460000
2020-05-19,8.760897636413574,9.0414688152822,8.718363820712609,8.745724677106145,717320000
2020-05-20,8.924568176269531,8.997198393542552,8.843729509049695,8.945461722429382,587536000
2020-05-21,8.730803489685059,9.006648548506421,8.69324445182905,9.005654160074906,761068000
2020-05-22,8.98052978515625,9.046942204307483,8.669115477795355,8.780547685374982,1038764000
2020-05-26,8.673595428466797,9.135246032523414,8.628077479731227,9.11037208467669,770780000
2020-05-27,8.48206901550293,8.589023642130156,7.956245377477276,8.581313337076326,1175892000
2020-05-28,8.444014549255371,8.716128787061324,8.336809405476911,8.369642255768241,734896000
2020-05-29,8.830543518066406,8.830543518066406,8.44202141149652,8.511169349529405,745256000
2020-06-01,8.761645317077637,8.795970693494391,8.645486899720394,8.788508985175579,389876000
2020-06-02,8.780549049377441,8.792488351879058,8.614146503329726,8.751696604772091,391320000
2020-06-03,8.725080490112305,8.821340689895296,8.65593255202078,8.777563885189648,365440000
2020-06-04,8.726078987121582,8.90201324294868,8.637488658846792,8.687755724694108,424280000
2020-06-05,8.87886905670166,8.955513667793715,8.667846716392749,8.753948023245258,481748000
2020-06-08,8.76440143585205,8.848759888492882,8.645700988059112,8.836317714446977,387736000
2020-06-09,9.004288673400879,9.067744989711962,8.710898494136034,8.759423633292464,468488000
2020-06-10,9.323561668395996,9.456197516348666,9.111294759405718,9.125479807507725,632180000
2020-06-11,8.755691528320312,9.218546652685198,8.745488699129474,9.10780969358321,583652000
2020-06-12,8.89130973815918,9.144885268344536,8.663116916824086,9.120249640232714,570908000
2020-06-15,9.131449699401855,9.139910604567905,8.703432128605263,8.774603216221042,400004000
2020-06-16,9.026683807373047,9.224020423826694,8.797993526540031,9.18246298281425,535716000
2020-06-17,9.193408966064453,9.25611817307933,9.02842280806264,9.07172310731751,408304000
2020-06-18,9.175492286682129,9.239694705425332,9.072469204734523,9.184450609182678,254408000
2020-06-19,9.218545913696289,9.40144879419368,9.184703242099346,9.1998831293818,524160000
2020-06-22,9.482818603515625,9.487298239825513,9.23048759142056,9.257114800255561,398468000
2020-06-23,9.406424522399902,9.598036991562761,9.364120951569074,9.506958630029597,375108000
2020-06-24,9.192914962768555,9.51243491377942,9.102334014129077,9.432554214069048,449372000
2020-06-25,9.446239471435547,9.461170645155038,9.139908819257684,9.312608836578514,376072000
2020-06-26,9.112787246704102,9.456196763382406,9.082925838512047,9.456196763382406,592084000
2020-06-29,9.157577514648438,9.162057151917535,8.858960660515779,9.127467403493844,342248000
2020-06-30,9.453957557678223,9.482325753485787,9.223774007149327,9.271054649920956,367892000
2020-07-01,9.48605728149414,9.53159694518685,9.369597135978692,9.476850244240778,326648000
2020-07-02,9.567926406860352,9.692598718504767,9.534082792451693,9.59455267019897,364056000
2020-07-06,9.793880462646484,9.86305996516813,9.66771491923515,9.696830190680364,315892000
2020-07-07,9.826231002807617,10.023566685048234,9.805327925441164,9.90038756505966,357800000
2020-07-08,10.168892860412598,10.177852135345317,9.919548208152843,9.94766768707391,365480000
2020-07-09,10.460541725158691,10.521260318665224,10.186311788352297,10.332385556783915,494548000
2020-07-10,10.430931091308594,10.606119214480618,10.330894381296,10.539926128477521,497676000
2020-07-13,10.005898475646973,10.74248607038914,9.978773838195186,10.546146184871182,457076000
2020-07-14,10.329150199890137,10.35478162287087,9.740377400008319,10.028542714415202,542676000
2020-07-15,10.180093765258789,10.384894596483264,10.00938432128849,10.366231809375057,403984000
2020-07-16,10.088019371032715,10.159686933380636,9.849872362524458,9.96882151149735,344964000
2020-07-17,10.154459953308105,10.201243163954526,10.041234957876577,10.178349454335393,266284000
2020-07-20,10.462285041809082,10.482690699140393,10.109917234833206,10.226875749369688,284852000
2020-07-21,10.28087329864502,10.51130643491116,10.239315860666807,10.464522279095037,277036000
2020-07-22,10.390617370605469,10.553612018427057,10.244046163134492,10.31969594109073,367292000
2020-07-23,10.083041191101074,10.498366900172412,9.984995131598533,10.401814053155686,411660000
2020-07-24,10.147491455078125,10.316956343600856,9.731917071829855,9.82946475245161,473292000
2020-07-27,10.373445510864258,10.393601505544966,10.170634417210804,10.185068171231439,292132000
2020-07-28,10.168396949768066,10.33412932148868,10.162176337630433,10.326415496640456,271636000
2020-07-29,10.417243003845215,10.467758773160696,10.29928965550237,10.342837732498475,284508000
2020-07-30,10.565057754516602,10.574016079653706,10.247777173412945,10.32715949631909,308880000
2020-07-31,10.565804481506348,10.71685531257527,10.384892248538662,10.514541633004042,386080000
2020-08-03,10.959481239318848,11.047573183866636,10.665841424159556,10.683011944240379,412720000
2020-08-04,11.175981521606445,11.175981521606445,10.85571534050417,10.999051446235523,310336000
2020-08-05,11.23470687866211,11.31931498345862,11.114762888879284,11.192154590342838,249924000
2020-08-06,11.283230781555176,11.305627070056174,11.127203842921766,11.297414876107878,244316000
2020-08-07,11.147857666015625,11.451700283827373,10.986604966220375,11.26033652411239,342516000
2020-08-10,11.113515853881836,11.355644071852428,10.806438122163634,11.281985893399753,427796000
2020-08-11,10.799969673156738,11.08539727357645,10.74596911283335,11.022687098568131,354512000
2020-08-12,11.387496948242188,11.414123210949473,10.90771920429623,10.940069605622536,464412000
2020-08-13,11.390233993530273,11.667699042003894,11.303386562871257,11.49275872959911,374460000
2020-08-14,11.5106782913208,11.650779221877425,11.387747881419168,11.476834671108962,366436000
2020-08-17,12.280115127563477,12.352529775171735,11.762762003676976,11.796604678443401,621300000
2020-08-18,12.204214096069336,12.438379802232884,12.030519221573105,12.392591435062732,503448000
2020-08-19,12.082528114318848,12.258213621054422,12.042214226825553,12.239799549527746,622624000
2020-08-20,12.085017204284668,12.317938426854452,11.823976501691238,11.91978322105072,921388000
2020-08-21,12.625017166137695,12.749689506590398,12.139017738747308,12.145488010516427,999868000
2020-08-24,12.661596298217773,12.85296007261866,12.449826868277539,12.824342222900356,490564000
2020-08-25,12.691207885742188,12.702405554694398,12.515770144609954,12.572507468754125,289076000
2020-08-26,12.714102745056152,12.809162381604702,12.619291819047708,12.74023159092039,321244000
2020-08-27,12.57002067565918,12.790748434338262,12.508554997682598,12.722563774605414,317604000
2020-08-28,13.087124824523926,13.087373535062817,12.584204585857165,12.616554992173452,537160000
2020-08-31,13.312832832336426,13.512407899244979,12.977635496323865,13.121966433485747,500840000
2020-09-01,13.761387825012207,13.933392246926287,13.37854573615063,13.421858060233896,511316000
2020-09-02,14.28462028503418,14.663230147107154,13.840045378460548,14.640328637897767,874012000
2020-09-03,12.959362030029297,13.824613370460439,12.823201635457625,13.769103935928273,945128000
2020-09-04,12.568055152893066,13.118171798924816,11.654263373150707,12.728608789534096,1463684000
2020-09-08,11.861616134643555,12.495868665952957,11.653766757408798,11.683885878412541,795728000
2020-09-09,12.660155296325684,12.753998485090438,12.178989130595118,12.346513484942513,736200000
2020-09-10,12.258646011352539,13.008895916801286,12.114519770501584,12.933223515687224,698684000
2020-09-11,12.112031936645508,12.597926996342265,11.844440927572224,12.431647488239708,636928000
2020-09-14,12.816727638244629,13.25756789875659,12.576767920086505,13.024577957063135,1201744000
2020-09-15,12.934967041015625,13.24138939468092,12.772421205731272,13.222720077777511,727556000
2020-09-16,12.46052360534668,13.036279497509602,12.459777250368292,12.901363965653177,556384000
2020-09-17,12.40974235534668,12.53544807871845,11.982841605278239,12.079920915572131,792512000
2020-09-18,12.136674880981445,12.578012742879299,11.937040148177086,12.539430184632225,698460000
2020-09-21,12.463261604309082,12.46848893761649,11.853154418113043,11.873566181378445,721044000
2020-09-22,12.583237648010254,12.593443526530567,12.103068535546553,12.520758452357143,646452000
2020-09-23,12.07145881652832,12.67210744174115,12.027151349496169,12.521260177157716,647012000
2020-09-24,12.29473876953125,12.515283765429503,11.962179781141215,12.020178955986067,731240000
2020-09-25,12.818224906921387,12.827933219542732,12.19293417895592,12.393813828314839,588016000
2020-09-28,12.978775978088379,12.995454064553032,12.695005420616106,12.984003310472113,573808000
2020-09-29,13.168702125549316,13.384766127084744,12.87746424849451,12.881695491175353,621460000
2020-09-30,13.472137451171875,13.563740622566334,13.093527658372428,13.10074621883165,689184000
2020-10-01,13.55577564239502,13.70338581276722,13.402688405534297,13.698657000160974,525004000
2020-10-02,13.005908966064453,13.461186360734684,12.994706996717781,13.167957222470799,552496000
2020-10-05,13.58365535736084,13.585397801441708,13.165715663762136,13.178908861614774,479820000
2020-10-06,13.677249908447266,14.081001268617563,13.606058485331335,13.770346750045336,784420000
2020-10-07,13.903767585754395,14.058348479063966,13.803700974994964,13.939363769519542,418084000
2020-10-08,13.779060363769531,14.023750816263338,13.698659142162176,14.01429129045017,378900000
2020-10-09,13.703385353088379,13.764620625602841,13.601826034509546,13.707617545272925,346892000
2020-10-12,14.164640426635742,14.285118819607398,13.852493157883188,13.929160708195548,434744000
2020-10-13,14.18679428100586,14.28661212456434,13.95828434553534,14.23483636602296,344604000
2020-10-14,14.034453392028809,14.280885323875227,13.899786671772109,14.22886078382852,276100000
2020-10-15,13.909744262695312,13.945339502121929,13.70836613749125,13.751180888345079,267224000
2020-10-16,13.751927375793457,14.060590691280174,13.733009274050568,13.976206063082346,242392000
2020-10-19,13.439529418945312,13.923183444817134,13.348921381558638,13.843031020971136,298068000
2020-10-20,13.586645126342773,13.740229967654253,13.448742284587745,13.524912268022215,229212000
2020-10-21,13.466413497924805,13.732013260286454,13.419367506297078,13.566231333022323,219596000
2020-10-22,13.303372383117676,13.553040456540899,13.174679330506805,13.46417579046509,290480000
2020-10-23,13.531632423400879,13.534619742053748,13.233922285663485,13.391987145890786,233484000
2020-10-26,13.08456802368164,13.633689579571246,12.982261385916676,13.369085896916106,336896000
2020-10-27,13.338969230651855,13.384024003134751,13.134603752896393,13.24860995113112,250520000
2020-10-28,12.57253646850586,13.20280655451587,12.554614456414914,13.141073702441242,376520000
2020-10-29,12.967825889587402,13.13584785804943,12.695007521608149,12.78312583190054,320080000
2020-10-30,12.479939460754395,12.88070262306885,12.246948531109375,12.794576492375915,416820000
2020-11-02,12.526485443115234,12.781380795725333,12.341536637952245,12.603152981885287,299652000
2020-11-03,12.963342666625977,13.048473643303717,12.54839028330013,12.653684234543976,272900000
2020-11-04,13.734750747680664,13.76785813556174,13.279473362811475,13.331497901537697,410228000
2020-11-05,14.09892463684082,14.277152471503854,13.930653897861085,14.1014143855421,319028000
2020-11-06,14.499188423156738,14.525822652066411,13.835065648746761,14.048888683439944,383348000
2020-11-09,13.571955680847168,14.628130315864713,13.552042441365499,14.489729930526279,582976000
2020-11-10,12.714920043945312,13.54781121416907,12.573781115211155,13.54781121416907,644068000
2020-11-11,13.360123634338379,13.377050504826503,12.892399429835695,12.997444591271169,404744000
2020-11-12,13.39870548248291,13.706621439955184,13.258562662827003,13.420859683905746,365812000
2020-11-13,13.239646911621094,13.609793346805214,13.002922328890708,13.568472254694553,346312000
2020-11-16,13.456954002380371,13.590624621708862,13.09925351029278,13.115681861196036,413776000
2020-11-17,13.36435317993164,13.537602421605913,13.246364570470092,13.49404132629423,312028000
2020-11-18,13.370829582214355,13.54706619704426,13.128131296756674,13.407172128790208,510924000
2020-11-19,13.382279396057129,13.429325390449687,13.043496960142532,13.155760695717245,565936000
2020-11-20,13.031298637390137,13.436293916600302,13.008645914860107,13.395968917954983,341088000
2020-11-23,13.08332347869873,13.324776855880762,12.959360212033532,13.11443868783319,361356000
2020-11-24,12.901862144470215,13.105230576855208,12.829425831915962,13.085814902758454,346500000
2020-11-25,13.177666664123535,13.212266767837656,12.963843568606508,12.976289464632114,259916000
2020-11-27,13.204052925109863,13.349672861175852,13.113694593942522,13.317312769876626,167276000
2020-11-30,13.343695640563965,13.354648825249436,12.916297341464292,13.207784992620201,286952000
2020-12-01,13.332246780395508,13.47039840179349,13.171193648207254,13.434055855874425,296948000
2020-12-02,13.486078262329102,13.614521552293276,13.177166196219103,13.29291480796753,283360000
2020-12-03,13.342159271240234,13.605098152797373,13.275429117117344,13.53288931377425,199520000
2020-12-04,13.503759384155273,13.505502343250445,13.33494026054711,13.394449728247713,202244000
2020-12-07,13.552062034606934,13.676061924602873,13.445741541863303,13.546584299478042,223244000
2020-12-08,13.296345710754395,13.544095699558415,13.22812050077017,13.53040088587082,271920000
2020-12-09,12.878780364990234,13.36008781733984,12.816531556571482,13.247044338391767,401300000
2020-12-10,12.920110702514648,13.01622323580961,12.797853789659424,12.81727614291095,207764000
2020-12-11,12.960948944091797,12.967671921625609,12.77146318057453,12.91513334344989,209264000
2020-12-14,13.25525951385498,13.33493790120574,13.024939145736656,13.035396898457394,270156000
2020-12-15,13.306802749633789,13.40988618458932,13.133751149437082,13.385733618093893,193016000
2020-12-16,13.189278602600098,13.383245733797809,13.159398488926833,13.368554535432228,223116000
2020-12-17,13.28763198852539,13.325728231536273,13.12553583695301,13.313028850638311,231384000
2020-12-18,13.218657493591309,13.35112236253232,13.017967423113692,13.325226838927424,342064000
2020-12-21,13.278666496276855,13.316265019825284,12.915382540524025,13.02220170883082,302332000
2020-12-22,13.224882125854492,13.283645009703203,13.001533585511854,13.26571770440206,185580000
2020-12-23,12.956965446472168,13.221647327480651,12.952732952772793,13.202723635386256,179144000
2020-12-24,12.94152545928955,13.079717874685622,12.886747159830435,12.98485057196713,97884000
2020-12-28,12.84815502166748,13.010002320422752,12.711955344078387,13.010002320422752,212564000
2020-12-29,12.891228675842285,13.01995972337383,12.790634778448547,12.873052511880598,170372000
2020-12-30,13.092917442321777,13.160643991606976,12.844918572910682,12.938041984526887,225396000
2020-12-31,13.002532005310059,13.098145898291843,12.863094326087117,13.083704508417757,192424000
2021-01-04,13.06079387664795,13.597628037496744,12.9104007529022,13.051581365786737,560640000
2021-01-05,13.35087776184082,13.389471726212586,13.034404784404163,13.047103216912681,322760000
2021-01-06,12.563799858093262,13.19176559346477,12.535414800402618,13.169355987451675,580424000
2021-01-07,13.290369033813477,13.32398392120334,12.834708264575642,12.915382094628498,461480000
2021-01-08,13.223387718200684,13.36705786522473,12.989581430224522,13.308793649429084,292528000
2021-01-11,13.566754341125488,13.904890294581081,13.30879545335435,13.364819001093393,518344000
2021-01-12,13.430549621582031,13.69921598975262,13.291361799387607,13.697223223023418,291476000
2021-01-13,13.477363586425781,13.570239074194301,13.331203898280512,13.435781431552286,210028000
2021-01-14,13.147196769714355,13.545091039577693,13.12752650374872,13.520440755047291,283120000
2021-01-15,12.807815551757812,13.271693369926739,12.79686008165752,13.174834248372443,277780000
2021-01-19,12.972901344299316,13.0413744649296,12.79237922661994,12.963936740649542,226188000
2021-01-20,13.312032699584961,13.376522184971396,13.004274570708622,13.059052877089373,258572000
2021-01-21,13.811765670776367,13.942986262976488,13.199735351672873,13.36456988189232,337780000
2021-01-22,13.657387733459473,13.78611878930567,13.572480460380298,13.68477736022851,246820000
2021-01-25,13.598377227783203,13.772922949913667,13.183302194742383,13.726360770124714,251112000
2021-01-26,13.38125228881836,13.589909643164159,13.333693731069246,13.525917879750628,163980000
2021-01-27,12.865833282470703,13.179566863996952,12.742331097480742,13.176827521248605,371272000
2021-01-28,12.99854564666748,13.286135761458496,12.908409501804401,12.94401620453668,228316000
2021-01-29,12.937543869018555,13.28115757374475,12.859608425570046,13.022451148945741,271552000
2021-02-01,13.183798789978027,13.21741272526366,12.850891747211746,13.000787159383922,217204000
2021-02-02,13.502264022827148,13.517451986494493,13.232103488617547,13.3448990521838,220440000
2021-02-03,13.476119995117188,13.875757217775313,13.4621763232891,13.581195250724157,245408000
2021-02-04,13.609333992004395,13.618546504869126,13.284146250549627,13.476619285849223,201340000
2021-02-05,13.536376953125,13.682039891705488,13.491308875072331,13.66983917802764,169152000
2021-02-08,14.380719184875488,14.415578363671342,13.672078622183603,13.672078622183603,434624000
2021-02-09,14.205924034118652,14.524637598261522,14.165337313462569,14.283111941148748,287560000
2021-02-10,14.704911231994629,14.845095479349197,14.283860773020809,14.405121329535092,485352000
2021-02-11,15.189455032348633,15.210869206423117,14.865014860197656,14.920042971123856,450828000
2021-02-12,14.901122093200684,15.22979577043939,14.715619934956125,14.989515299216091,374756000
2021-02-16,15.268635749816895,15.310716572903681,14.889914041084145,15.003705039567253,321960000
2021-02-17,14.846091270446777,15.162315316732863,14.720597275681127,15.11002559817303,274756000
2021-02-18,14.769402503967285,14.813474199049633,14.516422672580028,14.669804025488334,233868000
2021-02-19,14.866510391235352,15.116003352736659,14.787080847428777,14.964116101576446,271724000
2021-02-22,14.298052787780762,15.072428084036344,14.267426101767738,14.715368455188019,325884000
2021-02-23,14.085164070129395,14.181525494139695,13.335687805358342,14.01868181137382,391780000
2021-02-24,14.440728187561035,14.44844754946419,13.70071427051266,14.065991018346837,448320000
2021-02-25,13.25401496887207,14.316975775495292,13.163132248759155,13.989048748231403,824436000
2021-02-26,13.659381866455078,13.798818598724198,13.307302217792548,13.697228301041338,500932000
2021-03-01,13.786116600036621,13.869032042521285,13.498776322723113,13.819232815380492,353184000
2021-03-02,13.352368354797363,13.864551312583613,13.342159459835498,13.844133522659883,264116000
2021-03-03,12.75328540802002,13.397435479736185,12.747309006591404,13.372287481607765,377592000
2021-03-04,12.32053279876709,12.922852894444349,12.035184286271841,12.749302617793662,573344000
2021-03-05,12.411416053771973,12.499560385516855,11.632309598213094,12.499560385516855,542840000
2021-03-08,11.546658515930176,12.421129257115858,11.520015458380275,12.399964886052512,543112000
2021-03-09,12.474235534667969,12.570380320180579,12.014929374310588,12.085668531876562,521824000
2021-03-10,12.422426223754883,12.932294680154964,12.411715915223251,12.793307713265953,384376000
2021-03-11,12.945745468139648,12.998302184299803,12.687697531280483,12.902405394482225,299916000
2021-03-12,12.808749198913574,12.841378959282121,12.543727056525297,12.601762440863276,243964000
2021-03-15,13.142770767211914,13.158213871670602,12.720329219810525,12.817470746140335,221988000
2021-03-16,13.242402076721191,13.462838518161057,13.068542937398949,13.307411714289238,272128000
2021-03-17,13.292218208312988,13.40380609566732,12.941760599252106,12.99182597197509,243864000
2021-03-18,12.675741195678711,13.135545224725465,12.670261569305001,13.088220142222372,293896000
2021-03-19,12.798539161682129,12.874011114982835,12.56614673642358,12.703141206459366,299208000
2021-03-22,13.137785911560059,13.345270569661254,12.859313158739914,12.865291623650993,297804000
2021-03-23,13.022711753845215,13.29545500368924,12.973393215824773,13.205536681234243,222048000
2021-03-24,12.596531867980957,13.110885063082709,12.590305409184253,13.102914093626651,245840000
2021-03-25,12.489176750183105,12.668017580653657,12.226894918706114,12.453558710808869,295144000
2021-03-26,12.792059898376465,12.808997613768744,12.328021986506789,12.508356491147842,363968000
2021-03-29,12.900662422180176,13.014492713127513,12.653324782729335,12.773132589205469,273520000
2021-03-30,12.824440956115723,12.927560916338413,12.658303875869729,12.79480042870209,200204000
2021-03-31,13.299190521240234,13.42099081099066,12.93478447914414,12.967663184063744,314776000
2021-04-01,13.760991096496582,13.81902649847584,13.461594592086561,13.522371233030276,308276000
2021-04-05,13.936092376708984,13.962494731258166,13.682527344785477,13.816533522907958,255672000
2021-04-06,13.810555458068848,14.002597032896157,13.722879532840807,13.948297705902563,191744000
2021-04-07,14.09151840209961,14.191150299741128,13.661105981821104,13.829733469793657,251284000
2021-04-08,14.264379501342773,14.418311657652836,14.19662863887845,14.20036565422222,244416000
2021-04-09,14.347073554992676,14.355044524089577,14.122901094858856,14.161757312554487,195172000
2021-04-12,15.153100967407227,15.296073878996914,14.087282859260705,14.237230012870905,869324000
2021-04-13,15.621874809265137,15.642299650725404,15.070159896301643,15.175521330754785,676212000
2021-04-14,15.220853805541992,15.662723403944465,15.17153526617019,15.56757439683238,385500000
2021-04-15,16.077943801879883,16.154660479530673,15.574051864074454,15.604938070709537,598480000
2021-04-16,15.85401725769043,16.10633661100152,15.806940170418816,15.993999997068041,335208000
2021-04-19,15.305288314819336,15.749400218870978,15.177011680962497,15.479396356886928,404420000
2021-04-20,15.115493774414062,15.440045994906509,14.90800907808252,15.266934627639428,334132000
2021-04-21,15.304043769836426,15.306036274534817,15.046742716044934,15.063181592433518,216776000
2021-04-22,14.795670509338379,15.381758649575245,14.729165313862191,15.318491630862203,277788000
2021-04-23,15.209148406982422,15.278641899343617,14.845490057951816,14.87936454858827,227500000
2021-04-26,15.421113014221191,15.422109741768356,15.069410715459696,15.129190614058306,197796000
2021-04-27,15.325217247009277,15.612905694192488,15.298067110638453,15.521243816067019,164572000
2021-04-28,15.22060489654541,15.475166680106252,15.159580267005879,15.308032833296224,209416000
2021-04-29,15.268426895141602,15.379765830719082,15.016107543211453,15.34340000196832,173196000
2021-04-30,14.954336166381836,15.308529842071689,14.941882296807739,15.118730665369561,201912000
2021-05-03,14.782219886779785,15.19071284416774,14.733151247079403,15.06941043878628,203912000
2021-05-04,14.298503875732422,14.583701921742202,13.958757564248552,14.583452977403262,405324000
2021-05-05,14.405359268188477,14.75905499847583,14.334620122131005,14.654938309097338,292024000
2021-05-06,14.469622611999512,14.517695473850004,14.165744240795117,14.441974587843967,193380000
2021-05-07,14.757810592651367,14.91572777547651,14.617826904664591,14.753825582724902,229328000
2021-05-10,14.213318824768066,14.751583061695198,14.197626779371475,14.732901783793752,268904000
2021-05-11,14.253670692443848,14.301992504029124,13.699465425742892,13.774189592576713,285584000
2021-05-12,13.707935333251953,14.207841311323268,13.65886668481887,13.958012319395014,303408000
2021-05-13,13.61502742767334,14.029001024518745,13.409535245687866,13.982172876716831,285404000
2021-05-14,14.190652847290039,14.275340485481827,13.697970119526413,13.83895053700073,258616000
2021-05-17,14.113438606262207,14.11717467222545,13.802585945986333,14.104969746666484,216980000
2021-05-18,13.964235305786133,14.351307594173022,13.952528272251145,14.214562107178883,186256000
2021-05-19,14.014054298400879,14.027753839066552,13.493474603613123,13.516638780467643,344000000
2021-05-20,14.558795928955078,14.62978403099266,14.21805284914082,14.249934831389337,321592000
2021-05-21,14.936649322509766,15.16605342254954,14.814849033504863,15.108017088006374,672992000
2021-05-24,15.5546236038208,15.687134227606302,15.120225159949756,15.156590993193284,554816000
2021-05-25,15.590239524841309,15.760361630715945,15.42559704511767,15.708054812680162,435408000
2021-05-26,15.642297744750977,15.735703186240535,15.528966303165006,15.676422124487875,370440000
2021-05-27,15.431078910827637,15.692116100366094,15.403181937159781,15.642050724360203,581476000
2021-05-28,16.184791564941406,16.21767121400857,15.444025537675882,15.444025537675882,644536000
2021-06-01,16.204721450805664,16.32801730667741,15.844799257771454,16.210202026757546,472804000
2021-06-02,16.716581344604492,16.856565955945943,16.17582681316416,16.192515583059503,594168000
2021-06-03,16.907379150390625,17.19556736897667,16.522051333849653,16.639368724927916,580008000
2021-06-04,17.513648986816406,17.596093290887584,17.032673204029777,17.04960902455998,617120000
2021-06-07,17.554241180419922,17.747030491706028,17.12955929852456,17.506668113699998,575756000
2021-06-08,17.392839431762695,17.556734115441593,17.18759528524921,17.462830794677384,323848000
2021-06-09,17.29841423034668,17.514418168620654,17.196268545386232,17.455372530301904,381656000
2021-06-10,17.364933013916016,17.431703394406398,17.11679270243008,17.290192689067965,287772000
2021-06-11,17.763805389404297,17.877412740518896,17.38362021079101,17.41924641470844,416308000
2021-06-14,17.956642150878906,17.977320675326887,17.60187021649912,17.844281675128062,321376000
2021-06-15,17.727182388305664,17.954148103362822,17.66689173938309,17.853247418996794,243032000
2021-06-16,17.74885368347168,17.892856291722083,17.52388192123169,17.729422074916453,307124000
2021-06-17,18.592939376831055,18.7700763215897,17.69504598066055,17.71323258774539,809656000
2021-06-18,18.57450294494629,19.308215040452524,18.519941225336265,18.71925259251508,968856000
2021-06-21,18.363731384277344,18.472605819565104,17.76131527148521,18.371703230531587,672384000
2021-06-22,18.8216495513916,18.89838571048754,18.322625970093895,18.407831979451938,580144000
2021-06-23,18.991561889648438,19.0867336597578,18.84257729781816,18.942232994544018,332356000
2021-06-24,19.139299392700195,19.35306044926967,19.022453105749324,19.161473823483938,320924000
2021-06-25,18.96540069580078,19.278817427102744,18.829371801358914,19.21404094846536,278364000
2021-06-28,19.91611099243164,20.00953782998567,19.25240637349924,19.294510415626913,495436000
2021-06-29,19.957721710205078,20.02947213929642,19.589245203319127,19.813968049037626,367632000
2021-06-30,19.933551788330078,20.093000115257194,19.795279984425818,19.93031286945108,326568000
2021-07-01,20.142332077026367,20.385490527597725,19.949996529159517,20.055632059782717,480136000
2021-07-02,20.416378021240234,20.43456652516882,20.217815593150004,20.369790056845883,342764000
2021-07-06,20.627153396606445,20.77015813867355,20.280104352666278,20.666018525350328,446708000
2021-07-07,20.30152702331543,20.8030424068204,20.261914895907818,20.78161688378112,418428000
2021-07-08,19.83414649963379,20.063602249461436,19.632843115344528,19.788056528694977,503300000
2021-07-09,19.98113441467285,20.011031686742374,19.686155219860904,19.893687412394865,296624000
2021-07-12,20.441791534423828,20.46197014862544,20.118160092279034,20.170229888571328,321984000
2021-07-13,20.180198669433594,20.390720799183015,20.044667777946696,20.330179245184596,290708000
2021-07-14,19.773109436035156,20.34737328738898,19.68466640492016,20.287580628248975,380100000
2021-07-15,18.9008731842041,19.778587910474652,18.793494657119066,19.743459705435733,550564000
2021-07-16,18.098398208618164,19.09096527868611,18.01070219908961,18.96490214619044,688224000
2021-07-19,18.71501922607422,18.976364277481892,17.803919215628007,17.853499010534822,749060000
2021-07-20,18.54784393310547,18.773064743639477,18.101388235116307,18.665437217414535,434687000
2021-07-21,19.343093872070312,19.459691152678595,18.677397187844907,18.816914001718725,371017000
2021-07-22,19.526458740234375,19.818448030291623,19.209554105329772,19.574293617288724,323826000
2021-07-23,19.490585327148438,19.63209605947266,19.183646421770963,19.588247101340414,195672000
2021-07-26,19.227493286132812,19.374981936997983,18.848802099805674,19.244434884003283,203943000
2021-07-27,19.141786575317383,19.55435899807369,18.676395454611008,19.19858929482004,248863000
2021-07-28,19.43577766418457,19.5782844245796,18.929529207405572,19.25241185691331,202191000
2021-07-29,19.594226837158203,19.78456845561129,19.261376580692936,19.451718199146022,190781000
2021-07-30,19.43178939819336,19.562336470219837,19.1966028063269,19.35106731996473,183497000
2021-08-02,19.68191909790039,19.892192193546077,19.29426009396144,19.632092214924064,217444000
2021-08-03,19.7466983795166,20.152295043077654,19.153748123448008,19.67195614363054,301811000
2021-08-04,20.204116821289062,20.247965779199756,19.759653109158858,19.9210953580706,231309000
2021-08-05,20.565866470336914,20.661536241718938,20.271883215334118,20.429339555669177,211435000
2021-08-06,20.29580307006836,20.499100408027225,20.14034062348505,20.45325942911503,178497000
2021-08-09,20.22504234313965,20.43730746916473,20.07356586786639,20.37552091210464,146443000
2021-08-10,19.867280960083008,20.35957761344973,19.766627375953473,20.25195008967123,179238000
2021-08-11,19.6310977935791,19.979891738651794,19.363025922279018,19.97391190338551,185925000
2021-08-12,19.83638572692871,19.95995693048754,19.55236830867384,19.801506528249956,151652000
2021-08-13,20.118412017822266,20.1443233694404,19.782573757798062,19.836388472220936,183063000
2021-08-16,19.88123321533203,20.21707147166275,19.385944729446937,20.0655949890892,210876000
2021-08-17,19.390926361083984,19.701851137196797,19.200584773858555,19.617143152947893,204585000
2021-08-18,18.9743709564209,19.566323330393175,18.934507922108054,19.432784446374054,285913000
2021-08-19,19.729759216308594,20.424357250217014,18.69732897160498,19.42680621302626,766555000
2021-08-20,20.744245529174805,20.793076409277884,19.864289880276367,19.922088611384755,675741000
2021-08-23,21.88231086730957,21.921175993171637,20.877786025238045,20.89871354691562,575807000
2021-08-24,21.717880249023438,21.8833084230163,21.46077013569365,21.678019114764727,297299000
2021-08-25,22.136428833007812,22.392542896960293,21.64712213641012,21.66206982160792,347701000
2021-08-26,21.991933822631836,22.262995617571487,21.71489219229339,22.12347879676051,237940000
2021-08-27,22.557971954345703,22.643675947875877,22.090588763919488,22.10753036152277,304722000
2021-08-30,22.60979461669922,22.963570482185514,22.473267719877327,22.751305343048546,262580000
2021-08-31,22.311777114868164,22.620762547931086,22.047644559274826,22.620762547931086,259850000
2021-09-01,22.367589950561523,22.622753028655936,22.283865100248764,22.41144663929597,201767000
2021-09-02,22.322738647460938,22.51909472765023,22.22206920355075,22.44433930541851,187834000
2021-09-03,22.768272399902344,22.9108042435258,22.12737624359529,22.25196732176619,280532000
2021-09-07,22.587867736816406,22.82409196545465,22.4483244181334,22.758307882725695,198107000
2021-09-08,22.265926361083984,22.536039786741064,21.90510910488169,22.439356967135367,254434000
2021-09-09,22.10445785522461,22.464277065145424,22.058608795237394,22.239016490910437,196856000
2021-09-10,22.40447235107422,22.551987038677307,22.197152562012025,22.274896532355616,248376000
2021-09-13,22.079538345336914,22.888882461215875,21.786499434109167,22.609797693327096,297500000
2021-09-14,22.16924476623535,22.336694491367744,22.013754920994057,22.202135861768,199755000
2021-09-15,22.26791763305664,22.29383355511717,21.894144334606132,22.236022722228473,166538000
2021-09-16,22.16924476623535,22.204130125637935,21.855274630502613,22.11043774594107,156033000
2021-09-17,21.82836151123047,22.247983887075033,21.758590795663608,22.227052672404977,294503000
2021-09-20,21.043935775756836,21.362888683857676,20.594410879277827,21.076826867613953,349440000
2021-09-21,21.176498413085938,21.354911802354714,20.881467187077302,21.34693855063017,204688000
2021-09-22,21.869224548339844,21.888161496452156,21.126660825026075,21.29610478128571,268726000
2021-09-23,22.408456802368164,22.461282925863888,21.818392405906536,22.067574601135654,248555000
2021-09-24,22.008769989013672,22.076548344372082,21.789490317687935,21.99780629061381,217655000
2021-09-27,21.58914566040039,21.7276909027937,21.255242424863432,21.638981339967028,245215000
2021-09-28,20.631288528442383,21.34893447038271,20.58344521216512,21.14460514549343,343069000
2021-09-29,20.449886322021484,20.94825075454832,20.400048738103138,20.871502966534447,218394000
2021-09-30,20.64823341369629,20.997088873720934,20.620325128983062,20.70006335689361,221009000
2021-10-01,20.67414665222168,20.790762583446227,20.136908439010178,20.682119903644967,240978000
2021-10-04,19.667448043823242,20.474797634772223,19.49102704533623,20.43692184351524,345635000
2021-10-05,20.38409996032715,20.580456026751712,19.789052772537165,19.884739402108554,279282000
2021-10-06,20.63228416442871,20.65221729292301,20.01431155448803,20.054181613694748,297202000
2021-10-07,21.006057739257812,21.25224946522736,20.903394046211478,21.023000423462637,256919000
2021-10-08,20.762855529785156,21.136628803152057,20.707038964304342,21.031972742875528,151258000
2021-10-11,20.627300262451172,20.994096456605053,20.44390216537423,20.507693882375722,163388000
2021-10-12,20.603382110595703,20.988119137089015,20.460850231226793,20.759868133383815,162134000
2021-10-13,20.870502471923828,20.921336231312484,20.645241941754325,20.849571259430128,180652000
2021-10-14,21.67485809326172,21.683827524240495,21.052898966239095,21.218356261055735,243589000
2021-10-15,21.790483474731445,21.85925800191469,21.59113886513245,21.738653534036047,226994000
2021-10-18,22.149309158325195,22.218083693968943,21.573198850194263,21.677856826800955,189494000
2021-10-19,22.217082977294922,22.30579062746577,21.964910365115337,22.203126935634774,161473000
2021-10-20,22.030698776245117,22.359619226163996,21.91009429442329,22.232037672694034,146276000
2021-10-21,22.61777114868164,22.636710001159347,22.010764006896952,22.02471815036075,187590000
2021-10-22,22.651657104492188,23.054334844956028,22.48719785150225,22.748339913629675,249384000
2021-10-25,23.0902156829834,23.278596571757692,22.695511238886706,22.897846267570205,230235000
2021-10-26,24.63614273071289,25.176371413393948,23.845737588941468,23.910525487792796,485898000
2021-10-27,24.371015548706055,25.007925176618038,24.202567761764556,24.393941025402942,245990000
2021-10-28,24.859413146972656,24.868384481883496,24.442781235893953,24.796619505924756,234204000
2021-10-29,25.483366012573242,25.624901707362692,24.91822131585797,24.91921749719109,292503000
2021-11-01,25.74251365661621,25.809293921603484,25.144476013269458,25.565096437115333,265740000
2021-11-02,26.314634323120117,26.590728607704555,25.71560052254652,25.737529816984793,294112000
2021-11-03,26.510988235473633,26.696380585852886,26.14917676933632,26.582753200243893,239910000
2021-11-04,29.703514099121094,31.26239704427072,27.02929029769168,27.139927249878582,1153631000
2021-11-05,29.654674530029297,31.297282321186877,29.313792339899493,30.088251003295557,851260000
2021-11-08,30.703235626220703,30.998266887418577,29.80916860642571,30.050377560399664,503101000
2021-11-09,30.55671501159668,32.20430952982085,29.865983049867186,32.176401244543264,646746000
2021-11-10,29.362632751464844,30.74908322904024,28.68386069593988,29.259970949508748,636206000
2021-11-11,30.290584564208984,30.489931064518142,29.679590905724567,30.368330421751022,332172000
2021-11-12,30.290584564208984,30.57963679954635,29.53307052458696,29.911828494952534,413054000
2021-11-15,29.92678451538086,30.543759180639718,29.151329561322342,30.45206106579167,384909000
2021-11-16,30.104196548461914,30.290585092245067,29.608822634811435,29.661650656013027,264484000
2021-11-17,29.1652774810791,30.409195964278993,28.705785120196275,30.31849214904719,428508000
2021-11-18,31.57138442993164,32.65283428082638,31.218542338444994,32.261122107751916,781711000
2021-11-19,32.877098083496094,32.97976178244582,31.800631120790957,32.137524780788404,533867000
2021-11-22,31.851465225219727,34.533662437419686,31.795648655207987,33.40735781762492,754335000
2021-11-23,31.642152786254883,32.25414458908274,30.778984519657556,31.431842568314533,532163000
2021-11-24,32.56712341308594,32.74753112029503,30.826834275154358,31.35809177967249,435162000
2021-11-26,31.39994239807129,32.602992687560196,31.24744303882468,32.49335192952601,283069000
2021-11-29,33.26681900024414,33.30270053648563,31.931202291527786,32.26012461188157,454964000
2021-11-30,32.56911087036133,33.24389825426,31.75976866465923,33.060498227989086,622066000
2021-12-01,31.33600425720215,33.184167626613956,31.281177159177126,33.114388375070114,484368000
2021-12-02,32.02483367919922,32.375726406688585,30.92730092976172,31.1157068428457,472890000
2021-12-03,30.59634017944336,32.02781864594945,30.03511159214112,31.89922328972484,544325000
2021-12-06,29.942405700683594,30.145761817550646,27.949700565814876,29.78589864714848,658938000
2021-12-07,32.32488250732422,32.346816391112846,30.554476224251633,30.859514259780514,593053000
2021-12-08,31.725772857666016,32.18831231520401,31.32204761084049,31.898228375722542,475551000
2021-12-09,30.393980026245117,32.103581165831095,30.33217500414839,31.634061878266106,488507000
2021-12-10,30.102903366088867,31.206417659798845,29.766964720005916,31.051905086156875,488825000
2021-12-13,28.072315216064453,30.19859933646938,28.02745685315274,30.153740973557664,598344000
2021-12-14,28.24776268005371,28.587688427433932,27.16418590298591,27.61177134537967,667035000
2021-12-15,30.36307716369629,30.40394841022342,27.750331012948195,28.310561418103585,698297000
2021-12-16,28.297603607177734,31.061871670056004,28.004530741243016,31.053897441434426,707366000
2021-12-17,27.713449478149414,28.830919505652275,27.67257823059536,27.896870039197612,713758000
2021-12-20,27.63170623779297,28.055367052682545,27.059514491494653,27.219010461900748,461847000
2021-12-21,28.983440399169922,29.028298765292003,27.314710320233896,28.284647712043096,524385000
2021-12-22,29.30741310119629,29.46192565947625,28.359407778692482,28.800017170257917,395184000
2021-12-23,29.546659469604492,29.964340611891693,29.338318000778614,29.66129709262339,343022000
2021-12-27,30.847551345825195,30.98910437388651,29.54666059393546,29.56659806861277,403686000
2021-12-28,30.226505279541016,31.231330135732982,29.917480215533388,31.213387174254855,420591000
2021-12-29,29.906518936157227,30.451797181054715,29.273518478931255,30.177663603854032,343139000
2021-12-30,29.492828369140625,30.36108570963226,29.44697370362588,29.73306863749012,308864000
2021-12-31,29.318376541137695,29.93542853604102,29.238628557646763,29.580548773634128,266530000
2022-01-03,30.026142120361328,30.61428422261977,29.69119982289277,29.721106030264906,391547000
2022-01-04,29.19776153564453,30.37205130388123,28.259724925855497,30.181652811785955,527154000
2022-01-05,27.517070770263672,29.323364772152377,27.446295212189224,28.857834470045624,498064000
2022-01-06,28.089262008666992,28.348443450993756,26.979768076203065,27.55295615903355,454186000
2022-01-07,27.161191940307617,28.33249270432617,26.971789766731415,28.052377508601495,409939000
2022-01-10,27.313709259033203,27.382492201861595,25.563238883232685,26.497288278632688,594681000
2022-01-11,27.72939682006836,27.976616901866414,26.754478046594247,27.236953065488187,404089000
2022-01-12,27.910823822021484,28.504945618330236,27.52105444566208,27.978608560513216,383413000
2022-01-13,26.491308212280273,28.390307586035668,26.414549141387052,28.289625832276567,540171000
2022-01-14,26.85715675354004,27.111354801279813,26.127461534880105,26.217178269218586,395832000
2022-01-18,25.821420669555664,26.554106460456605,25.688840119306743,26.177296679460166,424270000
2022-01-19,24.988059997558594,26.45941170270569,24.973107843056518,25.996874104337753,488315000
2022-01-20,24.073949813842773,25.49845065849649,24.00217604422895,25.224317030343393,435181000
2022-01-21,23.300390243530273,24.74482640351697,23.189739748176777,23.432970816782724,718958000
2022-01-24,23.298397064208984,23.30637129274654,20.82222037714528,22.259678694181396,913982000
2022-01-25,22.25369644165039,22.87074846480711,21.930717378924925,22.47499743870543,664616000
2022-01-26,22.700281143188477,23.98123400750133,22.22976753998485,23.166807633010286,755959000
2022-01-27,21.874895095825195,23.919436763705882,21.606741215717612,23.493781409014357,573353000
2022-01-28,22.768070220947266,22.78601318376408,21.22893211104231,21.942676819297425,543774000
2022-01-31,24.408885955810547,24.43181423649078,22.979402057018028,23.108991809594748,564680000
2022-02-01,24.560413360595703,25.065816744698257,23.814767780089298,25.02494549207549,518925000
2022-02-02,25.16250991821289,25.735698020360548,24.475678597564364,25.712771637079914,543419000
2022-02-03,23.872581481933594,24.998025678674647,23.705111287686467,24.38097558762337,410178000
2022-02-04,24.24241065979004,24.557415442950465,23.557574004727897,23.896503370272555,354829000
2022-02-07,24.650127410888672,25.10269624776117,24.125782912567686,24.29524762592509,376868000
2022-02-08,25.0289306640625,25.150546207819467,23.90448265925914,24.282288838178633,410359000
2022-02-09,26.620901107788086,26.640838580536943,25.27315951224319,25.54131148574977,524282000
2022-02-10,25.74267578125,26.84020840080806,25.519382164128384,25.913138706568642,513200000
2022-02-11,23.87357521057129,26.06963817364422,23.698130807329928,25.83438136347169,605472000
2022-02-14,24.190582275390625,24.79666745710509,23.680193553099095,23.858630725496297,440424000
2022-02-15,26.411563873291016,26.461405654812495,24.705951642944154,24.870431043038703,699869000
2022-02-16,26.427513122558594,26.498290583942875,25.47153350229462,26.176307798231086,732676000
2022-02-17,24.429821014404297,25.70379613633401,24.088899004953028,25.549283587406155,810595000
2022-02-18,23.567546844482422,24.9073141846699,23.027253892651444,24.590314838865833,761255000
2022-02-22,23.31633949279785,23.98821671585555,22.927568291074294,22.962457916801178,633422000
2022-02-23,22.31650161743164,24.07893566959685,22.23077389493765,23.727046641189006,566511000
2022-02-24,23.673208236694336,23.725044515703196,20.82420930000137,20.948815630233725,735801000
2022-02-25,24.0809268951416,24.14073741705025,23.30737152091748,23.64630098063684,528866000
2022-02-28,24.308208465576172,24.587327391046674,23.632344083996866,23.91644642718018,477319000
2022-03-01,23.403064727783203,24.3002319386135,23.059151897859554,24.21450233159208,412056000
2022-03-02,24.147836685180664,24.336274646536083,23.345236751503386,23.68522035856199,389642000
2022-03-03,23.643352508544922,24.253528765706868,23.399081570051635,24.189718352855724,365095000
2022-03-04,22.867664337158203,23.609447114971164,22.41501653226553,23.314329501450473,431415000
2022-03-07,21.288381576538086,22.96437474060364,21.266447763904743,22.749016800661877,450821000
2022-03-08,21.449901580810547,22.306341548855194,20.588475444727642,21.24551242955818,557467000
2022-03-09,22.9454345703125,23.150820212926504,22.1807194875951,22.320301778530236,492742000
2022-03-10,22.590492248535156,22.720104081485786,21.816803338925023,22.463869834153396,428066000
2022-03-11,22.03415870666504,23.076045454723392,21.980318734826213,22.953410808497686,367209000
2022-03-14,21.266448974609375,22.195671367540292,21.095958926406958,21.80384262804617,385354000
2022-03-15,22.90455436706543,22.96936124008591,21.258474245006287,21.45388943534592,491996000
2022-03-16,24.423017501831055,24.523716417538445,23.102962788581674,23.429984670978083,671422000
2022-03-17,24.69221305847168,24.767984935801795,23.83477472930563,24.04813783867153,471941000
2022-03-18,26.374187469482422,26.489842995481,24.55063805480904,24.72511591515251,730719000
2022-03-21,26.654348373413086,27.07110416186951,25.889633364007818,26.42802540885607,591727000
2022-03-22,26.444978713989258,27.1568522339767,25.994325666723434,26.647373045195117,547007000
2022-03-23,25.557626724243164,26.53271160406256,25.498802493887702,26.048159533733372,502120000
2022-03-24,28.066133499145508,28.23562710130492,25.82981594503605,26.088045093021876,877379000
2022-03-25,27.609495162963867,28.273511278243372,27.189749942659294,27.802917411678866,579016000
2022-03-28,28.13492774963379,28.165835529081235,27.124945266667112,27.67330780734801,425494000
2022-03-29,28.57062339782715,28.85975839254765,27.896636856560235,28.60950676132991,488984000
2022-03-30,27.60750389099121,28.411102336887122,27.421060745065915,28.21967492416321,463487000
2022-03-31,27.2047061920166,28.163840001448694,27.188755016987574,27.69922874957192,523440000
2022-04-01,26.63241958618164,27.414084291366482,26.188745633064283,27.293444485136895,517235000
2022-04-04,27.278486251831055,27.475896299662303,26.533712066907064,26.648369216228314,397120000
2022-04-05,25.853742599487305,27.237607768198263,25.743073244909805,27.17280089255996,436615000
2022-04-06,24.334285736083984,25.22462494159722,23.93149001085727,24.859716112456148,703833000
2022-04-07,24.13587760925293,24.648346195017268,23.40805294497013,24.36818323767015,557992000
2022-04-08,23.05011558532715,23.851720890168128,22.993286209983477,23.845738250132285,524781000
2022-04-11,21.851699829101562,22.253499000395795,21.595465570939584,22.147815823189774,575207000
2022-04-12,21.43993377685547,22.657296773923992,21.218595050115738,22.46985714800616,662258000
2022-04-13,22.136850357055664,22.432966395854017,21.39107965829104,21.663267032253867,516943000
2022-04-14,21.19466209411621,22.70913730080681,21.09994582726885,22.437946450799743,569097000
2022-04-18,21.718103408813477,22.02219313271973,21.016200346382977,21.13684014323295,525701000
2022-04-19,22.131864547729492,22.306342402426626,21.250497509099134,21.655288033662476,512781000
2022-04-20,21.41799545288086,22.6024555729677,21.13683607316311,22.449911553032234,468974000
2022-04-21,20.12287139892578,22.3252899842491,19.940416029363888,21.64432421395311,656209000
2022-04-22,19.456857681274414,20.424965416989473,19.441902979823055,20.24251007228569,624713000
2022-04-25,19.842708587646484,19.885579752238908,19.039110058157114,19.14479325994293,641566000
2022-04-26,18.732025146484375,19.72904585331805,18.614376672651343,19.659254708106264,653143000
2022-04-27,18.36013412475586,19.10989247416375,18.23550655747405,18.542587544483734,499460000
2022-04-28,19.723058700561523,19.977299987584416,18.43490842453144,18.910486477885513,570327000
2022-04-29,18.491741180419922,20.068030059623467,18.461829879065967,19.344193301516768,500435000
2022-05-02,19.474807739257812,19.51568405448222,18.336209816554007,18.48576255245507,572049000
2022-05-03,19.543598175048828,19.7659352569291,19.07599562451621,19.342200337321106,475751000
2022-05-04,20.273412704467773,20.339216036485332,18.695129208779278,19.86363801470655,648855000
2022-05-05,18.787860870361328,19.86563979176818,18.444885832875407,19.8078139209031,626331000
2022-05-06,18.619356155395508,19.453862166104038,17.93639767916028,18.68017522440526,633297000
2022-05-09,16.899499893188477,18.200610175903677,16.776865264300895,17.980269856071814,644455000
2022-05-10,17.542579650878906,18.143783810287378,16.974278119895548,17.636299465737004,761474000
2022-05-11,16.5804500579834,17.700105173473105,16.518636414884845,17.295314714048374,670167000
2022-05-12,16.126806259155273,16.73798070919897,15.520618927510899,16.170675786077656,708728000
2022-05-13,17.653249740600586,17.8745884809046,16.5435666197067,16.737985372316167,670437000
2022-05-16,17.21256446838379,17.735003457169242,17.055036163870508,17.456835364759026,521446000
2022-05-17,18.122848510742188,18.31627080412137,17.581466905252842,18.020154721542657,585830000
2022-05-18,16.887537002563477,18.06402177879582,16.813758061200716,17.6522521071145,545161000
2022-05-19,17.072982788085938,17.634305160902688,16.68414342710916,16.886539645818328,621310000
2022-05-20,16.64426612854004,17.35813265366858,15.70806343146981,17.28036591060508,739105000
2022-05-23,16.847658157348633,16.86460770868563,16.130800340603695,16.225516631801014,639889000
2022-05-24,16.105871200561523,16.547552147553244,15.732985873904111,16.460811455935517,588550000
2022-05-25,16.924427032470703,17.060021530351076,15.952331454150205,15.972272324867756,781132000
2022-05-26,17.797815322875977,18.03809652185166,15.974264096032462,15.9882223241749,996575000
2022-05-27,18.754959106445312,18.824750258238716,18.046076875849245,18.131821105909538,738379000
2022-05-31,18.616374969482422,19.142801878516646,18.295333740361873,18.9234560653081,664100000
2022-06-01,18.265419006347656,18.9962349851399,18.068008952451528,18.668216603337324,544514000
2022-06-02,19.533628463745117,19.56054844841514,18.143782516021254,18.237502324193954,648656000
2022-06-03,18.66422462463379,19.274402636121195,18.466814594887644,19.025147490431646,598779000
2022-06-06,18.730026245117188,19.279385129007327,18.508687574396717,19.08197511741872,422406000
2022-06-07,18.86961555480957,18.94339449795544,18.133813364518677,18.416967656771526,388914000
2022-06-08,18.59637451171875,19.12690128125382,18.483686480121612,18.74695554636219,363252000
2022-06-09,17.998031616210938,18.880581583160353,17.991051027241866,18.429833350813585,395574000
2022-06-10,16.927005767822266,17.648003603750368,16.822295031090142,17.551272041612552,465248000
2022-06-13,15.603678703308105,16.266837489978222,15.562791854181512,15.955701045689514,604153000
2022-06-14,15.792158126831055,16.021520910273885,15.369331242158152,15.687448327103725,469680000
2022-06-15,16.481245040893555,16.821300578805904,15.881908139766276,16.050439932166825,563936000
2022-06-16,15.557806968688965,15.897863432906357,15.358360878066698,15.816089727372347,545749000
2022-06-17,15.836033821105957,15.950715197159008,15.285562074810612,15.604675799839594,630334000
2022-06-21,16.52013397216797,16.960909651002094,16.36157379723121,16.429386318006205,483089000
2022-06-22,16.314708709716797,16.615872682415247,16.135206727012413,16.18107890643938,437135000
2022-06-23,16.180082321166992,16.53908438669256,15.80911149125112,16.473267119438244,463680000
2022-06-24,17.078580856323242,17.092542032153197,16.264840218394806,16.45431467756385,472153000
2022-06-27,16.822298049926758,17.282022223468143,16.579970759321082,17.264072406028497,427968000
2022-06-28,15.937753677368164,17.154375384027293,15.90085545872729,16.85321143493184,461149000
2022-06-29,15.498970985412598,15.776201206281394,15.128001145361374,15.770218251263673,482352000
2022-06-30,15.11703109741211,15.523901498559498,14.820853441865891,15.318471504237966,686070000
2022-07-01,14.482789993286133,15.021294859447558,14.352153126123206,14.857749366858286,577610000
2022-07-05,14.922571182250977,14.92955177197515,14.01608834866183,14.135756008662238,651397000
2022-07-06,15.088111877441406,15.27658874989287,14.748055399282007,14.968444218161782,529066000
2022-07-07,15.814096450805664,15.900855482165372,15.346395028402622,15.41320992490336,492903000
2022-07-08,15.794150352478027,15.992599747893234,15.346393120597432,15.387279970974781,467972000
2022-07-11,15.110050201416016,15.484011966579512,14.996365505258906,15.483014331967349,437321000
2022-07-12,15.040244102478027,15.388277846313347,14.835811736826283,15.225729017833062,458483000
2022-07-13,15.122016906738281,15.332433178961859,14.424952733218012,14.549606661502255,521918000
2022-07-14,15.32944107055664,15.430161276206992,14.687223985290593,15.066172037556123,456235000
2022-07-15,15.71835994720459,15.738304078810243,15.402237234811885,15.615645434505847,385935000
2022-07-18,16.056421279907227,16.850216937133126,15.957696353307478,16.25686498780902,670517000
2022-07-19,16.944955825805664,17.062629156569145,16.127226415976143,16.440356240924725,702366000
2022-07-20,17.757699966430664,17.88335248572077,16.754486493931914,16.900082197018165,760538000
2022-07-21,18.00002670288086,18.093766321144624,17.496425663382336,17.835484504614854,557049000
2022-07-22,17.271053314208984,17.917258166341586,17.089556062811305,17.843463625700892,536671000
2022-07-25,16.97686767578125,17.076591197104143,16.602905897371375,16.971880453577725,480748000
2022-07-26,16.48723030090332,16.87216136295546,16.432382260852247,16.842243731454445,397865000
2022-07-27,17.740745544433594,17.886341221329417,16.866172897497414,16.984842903526864,569776000
2022-07-28,17.9342098236084,18.089778068252926,17.39171718778261,17.925235866496404,474646000
2022-07-29,18.11271095275879,18.19348605858086,17.64301437349248,17.763679641541707,435460000
2022-08-01,18.389942169189453,18.7938215256265,17.94019064521122,18.131658489520138,476469000
2022-08-02,18.47471046447754,18.885570510659182,18.041911963650172,18.07182959440469,489527000
2022-08-03,18.840694427490234,18.915487551007924,18.08678689420816,18.133657657387115,418146000
2022-08-04,19.161802291870117,19.220638962108396,18.708062062276774,18.796816360490926,409652000
2022-08-05,18.936426162719727,19.17576145516048,18.614320486775554,18.757920901412877,386068000
2022-08-08,17.743738174438477,18.188504443935763,17.19426496293747,17.45354536402082,981859000
2022-08-09,17.038698196411133,17.398698836090517,16.677700873007122,17.20423899397108,668263000
2022-08-10,18.046897888183594,18.067839657584745,17.269056663137828,17.64900236749365,597422000
2022-08-11,17.8923282623291,18.655211706632087,17.826510993938886,18.080806109395972,509327000
2022-08-12,18.657197952270508,18.666173809016254,17.90329065592447,18.1097182424687,478094000
2022-08-15,18.979310989379883,19.110945527296405,18.561472236217575,18.64922796080583,457666000
2022-08-16,18.826730728149414,19.08900306515244,18.449777011947884,18.867617579479603,451240000
2022-08-17,18.28423500061035,18.636258289146177,18.094762422807918,18.47171611346851,446799000
2022-08-18,18.721027374267578,18.812771727418596,18.13266064622917,18.25033399183685,415447000
2022-08-19,17.799585342407227,18.468727183536906,17.72080358497965,18.355042477008766,441588000
2022-08-22,16.986841201782227,17.509390657788362,16.91902867077679,17.441578126782925,409593000
2022-08-23,17.133434295654297,17.4166484395593,16.923018006184385,16.94196640912856,369986000
2022-08-24,17.174320220947266,17.357810823683003,16.84822587028311,16.96490062655106,522661000
2022-08-25,17.8634090423584,17.897315311031562,16.78639903354692,16.79736826116041,770691000
2022-08-26,16.214982986450195,17.874375614644485,16.192045948797936,17.807561673056387,769127000
2022-08-29,15.75725269317627,16.29276564803654,15.723347381626995,15.97564717969457,496132000
2022-08-30,15.425175666809082,15.994593942634191,15.13996723606161,15.915813141555713,530181000
2022-08-31,15.052209854125977,15.496975134961382,14.917583393679934,15.3414069074727,573710000
2022-09-01,13.898415565490723,14.340188956278503,13.233262343519234,14.169661891977615,1178865000
2022-09-02,13.609216690063477,14.131765139366534,13.553371026300562,14.060962564890257,743157000
2022-09-06,13.427721977233887,13.740852790055504,13.314037269416279,13.692985344440922,535751000
2022-09-07,13.680092811584473,13.80378677793115,13.313002636247687,13.52946612603795,512657000
2022-09-08,13.955411911010742,13.973368010349136,13.335947888457856,13.425724579883743,624873000
2022-09-09,14.351431846618652,14.438216654464224,14.091077423081934,14.121999969055892,486612000
2022-09-12,14.46914005279541,14.511036035425132,14.162898875313989,14.333476599142045,484159000
2022-09-13,13.09853744506836,13.887582320478687,13.06661696561573,13.767879095556324,714956000
2022-09-14,13.095542907714844,13.25714208600549,12.881074316326442,13.221230840390966,588507000
2022-09-15,12.897037506103516,13.200285874328177,12.758381195489553,12.982825342829914,523625000
2022-09-16,13.16537094116211,13.179336268504516,12.585807002502516,12.710497968812046,670751000
2022-09-19,13.348916053771973,13.429716127163072,12.97783599693244,12.979830907792524,569685000
2022-09-20,13.143426895141602,13.449668111931604,13.024721595787252,13.182330992088998,524818000
2022-09-21,13.228214263916016,13.996311035255735,13.077587561187178,13.18033355166007,807679000
2022-09-22,12.529943466186523,13.116489964270434,12.397272880013201,13.037684815715824,759162000
2022-09-23,12.485057830810547,12.579823238873681,12.22669830375946,12.389295442898492,663309000
2022-09-26,12.197768211364746,12.627703351069655,12.18380288466906,12.460118479404896,547343000
2022-09-27,12.382309913635254,12.70451127518139,12.227693405646438,12.476077368836638,553854000
2022-09-28,12.704511642456055,12.79129643757293,12.323456127659455,12.379317430021313,542414000
2022-09-29,12.189789772033691,12.469097284845578,11.916466992118151,12.417225794477423,532763000
2022-09-30,12.108987808227539,12.601766889967653,12.045145910694353,12.057116325939106,565638000
2022-10-03,12.481067657470703,12.646657634128852,12.075073310975306,12.316475611950034,547478000
2022-10-04,13.13444995880127,13.18731938765851,12.847161810882275,12.847161810882275,584182000
2022-10-05,13.176344871520996,13.288068453828838,12.589799156184034,12.87908219169331,507131000
2022-10-06,13.097539901733398,13.622239538294219,13.07060622540916,13.187317554392024,644157000
2022-10-07,12.046144485473633,12.638675790831929,11.992278089651654,12.474083761565735,672478000
2022-10-10,11.641148567199707,12.094025672565365,11.379796220873162,12.007240867482555,698699000
2022-10-11,11.557355880737305,11.816712348676244,11.255104551505667,11.532417118510912,667482000
2022-10-12,11.471569061279297,11.705987738753207,11.316952527256786,11.550374224944592,492590000
2022-10-13,11.930431365966797,12.048139665363264,10.786266778590695,10.943876148054613,850103000
2022-10-14,11.19924259185791,12.081056814485887,11.176299693003378,12.02719042306738,713432000
2022-10-17,11.858610153198242,11.918462240438945,11.48852799742512,11.48952497727775,580774000
2022-10-18,11.937416076660156,12.461117830022587,11.589278871439754,12.313483940586105,659362000
2022-10-19,12.021206855773926,12.319468398644798,11.804743321043421,11.84963214701234,523131000
2022-10-20,12.16385269165039,12.737430913529549,12.07507202855851,12.083052622860917,652398000
2022-10-21,12.435181617736816,12.467103048862125,11.857613479696207,12.06809134335418,609494000
2022-10-24,12.567851066589355,12.678576698624157,12.034173916407727,12.477076444546938,517457000
2022-10-25,13.228214263916016,13.267118353397784,12.632690116328606,12.662616631719668,505482000
2022-10-26,12.864118576049805,13.354901886783574,12.676583621317251,12.837185850244591,532953000
2022-10-27,13.143426895141602,13.803791001482493,13.089560488943963,13.596305021274278,583113000
2022-10-28,13.799798011779785,13.815759201014696,13.028709325811903,13.071603238162181,521040000
2022-10-31,13.463630676269531,13.803788166627177,13.264125332932366,13.743936087967768,486341000
2022-11-01,13.50951862335205,13.89057419579045,13.485577789770767,13.776855711937651,432817000
2022-11-02,13.186317443847656,14.174867488215076,13.17833780130498,13.815757888249985,672628000
2022-11-03,13.387819290161133,13.74692988442399,12.92396969143258,13.01075449802835,500065000
2022-11-04,14.121002197265625,14.193821673388257,13.663136398930058,13.95142241289194,612576000
2022-11-07,14.265644073486328,14.376369715229352,13.919502771881342,14.19282459299917,410061000
2022-11-08,14.565902709960938,14.854187833198369,14.180856306818514,14.764410169505489,595292000
2022-11-09,13.741943359375,14.175868382440134,13.724985188452262,14.126988780724597,454414000
2022-11-10,15.711061477661133,15.734004379130576,14.51103557058689,14.76341034070044,700819000
2022-11-11,16.286636352539062,16.348483351245335,15.443726031126113,15.767922381770838,655487000
2022-11-14,16.254711151123047,16.499106232735553,15.882633238435714,16.177901866300843,527852000
2022-11-15,16.624794006347656,16.9559719708209,16.341495795044064,16.68065530390621,545876000
2022-11-16,15.870664596557617,16.321546754871036,15.833756370696808,16.122042368496476,649547000
2022-11-17,15.6382417678833,16.225786282199604,15.496592636887353,15.676147926956387,710894000
2022-11-18,15.370904922485352,15.962439267152297,15.082618903576678,15.926527067026893,492072000
2022-11-21,15.279132843017578,15.438737129847263,15.042718303446582,15.109553050431892,404739000
2022-11-22,15.998351097106934,16.018302109906227,15.084615259338909,15.290106315115047,472866000
2022-11-23,16.478158950805664,16.486140496528126,16.008324643497133,16.05820026675545,427241000
2022-11-25,16.229778289794922,16.44624088571978,16.1320209884095,16.277659960613633,167934000
2022-11-28,15.787872314453125,16.31656273871607,15.68612519322037,15.98637975502715,303741000
2022-11-29,15.600337028503418,15.89261289133373,15.481631739149844,15.787871978822768,298384000
2022-11-30,16.885480880737305,16.892465330806235,15.56242050073122,15.662198222921692,565298000
2022-12-01,17.097009658813477,17.22672059418411,16.598118225185257,16.961311508590725,470977000
2022-12-02,16.83858299255371,16.895457726979757,16.408538823613274,16.622065055941654,371389000
2022-12-05,16.57317543029785,16.95732209492753,16.435480895818028,16.64202269753776,352255000
2022-12-06,15.951557159423828,16.53625748277145,15.783929395985323,16.493353544908274,352694000
2022-12-07,16.08426284790039,16.150116510882306,15.632266127408133,15.737033837548465,372388000
2022-12-08,17.130935668945312,17.140913726572844,15.923617339692608,16.236922259213415,515456000
2022-12-09,16.963306427001953,17.54401680190964,16.937365000489294,17.121954302942694,465338000
2022-12-12,17.496124267578125,17.499117875319435,16.75976146929497,16.99922915428006,457328000
2022-12-13,18.03193473815918,18.7483433376604,17.671735017061216,18.48991676619764,656589000
2022-12-14,17.634817123413086,18.21153673692968,17.38138052214265,17.947122938893273,496888000
2022-12-15,16.914417266845703,17.281601445328924,16.662977044280925,17.107987414571323,478542000
2022-12-16,16.534259796142578,17.003218983176044,16.373617447522786,16.826611361927757,478232000
2022-12-19,16.21796226501465,16.572174722426883,16.109204679647327,16.535258005172167,354039000
2022-12-20,16.049339294433594,16.27384085919094,15.81685699546008,16.028385941930914,403260000
2022-12-21,16.46441650390625,16.590138515163844,16.066300925017234,16.078275356146534,325025000
2022-12-22,15.304993629455566,16.10222300797655,14.849007005999164,16.0583199304805,565045000
2022-12-23,15.17228889465332,15.304993457460409,14.850005025607482,15.162310836101799,349326000
2022-12-27,14.089693069458008,15.066522651056324,14.024836646016347,15.04058027199165,464902000
2022-12-28,14.00487995147705,14.230378701946371,13.853216536118653,13.896121418259238,351066000
2022-12-29,14.570625305175781,14.650447871616409,14.195459433216843,14.370071654140734,354923000
2022-12-30,14.5816011428833,14.59656727894766,14.201445300640174,14.302221216588292,310490000
2023-01-03,14.283263206481934,14.962754136499147,14.064748866809973,14.818075144951218,401277000
2023-01-04,14.716301918029785,14.820071447404848,14.209428703147058,14.5347061931835,431324000
2023-01-05,14.23337459564209,14.531711494421922,14.116633408077806,14.458873382334806,389168000
2023-01-06,14.826057434082031,14.976722686175162,14.00288666985135,14.44191076025438,405044000
2023-01-09,15.593353271484375,16.020403900966134,15.107432477127848,15.250116050155102,504231000
2023-01-10,15.873727798461914,15.926609787228095,15.437696417809999,15.472618665402736,384101000
2023-01-11,15.965523719787598,15.992464284529852,15.528495081310508,15.804881372380587,353285000
2023-01-12,16.474393844604492,16.60011394726638,15.457652972865747,16.064305755567425,551409000
2023-01-13,16.861534118652344,16.884483841910928,16.129162184625386,16.241910621869895,447287000
2023-01-17,17.662755966186523,17.688699300985697,16.861536645437063,16.861536645437063,511102000
2023-01-18,17.338472366333008,17.833371016829354,17.243681783190326,17.627828386104188,439624000
2023-01-19,16.72783088684082,17.158874241400532,16.693907773124163,16.998229980422312,452932000
2023-01-20,17.79945182800293,17.816414337109105,16.787699916065623,16.973286475081306,564967000
2023-01-23,19.150449752807617,19.202334514054723,17.77849813911899,18.0239511412495,655163000
2023-01-24,19.2222900390625,19.451781589199925,18.778276881927304,18.78526133289635,496204000
2023-01-25,19.28015899658203,19.3270556760891,18.538806268911344,18.871068158440618,449537000
2023-01-26,19.75809669494629,20.121289984084356,19.235258296776955,19.657320791237296,489535000
2023-01-27,20.319847106933594,20.582264478452693,19.361976503519905,19.418849333138702,542142000
2023-01-30,19.119518280029297,20.095348779096263,19.107543848870183,19.905771381530464,488611000
2023-01-31,19.49368667602539,19.643353741949113,18.90798817511003,19.127499744923487,498017000
2023-02-01,20.896570205688477,21.145016818201913,19.567522516028927,19.647345080075983,660477000
2023-02-02,21.660871505737305,21.900339205368454,20.654109551727693,20.953443700486602,564276000
2023-02-03,21.053218841552734,21.696789246514708,20.74290754825101,20.95344017438409,429366000
2023-02-06,21.042247772216797,21.522180421955568,20.739918102623005,20.7598742206852,452197000
2023-02-07,22.123844146728516,22.209653931499272,21.10311135974189,21.33459738007037,664150000
2023-02-08,22.1557674407959,22.827275613569224,21.959203722842762,22.33736312232844,559651000
2023-02-09,22.2874755859375,22.968961841072108,22.07095764976335,22.555880179506847,523876000
2023-02-10,21.21785545349121,22.029052780138088,20.764863390521825,21.641914381705053,550737000
2023-02-13,21.73969268798828,21.99911645552033,20.91552384659178,21.49024697725974,474919000
2023-02-14,22.920068740844727,22.9978949140653,21.318625944342383,21.53015578557321,675474000
2023-02-15,22.71352767944336,22.80432551871884,22.056987553870204,22.49900422442741,420575000
2023-02-16,21.95322036743164,22.50000383331045,21.878385888019974,22.083928543019674,412026000
2023-02-17,21.3405818939209,21.691800771351655,20.92849743532747,21.58304317749563,465888000
2023-02-21,20.609207153320312,21.44634583081081,20.5722885301492,20.953441579866375,410015000
2023-02-22,20.70798683166504,21.05721124102222,20.37572493019937,20.661092053593148,513184000
2023-02-23,23.61153221130371,23.835036491709413,22.97394905021416,23.388029834017708,1117995000
2023-02-24,23.234376907348633,23.421961761973428,22.896129634254915,23.173513218327404,589716000
2023-02-27,23.44889259338379,23.827051978192486,23.401997822738508,23.61751850763343,452994000
2023-02-28,23.16452980041504,23.772180806302725,23.15455174201123,23.320184085898383,455963000
2023-03-01,22.64767837524414,23.204441849787724,22.458099073317108,23.140582657134395,460026000
2023-03-02,23.262311935424805,23.328165597904217,22.382267363825353,22.438144871095187,389415000
2023-03-03,23.837034225463867,23.8470122834048,23.07871895003249,23.268298244670323,412393000
2023-03-06,23.50177764892578,24.194237273970714,23.434924859466854,23.838030356325884,437429000
2023-03-07,23.24032211303711,24.075608399410335,23.193417453890135,23.55168362322071,515154000
2023-03-08,24.131486892700195,24.150448993437568,23.37603695159869,23.438907679098733,513573000
2023-03-09,23.388011932373047,24.403927067293445,23.335119057261018,24.12549713017086,501257000
2023-03-10,22.917980194091797,23.57862542922392,22.679469217662135,23.36107136473305,474866000
2023-03-13,22.91897201538086,23.2502929083055,22.251343209013474,22.70541142718648,421890000
2023-03-14,24.013729095458984,24.169409811888126,23.411963139447696,23.447890629973315,474910000
2023-03-15,24.178390502929688,24.236270399989948,23.31216782093887,23.71234578983034,524486000
2023-03-16,25.48870277404785,25.535605516897093,23.845073897032023,23.977802891862606,583253000
2023-03-17,25.67232894897461,26.344948734040642,25.61544454374299,25.92880271607246,848547000
2023-03-20,25.84696388244629,25.970710514368694,25.078540163743003,25.562547632598424,432747000
2023-03-21,26.145357131958008,26.337962757604163,25.329033093000934,26.12639693275394,547408000
2023-03-22,26.413803100585938,27.532507969585293,26.183275210273973,26.37088997719431,797295000
2023-03-23,27.135326385498047,27.442696318613994,26.635352731683053,27.05948178238723,564889000
2023-03-24,26.724166870117188,27.111372891793874,26.301035262211116,26.975651684052345,454920000
2023-03-27,26.47667694091797,26.944716509158773,26.3110164665487,26.782050151047695,361026000
2023-03-28,26.355924606323242,26.45871435039119,25.7970717555382,26.392849502534016,356104000
2023-03-29,26.92874526977539,27.022552652943062,26.542538581113224,26.77007235480998,393694000
2023-03-30,27.32693099975586,27.44269460926943,27.04650622795167,27.17324699449219,364516000
2023-03-31,27.720125198364258,27.777007695296096,27.049500279209546,27.08442846214019,433933000
2023-04-03,27.907739639282227,27.942667821784,27.280027855037655,27.452673959085395,398716000
2023-04-04,27.39678192138672,27.94266267906449,27.251080985925423,27.90873190703809,368592000
2023-04-05,26.825958251953125,26.942717354778598,26.340953337844432,26.774064682882994,515015000
2023-04-06,26.981637954711914,27.024549174224266,26.372886420842022,26.529564526400943,397654000
2023-04-10,27.522531509399414,27.564445330206645,26.61439491835625,26.768078927982756,395279000
2023-04-11,27.113370895385742,27.7330996597478,27.070457767266205,27.66723481289394,314378000
2023-04-12,26.44074821472168,27.4117554199044,26.39384357131544,27.31395651647884,446259000
2023-04-13,26.408815383911133,26.831947015202942,26.275090880655256,26.67926041012461,353615000
2023-04-14,26.703210830688477,26.827954885781043,26.166312310977247,26.44973120006375,395660000
2023-04-17,26.946712493896484,26.950704014318593,26.378877313961777,26.510607005107396,321471000
2023-04-18,27.6103515625,28.05244531067526,27.300986821273888,27.476627054688475,604812000
2023-04-19,27.87380599975586,27.942664953460447,27.176237922113327,27.304973482039863,358660000
2023-04-20,27.04850196838379,27.972606485594795,26.944714827313312,27.614340416338198,427713000
2023-04-21,27.063467025756836,27.12733705203514,26.667280615099155,26.896809179807708,345103000
2023-04-24,26.986629486083984,27.309965480209698,26.61638884445198,26.957689535565127,339282000
2023-04-25,26.187271118164062,27.191211864022204,26.17130503524893,27.022557264988468,378527000
2023-04-26,26.900802612304688,27.27403733509567,26.65031712353252,26.946709851264895,406337000
2023-04-27,27.17025375366211,27.438703972842852,26.57048448729234,27.306974277389113,377161000
2023-04-28,27.692184448242188,27.70116489389645,27.015571252856407,27.1692571711631,292216000
2023-05-01,28.85080337524414,28.998501044313812,27.7231180146928,27.782994624988884,570329000
2023-05-02,28.152236938476562,28.776956510510566,28.025498077141993,28.621275795478528,402730000
2023-05-03,27.745073318481445,28.30891697061435,27.415749094927655,27.782995617159955,383387000
2023-05-04,27.505563735961914,27.801954572191782,27.184222567509938,27.594380294690612,321850000
2023-05-05,28.621273040771484,28.696118323225086,27.674216876393494,27.769021662211923,361494000
2023-05-08,29.09130859375,29.160167550884644,28.291950055367597,28.46359684267218,344979000
2023-05-09,28.512496948242188,28.91367423632623,28.3917463228912,28.83982635316878,314869000
2023-05-10,28.825857162475586,29.053390963914687,28.402725530757564,28.94561039227481,369350000
2023-05-11,28.519481658935547,28.890721581405018,28.188162647959096,28.8368313012262,322149000
2023-05-12,28.28196907043457,28.72106862682804,27.988570462268328,28.47058123775665,274222000
2023-05-15,28.89371681213379,28.90968479771039,28.09435819789657,28.449628270125718,293926000
2023-05-16,29.153182983398438,29.808839206478215,28.77296450239682,28.781944947212995,449405000
2023-05-17,30.116207122802734,30.137164031905737,29.369739532230806,29.523423532319487,432535000
2023-05-18,31.613134384155273,31.76282685759254,30.25791527609372,30.34773114084469,748725000
2023-05-19,31.199983596801758,31.51533653819643,30.852696589930833,31.47142600851462,473908000
2023-05-22,31.112167358398438,31.45546287720747,30.617182635048753,30.83772890145582,372000000
2023-05-23,30.625167846679688,31.22393976257645,30.568285342667394,30.93652931908374,356253000
2023-05-24,30.4754695892334,30.54432854642124,29.74496810397816,30.14814019154648,721419000
2023-05-25,37.90222930908203,39.39915781484461,36.559982197378055,38.44411669724596,1543911000
2023-05-26,38.86625289916992,39.08979325980009,37.47311145513567,37.81241541975771,714397000
2023-05-30,40.028865814208984,41.852124379037896,39.86719878603495,40.51187589734803,923401000
2023-05-31,37.756534576416016,40.212494220771234,37.7445581109248,39.40714734389047,1002580000
2023-06-01,39.68856430053711,39.967989732477896,38.261492175606385,38.41018533563602,635873000
2023-06-02,39.24647521972656,40.41707376526735,38.97802500871207,40.01489905431234,482731000
2023-06-05,39.09079360961914,39.48398404045427,38.627743010740026,38.82932905392205,396094000
2023-06-06,38.574859619140625,39.07982415887529,38.06989507940597,38.75050177628396,388729000
2023-06-07,37.402130126953125,39.422196626647725,37.28336203456749,38.83933255229278,511998000
2023-06-08,38.43513107299805,38.78844295333315,37.4320876337174,37.650659835337656,417772000
2023-06-09,38.69461441040039,39.63378277087799,38.49201001557308,38.96109353851752,427717000
2023-06-12,39.40523147583008,39.45313848189554,38.542912981212005,39.12378209838564,388701000
2023-06-13,40.942237854003906,41.0210866253636,39.66273283742683,40.107864800357326,613208000
2023-06-14,42.91341018676758,42.91640270965308,40.47316006488062,40.74463443107391,740465000
2023-06-15,42.57007598876953,43.20484109231197,42.06505921158456,42.519176450195246,568622000
2023-06-16,42.60899353027344,43.63599213320871,42.5780517641451,43.3655191410193,655709000
2023-06-20,43.72282791137695,43.90447708552211,42.5910337413259,42.9144051358894,451153000
2023-06-21,42.96131134033203,43.530206665673255,41.9981911201456,43.41642607769267,551603000
2023-06-22,42.94134521484375,43.3415626918256,42.15188284213235,42.170843097037455,417737000
2023-06-23,42.126930236816406,42.72576209923424,41.93330719856048,42.381435491620046,358140000
2023-06-26,40.55299758911133,42.680852228000454,40.02203048498169,42.378439961624785,594322000
2023-06-27,41.79458236694336,41.85845711307234,40.36936115095312,40.71967665079335,462175000
2023-06-28,41.03705596923828,41.76364114383004,40.43922159164072,40.58094379252524,582639000
2023-06-29,40.74262619018555,41.51911336113598,40.521057714884826,41.47719520674288,380514000
2023-06-30,42.21975326538086,42.467272192490576,41.420311904436474,41.5989647398468,501148000
2023-07-03,42.330528259277344,42.81458581035407,42.11994000015232,42.434326127886784,198209000
2023-07-05,42.23472595214844,43.09305068763653,42.00317476731274,42.053076792694064,323618000
2023-07-06,42.02114486694336,42.09699732253943,41.265616640980895,41.76264953628558,303582000
2023-07-07,42.42036056518555,43.129980526432945,42.097990517388034,42.239712723775206,355881000
2023-07-10,42.097991943359375,42.727765640952,41.568022298100566,42.57406572515449,353908000
2023-07-11,42.322547912597656,42.67486219078261,41.98520766702778,42.398400353937646,298244000
2023-07-12,43.81663513183594,43.84957190915323,42.693822639384614,42.94932537767914,481277000
2023-07-13,45.887603759765625,46.06525525133524,44.405490576503716,44.43144099690916,478204000
2023-07-14,45.38059616088867,47.99450350820883,44.972390985691305,46.492428621249765,772075000
2023-07-17,46.370662689208984,46.40559448511717,45.17399644703976,46.19900003919172,510488000
2023-07-18,47.40165328979492,47.80287207706954,45.64507706670889,46.6101959109385,569164000
2023-07-19,46.9854621887207,47.7250225002053,46.65111448328101,47.37171073363014,427502000
2023-07-20,45.43149185180664,46.99544633379389,44.974382199398164,46.416572252146125,537865000
2023-07-21,44.22285079956055,45.77682663388391,44.014257511133955,45.698975360580505,963769000
2023-07-24,44.52526092529297,45.02129625877823,43.95437445925072,44.64402903720118,382516000
2023-07-25,45.59019470214844,46.09321266502614,44.83566395055092,44.8536305094884,348081000
2023-07-26,45.363624572753906,45.96345774796509,44.54322423850326,45.93151847506049,364237000
2023-07-27,45.81075668334961,47.30284884094631,45.66104681024001,46.42855262404122,455976000
2023-07-28,46.65910339355469,46.93556524542494,46.29082136263418,46.57726209617673,331194000
2023-07-31,46.63814163208008,47.03836291442901,46.41557565297474,46.66309454574556,251055000
2023-08-01,46.41657638549805,46.8088138287661,45.93751010661882,46.369666884333206,237858000
2023-08-02,44.182926177978516,45.750870737209425,43.302641133046315,45.74188936339505,530142000
2023-08-03,44.4284553527832,45.03028366723633,43.714845270967245,43.714845270967245,324176000
2023-08-04,44.5931282043457,45.55325576078865,44.30668747221976,44.897535492129286,362666000
2023-08-07,45.32870101928711,45.45146298171195,44.47636125716046,45.02329618186399,322154000
2023-08-08,44.577152252197266,45.15402744710867,43.970332803377254,44.765783919063374,353843000
2023-08-09,42.47126007080078,44.2258412871121,42.05207472701769,44.18791316298273,586449000
2023-08-10,42.30559158325195,43.48928663606157,41.75366530069566,42.07803421130193,492705000
2023-08-11,40.77556610107422,41.936306917018776,40.55998646089097,41.66982393739307,533085000
2023-08-14,43.66792297363281,43.71483246792128,40.23261822669723,40.407277187048145,690286000
2023-08-15,43.85456466674805,45.17998551740348,43.62501232005784,44.473361921944495,676512000
2023-08-16,43.40145492553711,44.58814245881994,43.32160863340614,44.43344502691715,527451000
2023-08-17,43.25972366333008,43.97632609118521,42.91738827793847,43.884505920253574,452395000
2023-08-18,43.214813232421875,43.4932701006516,41.57900001272248,42.55210279035976,583768000
2023-08-21,46.87568283081055,46.97349186656967,44.13602090022551,44.407491420923556,692573000
2023-08-22,45.57920455932617,48.09330773941367,45.24485683130546,48.041406896438666,755293000
2023-08-23,47.02439880371094,47.10823512648874,45.12010736864763,45.77682903768783,779046000
2023-08-24,47.07129669189453,50.16826400478164,47.067306662299096,50.118361983877634,1156044000
2023-08-25,45.928531646728516,47.71205604609622,44.93646092899701,46.92059855717943,925341000
2023-08-28,46.74393844604492,46.88865698143186,44.800725372190506,46.3916241394205,685192000
2023-08-29,48.68914794921875,48.985571364963455,46.30079918990067,46.575266020642104,701397000
2023-08-30,49.168209075927734,49.829918115562,48.33083976005429,48.94863563426867,735206000
2023-08-31,49.25904083251953,49.64728445636799,48.86281334141854,49.28399374905417,528570000
2023-09-01,48.41468048095703,49.7031706927899,48.0483934780796,49.66524637506185,463830000
2023-09-05,48.45360565185547,48.75601791251672,47.76694364415611,48.1292368066892,382653000
2023-09-06,46.973365783691406,48.45859385625443,46.49326248710991,48.350797071158595,468670000
2023-09-07,46.15489959716797,46.257708449088824,45.067926633125616,45.44023319735737,433330000
2023-09-08,45.48713684082031,46.51921177692775,45.18669865684588,45.8564505879392,473069000
2023-09-11,45.093875885009766,46.077038527672016,44.22948732817348,46.06206706824175,473966000
2023-09-12,44.78644943237305,45.58795561962286,44.44807996157311,44.654695251427476,349256000
2023-09-13,45.40030288696289,45.844473946840324,44.420129217307256,44.516948715229006,398355000
2023-09-14,45.49612808227539,45.90137033130358,45.04696523433204,45.86444047531069,370097000
2023-09-15,43.8182487487793,45.514082288276775,43.726417212467545,45.25656332752661,506831000
2023-09-18,43.88412857055664,44.15961559349167,41.921789942113186,42.66839815481211,500271000
2023-09-19,43.43896484375,43.88413352477652,42.92192782259573,43.751381753727316,373064000
2023-09-20,42.16035079956055,43.8212539488895,42.144381748538365,43.518816723640995,367108000
2023-09-21,40.94062042236328,42.021603947761406,40.903690569058845,41.505568360727295,450736000
2023-09-22,41.532527923583984,42.03658874202382,41.15423196039798,41.49459666448502,479236000
2023-09-25,42.14337921142578,42.4567936946112,41.1003231092512,41.51355366859355,419091000
2023-09-26,41.83296203613281,42.74026989621768,41.57743818407739,41.922794610624216,402282000
2023-09-27,42.388916015625,42.79216683776979,41.55148148041127,42.25117631483952,444935000
2023-09-28,43.008766174316406,43.36509986355093,42.03658080053992,42.38093579889095,424663000
2023-09-29,43.41799545288086,44.06179477214428,43.22635166055895,43.74538375843628,397830000
2023-10-02,44.69861602783203,45.09088199561907,43.77932952657343,43.94801356401108,433298000
2023-10-03,43.43596649169922,45.045965740925496,43.16547120468859,44.7245629218231,470850000
2023-10-04,43.95899200439453,44.06080325905543,43.21138616245394,43.660548982906214,361821000
2023-10-05,44.604793548583984,44.816400615425316,43.80628385856815,43.967980976112926,393483000
2023-10-06,45.676788330078125,45.70373848025028,43.9440208476475,44.11070969679084,434436000
2023-10-09,45.18868637084961,45.52006881439678,44.285372981439615,44.75848927091242,409675000
2023-10-10,45.71271896362305,46.17285906419018,45.004041982640686,45.22562871384522,368582000
2023-10-11,46.718841552734375,46.77174426177856,45.96424879463127,46.109976834306515,378137000
2023-10-12,46.85757827758789,47.52034323269725,46.24372566858878,46.68989185981617,481325000
2023-10-13,45.3763427734375,47.02826348384449,45.195680068516225,46.87255194030723,474115000
2023-10-16,46.0091667175293,46.13892190023753,44.82836714020883,44.97908693457242,375099000
2023-10-17,43.85618591308594,44.67066838631244,42.40090056802487,43.91807074145932,812333000
2023-10-18,42.11742401123047,43.13852165493323,41.74711648202066,42.51168892025405,627294000
2023-10-19,42.02260971069336,43.216381906827145,41.8040157217801,42.731286777485096,501233000
2023-10-20,41.3099365234375,42.39092011000652,41.00150997673177,41.81199826924351,477266000
2023-10-23,42.89497375488281,43.16746801501632,40.86875508234883,41.15222663549808,478530000
2023-10-24,43.58169174194336,43.615628825296106,42.611505424258,42.996784415979555,401463000
2023-10-25,41.701202392578125,43.56872058494652,41.477620479123594,43.31718712471628,398379000
2023-10-26,40.250911712646484,42.177318286010724,39.80574303401105,41.77506880872993,541001000
2023-10-27,40.42458724975586,41.12927392659706,39.94048973150051,41.0534152286562,416784000
2023-10-30,41.08435821533203,41.68823125867914,40.405624059194345,41.01049849985918,388028000
2023-10-31,40.70406723022461,40.80288572703797,39.15695406100747,40.37468366362989,517969000
2023-11-01,42.246192932128906,42.30208841819016,40.79290267934758,40.80787414060049,437593000
2023-11-02,43.42498779296875,43.802282272530825,42.814127888386025,43.247317846401735,409172000
2023-11-03,44.92119598388672,45.22462694220357,43.64158173973637,43.93802957100558,424610000
2023-11-06,45.66580581665039,45.849465106470674,44.815391150878824,45.20067395834923,400733000
2023-11-07,45.86942672729492,46.131933661639785,45.07390997743288,45.63386613375853,343165000
2023-11-08,46.487274169921875,46.779727832903724,45.8823998221808,46.01415398971753,346719000
2023-11-09,46.86257553100586,48.14019083451283,46.662947187934414,47.3786111235174,540496000
2023-11-10,48.244998931884766,48.38174487246118,47.19495962235481,47.411554622346145,421245000
2023-11-13,48.529457092285156,49.02453561714493,48.00942740784403,48.23001652415506,384136000
2023-11-14,49.56353759765625,49.74120755867973,48.948687284637685,49.58749498042509,416954000
2023-11-15,48.796966552734375,49.86696898933371,48.11024794590893,49.84201782618033,475497000
2023-11-16,49.38786697387695,49.43278516309001,48.24001057724096,48.58835975878918,339756000
2023-11-17,49.206207275390625,49.62442581647781,48.9157487529458,49.43178439121729,325205000
2023-11-20,50.31513977050781,50.45388089415767,49.08942564411514,49.22018224237135,414120000
2023-11-21,49.85100173950195,50.422932832163035,49.130346021791986,50.03266205340574,565747000
2023-11-22,48.625282287597656,50.24126692176278,47.60119189596065,49.759168450104845,899420000
2023-11-24,47.687042236328125,48.829910707399556,47.656097917344944,48.379750254535665,294645000
2023-11-27,48.15217208862305,48.43963402417859,47.56327053938668,47.7109937696309,395662000
2023-11-28,47.73195266723633,48.233020614585215,47.38460109717888,48.146180818273855,401491000
2023-11-29,48.050357818603516,48.67120123627393,47.7708804254883,48.288914999950215,382005000
2023-11-30,46.68291091918945,48.02041588268528,46.335559349897565,47.934573676190574,526247000
2023-12-01,46.67791748046875,47.11210883022558,46.10099466756543,46.43836652084653,369317000
2023-12-04,45.42525100708008,45.99119649745045,44.92618209165027,45.99119649745045,437543000
2023-12-05,46.48338317871094,46.517319443047896,45.19067882409736,45.38533254496545,371718000
2023-12-06,45.42226028442383,47.30292009715476,45.331422145943435,47.13122440124437,380590000
2023-12-07,46.51332092285156,46.54626331215597,45.52308054469381,45.618910872891085,350823000
2023-12-08,47.42171096801758,47.65629461849747,46.467405912391875,46.51232804934258,359224000
2023-12-11,46.54426956176758,47.446664942684954,45.74868658721169,47.40673880790064,509728000
2023-12-12,47.57244110107422,47.58142400474077,45.96429952454466,45.96429952454466,372387000
2023-12-13,48.002681732177734,48.507784486050255,47.523533822968744,47.54449647259797,447792000
2023-12-14,48.26420974731445,48.58364165791398,47.337858729747325,48.30413968812158,391232000
2023-12-15,48.803253173828125,49.31634111544804,48.034618938742405,48.10848894942567,479948000
2023-12-18,49.9881477355957,50.34351507731144,49.062794375670336,49.31235079913167,412587000
2023-12-19,49.5159797668457,49.61181008886036,48.808238224699814,49.33629886505029,464444000
2023-12-20,48.025638580322266,49.91028926259113,48.012661158302954,49.56689784156496,397894000
2023-12-21,48.903076171875,49.007889407965415,48.333086371904265,48.724392927903814,300425000
2023-12-22,48.74336242675781,49.29537882848635,48.38100372795406,49.107712672335644,252507000
2023-12-26,49.191558837890625,49.51198840359391,48.873124626710656,48.88110985273242,244200000
2023-12-27,49.329322814941406,49.591856680513665,48.997911127361846,49.42315780443188,233648000
2023-12-28,49.43412780761719,49.795484989479434,49.324322381717465,49.55491529927827,246587000
2023-12-29,49.43412780761719,49.90828725509975,48.66449595698359,49.72461182444803,389293000
2024-01-02,48.08253479003906,49.20753405733888,47.510553413556266,49.156625856562634,411254000
2024-01-03,47.48459243774414,48.098499031561545,47.23603372218609,47.40074185532866,320896000
2024-01-04,47.912841796875,48.41395003873669,47.42370949212884,47.68224884044641,306535000
2024-01-05,49.009883880615234,49.459086175725254,48.220287041681374,48.37601228101952,415039000
2024-01-08,52.160282135009766,52.18224626703925,49.391205977221674,49.42414836733732,642510000
2024-01-09,53.04571533203125,54.22861420741035,51.598287244233845,52.30802809263291,773100000
2024-01-10,54.253562927246094,54.50311934146144,53.39409057576156,53.52086794542818,533796000
2024-01-11,54.724727630615234,55.247799966123495,53.46496957614301,54.9014155282273,596759000
2024-01-12,54.61292266845703,54.872463461679565,54.23359967517569,54.52308221048439,352994000
2024-01-16,56.28196334838867,56.734158722808395,54.80259436306696,54.920385030235444,449580000
2024-01-17,55.95354461669922,56.37080221365978,54.642874592370525,56.24702168282456,474394000
2024-01-18,57.00567626953125,57.49780159403606,56.00745052096862,57.15840468720761,491650000
2024-01-19,59.38544464111328,59.394427545023596,57.12346261571884,57.88610696898355,543501000
2024-01-22,59.548160552978516,60.22396136186126,58.96519705770333,59.94246019662586,452955000
2024-01-23,59.76676940917969,59.803702511682395,58.48105267598879,59.46430561582059,294654000
2024-01-24,61.25312805175781,62.73748925623283,59.83165479543139,60.197006547482026,560271000
2024-01-25,61.50767135620117,62.607717226695215,60.742030169454694,62.239368666397,482777000
2024-01-26,60.92271423339844,61.67338271174931,60.46553046315559,60.85184105783135,390309000
2024-01-29,62.35416793823242,62.37812361839996,60.79893365210522,61.12335395532468,348733000
2024-01-30,62.66261672973633,63.38034275629544,62.14952879417416,62.788396424260334,410735000
2024-01-31,61.41783905029297,62.158523170614345,60.59230665111332,61.33099160859471,453795000
2024-02-01,62.91516876220703,63.07887923181449,61.5406131324354,61.98981163068563,369146000
2024-02-02,66.04261779785156,66.48183193924027,63.57699522405565,63.8604917267368,476578000
2024-02-05,69.208984375,69.37369252800232,67.08575942583846,68.10394628020288,680078000
2024-02-06,68.1019515991211,69.630233381063,66.18236704818828,69.50645284574946,683111000
2024-02-07,69.97461700439453,70.09540449820057,67.48005062301553,68.19777661316522,495575000
2024-02-08,69.51742553710938,70.66837949372972,69.33175856710787,69.9496558671256,414422000
2024-02-09,72.0050277709961,72.0569298484953,70.08743069197543,70.40786033375117,436637000
2024-02-12,72.11980438232422,74.4786104438433,71.12357413495056,72.47117717433613,613710000
2024-02-13,72.00003814697266,73.31969142351917,69.49649190429426,70.27510691021548,602580000
2024-02-14,73.76888275146484,74.10428513350574,71.81036588559786,73.0721231436502,504917000
2024-02-15,72.52908325195312,73.84374789733648,72.27154539670707,73.73794078168315,420122000
2024-02-16,72.4841537475586,74.2699807907232,72.37235296886776,73.96851471281462,495327000
2024-02-20,69.32878112792969,71.82833631589585,67.61382690331146,71.81934960299229,704833000
2024-02-21,67.35227966308594,68.76576751724065,66.13045246980936,67.88532873628714,673755000
2024-02-22,78.39865112304688,78.43558041658676,74.08831180865685,74.8918837924214,865100000
2024-02-23,78.67716217041016,82.24781162101127,77.43237298519631,80.64666119604064,829388000
2024-02-26,78.9516830444336,80.50292689292228,78.36571885591441,79.55859846095663,503973000
2024-02-27,78.56134796142578,79.33897263573371,77.02508494380959,79.24014166205446,391705000
2024-02-28,77.52519989013672,78.7929431019633,76.98815248522881,77.48227691873889,393110000
2024-02-29,78.97163391113281,79.84807446200602,78.2109848648127,78.95366810218512,507289000
2024-03-01,82.13299560546875,82.15396205759876,79.29404050410636,79.85804035116041,479135000
2024-03-04,85.08574676513672,87.53938523582946,83.57044270492621,83.98070887832954,615616000
2024-03-05,85.81550598144531,85.94827947163024,83.2729084960246,85.12270452666515,520639000
2024-03-06,88.54676818847656,89.56900130568565,86.87965493223747,87.8699456446009,582520000
2024-03-07,92.50891876220703,92.60674904676837,89.44721547430589,90.00225477502153,608119000
2024-03-08,87.37679290771484,97.23174040772027,86.35655527181379,94.97364703765751,1142269000
2024-03-11,85.6258316040039,88.6436045203793,84.0206076407832,86.27969890435133,678364000
2024-03-12,91.75421905517578,91.80113493638854,86.0011743538899,87.89689583589372,668075000
2024-03-13,90.73098754882812,91.34592070136199,88.28222228746216,90.89769886633881,635713000
2024-03-14,87.79207611083984,90.48941185201531,86.45039611721776,89.42225831640668,602318000
2024-03-15,87.68526458740234,89.39131202190967,86.10799973550625,86.77983369344113,642086000
2024-03-18,88.30220031738281,92.24537384693531,86.93456418081807,90.2318598178106,668976000
2024-03-19,89.24356842041016,90.38758481674583,84.86314816147532,86.55022352343148,672171000
2024-03-20,90.21588897705078,90.25382534481801,88.07059918494765,89.64187768825083,479063000
2024-03-21,91.27704620361328,92.48795583781609,90.24882671788191,92.140557424416,480372000
2024-03-22,94.12611389160156,94.61426754269417,90.67708069798141,90.9835495525749,586719000
2024-03-25,94.837890625,96.59884339661212,93.3484711637127,93.77872640232121,552136000
2024-03-26,92.4011001586914,96.20851455285562,92.34220396856466,95.68541767838448,513648000
2024-03-27,90.09410095214844,93.07893385392306,88.96904884364167,92.95115660792449,586067000
2024-03-28,90.19992065429688,91.14229021994063,89.03892762518525,89.8445328106342,435212000
2024-04-01,90.20690155029297,92.06568455405531,89.0499070749777,90.14301673764523,452441000
2024-04-02,89.29747772216797,89.93836697964663,87.46864171818919,88.29520668047454,433064000
2024-04-03,88.8103256225586,90.21789372586332,88.24730447420946,88.33115901188768,370067000
2024-04-04,85.756591796875,90.47742601324012,85.73163346290652,90.24981545155312,434965000
2024-04-05,87.85597229003906,88.32815477151372,85.77756814573236,86.71593914747515,399678000
2024-04-08,86.98247528076172,88.67654220104028,86.58216705957724,88.54676191015398,283220000
2024-04-09,85.20654296875,87.4836082761363,82.87857850073121,87.29094090122678,501700000
2024-04-10,86.8886489868164,87.24902545092569,83.56439945092491,83.78102746556362,431929000
2024-04-11,90.45946502685547,90.58225365038547,86.77584440203218,87.26898672835297,431637000
2024-04-12,88.0336685180664,90.0192388417283,87.37880342967303,89.54405551793229,426805000
2024-04-15,85.85240936279297,90.45644039255018,85.78053516373421,88.94405857588228,443077000
2024-04-16,87.26399230957031,87.965773191981,85.91532822119116,86.28368645109244,370453000
2024-04-17,83.88983154296875,88.62164096734257,83.80497167986917,88.18738725935935,495400000
2024-04-18,84.52471923828125,86.0410998135889,82.25964198597137,84.82320627802973,447260000
2024-04-19,76.06836700439453,84.17833393456459,75.47539894537725,83.00636595540483,875198000
2024-04-22,79.38062286376953,79.93466435331439,76.26801328194024,77.9690642204774,596341000
2024-04-23,82.28060913085938,82.62601207910251,80.12534225900131,80.62946711947102,438559000
2024-04-24,79.53936767578125,83.93675724779338,79.04621772256601,83.80498148732187,512208000
2024-04-25,82.4892578125,83.1790583894206,78.08787011237102,78.73175253009703,424641000
2024-04-26,87.58345031738281,88.17842147858853,83.2429613231266,83.67321658546781,551011000
2024-04-29,87.60540008544922,87.83998710672722,85.11869845127212,87.44367738781547,388971000
2024-04-30,86.25273895263672,88.66556334587189,86.15091777999787,87.08928872900789,363709000
2024-05-01,82.89754486083984,85.85143274518,81.11462711525115,84.93003072487383,559863000
2024-05-02,85.66874694824219,86.08801954331209,83.05626359727954,84.30310641773906,377898000
2024-05-03,88.63561248779297,89.12675929539812,86.8896334546632,87.6373400551101,398341000
2024-05-06,91.9808349609375,92.06069859527176,88.90116496394158,89.23558536447402,376203000
2024-05-07,90.3975601196289,91.62243773928878,88.8572265315021,90.94061902784969,437342000
2024-05-08,90.25581359863281,91.03646035901207,89.26552291616532,89.32841761603471,325721000
2024-05-09,88.59368896484375,90.91466942223298,88.07858152551931,90.37260819958134,378013000
2024-05-10,89.72274017333984,91.24311191356409,89.07286375704587,90.14900450939767,335325000
2024-05-13,90.24282836914062,90.84079255928056,88.3760562473726,90.32168664844454,289680000
2024-05-14,91.19818115234375,91.49266969851776,88.78036057605543,89.44421267221655,296507000
2024-05-15,94.4665298461914,94.69813133508781,91.44076747625896,92.31226052004403,417735000
2024-05-16,94.19599914550781,95.65347613046144,93.94043705092355,94.74604980958085,323952000
2024-05-17,92.31924438476562,94.57634022771545,91.64741042469609,94.20598653059943,359691000
2024-05-20,94.61626434326172,95.03553695656012,93.27858287715311,93.58804490846175,318764000
2024-05-21,95.22122192382812,95.23519767784772,93.01903151729087,93.43730641374981,328946000
2024-05-22,94.78596496582031,95.85411617010452,93.0879071432018,95.29408831779949,548648000
2024-05-23,103.61969757080078,106.1363388077003,101.34462744914427,101.85175314144693,835065000
2024-05-24,106.28507232666016,106.29105867121642,102.82206339543845,104.2685576920773,429494000
2024-05-28,113.7042236328125,114.74043237669933,109.69316745366345,110.05354384473526,652728000
2024-05-29,114.62663269042969,115.29248024146612,110.70941556106891,112.8547051589029,557442000
2024-05-30,110.3091049194336,115.61891628592592,109.47355289556607,114.45193707992216,484553000
2024-05-31,109.443603515625,112.52227529514084,106.75525509489461,112.32560941345422,613263000
2024-06-03,114.80133819580078,114.80133819580078,111.80951385006522,113.42472260342709,438392000
2024-06-04,116.2358627319336,116.39858317577006,113.84799638822281,115.51611513617264,403324000
2024-06-05,122.22848510742188,122.2374646244509,117.26507420610801,118.16651413530396,528402000
2024-06-06,120.78897094726562,125.37004011083056,118.11559592598994,123.83369734866147,664696000
2024-06-07,120.67916870117188,121.48178065904402,117.81812234412239,119.56309618694148,412386000
2024-06-10,121.57960510253906,122.88733960177423,116.80786391189227,120.16206002224595,313434100
2024-06-11,120.7110366821289,122.66781043299152,118.54460180006694,121.56961447657496,222551200
2024-06-12,124.99398040771484,126.6712162731191,122.36831081363356,122.85750238613136,299595000
2024-06-13,129.396728515625,129.5864183097163,126.9507630154097,129.1770893049594,260704500
2024-06-14,131.6630096435547,132.6214215295718,128.10886970168357,129.74617063783822,309320400
2024-06-17,130.76449584960938,133.50997130629256,129.36680534695333,132.7711985693246,288504400
2024-06-18,135.35690307617188,136.10566894087242,130.47495024767164,130.92420671975586,294335100
2024-06-20,130.5648193359375,140.5283944338281,129.30689796657785,139.56998250489207,517768400
2024-06-21,126.36172485351562,130.41504917764772,124.09546355999291,126.91082285827493,649445800
2024-06-24,117.91564178466797,124.2551908621237,117.8457572795687,123.03719724453093,476060900
2024-06-25,125.88251495361328,126.29184395373642,119.1236583558784,121.00056206941291,414192600
2024-06-26,126.19200897216797,127.90917229563556,122.39825886605338,125.92244899462368,362975900
2024-06-27,123.78597259521484,126.2019962793405,122.71773358253314,123.8957921998042,252571700
2024-06-28,123.33671569824219,127.49985213027985,122.54801473015355,124.3750052910358,315516700
2024-07-01,124.09546661376953,124.63457133754859,118.63446631453066,123.26683055595603,284885500
2024-07-02,122.46813201904297,123.20691975674896,120.83083141775005,120.93066533405532,218374000
2024-07-03,128.0689239501953,128.0689239501953,121.16031210370706,121.45982152361671,215749000
2024-07-05,125.6229476928711,128.63798252741702,125.47319299554034,127.17039258704797,214176700
2024-07-08,127.98902130126953,130.5547992263396,126.83093424608442,127.28019064518816,237677300
2024-07-09,131.163818359375,133.59980576329167,128.43829962119838,130.1355144487565,285366600
2024-07-10,134.6880340576172,134.87772388494272,132.20212541064316,133.80947706102873,248978600
2024-07-11,127.19036865234375,135.92596317348227,126.84094609019272,135.52662745493282,374782700
2024-07-12,129.02734375,131.70292655352904,127.01066335258953,128.04894535138322,252680500
2024-07-15,128.22865295410156,131.1737956487568,126.97072416574117,130.3451595951711,208326200
2024-07-16,126.1520767211914,128.82765950066548,124.37500690887067,128.22865593379024,214769500
2024-07-17,117.79584503173828,121.64949400158038,116.52793817127537,121.15031675281162,390086200
2024-07-18,120.89073944091797,122.19858897958201,116.36819489836525,121.64949097287113,320979500
2024-07-19,117.73594665527344,121.39990584738524,117.176870571876,120.15196272062997,217223800
2024-07-22,123.33671569824219,123.86584236392231,119.66277083791101,120.15196240961751,258068900
2024-07-23,122.3882827758789,124.48483346113822,121.8990911705108,122.57797258109629,173911000
2024-07-24,114.06201171875,119.75262982559674,113.25334693957731,118.97391446537992,327776900
2024-07-25,112.0952377319336,116.43807811661003,106.12508231687993,112.85398925547956,460067000
2024-07-26,112.87393951416016,116.0087715399436,111.39637935284064,115.99879348064381,293399100
2024-07-29,111.40637969970703,116.0886649396649,111.11686358531041,113.50293033164324,248152100
2024-07-30,103.55931091308594,111.80571322284378,102.37126667488353,111.33648541055072,486833300
2024-07-31,116.82742309570312,118.14525053765568,110.69752797453181,112.71420803404115,473174200
2024-08-01,109.0302963256836,119.9622829008677,106.63424395188704,117.33660563582859,523462300
2024-08-02,107.09347534179688,108.54109382170915,101.20319035397925,103.58925680976456,482027500
2024-08-05,100.28471374511719,103.23984998207244,90.54077860317504,91.90851949250676,552842400
2024-08-06,104.07846069335938,107.5327664843651,100.38455194570304,103.6691316762756,409012100
2024-08-07,98.74725341796875,108.62097943024764,98.52761419555756,107.63260292939728,411440400
2024-08-08,104.79727172851562,105.3263983879788,97.3595262295921,101.83215768316434,391910000
2024-08-09,104.57762908935547,106.42458330646772,103.25980151433504,105.46616394434741,290844200
2024-08-12,108.84061431884766,110.88724428013212,106.08516112777683,106.14505996593543,325559900
2024-08-13,115.94888305664062,116.03873891622582,111.39638928672005,112.25497470709487,312646700
2024-08-14,117.88571166992188,118.40485270467185,113.88230763624145,118.33496818813165,339246400
2024-08-15,122.6578369140625,123.03720888953038,117.27670666159618,118.56458490618095,318086700
2024-08-16,124.375,124.79430704362497,120.98059332504539,121.73934484458584,302589900
2024-08-19,129.78607177734375,129.78607177734375,123.21689800857207,124.07548340044629,318333600
2024-08-20,127.04061889648438,129.66629628755138,125.6828560733908,128.18872055728244,300087400
2024-08-21,128.28854370117188,129.13715105648026,126.45157521398528,127.11048517418402,257883600
2024-08-22,123.536376953125,130.5348437487765,122.89743071735391,129.80604926899383,376189100
2024-08-23,129.15711975097656,129.38675225949072,125.01395457447234,125.65290085977209,323230300
2024-08-26,126.25190734863281,131.04400430992783,124.16535012958609,129.35679802537265,331964700
2024-08-27,128.08889770507812,128.98741074794592,123.67616460225028,124.84424526829238,303134600
2024-08-28,125.40331268310547,128.118838213882,122.43819852070378,127.90917706049713,448101100
2024-08-29,117.39649200439453,124.22524016378769,116.51794286125214,121.1602924143949,453023300
2024-08-30,119.17357635498047,121.54965726206557,117.02711271158417,119.33330911013266,333751600
2024-09-03,107.82228088378906,116.01877002584149,107.11345013644421,115.81910218205195,477155100
2024-09-04,106.03523254394531,113.0836130103624,103.94867525541761,105.23655349888746,372470300
2024-09-05,107.03359985351562,109.46958760825204,104.58763403652246,104.81725133789038,306850700
2024-09-06,102.6607894897461,107.97203483673319,100.78387825686288,107.86221523834789,413638100
2024-09-09,106.29480743408203,106.37467762407766,103.51938307487873,104.70741977949132,273912000
2024-09-10,107.922119140625,109.21998302790867,104.77730096516093,107.63259542371279,268283700
2024-09-11,116.71762084960938,116.99715887318843,107.24323176128858,109.20999122026392,441422400
2024-09-12,118.95413208007812,120.60155948017247,115.19999582839206,116.6577172050991,366052700
2024-09-13,118.91419219970703,119.77285113489948,117.4165323291377,118.89422675312926,238358300
2024-09-16,116.59780883789062,117.99562620382233,114.1815861384539,116.60779536966285,248772300
2024-09-17,115.40966033935547,118.61465900940927,114.65085152654682,117.98563701926243,231925900
2024-09-18,113.19313049316406,117.51636932909096,113.04336298957726,115.70919560695407,310318900
2024-09-19,117.68611907958984,119.47332749554481,117.06708357128667,117.16692604230532,293506400
2024-09-20,115.81903839111328,118.43495389707196,115.2099893901744,116.87738233881377,382462400
2024-09-23,116.07862091064453,116.80747774675662,114.68080357526898,116.36816938577523,206228500
2024-09-24,120.68143463134766,121.60998405209612,115.19999404233639,116.33821493002908,354966800
2024-09-25,123.31730651855469,124.74507579152808,121.42026930294443,121.82962567540989,284692900
2024-09-26,123.84648132324219,127.47081527785902,121.6099781665842,126.60217747362803,302582900
2024-09-27,121.21060943603516,123.83650371853182,119.07394858799772,123.7765997601264,271009200
2024-09-30,121.25054168701172,121.31044564232414,117.96567356169257,118.12541998168962,226553700
2024-10-01,116.81747436523438,122.2489901408394,115.60936293760753,121.5800295838127,302094500
2024-10-02,118.66458129882812,119.19375323018366,114.96037016184738,116.25834508658102,221845900
2024-10-03,122.65834045410156,124.16598683922703,120.15225416683853,120.73135113827638,277118000
2024-10-04,124.72511291503906,124.84492844767553,121.63993722019764,124.7450859792245,243678100
2024-10-07,127.52073669433594,130.43617917860723,124.75505409102715,124.7949925984476,346250200
2024-10-08,132.68267822265625,133.27175410957346,129.2180905372518,130.0567764001493,285722500
2024-10-09,132.4430389404297,134.31013180466115,131.17503131034326,133.9007678130665,246191600
2024-10-10,134.59967041015625,134.78937641455914,130.79561711338704,131.70420101079952,242311300
2024-10-11,134.58969116210938,135.5681579226704,133.45147037350253,133.8009151704973,170209500
2024-10-14,137.8546142578125,139.38222619629536,136.08737124143596,136.25710420849128,232347700
2024-10-15,131.39471435546875,138.35384259997033,128.53917525345673,137.65492238931424,377831000
2024-10-16,135.50827026367188,136.40686011825153,131.37472950963348,133.77097927850218,264879700
2024-10-17,136.71636962890625,140.6701983777905,136.65646567187503,139.12261346955344,306435900
2024-10-18,137.78469848632812,138.68328825202838,137.06582057977474,138.45365135367973,176090200
2024-10-21,143.4857940673828,143.4857940673828,137.78469595874105,137.91449801128798,264554500
2024-10-22,143.36598205566406,144.194689003585,141.55880826832362,142.68705023422552,226311600
2024-10-23,139.34226989746094,142.20778753302577,137.24555525009052,141.80841766733155,285930000
2024-10-24,140.19094848632812,141.12948441968888,138.2439937495604,140.6003124972593,172354900
2024-10-25,141.3191680908203,143.90513885209074,140.58033236044267,140.71011917970793,205122100
2024-10-28,140.30078125,142.9166889544992,139.83151327072179,142.77690797567064,173586700
2024-10-29,141.02963256835938,142.0380513591214,138.68329276437913,140.0711235834401,157593600
2024-10-30,139.1226043701172,140.1110653014331,136.59655278062618,139.32228929215535,179418100
2024-10-31,132.55287170410156,137.39531116933003,131.90389188236236,137.38533225522045,270039600
2024-11-01,135.18878173828125,137.0958059615883,134.36008987253786,134.4898767241073,207127800
2024-11-04,135.83775329589844,138.74321710094807,135.3585064031532,136.9959472521015,187528200
2024-11-05,139.6917266845703,140.151000495864,137.11574997671616,137.23555788662173,160537400
2024-11-06,145.38284301757812,146.2614750565614,141.73854326176877,142.73698322061895,242043900
2024-11-07,148.6477508544922,148.69766066609404,145.9419717733186,146.1616297903136,207323300
2024-11-08,147.39967346191406,149.53633403774526,146.03180056765603,148.5378942315628,175665800
2024-11-11,145.0333709716797,148.6177817068004,143.3460203778287,148.44803352101476,182325600
2024-11-12,148.0586395263672,149.41651833977537,145.78219787373922,146.55100082856893,198634700
2024-11-13,146.04180908203125,149.09703275189045,145.6723759576151,148.83744386134128,191903300
2024-11-14,146.53102111816406,148.76753177848803,145.32291747893564,147.40965302668107,194463300
2024-11-15,141.7584991455078,145.0134231170618,139.86146934373124,144.64398997756967,250132900
2024-11-18,139.9313201904297,141.32914493468758,136.9360010405669,139.2823404686185,221205300
2024-11-19,146.7806396484375,146.90046279249913,140.77004260660007,141.09952959154865,227834900
2024-11-20,145.66241455078125,147.3298075633363,142.5073404172706,147.1800476536701,309871700
2024-11-21,146.44117736816406,152.65147472524168,140.4804899844899,149.11700420524105,400946600
2024-11-22,141.72853088378906,146.93040910376754,140.87986616890575,145.70231714314025,236406200
2024-11-25,135.8077850341797,141.82837577269152,135.60810012239304,141.76847182265374,344941900
2024-11-26,136.70639038085938,139.08268223719327,135.45834049580736,137.4851722903331,190287700
2024-11-27,135.12884521484375,137.00591700209634,131.59437486042492,134.7993582371888,226370900
2024-11-29,138.03431701660156,139.1326070072914,135.83775227020575,136.56660913585418,141863200
2024-12-02,138.41371154785156,140.23086402488357,137.60497776381663,138.6133964568137,171682800
2024-12-03,140.04119873046875,140.3207607312636,137.73480460641824,138.04431859051348,164414000
2024-12-04,144.91355895996094,145.56253876730494,140.07111960214385,141.77845844597738,231224300
2024-12-05,144.84368896484375,146.3214777724878,143.7353435501018,144.89361745373108,172621200
2024-12-06,142.2275848388672,145.4827177885172,141.09926510716357,144.38436733563313,188505600
2024-12-09,138.6029815673828,139.74128080496888,136.92549436926976,138.76274660606958,189308600
2024-12-10,134.8685760498047,141.60850970621567,133.5904709096604,138.80268748950093,210020900
2024-12-11,139.10223388671875,139.9609519122756,135.00835767243856,137.15514511831444,184905200
2024-12-12,137.13519287109375,138.2335586289744,135.59749604609573,136.8755860719742,159211400
2024-12-13,134.0498046875,139.3918327936691,132.34234795745746,138.73281333743972,231514900
2024-12-16,131.80313110351562,134.19954557462145,130.2254857362255,133.9798724705664,237951100
2024-12-17,130.19554138183594,131.39374870651014,126.67080709010266,128.89747709842524,259410300
2024-12-18,128.71775817871094,136.49613412730267,128.08869283192976,133.6603731199009,277444500
2024-12-19,130.485107421875,133.8301176053825,129.3568029702355,131.56349862817564,209719200
2024-12-20,134.4990997314453,135.0782365234782,128.02876854092193,129.61639349168385,306528600
2024-12-23,139.46170043945312,139.58151660116854,134.91848306333998,136.0767567466981,176053500
2024-12-24,140.01089477539062,141.6883821217358,138.44322876231024,139.79122163679293,105157000
2024-12-26,139.7213134765625,140.63995487774488,137.52459740894255,139.49166074428362,116205600
2024-12-27,136.8056640625,138.81267619141968,134.50910636621433,138.34337590905767,170582600
2024-12-30,137.2849578857422,140.06081067569033,133.82013169900247,134.628921256616,167734700
2024-12-31,134.08975219726562,137.86412982039317,133.6304466398302,137.82418093259395,155659200
2025-01-02,138.10372924804688,138.6728864930968,134.42922472124587,135.79717669922962,198247200
2025-01-03,144.25454711914062,144.6838985290199,139.52161059265686,139.8011917981673,229322500
2025-01-06,149.2071533203125,151.93309314343088,147.599568879649,148.36840963752263,265377400
2025-01-07,139.9309844970703,152.90161576007478,139.80117351290727,152.80175881286766,351782200
2025-01-08,139.90106201171875,143.73533196712347,137.3548616440079,142.36737985085435,227349900
2025-01-10,135.7073211669922,139.71133557177419,134.0198390250661,137.24501786219508,207602500
2025-01-13,133.03134155273438,133.29096362769596,129.31688708423772,129.7961823444573,204808900
2025-01-14,131.56350708007812,136.1766278538369,129.85606565410438,135.84711813885167,195590500
2025-01-15,136.03684997558594,136.24652830000477,131.0942190240699,133.45070049814615,185217300
2025-01-16,133.3708038330078,138.54307117698642,133.2909213149963,138.4332346192246,209235600
2025-01-17,137.504638671875,138.29345383465838,135.25799411499426,136.4861555399997,201188800
2025-01-21,140.6199951171875,141.61850390997927,136.8855667471737,138.95248726154946,197749000
2025-01-22,146.85069274902344,147.56960504936464,143.45575377479585,144.4442829463215,237651400
2025-01-23,147.00045776367188,147.0104373660888,143.50567717742842,144.83369562852502,155915500
2025-01-24,142.40728759765625,148.74782312135466,141.66840100577613,148.14871188401736,234657600
2025-01-27,118.24339294433594,128.20850504229963,116.52595684106743,124.6138830305536,818830900
2025-01-28,128.7976531982422,128.80763280108368,116.07664583818587,121.62835222502514,579666400
2025-01-29,123.51553344726562,126.70077890376498,119.87098248262683,126.31136108771855,467120600
2025-01-30,124.464111328125,124.81358785050304,117.92387627755191,122.91641979157204,392925500
2025-01-31,119.89094543457031,127.65934229890306,119.01226047612725,123.59541198682592,388161100
2025-02-03,116.48603820800781,118.39318602096668,112.84147962875147,114.57888277703151,371235700
2025-02-04,118.47305297851562,121.01924546805154,116.52595653802958,116.78557092036435,256550000
2025-02-05,124.64384460449219,124.8135892575584,120.57991444298676,121.57842315704723,262230800
2025-02-06,128.48809814453125,128.5779755110731,125.02327919443763,127.22998260932282,251483600
2025-02-07,129.6463623046875,130.17557068191934,124.8135839892709,129.02729180363133,228186300
2025-02-10,133.3708038330078,134.79866384787866,129.76618710141213,129.89598286165247,216989100
2025-02-11,132.60194396972656,134.2794310897884,130.82459989612354,132.38227086076154,178902400
2025-02-12,130.94442749023438,132.04279313100764,128.88750205027108,129.8261026458349,160278600
2025-02-13,135.08822631835938,136.29642846871295,130.97437562399168,131.36379338160384,197430000
2025-02-14,138.6429443359375,139.04234173663804,135.29793396994222,136.2764682668825,195479600
2025-02-18,139.19210815429688,143.226091877041,137.72429913092634,141.05932980350207,219176600
2025-02-19,139.02236938476562,141.14919790373787,137.01537227663152,139.30195061666387,167536000
2025-02-20,139.90106201171875,140.45024487315197,136.5860056380014,139.8211794831435,143903600
2025-02-21,134.22950744628906,141.2490371129211,133.83011008980694,139.83114145453473,228217600
2025-02-24,130.08572387695312,138.38332947991822,129.88602516626045,136.35635785611953,251381100
2025-02-25,126.44115447998047,130.00583024952502,124.25442559786755,129.78615711570163,271428700
2025-02-26,131.08421325683594,133.53055638167015,128.29838085048883,129.79614381296275,322553800
2025-02-27,119.97083282470703,134.80866645811508,119.83104220333566,134.7986868551725,443175800
2025-02-28,124.73371124267578,124.90345590188022,116.22642004317107,117.8439993429124,389091100
2025-03-03,113.88990020751953,123.51552349340123,112.11255593535711,123.32581202011416,411381400
2025-03-04,115.81702423095703,119.13207287466713,109.9457957033308,110.48499132597254,398163300
2025-03-05,117.12506866455078,118.10360288358513,114.33922859376143,117.40464986998916,284337900
2025-03-06,110.40510559082031,115.17797591196373,110.05562907278994,113.3606904001891,321181900
2025-03-07,112.52195739746094,113.31078025161912,107.3996024558792,111.0841023095759,341755500
2025-03-10,106.82046508789062,111.68319762733589,105.30272758345134,109.73610869113334,366487400
2025-03-11,108.59780883789062,112.0726148635708,104.6137536218378,106.83044416478043,354865700
2025-03-12,115.57803344726562,116.59661034457649,112.72203506897391,113.96030532134075,323857500
2025-03-13,115.41825103759766,117.59520049683546,113.63075517539951,116.86621875800482,299033100
2025-03-14,121.49972534179688,121.70943054003341,117.98465480860956,118.44401014075397,277593500
2025-03-17,119.36271667480469,122.71801496792263,117.86481592318836,122.56822336901756,255501500
2025-03-18,115.26846313476562,118.85343549406599,114.37970924440411,117.83486627342975,299686900
2025-03-19,117.35552978515625,120.2814296141779,115.51810848491796,117.10587965509883,273426200
2025-03-20,118.36412048339844,120.03178155242583,116.30700581426807,116.3868956857552,248829700
2025-03-21,117.5352783203125,117.82487338576216,115.25847035053427,116.77634740953133,266498500
2025-03-24,121.24009704589844,122.04896105750126,119.17298658297102,119.71223179694545,228452500
2025-03-25,120.52110290527344,121.12026171196634,118.75357566400419,120.38129943766901,167447200
2025-03-26,113.60079956054688,118.6736845133834,112.55226594608844,118.5638454632065,293463300
2025-03-27,111.27405548095703,114.28982567832341,110.50513643809545,111.19416561141583,236902100
2025-03-28,109.51651763916016,112.71204388720727,108.9173588485005,111.33397028810096,229872500
2025-03-31,108.22832489013672,110.80471613819729,103.50494855407659,104.98287310192077,299212700
2025-04-01,109.99585723876953,110.04578269736857,106.32100673854832,108.36813339033893,222614000
2025-04-02,110.26546478271484,111.82328673498283,106.64054773013802,107.1398479774266,220601200
2025-04-03,101.65753936767578,105.48217369637304,101.45781468579652,103.36514539947606,338769400
2025-04-04,94.17801666259766,99.98987163475934,91.98109847139008,98.7715853475697,532273800
2025-04-07,97.50334167480469,101.6075898958186,86.49876870613649,87.33758937851368,611041300
2025-04-08,96.16523742675781,105.70186824827938,94.3278084260022,103.66472218207363,476243400
2025-04-09,114.17000579833984,114.9389248904037,97.39351305704149,98.75161045127601,612918300
2025-04-10,107.4194564819336,110.70485307181585,99.01124202201945,109.21694044618194,437812400
2025-04-11,110.77476501464844,111.39390013023589,107.32959598741144,108.34816524857224,313417300
2025-04-14,110.55506896972656,114.13006086401796,108.91736463288024,113.95031245540225,264705000
2025-04-15,112.04297637939453,113.46099492172469,110.3453585264742,110.81470199440513,228966900
2025-04-16,104.3437728881836,106.64055727885454,100.30942561460589,104.40369410395131,397016900
2025-04-17,101.34796142578125,104.3237942331935,99.90998190333623,104.30381795694564,292517500
2025-04-21,96.7743911743164,99.30084956133582,94.90700524452377,98.63178134580184,288501100
2025-04-22,98.75160217285156,99.67031279819463,97.14385476914264,98.6417555090913,241004800
2025-04-23,102.5662612915039,104.6533403969428,101.87722447592722,104.37372584399631,247526000
2025-04-24,106.28105163574219,106.39089830035945,102.96569827687256,103.33518320501399,220815000
2025-04-25,110.85465240478516,111.76337496991529,105.58204256681438,106.70047033928225,251064700
2025-04-28,108.57784271240234,110.21554702841466,105.8716284785824,109.53649833991803,207708500
2025-04-29,108.867431640625,110.04578062718967,107.2896485179105,107.51932238432487,170444300
2025-04-30,108.76756286621094,108.76756286621094,103.93434018163836,104.32379376082015,235044600
2025-05-01,111.45380401611328,114.7791455573913,111.14424029465428,112.92174799120272,236121500
2025-05-02,114.33976745605469,115.23850951002053,113.21135153306962,114.02021557227994,190194800
2025-05-05,113.66072082519531,114.50952981770942,112.50234808238875,112.75199823422925,133163200
2025-05-06,113.38111114501953,114.57942879752297,110.66491633937942,111.32399638135878,158525600
2025-05-07,116.89617919921875,117.51531428959993,112.12286973799952,112.89179643623137,206758800
2025-05-08,117.20574951171875,118.51391379663416,115.68787240644632,118.08451525459601,198428100
2025-05-09,116.48676300048828,118.06455379711826,115.0487756801452,117.1857803819228,132972200
2025-05-12,122.82787322998047,122.82787322998047,120.11167839159091,121.79931583574867,225023300
2025-05-13,129.74815368652344,131.0363568449821,124.29580357204036,124.80509195257008,330430100
2025-05-14,135.15060424804688,135.2504704050171,131.4957223220182,133.01359953083553,281180800
2025-05-15,134.64132690429688,136.10927107264604,132.47436533136158,134.10207402259,226632600
2025-05-16,135.2105255126953,136.15920834538713,133.27325299959534,136.02938538145307,226542500
2025-05-19,135.38027954101562,135.67984750647184,132.20472197026768,132.20472197026768,193154600
2025-05-20,134.19192504882812,134.3916420789913,132.43437861355363,134.10203943343691,161514200
2025-05-21,131.61557006835938,137.20772462329396,130.4072565649854,132.87380141479636,270608700
2025-05-22,132.64410400390625,134.0621148614722,131.3658966044825,132.0449376190489,187344000
2025-05-23,131.10626220703125,132.49431639064062,128.97925335315108,129.81807417545411,198821300
2025-05-27,135.3103485107422,135.47012822500798,133.1234112887049,133.96223193245194,192953600
2025-05-28,134.621337890625,137.05792567392893,134.60136161311598,135.83963178227697,304021100
2025-05-29,138.99520874023438,143.28919402135628,137.71700129433316,142.0509238917618,369241900
2025-05-30,134.94091796875,139.42462537646244,132.73400370907126,138.52589083809553,333170900
2025-06-02,137.187744140625,137.9266987725352,135.21050414256473,135.30038976970178,197663100
2025-06-03,141.02235412597656,141.80126124338923,137.7569264491721,138.58576663563605,225578800
2025-06-04,141.72140502929688,142.19074856243475,139.34473056255086,141.9910314762443,167120800
2025-06-05,139.7941131591797,143.79849635697653,138.63573272598583,141.9710553039475,231397900
2025-06-06,141.52166748046875,143.0695013401578,141.31195466595716,142.31055518995854,153986200
2025-06-09,142.43040466308594,144.7970831461155,141.74136782943543,142.98961854621228,185114500
2025-06-10,143.75852966308594,144.08805440763362,141.33192260937975,142.4903028059026,155881900
2025-06-11,142.6400146484375,144.79714515361243,141.6812848999734,144.41764573923192,167694000
2025-06-12,144.80714416503906,144.80714416503906,141.66133988719625,141.78117540604916,162365000
2025-06-13,141.78115844726562,143.38901749969733,140.6626531024409,142.2904745799642,180820600
2025-06-16,144.49754333496094,145.98555166191812,143.00951976951112,143.159329390418,183133700
2025-06-17,143.9282989501953,145.02684191909495,143.58875484653294,144.29781716982143,139108000
2025-06-18,145.28648376464844,145.4562558084884,142.92962233744194,143.81843788371728,161494100
2025-06-20,143.65866088867188,146.00552584195606,142.46024490398213,145.2565234707711,242956200
2025-06-23,143.97824096679688,144.58743022935184,141.84108794116847,142.31046402404658,154308900
2025-06-24,147.70326232910156,147.76319531946535,145.3064608232896,145.36637857516104,187566100
2025-06-25,154.10476684570312,154.24458003760031,149.0614802461701,149.07147669890958,269146500
2025-06-26,154.8137969970703,156.5115326130379,153.795149532093,155.77251147358507,198145700
2025-06-27,157.54017639160156,158.4989061985097,155.05348286000648,155.83244416127852,263234500
2025-06-30,157.7798614501953,158.4489684480595,155.7525627920192,158.1893045239527,194580300
2025-07-01,153.09609985351562,156.9909063970138,151.2885097592641,156.08211312403307,213143600
2025-07-02,157.04083251953125,157.39037305932783,152.7665268185242,152.77650803107835,171224100
2025-07-03,159.1280517578125,160.76586971787668,157.56014800239086,158.15934077500395,143716100
2025-07-07,158.02952575683594,159.09809459400483,157.1307137305003,157.98957042846925,140139000
2025-07-08,159.7871856689453,160.0068942683196,158.1793265036118,159.11807865757584,138133000
2025-07-09,162.66334533691406,164.2012901564699,160.9456320255445,161.0055497766517,183656400
2025-07-10,163.88174438476562,164.28120626813552,161.39505073108006,164.10145299216728,167704100
2025-07-11,164.7006378173828,167.66668863474402,163.25256951238498,163.50223698698784,193633300
2025-07-14,163.85177612304688,165.2698855378492,161.80449980139463,165.15003478890583,136975800
2025-07-15,170.4729461669922,172.17068192225182,168.97494134085255,170.96229989605533,230627400
2025-07-16,171.14205932617188,171.52155877211666,168.67534340451815,170.83247408910898,158831500
2025-07-17,172.7698974609375,173.92835823409905,170.60278554683865,171.79120519874627,160841100
2025-07-18,172.18069458007812,174.0182436825287,171.03221496217563,173.4090543863528,146456400
2025-07-21,171.1520538330078,173.1493936504508,170.77255439137573,172.52022673163836,123126100
2025-07-22,166.80783081054688,171.1620321483939,164.3610926233022,171.1120956061046,193114300
2025-07-23,170.55284118652344,171.03219846298632,167.74658125695927,169.30450383433347,154082200
2025-07-24,173.5089111328125,173.59878776513457,171.07215417768242,172.21063723590794,128984600
2025-07-25,173.2692413330078,174.4876199263022,172.7299662493585,173.3790956402227,122316800
2025-07-28,176.51490783691406,176.7645753161742,173.73860668662087,173.78854323017163,140023500
2025-07-29,175.2765350341797,179.14139760883538,174.7871965738649,177.72328828972238,154077500
2025-07-30,179.03155517578125,179.65072563032518,175.80584046425426,176.27521653092245,174312200
2025-07-31,177.63340759277344,183.05619299307685,175.69598557745124,182.65671589592668,221685400
2025-08-01,173.4889373779297,176.3051785902702,170.66269971388826,173.85844036702034,204529000
2025-08-04,179.76058959960938,179.9603205403546,174.28788258302183,174.9270307365029,148174600
2025-08-05,178.02288818359375,180.0202279532499,175.6660266458598,179.38107983649965,156407600
2025-08-06,179.1813507080078,179.66070799076476,176.01556896990587,176.09546439011424,137192300
2025-08-07,180.52955627441406,183.63542017290519,178.56217541570945,181.32849521637667,151878400
2025-08-08,182.4569854736328,183.05619350177665,180.16004168373897,181.30852119793246,123396700
2025-08-11,181.81784057617188,183.59547178906817,180.01025048518693,181.80785936297346,138323200
2025-08-12,182.9163818359375,184.234618174838,179.22130626788388,182.7166509044063,145485700
2025-08-13,181.34844970703125,183.72528876478472,179.11143905360885,182.37707840680864,179871700
2025-08-14,181.77789306640625,182.7765629312542,179.22130065055427,179.51090820642335,129554000
2025-08-15,180.2099609375,181.65802908835272,177.80316308129093,181.63806666422465,156602200
2025-08-18,181.76788330078125,182.69665413107447,180.34977402519155,180.3597704757432,132008000
2025-08-19,175.4063720703125,182.25724785967336,175.25657768801665,182.1873336556069,185229200
2025-08-20,175.1667022705078,175.76591033294957,168.57548977611862,174.93701244991922,215142700
2025-08-21,174.7472381591797,176.66468235557974,173.57879631630271,174.61742144674352,140040900
2025-08-22,177.7532501220703,178.35244288234992,170.97227338198675,172.38040151215634,172789400
2025-08-25,179.57083129882812,181.6680441727565,176.33515059315872,178.11278178635797,163012800
2025-08-26,181.52822875976562,182.14739921043056,178.57215920342722,179.82049655621498,168688200
2025-08-27,181.35845947265625,182.24727507184866,178.86178472902657,181.7379436715125,235518900
2025-08-28,179.9303436279297,184.22462699678687,176.17535050737845,180.5794881684096,281787800
2025-08-29,173.94830322265625,177.91302365652732,172.91967451951007,177.87308356836775,243257900
2025-09-02,170.55284118652344,172.15071909272382,166.99757884564528,169.77387989783634,231164900
2025-09-03,170.39305114746094,172.18067877773825,168.6553752976972,170.83246833565184,164424900
2025-09-04,171.4316864013672,171.6314173426514,169.18467902530818,170.34313981864827,141670100
2025-09-05,166.7978515625,168.80517258283567,163.8517783946414,167.8065026792569,224441400
2025-09-08,168.0861358642578,170.73262035939155,167.12742125141602,167.32715219255022,163769100
2025-09-09,170.53286743164062,170.75257602974241,166.51822538667548,168.86509051949957,157548400
2025-09-10,177.09413146972656,179.05151589898875,175.2366048852674,176.4050468150653,226852000
2025-09-11,176.94432067871094,180.050359799309,176.2551971559751,179.4511179779685,151159300
2025-09-12,177.59349060058594,178.37249577533527,176.22522541777622,177.5435512454145,124911000
2025-09-15,177.52359008789062,178.62219505337407,174.28771156721004,175.44623766911022,147061600
2025-09-16,174.65725708007812,177.2739150624347,174.1578939390572,176.77455192141375,140737800
2025-09-17,170.0730743408203,172.97937117956877,168.1954794867923,172.42008695754546,211843800
2025-09-18,176.01551818847656,176.87442336525442,172.73969733735942,173.7583871307785,191763300
2025-09-19,176.4449462890625,177.8531538116004,174.95683884616588,175.54609885389235,237182100
2025-09-22,183.37612915039062,184.31493427279133,174.48747153493287,175.07671637070237,269637000
2025-09-23,178.2027130126953,182.18763613663097,175.9855548133895,181.73821238324945,192559600
2025-09-24,176.74456787109375,179.5509859124944,175.17656050171237,179.54100413716742,143564100
2025-09-25,177.46365356445312,180.0303718676576,172.90946471941734,174.25773588995062,191586700
2025-09-26,177.96302795410156,179.54101721374016,174.70717071687335,177.94304916264082,148573700
2025-09-29,181.6183624267578,183.76561762390497,180.09031258631592,180.2001578366391,193063500
2025-09-30,186.3423309326172,187.11135435179565,181.2488213615314,181.848063160254,236981000
2025-10-01,187.0015106201172,187.9003581593927,183.665753326035,185.00405809785752,173844900
2025-10-02,188.64939880371094,190.80665113886596,187.82045419605362,189.35850113919957,136805800
2025-10-03,187.38101196289062,190.11752734214045,185.14387494216948,188.9490194719917,137596900
2025-10-06,185.30364990234375,186.9914995955013,183.09647356463947,185.2637075602064,157678100
2025-10-07,184.80430603027344,188.8191899838309,183.76563739379807,185.99279275388864,140088000
2025-10-08,188.86911010742188,189.35849142592937,186.30237648821537,186.33235229407293,130168900
2025-10-09,192.32470703125,195.05122522476873,190.816620752273,191.9851285494953,182997200
2025-10-10,182.92669677734375,195.37081685366852,181.81811007166195,193.26350393527704,268774400
2025-10-13,188.0801239013672,189.8678370807686,185.72312947730666,187.73056363822363,153482800
2025-10-14,179.80067443847656,184.56460262310264,179.47109296765566,184.5346420566055,205641400
2025-10-15,179.60093688964844,184.63451030281777,177.06416377208902,184.56460739230218,214450500
2025-10-16,181.57839965820312,183.04652832403656,179.5410050089342,181.99786281424815,179723300
2025-10-17,182.98660278320312,183.8654866543178,179.52102189247293,179.950466813544,173135200
2025-10-20,182.4073486328125,184.96408521149223,181.4985041529273,182.89672994644732,128544700
2025-10-21,180.9292449951172,182.55715836486127,179.5709767314294,182.55715836486127,124240200
2025-10-22,180.0503692626953,183.2063479075077,176.53484855405173,180.9092744574391,162249600
2025-10-23,181.92796325683594,182.7968501503985,179.5609718650331,180.19017423035882,111363700
2025-10-24,186.02272033691406,187.23118563906056,183.26624175096782,183.60580497197222,131296700
2025-10-27,191.24607849121094,191.75542334831323,188.18996363054165,189.74798924630224,153452700
2025-10-28,200.77392578125,202.8912204382634,191.66554775855593,192.8040950113927,297986200
2025-10-29,206.77627563476562,211.9197249544373,204.51915980095313,207.715080745974,308829600
2025-10-30,202.63156127929688,205.89740027142088,201.1534507471854,204.88867704045037,178864400
2025-10-31,202.23207092285156,207.70508615602077,201.81260775338424,206.18701808603035,179802200
2025-11-03,206.61647033691406,211.07078042213968,205.29814450690722,207.81493866642379,180267300
2025-11-04,198.43690490722656,203.71017785907821,197.67786326579136,202.7414122562426,188919300
2025-11-05,194.96136474609375,202.66153586727006,194.40206522559174,198.51682788141107,171350300
2025-11-06,187.84043884277344,197.3682807609907,186.14260723026618,196.16981228388872,223029800
2025-11-07,187.9103240966797,188.08012095739036,178.68210397488247,184.66446402160466,264942300
2025-11-10,198.7964630126953,199.68532876518447,193.5431531870904,194.8614791513322,198897100
2025-11-11,192.91395568847656,195.17107140540628,191.05632435423007,194.91140808059743,176483300
2025-11-12,193.5531463623047,195.64048052491762,190.88654915774768,195.4706988945922,154935300
2025-11-13,186.62197875976562,191.1961465947379,183.61581837719615,190.8066439854392,207423100
2025-11-14,189.92774963378906,190.76667594021126,180.34996953708986,182.62706393415107,186591900
2025-11-17,186.36231994628906,188.75925679396335,184.08522536919267,185.73311754704963,173628900
2025-11-18,181.1289825439453,184.5646030780414,179.42115405263684,183.14641371605563,213598900
2025-11-19,186.28240966796875,187.62069907956393,182.5971076589588,184.5546024199349,247246400
2025-11-20,180.40989685058594,195.7503316108911,179.62090987236718,195.70039225393623,343504800
2025-11-21,178.6521453857422,184.32490281868388,172.70971237567008,181.00913979899244,346926200
2025-11-24,182.31747436523438,183.26626122561635,176.25519889972114,179.2613745727385,256618300
2025-11-25,177.59349060058594,177.93305383278917,169.33402110596253,174.68719385821646,320600300
2025-11-26,180.03038024902344,182.67701383620675,178.01296428701193,181.3986455127995,183852000
2025-11-28,176.7745361328125,179.0616124091028,176.27517303639212,178.7819702942556,121332800
2025-12-01,179.69081115722656,180.07033197943204,173.45875435362808,174.5373804488289,188131000
2025-12-02,181.22886657714844,185.4235136530611,179.7707195907086,181.52847225165078,182632200
2025-12-03,179.36123657226562,182.21759414523953,178.88185225801445,180.8493441127912,165138000
2025-12-04,183.1566162109375,184.2952268834804,179.74078419330877,181.3987504426599,167364900
2025-12-05,182.1877899169922,184.43504894381925,180.6896172324408,183.66598269849337,143971100
2025-12-08,185.323974609375,187.7709870845105,182.17780264974235,182.41751577930148,204378100
2025-12-09,184.7446746826172,185.4937610485011,183.09669077375298,185.33395229946427,144719700
2025-12-10,183.55612182617188,185.2540478736652,181.8182359713298,184.74467463147755,162785400
2025-12-11,180.70957946777344,181.09911899111663,176.40483245042134,180.060377409269,182136600
2025-12-12,174.80679321289062,182.59729422559735,174.40727135263347,180.88937065842447,204274900
2025-12-15,176.0752410888672,178.20265125135413,174.8167814768023,177.7232402429772,164775600
2025-12-16,177.50350952148438,178.27257580423,174.68693742218818,176.0452813318811,148588100
2025-12-17,170.7317657470703,175.91544580087532,170.10252832729947,175.88548356566727,222775500
2025-12-18,173.9278564453125,175.93540231223645,171.6106906687844,174.3173807251694,176096000
2025-12-19,180.76951599121094,181.2289470656948,176.12517166919682,176.45477147838753,324925900
2025-12-22,183.4662322998047,183.935660967629,182.1278683380167,183.6959478478248,129064400
2025-12-23,188.97950744628906,189.099356383118,182.67718160782493,182.7471036477755,174873600
2025-12-24,188.38023376464844,188.67987134928,186.36269028434322,187.71105179508496,65528500
2025-12-26,190.2978973388672,192.45526970950266,187.7709805748158,189.68863982420257,139740300
2025-12-29,187.99070739746094,188.53004285167208,185.68352392965699,187.4813341773615,120006100
2025-12-30,187.31153869628906,188.75978454971104,186.70228116711607,188.01069817319677,97687300
2025-12-31,186.27281188964844,190.32786369396138,186.26282955778902,189.33907943283364,120100500
2026-01-02,188.6199493408203,192.69496568024334,188.03065649528438,189.60873357074172,148240500
2026-01-05,187.89083862304688,193.39413642527967,185.9232371396652,191.52640398377517,183529700
2026-01-06,187.0119171142578,191.935904267691,186.5924305704924,190.2879203285983,176862600
2026-01-07,188.87962341308594,191.13686475404677,186.3327268208183,188.34028795646717,153543200
2026-01-08,184.81459045410156,189.31910643994627,183.48622397884648,188.87963997886857,172457000
2026-01-09,184.63479614257812,186.1129888751533,183.44624341374129,184.8545293482555,131327500
2026-01-12,184.71470642089844,186.89204340473577,182.79704721562317,182.99680052530172,137968500
2026-01-13,185.58364868164062,187.88084992986475,183.17658082293008,184.7746378408776,160128900
2026-01-14,182.91688537597656,184.23528457453645,180.57973978602013,184.0954557419801,159586100
2026-01-15,186.8221435546875,189.46890929684608,186.103019420931,186.27281050248445,206188600
2026-01-16,186.0031280517578,190.20800608356458,185.85331687968656,188.84966224271636,187967200
2026-01-20,177.8530731201172,182.1578200140757,177.39362681050815,181.67839380225757,223345300
2026-01-21,183.09669494628906,185.15418310637224,178.18267486272933,178.8318922054109,200381000
2026-01-22,184.6148223876953,185.94320399708803,183.70592730123704,184.52493568425237,139636600
2026-01-23,187.44137573242188,189.3690325020707,186.59242035942677,187.27158465782284,142748100
2026-01-26,186.2428436279297,188.88960930416175,185.76343263076708,186.93200550896393,124799600
2026-01-27,188.29034423828125,189.76853699604698,185.47377232125424,187.01190478720812,143711600
2026-01-28,191.2866973876953,192.1156881225865,189.60873601436586,191.03700193406064,148552700
2026-01-29,192.27548217773438,193.244301759811,185.83334250366076,191.10690928022157,171764400
2026-01-30,190.8971710205078,194.25307849059112,189.23918956869622,190.97707539362895,179489500
2026-02-02,185.38389587402344,190.0681850900544,184.6547894061738,186.97195532434574,165794100
2026-02-03,180.12030029296875,186.04308409913696,176.01530661894333,186.01312186532803,204019600
2026-02-04,173.97779846191406,179.36123157735668,171.70057725198066,179.24138264216026,207014100
2026-02-05,171.6706085205078,176.604592702014,170.82163795446576,174.71688060291817,206312900
2026-02-06,185.1841278076172,186.77218713146127,174.3872995354016,176.47474973392875,231346200
2026-02-09,189.80848693847656,193.42408742490235,183.7259094221984,184.03552934237337,196387400
2026-02-10,188.31031799316406,192.24552080983682,187.89083145679504,191.1468699498802,136764800
2026-02-11,189.8184814453125,193.0245624433192,188.54004197866425,192.2155516352278,144192700
2026-02-12,186.7122802734375,193.3741533411549,186.28279615580217,192.79485804306626,189932500
2026-02-13,182.58731079101562,187.27160018883805,181.36879569323744,187.25162028422807,161888000
2026-02-17,184.7446746826172,186.92201173748992,178.9617194034806,181.5285959992061,162276900
2026-02-18,187.75099182128906,190.13807962880853,186.53247684939709,188.52005804720127,164749100
2026-02-19,187.6710968017578,188.20044994409497,185.43383529156333,186.8321237354349,126554500
2026-02-20,189.58877563476562,190.09814888521723,185.71349722992974,186.342734664171,178422300
2026-02-23,191.31666564941406,193.71373598373438,189.3490641935772,191.16683922839312,171584800
2026-02-24,192.61508178710938,193.53395924081437,187.171708627792,191.2567378902843,175123600
2026-02-25,195.32176208496094,197.38924768090467,193.5539140704845,194.2131137016724,250637100
2026-02-26,184.66476440429688,194.0533071271398,184.09546670933034,194.03334246429932,360807900
2026-02-27,176.97415161132812,182.36756729714082,176.1651407824763,181.0292033274304,311636500
2026-03-02,182.25770568847656,183.2365228635074,174.42725972943845,174.79680413295333,209095300
2026-03-03,179.83065795898438,180.67961330625172,176.70446619030554,178.27256086028186,178099400
2026-03-04,182.8170166015625,184.47499807110998,179.84065106191534,180.22019302825058,177731200
2026-03-05,183.1166534423828,183.83577756501342,177.6633132926684,180.94929874286032,198779700
2026-03-06,177.60337829589844,182.5373473445644,176.60459654479845,179.6209064601764,189021900
2026-03-09,182.427490234375,182.68718325690133,175.34613090826778,176.61458806542097,177213600
2026-03-10,184.544921875,186.21288569214076,181.7882742872215,182.17779858894656,179118500
2026-03-11,185.8134307861328,187.40157611978597,184.23526832414757,185.6935753620157,145280400
2026-03-12,182.9268035888672,184.72471123223085,181.53842231669145,183.83574790315467,155762700
2026-03-13,180.0401611328125,185.87335881208497,179.73052445930352,184.70472270189353,160988400
2026-03-16,183.0067138671875,188.66012868968363,181.19882333613754,182.7570048934839,217307400
2026-03-17,181.71820068359375,185.1841623368753,181.4684917186082,184.8445618023411,182497800
2026-03-18,180.1899871826172,183.16652908726184,180.12007659614625,182.26756764801692,156683100
2026-03-19,178.3521270751953,179.77047215436778,175.5853475010711,177.80276430906588,170968500
2026-03-20,172.4989471435547,178.05247199547227,171.52009228430225,177.79278016290237,241323500
2026-03-23,175.43553161621094,178.16234927411983,174.55655117338722,177.0536408486584,182836300
2026-03-24,174.99603271484375,176.01484951930743,173.777451794472,174.6264683383626,147667800
2026-03-25,178.47198486328125,181.00903649280792,176.64412864426953,176.89383761026875,162602100
2026-03-26,171.04066467285156,176.30451888215924,170.9407749866337,175.86504388946904,186152200
2026-03-27,167.32498168945312,170.77096223786808,166.81556566439232,169.80209026823204,196212700
2026-03-30,164.97772216796875,169.25273855906806,164.07877596313077,168.58352034150624,185627000
2026-03-31,174.1969757080078,174.41672082635512,166.7656493784466,166.77563225072552,226181300
2026-04-01,175.54541015625,177.16351944386196,174.54657425208924,175.79511913229018,168132000
2026-04-02,177.18348693847656,177.28337661769746,171.170490985778,171.97954556798163,143143200
2026-04-06,177.43319702148438,177.58301630024127,175.55538077559635,176.953760088437,107564300
2026-04-07,177.89266967773438,178.0225079733855,173.4578360976707,175.52541836668527,132534900
2026-04-08,181.8680419921875,185.0443328296099,180.09011531444295,184.28522303450282,147732700
2026-04-09,183.69590759277344,183.86570786090292,180.40972906189933,181.6283100364998,116428500
2026-04-10,188.41041564941406,189.77881591864653,184.08545448929232,184.09543736125556,160459500
2026-04-13,189.08961486816406,189.43921351677633,185.52377876103736,185.81343445538195,133648200
2026-04-14,196.28123474121094,196.28123474121094,190.54792650193752,190.61783708872017,161307000
2026-04-15,198.63848876953125,200.166706463506,195.5121427945441,196.31119931453722,185338400
2026-04-16,198.1190948486328,199.6173486077875,195.58204328148997,197.20015246424893,134012900
2026-04-17,201.44520568847656,201.46518667284232,199.03802288778024,199.66727910555997,160324400
2026-04-20,201.82476806640625,201.9346406188145,197.6096795882359,199.7471876833392,119381400
2026-04-21,199.64732360839844,202.51397775047528,198.76834314349978,201.89470437258373,107945300
2026-04-22,202.26426696777344,202.26426696777344,198.76834136586132,200.75603026628932,107501000
2026-04-23,199.4075927734375,203.59271751351986,196.99041179336916,202.22431724671497,113561800
2026-04-24,208.0275421142578,210.70441481695215,199.57738430538978,199.72721882416832,214134400
2026-04-27,216.3578338623047,216.5775789683675,207.13858324348888,209.4059296471886,187172400
2026-04-28,212.92184448242188,214.4800260296235,207.95762889823203,209.24613572912838,180275400
2026-04-29,209.00640869140625,212.47237042757808,207.33835459433345,212.4523894424142,123711800
2026-04-30,199.33767700195312,210.05518135667162,198.46867945247158,209.68560172993963,225239200
2026-05-01,198.21897888183594,202.76368521944246,196.89052532216473,201.0456862731779,128647000
2026-05-04,198.24893188476562,201.49514834231712,194.51329562325486,199.26774870200734,125368100
2026-05-05,196.271240234375,200.00689171848026,195.80178617585554,199.06798360144137,113406600
2026-05-06,207.5880584716797,208.0275486883452,198.37879062945476,199.65729931010404,188362800
2026-05-07,211.2537841796875,213.95063795079753,206.25960488465944,208.0974592073836,168307900
2026-05-08,214.94947814941406,217.5464575316693,212.642169707093,212.7820061205359,136421400
2026-05-11,219.18453979492188,222.04121091513153,213.64099781886503,213.79081709888328,160685800
2026-05-12,220.52297973632812,223.48952345691538,214.6698009927987,218.29558003818886,159176600
2026-05-13,225.56710815429688,227.57476278227756,221.3120728008497,224.6681467194947,150405400
2026-05-14,235.465576171875,236.26463268418732,229.03307065698914,229.58243343997336,180782900
2026-05-15,225.05770874023438,231.23050718880455,223.97896415639156,229.49252726355346,180977600
2026-05-18,222.0612030029297,229.7322553439391,218.1157890335498,229.60240180074675,146280900
2026-05-19,220.35317993164062,224.21866983705235,217.6563261548179,219.36432694236115,140948200
2026-05-20,223.20985412597656,225.8667612103758,220.2433103590018,222.9201831873553,184201600
2026-05-21,219.25445556640625,227.13526994336974,217.6762930684293,222.03121805596584,203381800
2026-05-22,215.07933044433594,220.75271088945502,214.54994865072538,220.64283833374193,169275700
2026-05-26,214.60987854003906,217.92600574795006,211.75320730356688,216.28791550863897,187202600
2026-05-27,212.35250854492188,213.90069192498567,208.53694826896,213.87072806866348,167601200
2026-05-28,214.00057983398438,215.2691056248748,210.97410844231206,211.03403615445995,143996000
2026-05-29,210.8942108154297,217.6063892667686,210.88422794322287,214.33020874183248,289410600
2026-06-01,224.09881591796875,224.60821672379726,215.44889364463796,215.47885750139108,212850700
2026-06-02,222.56060791015625,232.00958636747916,221.09231801448135,226.91551751623658,193362900
2026-06-03,214.5,222.56061267075634,214.2602739078757,221.46188713313538,160907000
2026-06-04,218.66000366210938,221.60000610351562,210.97000122070312,213.91000366210938,169022200
2026-06-05,205.10000610351562,214.8699951171875,204.3300018310547,214.52999877929688,219655500
2026-06-08,208.63999938964844,210.47000122070312,206.0,210.17999267578125,138372800
2026-06-09,208.19000244140625,211.39999389648438,199.33999633789062,210.6199951171875,180962500
2026-06-10,200.4199981689453,207.22000122070312,199.9199981689453,204.42999267578125,161746600
2026-06-11,204.8699951171875,205.66000366210938,199.5399932861328,201.49000549316406,158643200
2026-06-12,205.19000244140625,207.07000732421875,203.44000244140625,204.86000061035156,112001800
2026-06-15,212.4499969482422,212.7100067138672,208.33999633789062,208.9199981689453,149936700
2026-06-16,207.41000366210938,211.49000549316406,207.2899932861328,211.17999267578125,125694100
2026-06-17,204.64999389648438,209.2100067138672,203.0800018310547,208.52999877929688,128363500
2026-06-18,210.69000244140625,211.38999938964844,206.5,207.3300018310547,241272000
2026-06-22,208.64999389648438,213.99000549316406,207.72000122070312,211.44000244140625,122041400
2026-06-23,200.0399932861328,203.77000427246094,200.0,202.1699981689453,153496200
2026-06-24,199.0,201.6699981689453,196.5800018310547,200.1199951171875,151810700
2026-06-25,195.74000549316406,200.8000030517578,192.1300048828125,200.0800018310547,149550000
2026-06-26,192.52999877929688,195.5500030517578,191.22000122070312,193.1199951171875,179304100
2026-06-29,194.97000122070312,196.17999267578125,189.8000030517578,193.85000610351562,148835700
2026-06-30,200.08999633789062,200.6300048828125,195.11000061035156,197.24000549316406,166476700
2026-07-01,197.5800018310547,199.85000610351562,193.4499969482422,196.1999969482422,146147600
2026-07-02,194.8300018310547,200.05999755859375,192.35000610351562,197.13999938964844,142068700
2026-07-06,195.5500030517578,197.5500030517578,193.99000549316406,194.4199981689453,108999000
2026-07-07,196.92999267578125,198.41000366210938,191.13999938964844,192.3699951171875,124154600
2026-07-08,204.1199951171875,205.16000366210938,195.05999755859375,195.17999267578125,147419100
2026-07-09,202.77999877929688,204.58999633789062,198.9600067138672,204.4600067138672,132037400
2026-07-10,210.9600067138672,211.0,201.9199981689453,202.0,148421000
2026-07-13,203.52999877929688,210.57000732421875,203.0,208.5399932861328,121411000
2026-07-14,211.8000030517578,212.5500030517578,203.8000030517578,208.1999969482422,124379600
2026-07-15,212.5,213.80999755859375,206.0399932861328,211.9600067138672,124797200
2026-07-16,207.39999389648438,211.0800018310547,205.85000610351562,210.1699981689453,122986100
2026-07-17,202.80999755859375,206.64999389648438,197.97000122070312,202.63999938964844,144281900
2026-07-20,203.27999877929688,207.74000549316406,202.27999877929688,205.8699951171875,88701500
2026-07-21,207.2899932861328,208.64999389648438,204.00999450683594,207.5399932861328,108685600
2026-07-22,212.05999755859375,214.38999938964844,204.9499969482422,205.80999755859375,137645600
2026-07-23,208.75999450683594,210.8699951171875,205.9600067138672,209.4600067138672,110505300
2026-07-24,206.83999633789062,211.91000366210938,204.80999755859375,207.4499969482422,114836800
2026-07-27,196.50999450683594,208.75,195.44000244140625,208.1999969482422,154353700
2026-07-28,197.00999450683594,198.6999969482422,192.74000549316406,195.0,134111500
2026-07-29,190.00999450683594,197.07000732421875,190.00999450683594,195.85000610351562,147680800
2026-07-30,195.0399932861328,197.25,191.52000427246094,193.4499969482422,129010200
2026-07-31,200.75,202.0,194.9499969482422,198.44000244140625,139961200
2026-08-03,206.63999938964844,208.74000549316406,196.85000610351562,197.69000244140625,128406900
2026-08-04,211.94000244140625,213.05999755859375,209.0500030517578,211.3000030517578,134922000
2026-08-05,219.22000122070312,222.22000122070312,216.39999389648438,216.86000061035156,158187400
2026-08-06,218.99000549316406,223.6300048828125,217.0,221.52999877929688,113940600
2026-08-07,223.9600067138672,224.75999450683594,220.66000366210938,221.5399932861328,105669400
2026-08-10,217.5500030517578,224.13999938964844,216.77000427246094,223.39999389648438,115846600
2026-08-11,217.5,222.1999969482422,216.1999969482422,222.1699981689453,101273100
2026-08-12,224.08999633789062,225.10000610351562,220.1999969482422,221.0399932861328,108783600
2026-08-13,225.3000030517578,227.22999572753906,223.7100067138672,225.05999755859375,98867200
2026-08-14,225.16000366210938,227.49000549316406,224.5,226.77000427246094,75680900
2026-08-17,225.00999450683594,227.9199981689453,224.86000061035156,225.97999572753906,93678700
2026-08-18,219.74000549316406,221.63999938964844,218.69000244140625,220.4499969482422,103128200
2026-08-19,217.55999755859375,222.8699951171875,216.75999450683594,221.6699981689453,96797300
2026-08-20,216.85000610351562,219.86000061035156,215.66000366210938,218.36000061035156,92457000
2026-08-21,214.72000122070312,218.74000549316406,214.5,218.4199981689453,98869300
2026-08-24,208.47999572753906,215.58999633789062,207.25,215.52999877929688,135187300
2026-08-25,213.0500030517578,214.72999572753906,210.11000061035156,211.02999877929688,122309000
2026-08-26,209.66000366210938,213.60000610351562,209.22999572753906,212.63999938964844,179900000
2026-08-27,227.97999572753906,230.47000122070312,220.89999389648438,222.86000061035156,298909800
2026-08-28,217.5500030517578,229.25999450683594,216.80999755859375,227.36000061035156,195116400
2026-08-31,220.77999877929688,221.3000030517578,216.2100067138672,218.8699951171875,124702700
2026-09-01,217.44000244140625,220.41000366210938,215.10000610351562,216.75,109756200
2026-09-02,224.41000366210938,227.9499969482422,218.47999572753906,218.7899932861328,157104700
2026-09-03,228.4499969482422,230.39999389648438,224.75,226.02000427246094,134681600
2026-09-04,230.36000061035156,234.75999450683594,229.6300048828125,231.14199829101562,131716646
